{
  "type": "FeatureCollection",
  "features": [
    {
      "type": "Feature",
      "geometry": {
        "type": "LineString",
        "coordinates": [
          [
            107.4288326,
            -6.7782672
          ],
          [
            107.4294946,
            -6.7781325
          ],
          [
            107.4295116,
            -6.7781291
          ],
          [
            107.4297205,
            -6.7781054
          ],
          [
            107.4299147,
            -6.778092
          ],
          [
            107.4300451,
            -6.7780911
          ],
          [
            107.4302367,
            -6.7781175
          ],
          [
            107.430412,
            -6.7781616
          ],
          [
            107.4306014,
            -6.7782295
          ],
          [
            107.4307664,
            -6.778311
          ],
          [
            107.4309172,
            -6.7784083
          ],
          [
            107.4310287,
            -6.7784962
          ],
          [
            107.4311505,
            -6.7786048
          ],
          [
            107.4312421,
            -6.7787048
          ],
          [
            107.4312678,
            -6.7787382
          ],
          [
            107.4313641,
            -6.7788637
          ],
          [
            107.4314942,
            -6.7790843
          ],
          [
            107.4319082,
            -6.7799989
          ],
          [
            107.4321142,
            -6.7804779
          ],
          [
            107.4321721,
            -6.7806117
          ],
          [
            107.4323756,
            -6.7810819
          ]
        ]
      },
      "properties": {
        "id": 42794283,
        "electrified": "no",
        "gauge": "1067",
        "maxspeed": "60",
        "name": "Jalur Kereta Api Cikampek–Padalarang",
        "railway": "rail",
        "railway:track_ref": "2",
        "source": "Yahoo hires",
        "usage": "main",
        "wikidata": "Q12487113",
        "wikipedia": "id:Jalur kereta api Cikampek–Padalarang"
      }
    },
    {
      "type": "Feature",
      "geometry": {
        "type": "LineString",
        "coordinates": [
          [
            107.3998665,
            -6.7366928
          ],
          [
            107.4004005,
            -6.7369017
          ],
          [
            107.4005788,
            -6.7370088
          ],
          [
            107.4007459,
            -6.7371312
          ],
          [
            107.4009896,
            -6.7373808
          ],
          [
            107.4011417,
            -6.7375856
          ],
          [
            107.4012655,
            -6.7378346
          ],
          [
            107.4013514,
            -6.7380912
          ],
          [
            107.4013754,
            -6.7382625
          ],
          [
            107.4013925,
            -6.7384349
          ],
          [
            107.4013879,
            -6.7387032
          ],
          [
            107.4013813,
            -6.7387978
          ],
          [
            107.4013741,
            -6.7389025
          ],
          [
            107.4013351,
            -6.7392969
          ],
          [
            107.4013265,
            -6.7393992
          ],
          [
            107.4013196,
            -6.7396966
          ],
          [
            107.401328,
            -6.7398647
          ],
          [
            107.4013926,
            -6.7402112
          ],
          [
            107.4015094,
            -6.7404847
          ],
          [
            107.4016321,
            -6.7407025
          ],
          [
            107.4018122,
            -6.7409102
          ],
          [
            107.4019297,
            -6.741029
          ],
          [
            107.4021108,
            -6.7411515
          ],
          [
            107.4023625,
            -6.7412984
          ],
          [
            107.4026165,
            -6.7414242
          ],
          [
            107.4030302,
            -6.7416103
          ],
          [
            107.4043187,
            -6.7421819
          ],
          [
            107.4046796,
            -6.7423305
          ],
          [
            107.4049375,
            -6.7423987
          ],
          [
            107.4051115,
            -6.7424133
          ],
          [
            107.4071452,
            -6.7424692
          ],
          [
            107.4074785,
            -6.7424894
          ],
          [
            107.4077611,
            -6.7425345
          ],
          [
            107.4080101,
            -6.7426339
          ],
          [
            107.4082826,
            -6.7428002
          ],
          [
            107.4085306,
            -6.7430086
          ],
          [
            107.4086925,
            -6.7431944
          ],
          [
            107.4088009,
            -6.7433591
          ],
          [
            107.4089205,
            -6.7436072
          ],
          [
            107.409009,
            -6.7438896
          ],
          [
            107.4090439,
            -6.7442092
          ],
          [
            107.4090284,
            -6.7445638
          ],
          [
            107.4089581,
            -6.744832
          ],
          [
            107.4088042,
            -6.7451668
          ],
          [
            107.4085769,
            -6.7454564
          ],
          [
            107.4082546,
            -6.7457241
          ],
          [
            107.4073154,
            -6.7463069
          ],
          [
            107.4070307,
            -6.7465381
          ],
          [
            107.406798,
            -6.7468269
          ],
          [
            107.4065982,
            -6.7471645
          ],
          [
            107.4064566,
            -6.7475464
          ],
          [
            107.406443,
            -6.7478834
          ],
          [
            107.4065177,
            -6.7482927
          ],
          [
            107.4066631,
            -6.7486358
          ],
          [
            107.4068798,
            -6.74894
          ],
          [
            107.4070172,
            -6.7490936
          ],
          [
            107.4071676,
            -6.7492255
          ],
          [
            107.4071861,
            -6.7492391
          ],
          [
            107.4073525,
            -6.749361
          ],
          [
            107.4075934,
            -6.7495019
          ],
          [
            107.4078142,
            -6.749634
          ],
          [
            107.4080475,
            -6.7498043
          ],
          [
            107.4082756,
            -6.7500268
          ],
          [
            107.4084784,
            -6.7503144
          ],
          [
            107.4085933,
            -6.7506233
          ],
          [
            107.4086352,
            -6.7508006
          ],
          [
            107.408659,
            -6.7509569
          ],
          [
            107.4086704,
            -6.7511909
          ],
          [
            107.4086634,
            -6.7513678
          ],
          [
            107.4086134,
            -6.7516509
          ],
          [
            107.4085889,
            -6.7517334
          ],
          [
            107.4084393,
            -6.7520771
          ],
          [
            107.4080904,
            -6.7527351
          ],
          [
            107.4079742,
            -6.7530283
          ],
          [
            107.4079245,
            -6.7533276
          ],
          [
            107.4079226,
            -6.7536434
          ],
          [
            107.4080319,
            -6.7542434
          ],
          [
            107.4080855,
            -6.7545415
          ],
          [
            107.4081252,
            -6.7548829
          ],
          [
            107.4081276,
            -6.7550194
          ],
          [
            107.4081048,
            -6.7552399
          ]
        ]
      },
      "properties": {
        "id": 42794290,
        "electrified": "no",
        "gauge": "1067",
        "maxspeed": "60",
        "name": "Jalur Kereta Api Cikampek–Padalarang",
        "operator": "Kereta Api Indonesia",
        "railway": "rail",
        "usage": "main",
        "wikidata": "Q12487113",
        "wikipedia": "id:Jalur kereta api Cikampek–Padalarang"
      }
    },
    {
      "type": "Feature",
      "geometry": {
        "type": "LineString",
        "coordinates": [
          [
            107.7983447,
            -6.9802356
          ],
          [
            107.7982179,
            -6.9801875
          ],
          [
            107.7981663,
            -6.9801685
          ],
          [
            107.7981013,
            -6.9801447
          ],
          [
            107.7976525,
            -6.9799748
          ],
          [
            107.7939891,
            -6.9786276
          ],
          [
            107.7930324,
            -6.9782899
          ],
          [
            107.7922876,
            -6.978027
          ],
          [
            107.7914484,
            -6.9777482
          ],
          [
            107.7891499,
            -6.9769286
          ],
          [
            107.7881812,
            -6.9765749
          ],
          [
            107.7845186,
            -6.9752392
          ]
        ]
      },
      "properties": {
        "id": 42806266,
        "electrified": "no",
        "gauge": "1067",
        "maxspeed": "110",
        "name": "Jalur Kereta Api Padalarang–Kasugihan",
        "operator": "Kereta Api Indonesia",
        "owner": "Direktorat Jenderal Perkeretaapian Kementerian Perhubungan Republik Indonesia",
        "railway": "rail",
        "railway:bidirectional": "signals",
        "railway:preferred_direction": "forward",
        "railway:traffic_mode": "mixed",
        "sleeper:material": "concrete",
        "source": "Yahoo hires",
        "usage": "main",
        "wikidata": "Q25630218",
        "wikipedia": "id:Jalur kereta api Padalarang–Kasugihan"
      }
    },
    {
      "type": "Feature",
      "geometry": {
        "type": "LineString",
        "coordinates": [
          [
            107.8855874,
            -7.0794703
          ],
          [
            107.8857414,
            -7.079493
          ]
        ]
      },
      "properties": {
        "id": 42807100,
        "bridge": "yes",
        "electrified": "no",
        "gauge": "1067",
        "layer": "1",
        "maxspeed": "50",
        "name": "Jalur Kereta Api Padalarang–Kasugihan",
        "operator": "Kereta Api Indonesia",
        "owner": "Direktorat Jenderal Perkeretaapian Kementerian Perhubungan Republik Indonesia",
        "railway": "rail",
        "railway:bidirectional": "regular",
        "railway:preferred_direction": "both",
        "railway:traffic_mode": "mixed",
        "sleeper:material": "concrete",
        "source": "Yahoo hires",
        "usage": "main",
        "wikidata": "Q25630218",
        "wikipedia": "id:Jalur kereta api Padalarang–Kasugihan"
      }
    },
    {
      "type": "Feature",
      "geometry": {
        "type": "LineString",
        "coordinates": [
          [
            107.9061038,
            -7.0874137
          ],
          [
            107.9087642,
            -7.0871882
          ],
          [
            107.9094401,
            -7.0871763
          ],
          [
            107.9099118,
            -7.0872105
          ],
          [
            107.9102817,
            -7.0872799
          ],
          [
            107.9109851,
            -7.0874689
          ],
          [
            107.9126458,
            -7.0879152
          ],
          [
            107.913778,
            -7.088231
          ]
        ]
      },
      "properties": {
        "id": 42807129,
        "electrified": "no",
        "gauge": "1067",
        "maxspeed": "60",
        "name": "Jalur Kereta Api Padalarang–Kasugihan",
        "operator": "Kereta Api Indonesia",
        "owner": "Direktorat Jenderal Perkeretaapian Kementerian Perhubungan Republik Indonesia",
        "railway": "rail",
        "railway:bidirectional": "regular",
        "railway:preferred_direction": "both",
        "railway:traffic_mode": "mixed",
        "sleeper:material": "concrete",
        "source": "Yahoo hires",
        "usage": "main",
        "wikidata": "Q25630218",
        "wikipedia": "id:Jalur kereta api Padalarang–Kasugihan"
      }
    },
    {
      "type": "Feature",
      "geometry": {
        "type": "LineString",
        "coordinates": [
          [
            107.4344077,
            -6.5760875
          ],
          [
            107.4341967,
            -6.576066
          ],
          [
            107.4340114,
            -6.576024
          ]
        ]
      },
      "properties": {
        "id": 106803956,
        "bridge": "yes",
        "electrified": "no",
        "gauge": "1067",
        "layer": "1",
        "maxspeed": "60",
        "name": "Jalur Kereta Api Cikampek–Padalarang",
        "operator": "Kereta Api Indonesia",
        "railway": "rail",
        "usage": "main",
        "wikidata": "Q12487113",
        "wikipedia": "id:Jalur kereta api Cikampek–Padalarang"
      }
    },
    {
      "type": "Feature",
      "geometry": {
        "type": "LineString",
        "coordinates": [
          [
            107.965824,
            -7.1046164
          ],
          [
            107.9659507,
            -7.1047551
          ],
          [
            107.9662449,
            -7.1050271
          ],
          [
            107.9664792,
            -7.1051866
          ],
          [
            107.9667696,
            -7.1053188
          ],
          [
            107.9669919,
            -7.1053814
          ],
          [
            107.9671592,
            -7.105408
          ],
          [
            107.967201,
            -7.1054147
          ],
          [
            107.9673933,
            -7.1054208
          ],
          [
            107.9675771,
            -7.10541
          ],
          [
            107.9679267,
            -7.1053501
          ],
          [
            107.9692563,
            -7.1050314
          ],
          [
            107.9705514,
            -7.1047181
          ],
          [
            107.9710919,
            -7.1045879
          ],
          [
            107.9712573,
            -7.1045462
          ],
          [
            107.9715369,
            -7.1044574
          ],
          [
            107.971758,
            -7.1043724
          ],
          [
            107.9719974,
            -7.1042643
          ],
          [
            107.9722473,
            -7.1041171
          ],
          [
            107.9724526,
            -7.1039801
          ],
          [
            107.9726206,
            -7.1038477
          ],
          [
            107.9728411,
            -7.1036621
          ],
          [
            107.9743165,
            -7.102361
          ],
          [
            107.9746894,
            -7.1020321
          ],
          [
            107.9749667,
            -7.1017869
          ],
          [
            107.9753135,
            -7.1015396
          ],
          [
            107.9756446,
            -7.1013518
          ],
          [
            107.9759383,
            -7.1012145
          ],
          [
            107.9762265,
            -7.1010936
          ],
          [
            107.9762784,
            -7.1010753
          ],
          [
            107.9764188,
            -7.1010256
          ],
          [
            107.9767708,
            -7.1009118
          ],
          [
            107.9769694,
            -7.1008483
          ],
          [
            107.9769994,
            -7.1008387
          ]
        ]
      },
      "properties": {
        "id": 106936401,
        "electrified": "no",
        "gauge": "1067",
        "maxspeed": "55",
        "name": "Jalur Kereta Api Padalarang–Kasugihan",
        "operator": "Kereta Api Indonesia",
        "owner": "Direktorat Jenderal Perkeretaapian Kementerian Perhubungan Republik Indonesia",
        "railway": "rail",
        "railway:bidirectional": "regular",
        "railway:preferred_direction": "both",
        "railway:traffic_mode": "mixed",
        "sleeper:material": "concrete",
        "usage": "main",
        "wikidata": "Q25630218",
        "wikipedia": "id:Jalur kereta api Padalarang–Kasugihan"
      }
    },
    {
      "type": "Feature",
      "geometry": {
        "type": "LineString",
        "coordinates": [
          [
            107.4552043,
            -6.796908
          ],
          [
            107.4552271,
            -6.7970554
          ],
          [
            107.4553454,
            -6.7983387
          ]
        ]
      },
      "properties": {
        "id": 256810920,
        "bridge": "yes",
        "electrified": "no",
        "gauge": "1067",
        "layer": "1",
        "maxspeed": "60",
        "name": "Jalur Kereta Api Cikampek–Padalarang",
        "railway": "rail",
        "source": "Yahoo hires",
        "usage": "main",
        "wikidata": "Q12487113",
        "wikipedia": "id:Jalur kereta api Cikampek–Padalarang"
      }
    },
    {
      "type": "Feature",
      "geometry": {
        "type": "LineString",
        "coordinates": [
          [
            107.4553454,
            -6.7983387
          ],
          [
            107.4553517,
            -6.7984919
          ],
          [
            107.4553874,
            -6.7989135
          ],
          [
            107.4553992,
            -6.7989759
          ],
          [
            107.4554298,
            -6.7991375
          ],
          [
            107.4554894,
            -6.7993475
          ],
          [
            107.4555668,
            -6.7995469
          ],
          [
            107.4556692,
            -6.7997385
          ],
          [
            107.4558256,
            -6.7999671
          ],
          [
            107.4559824,
            -6.8001572
          ],
          [
            107.4561955,
            -6.8003464
          ],
          [
            107.4562323,
            -6.8003769
          ],
          [
            107.4563899,
            -6.8004892
          ],
          [
            107.4565816,
            -6.8006016
          ],
          [
            107.4574606,
            -6.8010419
          ],
          [
            107.4583693,
            -6.801482
          ],
          [
            107.4584495,
            -6.8015213
          ],
          [
            107.4585942,
            -6.8015898
          ]
        ]
      },
      "properties": {
        "id": 256810921,
        "electrified": "no",
        "gauge": "1067",
        "maxspeed": "60",
        "name": "Jalur Kereta Api Cikampek–Padalarang",
        "railway": "rail",
        "source": "Yahoo hires",
        "usage": "main",
        "wikidata": "Q12487113",
        "wikipedia": "id:Jalur kereta api Cikampek–Padalarang"
      }
    },
    {
      "type": "Feature",
      "geometry": {
        "type": "LineString",
        "coordinates": [
          [
            107.4585942,
            -6.8015898
          ],
          [
            107.459508,
            -6.8020002
          ]
        ]
      },
      "properties": {
        "id": 256811242,
        "bridge": "yes",
        "electrified": "no",
        "gauge": "1067",
        "layer": "1",
        "maxspeed": "60",
        "name": "Jalur Kereta Api Cikampek–Padalarang",
        "railway": "rail",
        "source": "Yahoo hires",
        "usage": "main",
        "wikidata": "Q12487113",
        "wikipedia": "id:Jalur kereta api Cikampek–Padalarang"
      }
    },
    {
      "type": "Feature",
      "geometry": {
        "type": "LineString",
        "coordinates": [
          [
            107.4900559,
            -6.8257598
          ],
          [
            107.4899122,
            -6.8258199
          ],
          [
            107.4894229,
            -6.8259649
          ],
          [
            107.4887614,
            -6.8261388
          ],
          [
            107.4875481,
            -6.8264487
          ],
          [
            107.4872112,
            -6.8265256
          ],
          [
            107.4869404,
            -6.8265921
          ],
          [
            107.4866918,
            -6.8266928
          ],
          [
            107.4864976,
            -6.8267918
          ],
          [
            107.4863042,
            -6.8269211
          ],
          [
            107.4861666,
            -6.8270402
          ],
          [
            107.4860674,
            -6.8271545
          ],
          [
            107.4859456,
            -6.8273079
          ],
          [
            107.485821,
            -6.8275232
          ],
          [
            107.4856896,
            -6.8278981
          ],
          [
            107.4856424,
            -6.8281362
          ],
          [
            107.4856306,
            -6.8283387
          ],
          [
            107.4856509,
            -6.828623
          ],
          [
            107.4856923,
            -6.8288478
          ],
          [
            107.4857475,
            -6.8290052
          ],
          [
            107.4858677,
            -6.8292421
          ],
          [
            107.4859985,
            -6.8294457
          ],
          [
            107.4863262,
            -6.8298198
          ],
          [
            107.4865109,
            -6.8300307
          ],
          [
            107.4867234,
            -6.8303621
          ],
          [
            107.4868372,
            -6.8306184
          ],
          [
            107.4869155,
            -6.8308696
          ],
          [
            107.4873849,
            -6.8325325
          ],
          [
            107.4877771,
            -6.8338955
          ],
          [
            107.4879908,
            -6.8346252
          ],
          [
            107.4880467,
            -6.8348094
          ],
          [
            107.4881133,
            -6.83499
          ],
          [
            107.4881606,
            -6.8351025
          ],
          [
            107.4882823,
            -6.8353509
          ],
          [
            107.4883749,
            -6.8355023
          ],
          [
            107.4884863,
            -6.835649
          ],
          [
            107.4887095,
            -6.8358628
          ],
          [
            107.4889192,
            -6.8360035
          ],
          [
            107.4891021,
            -6.8360923
          ],
          [
            107.4892308,
            -6.8361542
          ],
          [
            107.4894114,
            -6.8362195
          ],
          [
            107.4896871,
            -6.8363269
          ],
          [
            107.4900167,
            -6.8364489
          ],
          [
            107.4902597,
            -6.8365357
          ],
          [
            107.4904974,
            -6.8366305
          ],
          [
            107.4906825,
            -6.8367401
          ],
          [
            107.4908772,
            -6.8368682
          ],
          [
            107.4910056,
            -6.8369671
          ],
          [
            107.4911297,
            -6.8370701
          ],
          [
            107.4912298,
            -6.8371572
          ],
          [
            107.4914629,
            -6.8373603
          ],
          [
            107.4917859,
            -6.8376431
          ],
          [
            107.4921835,
            -6.838004
          ],
          [
            107.4922457,
            -6.8380583
          ],
          [
            107.4922847,
            -6.8380948
          ]
        ]
      },
      "properties": {
        "id": 256811243,
        "electrified": "no",
        "gauge": "1067",
        "maxspeed": "60",
        "name": "Jalur Kereta Api Cikampek–Padalarang",
        "railway": "rail",
        "source": "Yahoo hires",
        "usage": "main",
        "wikidata": "Q12487113",
        "wikipedia": "id:Jalur kereta api Cikampek–Padalarang"
      }
    },
    {
      "type": "Feature",
      "geometry": {
        "type": "LineString",
        "coordinates": [
          [
            107.4560326,
            -6.7902964
          ],
          [
            107.4561329,
            -6.7903471
          ],
          [
            107.4562423,
            -6.7904108
          ],
          [
            107.4563469,
            -6.7904778
          ],
          [
            107.4564785,
            -6.7905805
          ],
          [
            107.4567093,
            -6.7908329
          ],
          [
            107.4568135,
            -6.7909984
          ],
          [
            107.4569016,
            -6.7911587
          ]
        ]
      },
      "properties": {
        "id": 256812000,
        "bridge": "yes",
        "electrified": "no",
        "gauge": "1067",
        "layer": "1",
        "maxspeed": "60",
        "name": "Jalur Kereta Api Cikampek–Padalarang",
        "railway": "rail",
        "source": "Yahoo hires",
        "usage": "main",
        "wikidata": "Q12487113",
        "wikipedia": "id:Jalur kereta api Cikampek–Padalarang"
      }
    },
    {
      "type": "Feature",
      "geometry": {
        "type": "LineString",
        "coordinates": [
          [
            107.4569016,
            -6.7911587
          ],
          [
            107.4569905,
            -6.7913853
          ],
          [
            107.4570334,
            -6.7915359
          ],
          [
            107.4570557,
            -6.7917092
          ],
          [
            107.4570612,
            -6.7920501
          ],
          [
            107.4570223,
            -6.7923091
          ],
          [
            107.4569441,
            -6.7926002
          ],
          [
            107.4568259,
            -6.792841
          ],
          [
            107.4566101,
            -6.7931419
          ],
          [
            107.456391,
            -6.7933442
          ],
          [
            107.4556527,
            -6.7938191
          ],
          [
            107.4552471,
            -6.7942229
          ]
        ]
      },
      "properties": {
        "id": 256812001,
        "electrified": "no",
        "gauge": "1067",
        "maxspeed": "60",
        "name": "Jalur Kereta Api Cikampek–Padalarang",
        "railway": "rail",
        "source": "Yahoo hires",
        "usage": "main",
        "wikidata": "Q12487113",
        "wikipedia": "id:Jalur kereta api Cikampek–Padalarang"
      }
    },
    {
      "type": "Feature",
      "geometry": {
        "type": "LineString",
        "coordinates": [
          [
            107.454917,
            -6.7948297
          ],
          [
            107.4548761,
            -6.7950362
          ],
          [
            107.4548512,
            -6.7952783
          ],
          [
            107.4548561,
            -6.795498
          ],
          [
            107.4548824,
            -6.7957107
          ],
          [
            107.4549456,
            -6.7959806
          ],
          [
            107.4550947,
            -6.7964317
          ],
          [
            107.4552043,
            -6.796908
          ]
        ]
      },
      "properties": {
        "id": 256812002,
        "electrified": "no",
        "gauge": "1067",
        "maxspeed": "60",
        "name": "Jalur Kereta Api Cikampek–Padalarang",
        "railway": "rail",
        "source": "Yahoo hires",
        "usage": "main",
        "wikidata": "Q12487113",
        "wikipedia": "id:Jalur kereta api Cikampek–Padalarang"
      }
    },
    {
      "type": "Feature",
      "geometry": {
        "type": "LineString",
        "coordinates": [
          [
            107.4552471,
            -6.7942229
          ],
          [
            107.4551484,
            -6.7943434
          ],
          [
            107.4550817,
            -6.7944407
          ],
          [
            107.4550029,
            -6.7945815
          ],
          [
            107.4549471,
            -6.7947149
          ],
          [
            107.454917,
            -6.7948297
          ]
        ]
      },
      "properties": {
        "id": 256812003,
        "bridge": "yes",
        "electrified": "no",
        "gauge": "1067",
        "layer": "1",
        "maxspeed": "60",
        "name": "Jalur Kereta Api Cikampek–Padalarang",
        "railway": "rail",
        "source": "Yahoo hires",
        "usage": "main",
        "wikidata": "Q12487113",
        "wikipedia": "id:Jalur kereta api Cikampek–Padalarang"
      }
    },
    {
      "type": "Feature",
      "geometry": {
        "type": "LineString",
        "coordinates": [
          [
            107.4411152,
            -6.7793821
          ],
          [
            107.4436277,
            -6.7810941
          ]
        ]
      },
      "properties": {
        "id": 256812004,
        "bridge": "yes",
        "bridge:name": "Jembatan Cikubang",
        "electrified": "no",
        "gauge": "1067",
        "layer": "1",
        "maxspeed": "60",
        "name": "Jalur Kereta Api Cikampek–Padalarang",
        "railway": "rail",
        "source": "Yahoo hires",
        "usage": "main",
        "wikidata": "Q12487113",
        "wikipedia": "id:Jalur kereta api Cikampek–Padalarang"
      }
    },
    {
      "type": "Feature",
      "geometry": {
        "type": "LineString",
        "coordinates": [
          [
            107.4436277,
            -6.7810941
          ],
          [
            107.4438854,
            -6.7812857
          ],
          [
            107.4440585,
            -6.7814081
          ],
          [
            107.4441963,
            -6.7814841
          ],
          [
            107.4445068,
            -6.7815941
          ],
          [
            107.4448579,
            -6.7816834
          ],
          [
            107.4452434,
            -6.7817631
          ],
          [
            107.4456141,
            -6.7818995
          ],
          [
            107.4459839,
            -6.7821063
          ],
          [
            107.4462725,
            -6.782379
          ],
          [
            107.4464334,
            -6.7826168
          ],
          [
            107.4465878,
            -6.7829179
          ],
          [
            107.4466965,
            -6.7832222
          ],
          [
            107.4467231,
            -6.7835319
          ],
          [
            107.4466709,
            -6.7839094
          ],
          [
            107.4463357,
            -6.7853023
          ],
          [
            107.4462712,
            -6.7859242
          ]
        ]
      },
      "properties": {
        "id": 256812005,
        "electrified": "no",
        "gauge": "1067",
        "maxspeed": "60",
        "name": "Jalur Kereta Api Cikampek–Padalarang",
        "railway": "rail",
        "source": "Yahoo hires",
        "usage": "main",
        "wikidata": "Q12487113",
        "wikipedia": "id:Jalur kereta api Cikampek–Padalarang"
      }
    },
    {
      "type": "Feature",
      "geometry": {
        "type": "LineString",
        "coordinates": [
          [
            107.4389463,
            -6.7794166
          ],
          [
            107.4394423,
            -6.7792518
          ],
          [
            107.4396102,
            -6.7792085
          ],
          [
            107.4397775,
            -6.7791758
          ],
          [
            107.4399341,
            -6.779156
          ],
          [
            107.4401086,
            -6.7791441
          ],
          [
            107.4403044,
            -6.7791557
          ],
          [
            107.4405328,
            -6.7791912
          ],
          [
            107.4408917,
            -6.7792869
          ],
          [
            107.441071,
            -6.7793573
          ],
          [
            107.4411152,
            -6.7793821
          ]
        ]
      },
      "properties": {
        "id": 256812006,
        "electrified": "no",
        "gauge": "1067",
        "maxspeed": "60",
        "name": "Jalur Kereta Api Cikampek–Padalarang",
        "railway": "rail",
        "source": "Yahoo hires",
        "usage": "main",
        "wikidata": "Q12487113",
        "wikipedia": "id:Jalur kereta api Cikampek–Padalarang"
      }
    },
    {
      "type": "Feature",
      "geometry": {
        "type": "LineString",
        "coordinates": [
          [
            107.4378649,
            -6.7797624
          ],
          [
            107.4389463,
            -6.7794166
          ]
        ]
      },
      "properties": {
        "id": 256812007,
        "bridge": "yes",
        "electrified": "no",
        "gauge": "1067",
        "layer": "1",
        "maxspeed": "60",
        "name": "Jalur Kereta Api Cikampek–Padalarang",
        "railway": "rail",
        "source": "Yahoo hires",
        "usage": "main",
        "wikidata": "Q12487113",
        "wikipedia": "id:Jalur kereta api Cikampek–Padalarang"
      }
    },
    {
      "type": "Feature",
      "geometry": {
        "type": "LineString",
        "coordinates": [
          [
            107.5367227,
            -6.8864892
          ],
          [
            107.5362929,
            -6.886004
          ]
        ]
      },
      "properties": {
        "id": 257233122,
        "electrified": "no",
        "gauge": "1067",
        "maxspeed": "110",
        "name": "Jalur Kereta Api Padalarang–Kasugihan",
        "operator": "Kereta Api Indonesia",
        "owner": "Direktorat Jenderal Perkeretaapian Kementerian Perhubungan Republik Indonesia",
        "railway": "rail",
        "railway:bidirectional": "signals",
        "railway:preferred_direction": "forward",
        "railway:track_ref": "1",
        "railway:traffic_mode": "mixed",
        "sleeper:material": "concrete",
        "usage": "main",
        "wikidata": "Q25630218",
        "wikipedia": "id:Jalur kereta api Padalarang–Kasugihan"
      }
    },
    {
      "type": "Feature",
      "geometry": {
        "type": "LineString",
        "coordinates": [
          [
            107.6075315,
            -6.9149339
          ],
          [
            107.607019,
            -6.9148682
          ]
        ]
      },
      "properties": {
        "id": 321027466,
        "bridge": "yes",
        "electrified": "no",
        "gauge": "1067",
        "layer": "1",
        "maxspeed": "100",
        "name": "Jalur Kereta Api Padalarang–Kasugihan",
        "operator": "Kereta Api Indonesia",
        "owner": "Direktorat Jenderal Perkeretaapian Kementerian Perhubungan Republik Indonesia",
        "railway": "rail",
        "railway:bidirectional": "signals",
        "railway:preferred_direction": "forward",
        "railway:traffic_mode": "mixed",
        "sleeper:material": "concrete",
        "usage": "main",
        "wikidata": "Q25630218",
        "wikipedia": "id:Jalur kereta api Padalarang–Kasugihan"
      }
    },
    {
      "type": "Feature",
      "geometry": {
        "type": "LineString",
        "coordinates": [
          [
            107.6400262,
            -6.9226335
          ],
          [
            107.6387855,
            -6.9221835
          ],
          [
            107.638731,
            -6.9221637
          ],
          [
            107.6373362,
            -6.9216508
          ],
          [
            107.6362692,
            -6.9212901
          ],
          [
            107.6355755,
            -6.9210925
          ],
          [
            107.6351989,
            -6.920983
          ],
          [
            107.6347542,
            -6.9208687
          ],
          [
            107.6332373,
            -6.9204991
          ],
          [
            107.6311255,
            -6.9199916
          ],
          [
            107.6310227,
            -6.9199664
          ],
          [
            107.630841,
            -6.9199235
          ],
          [
            107.6280969,
            -6.919252
          ],
          [
            107.6254028,
            -6.9185984
          ],
          [
            107.6250879,
            -6.9185239
          ],
          [
            107.6250513,
            -6.9185149
          ],
          [
            107.6249234,
            -6.9184833
          ],
          [
            107.6248227,
            -6.9184581
          ],
          [
            107.624384,
            -6.9183449
          ],
          [
            107.6228919,
            -6.9179856
          ],
          [
            107.6222606,
            -6.917826
          ],
          [
            107.619164,
            -6.9170804
          ],
          [
            107.6181796,
            -6.9168277
          ],
          [
            107.616829,
            -6.916491
          ],
          [
            107.6138145,
            -6.9157591
          ],
          [
            107.6136515,
            -6.9157287
          ],
          [
            107.6130062,
            -6.9156227
          ],
          [
            107.611193,
            -6.9153893
          ],
          [
            107.6109029,
            -6.915352
          ],
          [
            107.6102046,
            -6.9152669
          ],
          [
            107.6090001,
            -6.9151162
          ],
          [
            107.6075315,
            -6.9149339
          ]
        ]
      },
      "properties": {
        "id": 321027467,
        "electrified": "no",
        "gauge": "1067",
        "maxspeed": "100",
        "name": "Jalur Kereta Api Padalarang–Kasugihan",
        "operator": "Kereta Api Indonesia",
        "owner": "Direktorat Jenderal Perkeretaapian Kementerian Perhubungan Republik Indonesia",
        "railway": "rail",
        "railway:bidirectional": "signals",
        "railway:preferred_direction": "forward",
        "railway:traffic_mode": "mixed",
        "sleeper:material": "concrete",
        "usage": "main",
        "wikidata": "Q25630218",
        "wikipedia": "id:Jalur kereta api Padalarang–Kasugihan"
      }
    },
    {
      "type": "Feature",
      "geometry": {
        "type": "LineString",
        "coordinates": [
          [
            107.4162145,
            -6.5927076
          ],
          [
            107.415964,
            -6.592848
          ],
          [
            107.4157246,
            -6.5929959
          ],
          [
            107.4154355,
            -6.5932072
          ],
          [
            107.4151919,
            -6.593409
          ],
          [
            107.4145587,
            -6.5939511
          ],
          [
            107.4134517,
            -6.5950696
          ],
          [
            107.4131822,
            -6.5954028
          ],
          [
            107.412558,
            -6.5963499
          ],
          [
            107.4124003,
            -6.5965554
          ],
          [
            107.4118317,
            -6.5972412
          ],
          [
            107.4114408,
            -6.5977598
          ],
          [
            107.4111557,
            -6.5982901
          ],
          [
            107.4110002,
            -6.5985334
          ],
          [
            107.4108362,
            -6.5987245
          ],
          [
            107.4106518,
            -6.5989196
          ],
          [
            107.4104427,
            -6.5991103
          ],
          [
            107.4103873,
            -6.5991591
          ],
          [
            107.4100686,
            -6.5994797
          ],
          [
            107.4099634,
            -6.5996067
          ],
          [
            107.4098426,
            -6.5997876
          ],
          [
            107.4097664,
            -6.5999283
          ],
          [
            107.4096539,
            -6.600192
          ],
          [
            107.4096047,
            -6.6003916
          ],
          [
            107.4095659,
            -6.6005544
          ],
          [
            107.4095388,
            -6.6007963
          ],
          [
            107.4095102,
            -6.6013766
          ],
          [
            107.4094715,
            -6.6023871
          ],
          [
            107.4094572,
            -6.603623
          ],
          [
            107.4094554,
            -6.6047982
          ],
          [
            107.4094536,
            -6.6059676
          ],
          [
            107.4094523,
            -6.6063977
          ]
        ]
      },
      "properties": {
        "id": 328407196,
        "electrified": "no",
        "gauge": "1067",
        "maxspeed": "60",
        "name": "Jalur Kereta Api Cikampek–Padalarang",
        "operator": "Kereta Api Indonesia",
        "railway": "rail",
        "usage": "main",
        "wikidata": "Q12487113",
        "wikipedia": "id:Jalur kereta api Cikampek–Padalarang"
      }
    },
    {
      "type": "Feature",
      "geometry": {
        "type": "LineString",
        "coordinates": [
          [
            107.4206441,
            -6.7710223
          ],
          [
            107.4259205,
            -6.7778073
          ]
        ]
      },
      "properties": {
        "id": 328408656,
        "electrified": "no",
        "gauge": "1067",
        "layer": "-1",
        "maxspeed": "50",
        "name": "Jalur Kereta Api Cikampek–Padalarang",
        "railway": "rail",
        "source": "Yahoo hires",
        "tunnel": "yes",
        "tunnel:name": "Terowongan Sasaksaat",
        "tunnel:name:en": "Sasaksaat Tunnel",
        "usage": "main",
        "wikidata": "Q12487113",
        "wikipedia": "id:Jalur kereta api Cikampek–Padalarang"
      }
    },
    {
      "type": "Feature",
      "geometry": {
        "type": "LineString",
        "coordinates": [
          [
            107.5146052,
            -6.863278
          ],
          [
            107.5143542,
            -6.8627063
          ],
          [
            107.5143291,
            -6.8626499
          ],
          [
            107.5140321,
            -6.8619817
          ],
          [
            107.513967,
            -6.8618383
          ],
          [
            107.5138494,
            -6.8615946
          ],
          [
            107.5137387,
            -6.8613791
          ],
          [
            107.5136661,
            -6.861244
          ],
          [
            107.5134957,
            -6.8609522
          ],
          [
            107.5133453,
            -6.8607029
          ],
          [
            107.5130635,
            -6.8603007
          ],
          [
            107.5128731,
            -6.8600454
          ],
          [
            107.5125601,
            -6.859646
          ],
          [
            107.5122543,
            -6.85932
          ],
          [
            107.5120087,
            -6.8590747
          ],
          [
            107.511746,
            -6.8588356
          ],
          [
            107.5111458,
            -6.8583097
          ],
          [
            107.510678,
            -6.8579015
          ],
          [
            107.5103102,
            -6.8575559
          ],
          [
            107.5100888,
            -6.8573266
          ],
          [
            107.5097737,
            -6.8569758
          ],
          [
            107.5095649,
            -6.856708
          ],
          [
            107.5094118,
            -6.8565014
          ],
          [
            107.5092521,
            -6.8562498
          ],
          [
            107.5089491,
            -6.8557623
          ],
          [
            107.508215,
            -6.8544629
          ],
          [
            107.5079249,
            -6.8539594
          ],
          [
            107.5074234,
            -6.853123
          ],
          [
            107.5070994,
            -6.8525983
          ],
          [
            107.5067762,
            -6.8521126
          ],
          [
            107.5063795,
            -6.8515563
          ],
          [
            107.5055505,
            -6.850398
          ],
          [
            107.5050061,
            -6.8496449
          ],
          [
            107.5047511,
            -6.8493049
          ],
          [
            107.5045916,
            -6.8491112
          ],
          [
            107.5043455,
            -6.8488344
          ],
          [
            107.5041846,
            -6.8486722
          ],
          [
            107.5038604,
            -6.8483737
          ],
          [
            107.5036923,
            -6.8482328
          ],
          [
            107.5034044,
            -6.8479973
          ],
          [
            107.5031093,
            -6.8477648
          ],
          [
            107.5023024,
            -6.8471193
          ],
          [
            107.5022575,
            -6.8470837
          ],
          [
            107.5019626,
            -6.8468502
          ],
          [
            107.5009207,
            -6.8460154
          ],
          [
            107.5008748,
            -6.845979
          ],
          [
            107.5008325,
            -6.8459445
          ]
        ]
      },
      "properties": {
        "id": 330116185,
        "electrified": "no",
        "gauge": "1067",
        "maxspeed": "110",
        "name": "Jalur Kereta Api Padalarang–Kasugihan",
        "operator": "Kereta Api Indonesia",
        "owner": "Direktorat Jenderal Perkeretaapian Kementerian Perhubungan Republik Indonesia",
        "railway": "rail",
        "railway:bidirectional": "signals",
        "railway:preferred_direction": "forward",
        "railway:traffic_mode": "mixed",
        "sleeper:material": "concrete",
        "usage": "main",
        "wikidata": "Q25630218",
        "wikipedia": "id:Jalur kereta api Padalarang–Kasugihan"
      }
    },
    {
      "type": "Feature",
      "geometry": {
        "type": "LineString",
        "coordinates": [
          [
            107.8339869,
            -6.9829872
          ],
          [
            107.8341093,
            -6.9831323
          ],
          [
            107.8342053,
            -6.9832479
          ],
          [
            107.8343048,
            -6.9833975
          ],
          [
            107.8343847,
            -6.9835333
          ],
          [
            107.834464,
            -6.9836838
          ],
          [
            107.8345618,
            -6.9839336
          ],
          [
            107.8346791,
            -6.9842433
          ],
          [
            107.8347732,
            -6.9844645
          ],
          [
            107.8348729,
            -6.9846483
          ],
          [
            107.8349765,
            -6.9847981
          ],
          [
            107.835135,
            -6.9849878
          ],
          [
            107.8352807,
            -6.9851276
          ],
          [
            107.8354259,
            -6.9852555
          ],
          [
            107.8355928,
            -6.9853736
          ],
          [
            107.8359129,
            -6.985577
          ],
          [
            107.8359553,
            -6.9856046
          ],
          [
            107.8365117,
            -6.985944
          ],
          [
            107.8367012,
            -6.9860973
          ],
          [
            107.8368805,
            -6.9862643
          ],
          [
            107.8370608,
            -6.9864422
          ],
          [
            107.8410963,
            -6.9910373
          ],
          [
            107.841223,
            -6.9911921
          ],
          [
            107.8413016,
            -6.9913049
          ],
          [
            107.8413695,
            -6.9914329
          ],
          [
            107.8414434,
            -6.9916271
          ],
          [
            107.8415075,
            -6.9918355
          ],
          [
            107.8415428,
            -6.992008
          ],
          [
            107.8415588,
            -6.9922058
          ],
          [
            107.8415563,
            -6.9923135
          ],
          [
            107.8415368,
            -6.9925189
          ],
          [
            107.8414713,
            -6.9927999
          ],
          [
            107.8413543,
            -6.9930961
          ],
          [
            107.8412386,
            -6.9932747
          ],
          [
            107.8408689,
            -6.9937566
          ],
          [
            107.8407512,
            -6.9939497
          ],
          [
            107.8406848,
            -6.9940764
          ],
          [
            107.8406334,
            -6.9942234
          ],
          [
            107.8405801,
            -6.9944196
          ],
          [
            107.8405411,
            -6.9947431
          ],
          [
            107.8405628,
            -6.9950973
          ],
          [
            107.8406253,
            -6.9953557
          ],
          [
            107.8407228,
            -6.9955901
          ],
          [
            107.840836,
            -6.9957997
          ],
          [
            107.8409825,
            -6.9959895
          ],
          [
            107.8411644,
            -6.9961777
          ],
          [
            107.8413559,
            -6.9963147
          ],
          [
            107.8415663,
            -6.9964306
          ],
          [
            107.8418077,
            -6.9965377
          ],
          [
            107.8438401,
            -6.9973689
          ],
          [
            107.8451447,
            -6.9978948
          ],
          [
            107.8453828,
            -6.9979448
          ],
          [
            107.845566,
            -6.9979626
          ],
          [
            107.8457308,
            -6.9979633
          ],
          [
            107.8458815,
            -6.9979465
          ],
          [
            107.8461127,
            -6.9979047
          ],
          [
            107.8462459,
            -6.99786
          ],
          [
            107.8463615,
            -6.9978083
          ],
          [
            107.8465411,
            -6.9977259
          ],
          [
            107.8466705,
            -6.9976464
          ],
          [
            107.8467783,
            -6.9975612
          ],
          [
            107.8469252,
            -6.9974229
          ],
          [
            107.8473483,
            -6.9969082
          ],
          [
            107.8475475,
            -6.9966852
          ],
          [
            107.8477454,
            -6.9965336
          ],
          [
            107.847893,
            -6.9964435
          ],
          [
            107.8480676,
            -6.996355
          ],
          [
            107.8483166,
            -6.9962688
          ],
          [
            107.8485954,
            -6.9962189
          ],
          [
            107.8488774,
            -6.9962151
          ],
          [
            107.8490854,
            -6.9962371
          ],
          [
            107.8494922,
            -6.9963427
          ],
          [
            107.8521485,
            -6.9970542
          ],
          [
            107.8527447,
            -6.9972042
          ],
          [
            107.8532339,
            -6.9972689
          ],
          [
            107.8535921,
            -6.9972814
          ],
          [
            107.8539898,
            -6.9972557
          ],
          [
            107.8572289,
            -6.9968402
          ],
          [
            107.8573566,
            -6.9968278
          ],
          [
            107.8576038,
            -6.9968337
          ],
          [
            107.8578396,
            -6.9968658
          ],
          [
            107.8581177,
            -6.9969588
          ],
          [
            107.8583747,
            -6.997088
          ],
          [
            107.8588694,
            -6.997385
          ],
          [
            107.8590997,
            -6.9975058
          ],
          [
            107.8593091,
            -6.9975774
          ],
          [
            107.8594325,
            -6.9976012
          ],
          [
            107.859605,
            -6.9976261
          ],
          [
            107.8598521,
            -6.9976282
          ],
          [
            107.8601183,
            -6.9975962
          ],
          [
            107.8606581,
            -6.9974356
          ],
          [
            107.8610814,
            -6.9973239
          ],
          [
            107.8613029,
            -6.9972983
          ],
          [
            107.8615497,
            -6.9973004
          ],
          [
            107.8617405,
            -6.9973274
          ],
          [
            107.8619443,
            -6.9973821
          ],
          [
            107.8621183,
            -6.9974451
          ],
          [
            107.862319,
            -6.9975403
          ],
          [
            107.8626433,
            -6.9977907
          ],
          [
            107.862864,
            -6.9980529
          ],
          [
            107.8630056,
            -6.9982667
          ],
          [
            107.863132,
            -6.9985806
          ],
          [
            107.8631958,
            -6.9989378
          ],
          [
            107.863191,
            -6.9992024
          ],
          [
            107.8631458,
            -6.9995502
          ],
          [
            107.8628941,
            -7.0008249
          ],
          [
            107.8628596,
            -7.001086
          ],
          [
            107.8628584,
            -7.0012549
          ],
          [
            107.8628939,
            -7.0015497
          ],
          [
            107.8629575,
            -7.0018023
          ],
          [
            107.8630736,
            -7.0020775
          ],
          [
            107.8632246,
            -7.0023214
          ],
          [
            107.8639082,
            -7.0030524
          ],
          [
            107.8640719,
            -7.0031775
          ],
          [
            107.8642971,
            -7.003317
          ],
          [
            107.86451,
            -7.0034032
          ],
          [
            107.8650892,
            -7.0035705
          ],
          [
            107.8653735,
            -7.0036511
          ],
          [
            107.8656684,
            -7.0038137
          ],
          [
            107.8659344,
            -7.0040154
          ],
          [
            107.8665973,
            -7.0047383
          ],
          [
            107.8667496,
            -7.0049353
          ],
          [
            107.866912,
            -7.0051537
          ],
          [
            107.8670318,
            -7.0053412
          ],
          [
            107.8672643,
            -7.005774
          ],
          [
            107.8674458,
            -7.0060556
          ],
          [
            107.8676431,
            -7.0062785
          ],
          [
            107.8678708,
            -7.00649
          ],
          [
            107.8682588,
            -7.0067549
          ],
          [
            107.8685797,
            -7.0069265
          ],
          [
            107.8689796,
            -7.0070622
          ],
          [
            107.8693754,
            -7.0071303
          ],
          [
            107.8697107,
            -7.0071256
          ],
          [
            107.8699733,
            -7.0071089
          ],
          [
            107.8703163,
            -7.007041
          ],
          [
            107.8704818,
            -7.0069988
          ],
          [
            107.8705791,
            -7.006974
          ],
          [
            107.8711315,
            -7.0067491
          ],
          [
            107.8721545,
            -7.0063143
          ],
          [
            107.8725079,
            -7.0062238
          ],
          [
            107.8727887,
            -7.0061972
          ],
          [
            107.8730443,
            -7.0062159
          ],
          [
            107.8733393,
            -7.0062839
          ],
          [
            107.8736604,
            -7.0064349
          ],
          [
            107.8738986,
            -7.0066032
          ],
          [
            107.8740892,
            -7.0067885
          ],
          [
            107.8742321,
            -7.0069706
          ],
          [
            107.8743804,
            -7.0072601
          ],
          [
            107.874473,
            -7.0075282
          ],
          [
            107.8746956,
            -7.0084622
          ],
          [
            107.8747659,
            -7.0086919
          ],
          [
            107.8748673,
            -7.0089268
          ],
          [
            107.8755666,
            -7.0101337
          ],
          [
            107.8769783,
            -7.0125697
          ],
          [
            107.877056,
            -7.0127208
          ],
          [
            107.8772595,
            -7.0130629
          ],
          [
            107.8773911,
            -7.0132613
          ],
          [
            107.8775085,
            -7.0134163
          ],
          [
            107.8775209,
            -7.0134326
          ],
          [
            107.8776194,
            -7.0135555
          ],
          [
            107.8778769,
            -7.0138366
          ],
          [
            107.8781239,
            -7.0140664
          ],
          [
            107.8782736,
            -7.0141916
          ],
          [
            107.8784851,
            -7.0143525
          ],
          [
            107.8786817,
            -7.0144855
          ],
          [
            107.8788181,
            -7.01457
          ],
          [
            107.8789551,
            -7.014648
          ],
          [
            107.8791553,
            -7.0147509
          ],
          [
            107.8816539,
            -7.0159865
          ],
          [
            107.881899,
            -7.0161077
          ],
          [
            107.8837824,
            -7.0170381
          ],
          [
            107.8845311,
            -7.017408
          ],
          [
            107.884558,
            -7.0174214
          ],
          [
            107.8845712,
            -7.017428
          ]
        ]
      },
      "properties": {
        "id": 330116186,
        "electrified": "no",
        "gauge": "1067",
        "maxspeed": "50",
        "name": "Jalur Kereta Api Padalarang–Kasugihan",
        "operator": "Kereta Api Indonesia",
        "owner": "Direktorat Jenderal Perkeretaapian Kementerian Perhubungan Republik Indonesia",
        "railway": "rail",
        "railway:bidirectional": "regular",
        "railway:preferred_direction": "both",
        "railway:traffic_mode": "mixed",
        "sleeper:material": "concrete",
        "source": "Yahoo hires",
        "usage": "main",
        "wikidata": "Q25630218",
        "wikipedia": "id:Jalur kereta api Padalarang–Kasugihan"
      }
    },
    {
      "type": "Feature",
      "geometry": {
        "type": "LineString",
        "coordinates": [
          [
            107.4937867,
            -6.8395042
          ],
          [
            107.494297,
            -6.8400241
          ],
          [
            107.4946964,
            -6.8404035
          ]
        ]
      },
      "properties": {
        "id": 383346221,
        "electrified": "no",
        "gauge": "1067",
        "maxspeed": "60",
        "name": "Jalur Kereta Api Cikampek–Padalarang",
        "railway": "rail",
        "usage": "main",
        "wikidata": "Q12487113",
        "wikipedia": "id:Jalur kereta api Cikampek–Padalarang"
      }
    },
    {
      "type": "Feature",
      "geometry": {
        "type": "LineString",
        "coordinates": [
          [
            107.6421269,
            -6.9234014
          ],
          [
            107.6413268,
            -6.9231175
          ],
          [
            107.6413003,
            -6.9231075
          ],
          [
            107.6401395,
            -6.9226764
          ]
        ]
      },
      "properties": {
        "id": 415744895,
        "electrified": "no",
        "gauge": "1067",
        "maxspeed": "90",
        "name": "Jalur Kereta Api Padalarang–Kasugihan",
        "operator": "Kereta Api Indonesia",
        "owner": "Direktorat Jenderal Perkeretaapian Kementerian Perhubungan Republik Indonesia",
        "railway": "rail",
        "railway:bidirectional": "signals",
        "railway:preferred_direction": "forward",
        "railway:traffic_mode": "mixed",
        "sleeper:material": "concrete",
        "usage": "main",
        "wikidata": "Q25630218",
        "wikipedia": "id:Jalur kereta api Padalarang–Kasugihan"
      }
    },
    {
      "type": "Feature",
      "geometry": {
        "type": "LineString",
        "coordinates": [
          [
            107.6456145,
            -6.9247603
          ],
          [
            107.6474897,
            -6.9254525
          ]
        ]
      },
      "properties": {
        "id": 415766627,
        "electrified": "no",
        "gauge": "1067",
        "railway": "rail",
        "railway:track_ref": "1",
        "service": "siding"
      }
    },
    {
      "type": "Feature",
      "geometry": {
        "type": "LineString",
        "coordinates": [
          [
            107.8987283,
            -7.0355205
          ],
          [
            107.8984378,
            -7.0362266
          ],
          [
            107.8980329,
            -7.0371756
          ]
        ]
      },
      "properties": {
        "id": 431600119,
        "bridge": "viaduct",
        "electrified": "no",
        "gauge": "1067",
        "layer": "1",
        "maxspeed": "50",
        "name": "Jalur Kereta Api Padalarang–Kasugihan",
        "operator": "Kereta Api Indonesia",
        "owner": "Direktorat Jenderal Perkeretaapian Kementerian Perhubungan Republik Indonesia",
        "railway": "rail",
        "railway:bidirectional": "regular",
        "railway:preferred_direction": "both",
        "railway:traffic_mode": "mixed",
        "sleeper:material": "concrete",
        "source": "Yahoo hires",
        "usage": "main",
        "wikidata": "Q25630218",
        "wikipedia": "id:Jalur kereta api Padalarang–Kasugihan"
      }
    },
    {
      "type": "Feature",
      "geometry": {
        "type": "LineString",
        "coordinates": [
          [
            107.8925333,
            -7.0499959
          ],
          [
            107.8924927,
            -7.0501203
          ],
          [
            107.892374,
            -7.050555
          ],
          [
            107.8923468,
            -7.0506547
          ],
          [
            107.8922792,
            -7.0509082
          ],
          [
            107.892214,
            -7.0512305
          ],
          [
            107.8922072,
            -7.0514901
          ],
          [
            107.8922235,
            -7.0516824
          ],
          [
            107.8922551,
            -7.0518277
          ],
          [
            107.8922985,
            -7.0519965
          ],
          [
            107.8923481,
            -7.0521653
          ],
          [
            107.8924112,
            -7.0522973
          ],
          [
            107.8924759,
            -7.0524262
          ],
          [
            107.8925426,
            -7.0525392
          ],
          [
            107.8926093,
            -7.0526331
          ],
          [
            107.8926625,
            -7.0526997
          ],
          [
            107.8927308,
            -7.0527715
          ],
          [
            107.8928587,
            -7.0528857
          ],
          [
            107.892978,
            -7.0529774
          ],
          [
            107.8930058,
            -7.0529988
          ],
          [
            107.8934738,
            -7.0533455
          ],
          [
            107.8935652,
            -7.0534108
          ],
          [
            107.8937471,
            -7.0535355
          ],
          [
            107.8939143,
            -7.0536351
          ],
          [
            107.8939838,
            -7.0536705
          ],
          [
            107.8940827,
            -7.0537102
          ],
          [
            107.8941683,
            -7.0537381
          ],
          [
            107.8942375,
            -7.0537558
          ],
          [
            107.8943983,
            -7.0537794
          ],
          [
            107.894585,
            -7.053795
          ],
          [
            107.8948051,
            -7.0537839
          ],
          [
            107.8951832,
            -7.0537503
          ],
          [
            107.8952101,
            -7.0537486
          ],
          [
            107.8953927,
            -7.053737
          ],
          [
            107.8955748,
            -7.0537372
          ],
          [
            107.8957213,
            -7.0537557
          ],
          [
            107.8958373,
            -7.0537762
          ],
          [
            107.8960438,
            -7.0538432
          ],
          [
            107.8962636,
            -7.0539566
          ],
          [
            107.8964665,
            -7.0540907
          ],
          [
            107.8966701,
            -7.0542481
          ],
          [
            107.8967933,
            -7.0543586
          ],
          [
            107.8969238,
            -7.0545078
          ],
          [
            107.8970237,
            -7.0546786
          ],
          [
            107.8971013,
            -7.0548462
          ],
          [
            107.8971764,
            -7.0550406
          ],
          [
            107.8972237,
            -7.0552322
          ],
          [
            107.897249,
            -7.0553917
          ],
          [
            107.8972627,
            -7.0555559
          ],
          [
            107.8972614,
            -7.0556014
          ],
          [
            107.8972584,
            -7.0557043
          ],
          [
            107.8972513,
            -7.0557912
          ],
          [
            107.8972389,
            -7.0558781
          ],
          [
            107.8972242,
            -7.0559412
          ],
          [
            107.8971394,
            -7.0561862
          ],
          [
            107.8967977,
            -7.0569771
          ],
          [
            107.8967228,
            -7.0572974
          ],
          [
            107.8967112,
            -7.0576908
          ],
          [
            107.8967639,
            -7.058009
          ],
          [
            107.896845,
            -7.0582345
          ],
          [
            107.8970093,
            -7.0585191
          ],
          [
            107.8971009,
            -7.0586268
          ],
          [
            107.8972432,
            -7.0587941
          ],
          [
            107.8974607,
            -7.0589795
          ],
          [
            107.8977444,
            -7.0591553
          ],
          [
            107.8980416,
            -7.0593097
          ],
          [
            107.8982526,
            -7.0594438
          ],
          [
            107.8984479,
            -7.0596015
          ],
          [
            107.8986527,
            -7.0598045
          ],
          [
            107.8987981,
            -7.060002
          ],
          [
            107.8988933,
            -7.060187
          ],
          [
            107.899016,
            -7.0604663
          ],
          [
            107.8993102,
            -7.0613685
          ],
          [
            107.8994378,
            -7.0617591
          ],
          [
            107.8994816,
            -7.0620243
          ],
          [
            107.8994928,
            -7.0622896
          ],
          [
            107.8994708,
            -7.0626635
          ],
          [
            107.8994215,
            -7.0630769
          ],
          [
            107.8993096,
            -7.0634946
          ],
          [
            107.8989646,
            -7.0645829
          ],
          [
            107.8988772,
            -7.0647836
          ],
          [
            107.8987894,
            -7.0649569
          ],
          [
            107.8986111,
            -7.0652154
          ],
          [
            107.898384,
            -7.0654538
          ],
          [
            107.8981136,
            -7.065641
          ],
          [
            107.8979012,
            -7.065752
          ],
          [
            107.8976197,
            -7.0658257
          ],
          [
            107.8970286,
            -7.0659731
          ]
        ]
      },
      "properties": {
        "id": 431600123,
        "electrified": "no",
        "gauge": "1067",
        "maxspeed": "50",
        "name": "Jalur Kereta Api Padalarang–Kasugihan",
        "operator": "Kereta Api Indonesia",
        "owner": "Direktorat Jenderal Perkeretaapian Kementerian Perhubungan Republik Indonesia",
        "railway": "rail",
        "railway:bidirectional": "regular",
        "railway:preferred_direction": "both",
        "railway:traffic_mode": "mixed",
        "sleeper:material": "concrete",
        "source": "Yahoo hires",
        "usage": "main",
        "wikidata": "Q25630218",
        "wikipedia": "id:Jalur kereta api Padalarang–Kasugihan"
      }
    },
    {
      "type": "Feature",
      "geometry": {
        "type": "LineString",
        "coordinates": [
          [
            107.965285,
            -7.1039426
          ],
          [
            107.965824,
            -7.1046164
          ]
        ]
      },
      "properties": {
        "id": 550536060,
        "bridge": "yes",
        "bridge:name": "Jembatan Cimanuk",
        "electrified": "no",
        "gauge": "1067",
        "layer": "1",
        "maxspeed": "55",
        "name": "Jalur Kereta Api Padalarang–Kasugihan",
        "operator": "Kereta Api Indonesia",
        "owner": "Direktorat Jenderal Perkeretaapian Kementerian Perhubungan Republik Indonesia",
        "railway": "rail",
        "railway:bidirectional": "regular",
        "railway:preferred_direction": "both",
        "railway:traffic_mode": "mixed",
        "sleeper:material": "concrete",
        "usage": "main",
        "wikidata": "Q25630218",
        "wikipedia": "id:Jalur kereta api Padalarang–Kasugihan"
      }
    },
    {
      "type": "Feature",
      "geometry": {
        "type": "LineString",
        "coordinates": [
          [
            107.9477507,
            -7.1042369
          ],
          [
            107.9479127,
            -7.1045266
          ],
          [
            107.948107,
            -7.1048206
          ],
          [
            107.9481847,
            -7.1049274
          ],
          [
            107.9482838,
            -7.1050341
          ],
          [
            107.9484276,
            -7.1051615
          ],
          [
            107.9485843,
            -7.1052761
          ],
          [
            107.9487665,
            -7.1053691
          ],
          [
            107.9489788,
            -7.1054408
          ],
          [
            107.9492947,
            -7.1055062
          ],
          [
            107.9496278,
            -7.105529
          ],
          [
            107.9516433,
            -7.1056068
          ],
          [
            107.9531249,
            -7.105662
          ],
          [
            107.9535945,
            -7.1056692
          ],
          [
            107.9537939,
            -7.1056653
          ],
          [
            107.9539975,
            -7.1056443
          ],
          [
            107.9543062,
            -7.1056071
          ],
          [
            107.9546707,
            -7.1055315
          ],
          [
            107.9550117,
            -7.1054282
          ],
          [
            107.9553871,
            -7.1052696
          ],
          [
            107.9566254,
            -7.104602
          ],
          [
            107.9567387,
            -7.1045374
          ],
          [
            107.9568605,
            -7.1044557
          ],
          [
            107.9570627,
            -7.1042904
          ],
          [
            107.9575344,
            -7.1038719
          ],
          [
            107.9576818,
            -7.1037424
          ],
          [
            107.9581639,
            -7.1033188
          ],
          [
            107.9585714,
            -7.1029641
          ],
          [
            107.9585921,
            -7.1029461
          ],
          [
            107.9587146,
            -7.1028395
          ],
          [
            107.9592344,
            -7.1023867
          ],
          [
            107.9597065,
            -7.101983
          ],
          [
            107.9599187,
            -7.1018176
          ],
          [
            107.9601035,
            -7.1016936
          ],
          [
            107.9602567,
            -7.1016292
          ],
          [
            107.9604249,
            -7.1015819
          ],
          [
            107.9606692,
            -7.1015157
          ],
          [
            107.960922,
            -7.101507
          ],
          [
            107.9611056,
            -7.1015126
          ],
          [
            107.9612849,
            -7.1015268
          ],
          [
            107.9615652,
            -7.1015984
          ],
          [
            107.961618,
            -7.101622
          ],
          [
            107.9623224,
            -7.1019366
          ],
          [
            107.9635672,
            -7.1024925
          ],
          [
            107.9638488,
            -7.1026365
          ],
          [
            107.9641046,
            -7.102789
          ],
          [
            107.9645079,
            -7.1030859
          ],
          [
            107.9648664,
            -7.1034331
          ],
          [
            107.9651458,
            -7.1037619
          ],
          [
            107.965285,
            -7.1039426
          ]
        ]
      },
      "properties": {
        "id": 550536061,
        "electrified": "no",
        "gauge": "1067",
        "maxspeed": "55",
        "name": "Jalur Kereta Api Padalarang–Kasugihan",
        "operator": "Kereta Api Indonesia",
        "owner": "Direktorat Jenderal Perkeretaapian Kementerian Perhubungan Republik Indonesia",
        "railway": "rail",
        "railway:bidirectional": "regular",
        "railway:preferred_direction": "both",
        "railway:traffic_mode": "mixed",
        "sleeper:material": "concrete",
        "usage": "main",
        "wikidata": "Q25630218",
        "wikipedia": "id:Jalur kereta api Padalarang–Kasugihan"
      }
    },
    {
      "type": "Feature",
      "geometry": {
        "type": "LineString",
        "coordinates": [
          [
            107.6401395,
            -6.9226764
          ],
          [
            107.6400262,
            -6.9226335
          ]
        ]
      },
      "properties": {
        "id": 552319185,
        "bridge": "yes",
        "electrified": "no",
        "gauge": "1067",
        "layer": "1",
        "maxspeed": "100",
        "name": "Jalur Kereta Api Padalarang–Kasugihan",
        "operator": "Kereta Api Indonesia",
        "owner": "Direktorat Jenderal Perkeretaapian Kementerian Perhubungan Republik Indonesia",
        "railway": "rail",
        "railway:bidirectional": "signals",
        "railway:preferred_direction": "forward",
        "railway:traffic_mode": "mixed",
        "sleeper:material": "concrete",
        "usage": "main",
        "wikidata": "Q25630218",
        "wikipedia": "id:Jalur kereta api Padalarang–Kasugihan"
      }
    },
    {
      "type": "Feature",
      "geometry": {
        "type": "LineString",
        "coordinates": [
          [
            107.6844703,
            -6.9388405
          ],
          [
            107.6842899,
            -6.9387749
          ]
        ]
      },
      "properties": {
        "id": 554803483,
        "bridge": "yes",
        "electrified": "no",
        "gauge": "1067",
        "layer": "1",
        "maxspeed": "100",
        "name": "Jalur Kereta Api Padalarang–Kasugihan",
        "operator": "Kereta Api Indonesia",
        "owner": "Direktorat Jenderal Perkeretaapian Kementerian Perhubungan Republik Indonesia",
        "railway": "rail",
        "railway:bidirectional": "signals",
        "railway:preferred_direction": "forward",
        "railway:traffic_mode": "mixed",
        "sleeper:material": "concrete",
        "source": "Yahoo hires",
        "usage": "main",
        "wikidata": "Q25630218",
        "wikipedia": "id:Jalur kereta api Padalarang–Kasugihan"
      }
    },
    {
      "type": "Feature",
      "geometry": {
        "type": "LineString",
        "coordinates": [
          [
            107.397607,
            -6.6964911
          ],
          [
            107.3979275,
            -6.6941341
          ]
        ]
      },
      "properties": {
        "id": 558668709,
        "bridge": "yes",
        "bridge:name": "Jembatan Cisomang",
        "bridge:structure": "arch",
        "electrified": "no",
        "gauge": "1067",
        "layer": "1",
        "maxspeed": "60",
        "name": "Jalur Kereta Api Cikampek–Padalarang",
        "operator": "Kereta Api Indonesia",
        "railway": "rail",
        "usage": "main",
        "wikidata": "Q12487113",
        "wikipedia": "id:Jalur kereta api Cikampek–Padalarang"
      }
    },
    {
      "type": "Feature",
      "geometry": {
        "type": "LineString",
        "coordinates": [
          [
            107.3962624,
            -6.6886125
          ],
          [
            107.3962418,
            -6.6884499
          ],
          [
            107.3962561,
            -6.6881904
          ],
          [
            107.3962913,
            -6.6879721
          ],
          [
            107.3963726,
            -6.6877172
          ],
          [
            107.3964683,
            -6.687527
          ],
          [
            107.3966021,
            -6.6873157
          ],
          [
            107.3969014,
            -6.6870045
          ],
          [
            107.3979057,
            -6.6860549
          ],
          [
            107.3985986,
            -6.685365
          ],
          [
            107.3989224,
            -6.6850426
          ],
          [
            107.3992443,
            -6.6846936
          ],
          [
            107.3994093,
            -6.6844375
          ],
          [
            107.3994803,
            -6.6843021
          ],
          [
            107.3995432,
            -6.6841766
          ],
          [
            107.3995906,
            -6.6840639
          ],
          [
            107.3996341,
            -6.6839286
          ],
          [
            107.3996665,
            -6.6838168
          ],
          [
            107.3996923,
            -6.6836957
          ],
          [
            107.3997113,
            -6.6835837
          ],
          [
            107.3997284,
            -6.6834732
          ],
          [
            107.3997422,
            -6.6833334
          ],
          [
            107.3997525,
            -6.6831582
          ],
          [
            107.3997408,
            -6.6829954
          ],
          [
            107.3997282,
            -6.6828298
          ],
          [
            107.3996964,
            -6.6826122
          ],
          [
            107.3995891,
            -6.6822194
          ],
          [
            107.3994215,
            -6.6818603
          ],
          [
            107.3992235,
            -6.6815486
          ],
          [
            107.3990028,
            -6.6812909
          ],
          [
            107.3987733,
            -6.6810657
          ],
          [
            107.3982785,
            -6.6806447
          ],
          [
            107.3943377,
            -6.6772412
          ],
          [
            107.3940712,
            -6.6770014
          ],
          [
            107.393854,
            -6.6767438
          ],
          [
            107.3936685,
            -6.6764183
          ],
          [
            107.3936004,
            -6.6762412
          ],
          [
            107.3935569,
            -6.6760611
          ],
          [
            107.3935336,
            -6.675889
          ],
          [
            107.3935195,
            -6.675717
          ],
          [
            107.3935333,
            -6.6754871
          ],
          [
            107.3935899,
            -6.6751978
          ],
          [
            107.3936565,
            -6.675017
          ],
          [
            107.3937135,
            -6.6749011
          ],
          [
            107.3938786,
            -6.6746279
          ],
          [
            107.3940403,
            -6.6744393
          ],
          [
            107.3941628,
            -6.6743249
          ],
          [
            107.3943165,
            -6.6742078
          ],
          [
            107.3945218,
            -6.6740902
          ],
          [
            107.3946972,
            -6.6740124
          ],
          [
            107.3962866,
            -6.6736669
          ],
          [
            107.3967192,
            -6.6735736
          ],
          [
            107.3967645,
            -6.6735573
          ],
          [
            107.3970483,
            -6.673454
          ],
          [
            107.3972506,
            -6.6733554
          ],
          [
            107.3975467,
            -6.6731153
          ],
          [
            107.3977635,
            -6.6728657
          ],
          [
            107.397939,
            -6.6725596
          ],
          [
            107.3980532,
            -6.672237
          ],
          [
            107.3980946,
            -6.6718729
          ],
          [
            107.3980854,
            -6.671619
          ],
          [
            107.3980261,
            -6.6713298
          ],
          [
            107.397881,
            -6.6710121
          ],
          [
            107.3976805,
            -6.670671
          ],
          [
            107.3974631,
            -6.6703509
          ],
          [
            107.3972833,
            -6.6700475
          ],
          [
            107.3971562,
            -6.6697377
          ],
          [
            107.3970925,
            -6.6694024
          ],
          [
            107.3970817,
            -6.6690335
          ],
          [
            107.3971114,
            -6.6681721
          ],
          [
            107.3971256,
            -6.6661826
          ],
          [
            107.3971083,
            -6.6658985
          ],
          [
            107.3970814,
            -6.6657154
          ],
          [
            107.3969966,
            -6.665429
          ],
          [
            107.3968623,
            -6.6651506
          ],
          [
            107.3965321,
            -6.6647649
          ],
          [
            107.3959713,
            -6.6641921
          ],
          [
            107.3958034,
            -6.6639715
          ],
          [
            107.3956199,
            -6.6636193
          ],
          [
            107.3955352,
            -6.6633383
          ],
          [
            107.3955072,
            -6.6630625
          ],
          [
            107.3955368,
            -6.6626682
          ]
        ]
      },
      "properties": {
        "id": 558668710,
        "electrified": "no",
        "gauge": "1067",
        "maxspeed": "60",
        "name": "Jalur Kereta Api Cikampek–Padalarang",
        "operator": "Kereta Api Indonesia",
        "railway": "rail",
        "usage": "main",
        "wikidata": "Q12487113",
        "wikipedia": "id:Jalur kereta api Cikampek–Padalarang"
      }
    },
    {
      "type": "Feature",
      "geometry": {
        "type": "LineString",
        "coordinates": [
          [
            107.72254,
            -6.9526955
          ],
          [
            107.7189434,
            -6.9513822
          ],
          [
            107.7174069,
            -6.9508211
          ],
          [
            107.714495,
            -6.9497674
          ],
          [
            107.7135394,
            -6.9494181
          ],
          [
            107.7133637,
            -6.9493569
          ],
          [
            107.7129817,
            -6.9492216
          ]
        ]
      },
      "properties": {
        "id": 561404010,
        "electrified": "no",
        "gauge": "1067",
        "maxspeed": "110",
        "name": "Jalur Kereta Api Padalarang–Kasugihan",
        "operator": "Kereta Api Indonesia",
        "owner": "Direktorat Jenderal Perkeretaapian Kementerian Perhubungan Republik Indonesia",
        "railway": "rail",
        "railway:bidirectional": "signals",
        "railway:preferred_direction": "forward",
        "railway:traffic_mode": "mixed",
        "sleeper:material": "concrete",
        "source": "Yahoo hires",
        "usage": "main",
        "wikidata": "Q25630218",
        "wikipedia": "id:Jalur kereta api Padalarang–Kasugihan"
      }
    },
    {
      "type": "Feature",
      "geometry": {
        "type": "LineString",
        "coordinates": [
          [
            107.7002589,
            -6.9445913
          ],
          [
            107.7001761,
            -6.9445608
          ]
        ]
      },
      "properties": {
        "id": 561404011,
        "bridge": "yes",
        "electrified": "no",
        "gauge": "1067",
        "layer": "1",
        "maxspeed": "110",
        "name": "Jalur Kereta Api Padalarang–Kasugihan",
        "operator": "Kereta Api Indonesia",
        "owner": "Direktorat Jenderal Perkeretaapian Kementerian Perhubungan Republik Indonesia",
        "railway": "rail",
        "railway:bidirectional": "signals",
        "railway:preferred_direction": "forward",
        "railway:traffic_mode": "mixed",
        "sleeper:material": "concrete",
        "source": "Yahoo hires",
        "usage": "main",
        "wikidata": "Q25630218",
        "wikipedia": "id:Jalur kereta api Padalarang–Kasugihan"
      }
    },
    {
      "type": "Feature",
      "geometry": {
        "type": "LineString",
        "coordinates": [
          [
            107.6916047,
            -6.9414389
          ],
          [
            107.6911272,
            -6.9412651
          ],
          [
            107.6910604,
            -6.9412408
          ],
          [
            107.6905354,
            -6.9410496
          ],
          [
            107.6888974,
            -6.9404525
          ],
          [
            107.6881814,
            -6.9401931
          ],
          [
            107.6881446,
            -6.9401795
          ],
          [
            107.6876033,
            -6.9399816
          ],
          [
            107.6873668,
            -6.9398957
          ]
        ]
      },
      "properties": {
        "id": 561404013,
        "electrified": "no",
        "gauge": "1067",
        "maxspeed": "110",
        "name": "Jalur Kereta Api Padalarang–Kasugihan",
        "operator": "Kereta Api Indonesia",
        "owner": "Direktorat Jenderal Perkeretaapian Kementerian Perhubungan Republik Indonesia",
        "railway": "rail",
        "railway:bidirectional": "signals",
        "railway:preferred_direction": "forward",
        "railway:track_ref": "3",
        "railway:traffic_mode": "mixed",
        "sleeper:material": "concrete",
        "source": "Yahoo hires",
        "usage": "main",
        "wikidata": "Q25630218",
        "wikipedia": "id:Jalur kereta api Padalarang–Kasugihan"
      }
    },
    {
      "type": "Feature",
      "geometry": {
        "type": "LineString",
        "coordinates": [
          [
            107.5709605,
            -6.9025168
          ],
          [
            107.5709107,
            -6.9024837
          ]
        ]
      },
      "properties": {
        "id": 561410149,
        "bridge": "yes",
        "electrified": "no",
        "gauge": "1067",
        "layer": "1",
        "maxspeed": "110",
        "name": "Jalur Kereta Api Padalarang–Kasugihan",
        "operator": "Kereta Api Indonesia",
        "owner": "Direktorat Jenderal Perkeretaapian Kementerian Perhubungan Republik Indonesia",
        "railway": "rail",
        "railway:bidirectional": "signals",
        "railway:preferred_direction": "forward",
        "railway:traffic_mode": "mixed",
        "sleeper:material": "concrete",
        "usage": "main",
        "wikidata": "Q25630218",
        "wikipedia": "id:Jalur kereta api Padalarang–Kasugihan"
      }
    },
    {
      "type": "Feature",
      "geometry": {
        "type": "LineString",
        "coordinates": [
          [
            107.5587546,
            -6.8946591
          ],
          [
            107.5585905,
            -6.8945791
          ],
          [
            107.5583883,
            -6.8944868
          ],
          [
            107.5579117,
            -6.8942763
          ],
          [
            107.5564963,
            -6.8936914
          ],
          [
            107.5564467,
            -6.89367
          ],
          [
            107.5556579,
            -6.8933302
          ],
          [
            107.5552812,
            -6.8931679
          ],
          [
            107.5552383,
            -6.8931494
          ],
          [
            107.5550584,
            -6.8930719
          ],
          [
            107.5547416,
            -6.8929337
          ],
          [
            107.5543664,
            -6.8927701
          ],
          [
            107.5532082,
            -6.8922708
          ],
          [
            107.5527033,
            -6.892054
          ],
          [
            107.5522656,
            -6.8918924
          ],
          [
            107.5520268,
            -6.8918076
          ],
          [
            107.55168,
            -6.8917044
          ],
          [
            107.5513667,
            -6.8916182
          ],
          [
            107.5509939,
            -6.89154
          ],
          [
            107.5507418,
            -6.8914878
          ],
          [
            107.548819,
            -6.8911232
          ],
          [
            107.5462142,
            -6.8906247
          ],
          [
            107.5443969,
            -6.8902769
          ],
          [
            107.5443439,
            -6.8902668
          ],
          [
            107.5442881,
            -6.8902562
          ],
          [
            107.544072,
            -6.8902148
          ],
          [
            107.5428647,
            -6.8899879
          ],
          [
            107.5411587,
            -6.8896551
          ]
        ]
      },
      "properties": {
        "id": 561410603,
        "electrified": "no",
        "gauge": "1067",
        "maxspeed": "110",
        "name": "Jalur Kereta Api Padalarang–Kasugihan",
        "operator": "Kereta Api Indonesia",
        "owner": "Direktorat Jenderal Perkeretaapian Kementerian Perhubungan Republik Indonesia",
        "railway": "rail",
        "railway:bidirectional": "signals",
        "railway:preferred_direction": "forward",
        "railway:traffic_mode": "mixed",
        "sleeper:material": "concrete",
        "usage": "main",
        "wikidata": "Q25630218",
        "wikipedia": "id:Jalur kereta api Padalarang–Kasugihan"
      }
    },
    {
      "type": "Feature",
      "geometry": {
        "type": "LineString",
        "coordinates": [
          [
            107.5411587,
            -6.8896551
          ],
          [
            107.5410005,
            -6.8896245
          ]
        ]
      },
      "properties": {
        "id": 561410604,
        "bridge": "yes",
        "electrified": "no",
        "gauge": "1067",
        "layer": "1",
        "maxspeed": "100",
        "name": "Jalur Kereta Api Padalarang–Kasugihan",
        "operator": "Kereta Api Indonesia",
        "owner": "Direktorat Jenderal Perkeretaapian Kementerian Perhubungan Republik Indonesia",
        "railway": "rail",
        "railway:bidirectional": "signals",
        "railway:preferred_direction": "forward",
        "railway:traffic_mode": "mixed",
        "sleeper:material": "concrete",
        "usage": "main",
        "wikidata": "Q25630218",
        "wikipedia": "id:Jalur kereta api Padalarang–Kasugihan"
      }
    },
    {
      "type": "Feature",
      "geometry": {
        "type": "LineString",
        "coordinates": [
          [
            107.4776447,
            -6.8118512
          ],
          [
            107.4777494,
            -6.8119082
          ],
          [
            107.4778388,
            -6.8119648
          ],
          [
            107.4779138,
            -6.8120232
          ],
          [
            107.4779974,
            -6.8120928
          ],
          [
            107.4781434,
            -6.8122338
          ],
          [
            107.4782701,
            -6.8123933
          ],
          [
            107.4783959,
            -6.8125602
          ],
          [
            107.4785999,
            -6.8128256
          ],
          [
            107.4787712,
            -6.8130534
          ],
          [
            107.4791636,
            -6.8135554
          ],
          [
            107.4793748,
            -6.8138436
          ],
          [
            107.4794439,
            -6.8139573
          ]
        ]
      },
      "properties": {
        "id": 575741259,
        "bridge": "yes",
        "bridge:name": "Cibisoro",
        "electrified": "no",
        "gauge": "1067",
        "layer": "1",
        "maxspeed": "60",
        "name": "Jalur Kereta Api Cikampek–Padalarang",
        "railway": "rail",
        "source": "Yahoo hires",
        "usage": "main",
        "wikidata": "Q12487113",
        "wikipedia": "id:Jalur kereta api Cikampek–Padalarang"
      }
    },
    {
      "type": "Feature",
      "geometry": {
        "type": "LineString",
        "coordinates": [
          [
            107.4666223,
            -6.8046103
          ],
          [
            107.4672441,
            -6.804914
          ],
          [
            107.4676469,
            -6.8050977
          ],
          [
            107.4678564,
            -6.8051801
          ],
          [
            107.4680686,
            -6.805247
          ],
          [
            107.468272,
            -6.8052994
          ],
          [
            107.4685512,
            -6.8053479
          ],
          [
            107.4686459,
            -6.8053599
          ],
          [
            107.4687664,
            -6.805371
          ],
          [
            107.4690105,
            -6.8053811
          ],
          [
            107.4693101,
            -6.805372
          ],
          [
            107.4696563,
            -6.8053378
          ],
          [
            107.4699108,
            -6.8053086
          ],
          [
            107.4701898,
            -6.8052981
          ],
          [
            107.4703726,
            -6.8053077
          ],
          [
            107.4705823,
            -6.8053479
          ],
          [
            107.4707474,
            -6.8053922
          ],
          [
            107.4709343,
            -6.8054566
          ]
        ]
      },
      "properties": {
        "id": 575741260,
        "electrified": "no",
        "gauge": "1067",
        "maxspeed": "60",
        "name": "Jalur Kereta Api Cikampek–Padalarang",
        "railway": "rail",
        "source": "Yahoo hires",
        "usage": "main",
        "wikidata": "Q12487113",
        "wikipedia": "id:Jalur kereta api Cikampek–Padalarang"
      }
    },
    {
      "type": "Feature",
      "geometry": {
        "type": "LineString",
        "coordinates": [
          [
            107.4439894,
            -6.5810463
          ],
          [
            107.4439572,
            -6.5812446
          ],
          [
            107.4438895,
            -6.5814482
          ],
          [
            107.4438211,
            -6.5816236
          ],
          [
            107.4437128,
            -6.5818086
          ],
          [
            107.4435769,
            -6.5819731
          ],
          [
            107.443323,
            -6.5822117
          ],
          [
            107.443204,
            -6.5822908
          ],
          [
            107.4429149,
            -6.582468
          ],
          [
            107.4426773,
            -6.5825546
          ],
          [
            107.4424002,
            -6.5826032
          ],
          [
            107.4421694,
            -6.5826154
          ],
          [
            107.4420239,
            -6.5826026
          ],
          [
            107.4416455,
            -6.5825288
          ],
          [
            107.4413135,
            -6.5824113
          ],
          [
            107.4410598,
            -6.5822528
          ],
          [
            107.4408903,
            -6.582093
          ],
          [
            107.4407634,
            -6.5819657
          ],
          [
            107.4405981,
            -6.5817495
          ],
          [
            107.4404795,
            -6.581526
          ],
          [
            107.4404026,
            -6.5812851
          ],
          [
            107.4403578,
            -6.5810126
          ],
          [
            107.4403493,
            -6.5807642
          ],
          [
            107.4404203,
            -6.5803764
          ],
          [
            107.4405026,
            -6.5801313
          ],
          [
            107.4406485,
            -6.5798847
          ],
          [
            107.4408184,
            -6.5796823
          ],
          [
            107.4412199,
            -6.5792332
          ],
          [
            107.4413814,
            -6.5790213
          ],
          [
            107.4415219,
            -6.578781
          ],
          [
            107.4416417,
            -6.5785107
          ],
          [
            107.4417201,
            -6.578257
          ],
          [
            107.4417551,
            -6.5779134
          ],
          [
            107.4417391,
            -6.5776028
          ],
          [
            107.4416696,
            -6.5772945
          ],
          [
            107.4415567,
            -6.5770202
          ],
          [
            107.4411951,
            -6.576387
          ],
          [
            107.4410215,
            -6.5760195
          ],
          [
            107.4408956,
            -6.5757291
          ],
          [
            107.4400672,
            -6.5730957
          ],
          [
            107.439928,
            -6.5726523
          ]
        ]
      },
      "properties": {
        "id": 584319151,
        "electrified": "no",
        "gauge": "1067",
        "maxspeed": "60",
        "name": "Jalur Kereta Api Cikampek–Padalarang",
        "railway": "rail",
        "usage": "main",
        "wikidata": "Q12487113",
        "wikipedia": "id:Jalur kereta api Cikampek–Padalarang"
      }
    },
    {
      "type": "Feature",
      "geometry": {
        "type": "LineString",
        "coordinates": [
          [
            107.4461711,
            -6.5709631
          ],
          [
            107.4455527,
            -6.5716464
          ]
        ]
      },
      "properties": {
        "id": 584319152,
        "bridge": "yes",
        "electrified": "no",
        "gauge": "1067",
        "layer": "1",
        "maxspeed": "60",
        "name": "Jalur Kereta Api Cikampek–Padalarang",
        "railway": "rail",
        "usage": "main",
        "wikidata": "Q12487113",
        "wikipedia": "id:Jalur kereta api Cikampek–Padalarang"
      }
    },
    {
      "type": "Feature",
      "geometry": {
        "type": "LineString",
        "coordinates": [
          [
            107.4398766,
            -6.5725142
          ],
          [
            107.4397717,
            -6.5722711
          ],
          [
            107.4396343,
            -6.5720778
          ],
          [
            107.4394748,
            -6.5718947
          ],
          [
            107.4392917,
            -6.5717346
          ],
          [
            107.4390888,
            -6.5716063
          ],
          [
            107.4388753,
            -6.571497
          ],
          [
            107.4386369,
            -6.5714176
          ],
          [
            107.4381774,
            -6.5713614
          ],
          [
            107.4378555,
            -6.5714058
          ],
          [
            107.4376331,
            -6.5714687
          ],
          [
            107.4372182,
            -6.5716526
          ],
          [
            107.4368365,
            -6.5719736
          ],
          [
            107.436616,
            -6.5722741
          ],
          [
            107.4364746,
            -6.5725799
          ],
          [
            107.4363811,
            -6.5729133
          ],
          [
            107.4363229,
            -6.5738739
          ],
          [
            107.4362983,
            -6.5742793
          ],
          [
            107.4362719,
            -6.5745148
          ],
          [
            107.4362191,
            -6.5747779
          ],
          [
            107.4361746,
            -6.5748977
          ],
          [
            107.4360702,
            -6.5751175
          ],
          [
            107.4359772,
            -6.5752836
          ],
          [
            107.4358669,
            -6.5754354
          ],
          [
            107.4358516,
            -6.5754565
          ],
          [
            107.4358068,
            -6.5755042
          ],
          [
            107.4356828,
            -6.5756264
          ],
          [
            107.4354925,
            -6.5757715
          ],
          [
            107.4351781,
            -6.5759502
          ],
          [
            107.4348341,
            -6.5760528
          ],
          [
            107.4346415,
            -6.5760809
          ],
          [
            107.4344077,
            -6.5760875
          ]
        ]
      },
      "properties": {
        "id": 584319161,
        "electrified": "no",
        "gauge": "1067",
        "maxspeed": "60",
        "name": "Jalur Kereta Api Cikampek–Padalarang",
        "railway": "rail",
        "usage": "main",
        "wikidata": "Q12487113",
        "wikipedia": "id:Jalur kereta api Cikampek–Padalarang"
      }
    },
    {
      "type": "Feature",
      "geometry": {
        "type": "LineString",
        "coordinates": [
          [
            107.439928,
            -6.5726523
          ],
          [
            107.4398766,
            -6.5725142
          ]
        ]
      },
      "properties": {
        "id": 584319162,
        "bridge": "yes",
        "electrified": "no",
        "gauge": "1067",
        "layer": "1",
        "maxspeed": "60",
        "name": "Jalur Kereta Api Cikampek–Padalarang",
        "railway": "rail",
        "usage": "main",
        "wikidata": "Q12487113",
        "wikipedia": "id:Jalur kereta api Cikampek–Padalarang"
      }
    },
    {
      "type": "Feature",
      "geometry": {
        "type": "LineString",
        "coordinates": [
          [
            107.988985,
            -7.1376098
          ],
          [
            107.988921,
            -7.1377575
          ],
          [
            107.988869,
            -7.1378767
          ],
          [
            107.9878192,
            -7.1402053
          ],
          [
            107.9860601,
            -7.1441014
          ],
          [
            107.9858162,
            -7.1446467
          ],
          [
            107.9841391,
            -7.1483859
          ],
          [
            107.9833865,
            -7.1500967
          ],
          [
            107.9828618,
            -7.1512568
          ],
          [
            107.982624,
            -7.1517875
          ],
          [
            107.9813933,
            -7.1544961
          ],
          [
            107.9804123,
            -7.1566908
          ],
          [
            107.9797573,
            -7.1581441
          ],
          [
            107.9794279,
            -7.158883
          ],
          [
            107.9793642,
            -7.1590261
          ],
          [
            107.9785603,
            -7.1608055
          ],
          [
            107.9782979,
            -7.1614014
          ],
          [
            107.9777439,
            -7.1626161
          ],
          [
            107.977331,
            -7.1635162
          ],
          [
            107.9773194,
            -7.1635413
          ]
        ]
      },
      "properties": {
        "id": 641130243,
        "electrified": "no",
        "gauge": "1067",
        "maxspeed": "60",
        "name": "Jalur Kereta Api Cibatu–Cikajang",
        "operator": "Kereta Api Indonesia",
        "owner": "Direktorat Jenderal Perkeretaapian Kementerian Perhubungan Republik Indonesia",
        "railway": "rail",
        "railway:bidirectional": "regular",
        "railway:preferred_direction": "both",
        "railway:traffic_mode": "mixed",
        "sleeper:material": "concrete",
        "usage": "branch",
        "wikidata": "Q12487111",
        "wikipedia": "id:Jalur kereta api Cibatu–Cikajang"
      }
    },
    {
      "type": "Feature",
      "geometry": {
        "type": "LineString",
        "coordinates": [
          [
            107.450103,
            -6.5601877
          ],
          [
            107.4501706,
            -6.5603169
          ]
        ]
      },
      "properties": {
        "id": 702627886,
        "bridge": "yes",
        "electrified": "no",
        "gauge": "1067",
        "layer": "1",
        "maxspeed": "60",
        "name": "Jalur Kereta Api Cikampek–Padalarang",
        "railway": "rail",
        "usage": "main",
        "wikidata": "Q12487113",
        "wikipedia": "id:Jalur kereta api Cikampek–Padalarang"
      }
    },
    {
      "type": "Feature",
      "geometry": {
        "type": "LineString",
        "coordinates": [
          [
            107.4501706,
            -6.5603169
          ],
          [
            107.4505965,
            -6.5612222
          ],
          [
            107.4507108,
            -6.5614769
          ],
          [
            107.4507197,
            -6.5614968
          ],
          [
            107.4507943,
            -6.5616987
          ],
          [
            107.450863,
            -6.5619315
          ],
          [
            107.4508997,
            -6.5621485
          ]
        ]
      },
      "properties": {
        "id": 702627887,
        "electrified": "no",
        "gauge": "1067",
        "maxspeed": "60",
        "name": "Jalur Kereta Api Cikampek–Padalarang",
        "railway": "rail",
        "usage": "main",
        "wikidata": "Q12487113",
        "wikipedia": "id:Jalur kereta api Cikampek–Padalarang"
      }
    },
    {
      "type": "Feature",
      "geometry": {
        "type": "LineString",
        "coordinates": [
          [
            107.4508997,
            -6.5621485
          ],
          [
            107.4509066,
            -6.5622555
          ]
        ]
      },
      "properties": {
        "id": 702627888,
        "bridge": "yes",
        "electrified": "no",
        "gauge": "1067",
        "layer": "1",
        "maxspeed": "60",
        "name": "Jalur Kereta Api Cikampek–Padalarang",
        "railway": "rail",
        "usage": "main",
        "wikidata": "Q12487113",
        "wikipedia": "id:Jalur kereta api Cikampek–Padalarang"
      }
    },
    {
      "type": "Feature",
      "geometry": {
        "type": "LineString",
        "coordinates": [
          [
            107.4509066,
            -6.5622555
          ],
          [
            107.45091,
            -6.5624759
          ],
          [
            107.4509099,
            -6.5627466
          ],
          [
            107.4508858,
            -6.562944
          ],
          [
            107.4508306,
            -6.5631464
          ],
          [
            107.4507935,
            -6.5633051
          ],
          [
            107.450663,
            -6.5636699
          ],
          [
            107.4497552,
            -6.5654855
          ],
          [
            107.4482523,
            -6.568532
          ],
          [
            107.4481196,
            -6.5687766
          ],
          [
            107.447966,
            -6.5690014
          ],
          [
            107.4478393,
            -6.5691753
          ],
          [
            107.4472326,
            -6.5698563
          ],
          [
            107.4468029,
            -6.5703121
          ],
          [
            107.4461711,
            -6.5709631
          ]
        ]
      },
      "properties": {
        "id": 702627889,
        "electrified": "no",
        "gauge": "1067",
        "maxspeed": "60",
        "name": "Jalur Kereta Api Cikampek–Padalarang",
        "railway": "rail",
        "usage": "main",
        "wikidata": "Q12487113",
        "wikipedia": "id:Jalur kereta api Cikampek–Padalarang"
      }
    },
    {
      "type": "Feature",
      "geometry": {
        "type": "LineString",
        "coordinates": [
          [
            107.4909819,
            -6.8246114
          ],
          [
            107.4909391,
            -6.8247542
          ],
          [
            107.4908805,
            -6.8249117
          ],
          [
            107.4907972,
            -6.8250656
          ],
          [
            107.4907179,
            -6.8251854
          ],
          [
            107.4906244,
            -6.8253051
          ]
        ]
      },
      "properties": {
        "id": 757293080,
        "bridge": "yes",
        "electrified": "no",
        "gauge": "1067",
        "layer": "1",
        "maxspeed": "60",
        "name": "Jalur Kereta Api Cikampek–Padalarang",
        "railway": "rail",
        "source": "Yahoo hires",
        "usage": "main",
        "wikidata": "Q12487113",
        "wikipedia": "id:Jalur kereta api Cikampek–Padalarang"
      }
    },
    {
      "type": "Feature",
      "geometry": {
        "type": "LineString",
        "coordinates": [
          [
            107.4847467,
            -6.8179132
          ],
          [
            107.4848953,
            -6.8180079
          ],
          [
            107.4851003,
            -6.8181854
          ],
          [
            107.4852996,
            -6.8184336
          ],
          [
            107.4853478,
            -6.8185176
          ],
          [
            107.4853991,
            -6.8186134
          ],
          [
            107.4855262,
            -6.8188968
          ],
          [
            107.4855544,
            -6.8189597
          ],
          [
            107.485597,
            -6.8191111
          ],
          [
            107.4856183,
            -6.8192624
          ],
          [
            107.4855834,
            -6.8199655
          ],
          [
            107.4855754,
            -6.8203303
          ],
          [
            107.4856182,
            -6.8205827
          ],
          [
            107.4856375,
            -6.8206963
          ],
          [
            107.4857014,
            -6.8209082
          ],
          [
            107.4857908,
            -6.8211067
          ],
          [
            107.4858597,
            -6.8212332
          ],
          [
            107.4860541,
            -6.8214586
          ],
          [
            107.486254,
            -6.821646
          ],
          [
            107.4864798,
            -6.8218075
          ],
          [
            107.4869117,
            -6.8219919
          ],
          [
            107.4872208,
            -6.8220815
          ],
          [
            107.487739,
            -6.8221466
          ],
          [
            107.4878195,
            -6.8221576
          ],
          [
            107.4886482,
            -6.8222713
          ],
          [
            107.489508,
            -6.8223757
          ],
          [
            107.4901214,
            -6.8225645
          ],
          [
            107.490527,
            -6.8228638
          ],
          [
            107.4907998,
            -6.8232114
          ]
        ]
      },
      "properties": {
        "id": 757293081,
        "electrified": "no",
        "gauge": "1067",
        "maxspeed": "60",
        "name": "Jalur Kereta Api Cikampek–Padalarang",
        "railway": "rail",
        "source": "Yahoo hires",
        "usage": "main",
        "wikidata": "Q12487113",
        "wikipedia": "id:Jalur kereta api Cikampek–Padalarang"
      }
    },
    {
      "type": "Feature",
      "geometry": {
        "type": "LineString",
        "coordinates": [
          [
            107.9759501,
            -7.1665904
          ],
          [
            107.9762771,
            -7.1658406
          ],
          [
            107.9765453,
            -7.1652573
          ],
          [
            107.9770777,
            -7.1640756
          ],
          [
            107.9773194,
            -7.1635413
          ]
        ]
      },
      "properties": {
        "id": 768017461,
        "electrified": "no",
        "gauge": "1067",
        "maxspeed": "60",
        "name": "Jalur Kereta Api Cibatu–Cikajang",
        "operator": "Kereta Api Indonesia",
        "owner": "Direktorat Jenderal Perkeretaapian Kementerian Perhubungan Republik Indonesia",
        "railway": "rail",
        "railway:bidirectional": "regular",
        "railway:preferred_direction": "both",
        "railway:track_ref": "1",
        "railway:traffic_mode": "mixed",
        "sleeper:material": "concrete",
        "usage": "branch",
        "wikidata": "Q12487111",
        "wikipedia": "id:Jalur kereta api Cibatu–Cikajang"
      }
    },
    {
      "type": "Feature",
      "geometry": {
        "type": "LineString",
        "coordinates": [
          [
            107.9661283,
            -7.1812337
          ],
          [
            107.9656918,
            -7.1815669
          ],
          [
            107.9656452,
            -7.1816075
          ],
          [
            107.9616607,
            -7.1846768
          ],
          [
            107.9598945,
            -7.1860384
          ],
          [
            107.9592654,
            -7.1864958
          ],
          [
            107.9585736,
            -7.1868806
          ],
          [
            107.958226,
            -7.1870691
          ],
          [
            107.9576319,
            -7.1873256
          ],
          [
            107.9569175,
            -7.1875483
          ],
          [
            107.9564786,
            -7.1876718
          ],
          [
            107.9557344,
            -7.1878718
          ],
          [
            107.9480446,
            -7.1900056
          ],
          [
            107.9456925,
            -7.1906364
          ],
          [
            107.9443602,
            -7.1910138
          ],
          [
            107.9438882,
            -7.1911385
          ],
          [
            107.9435214,
            -7.1912352
          ],
          [
            107.9426831,
            -7.1914561
          ],
          [
            107.9423872,
            -7.19157
          ],
          [
            107.9421125,
            -7.191687
          ],
          [
            107.9418234,
            -7.1918301
          ],
          [
            107.9415404,
            -7.1919883
          ],
          [
            107.9413218,
            -7.1921335
          ],
          [
            107.941123,
            -7.1922757
          ],
          [
            107.940933,
            -7.192437
          ],
          [
            107.9407611,
            -7.1926013
          ],
          [
            107.9405605,
            -7.1928123
          ],
          [
            107.940381,
            -7.1930293
          ],
          [
            107.9401564,
            -7.1932911
          ],
          [
            107.9396131,
            -7.1939738
          ],
          [
            107.9388966,
            -7.1948305
          ],
          [
            107.9383429,
            -7.195512
          ],
          [
            107.9373739,
            -7.1967017
          ],
          [
            107.9366954,
            -7.1975093
          ],
          [
            107.9362306,
            -7.1980802
          ],
          [
            107.9352373,
            -7.1992695
          ],
          [
            107.9340784,
            -7.2006955
          ],
          [
            107.933186,
            -7.2017871
          ],
          [
            107.9326135,
            -7.2024807
          ]
        ]
      },
      "properties": {
        "id": 768017464,
        "electrified": "no",
        "gauge": "1067",
        "maxspeed": "60",
        "name": "Jalur Kereta Api Cibatu–Cikajang",
        "operator": "Kereta Api Indonesia",
        "owner": "Direktorat Jenderal Perkeretaapian Kementerian Perhubungan Republik Indonesia",
        "railway": "rail",
        "railway:bidirectional": "regular",
        "railway:preferred_direction": "both",
        "railway:traffic_mode": "mixed",
        "sleeper:material": "concrete",
        "usage": "branch",
        "wikidata": "Q12487111",
        "wikipedia": "id:Jalur kereta api Cibatu–Cikajang"
      }
    },
    {
      "type": "Feature",
      "geometry": {
        "type": "LineString",
        "coordinates": [
          [
            107.9087359,
            -7.2135633
          ],
          [
            107.9075096,
            -7.2135242
          ],
          [
            107.9073347,
            -7.2135185
          ],
          [
            107.9068759,
            -7.2135109
          ],
          [
            107.9064118,
            -7.2135043
          ]
        ]
      },
      "properties": {
        "id": 771798512,
        "electrified": "no",
        "gauge": "1067",
        "maxspeed": "60",
        "name": "Jalur Kereta Api Cibatu–Cikajang",
        "operator": "Kereta Api Indonesia",
        "owner": "Direktorat Jenderal Perkeretaapian Kementerian Perhubungan Republik Indonesia",
        "railway": "rail",
        "railway:bidirectional": "regular",
        "railway:preferred_direction": "both",
        "railway:traffic_mode": "mixed",
        "sleeper:material": "concrete",
        "usage": "branch",
        "wikidata": "Q12487111",
        "wikipedia": "id:Jalur kereta api Cibatu–Cikajang"
      }
    },
    {
      "type": "Feature",
      "geometry": {
        "type": "LineString",
        "coordinates": [
          [
            107.9088464,
            -7.2135656
          ],
          [
            107.9087359,
            -7.2135633
          ]
        ]
      },
      "properties": {
        "id": 771798513,
        "electrified": "no",
        "gauge": "1067",
        "layer": "-1",
        "maxspeed": "60",
        "name": "Jalur Kereta Api Cibatu–Cikajang",
        "operator": "Kereta Api Indonesia",
        "owner": "Direktorat Jenderal Perkeretaapian Kementerian Perhubungan Republik Indonesia",
        "railway": "rail",
        "railway:bidirectional": "regular",
        "railway:preferred_direction": "both",
        "railway:traffic_mode": "mixed",
        "sleeper:material": "concrete",
        "tunnel": "yes",
        "usage": "branch",
        "wikidata": "Q12487111",
        "wikipedia": "id:Jalur kereta api Cibatu–Cikajang"
      }
    },
    {
      "type": "Feature",
      "geometry": {
        "type": "LineString",
        "coordinates": [
          [
            107.9787237,
            -7.100267
          ],
          [
            107.9793058,
            -7.100073
          ]
        ]
      },
      "properties": {
        "id": 771801640,
        "electrified": "no",
        "gauge": "1067",
        "maxspeed": "55",
        "name": "Jalur Kereta Api Padalarang–Kasugihan",
        "operator": "Kereta Api Indonesia",
        "owner": "Direktorat Jenderal Perkeretaapian Kementerian Perhubungan Republik Indonesia",
        "railway": "rail",
        "railway:bidirectional": "regular",
        "railway:preferred_direction": "both",
        "railway:track_ref": "2",
        "railway:traffic_mode": "mixed",
        "sleeper:material": "concrete",
        "usage": "main",
        "wikidata": "Q25630218",
        "wikipedia": "id:Jalur kereta api Padalarang–Kasugihan"
      }
    },
    {
      "type": "Feature",
      "geometry": {
        "type": "LineString",
        "coordinates": [
          [
            107.9315276,
            -7.0996055
          ],
          [
            107.9313384,
            -7.098951
          ],
          [
            107.931297,
            -7.0988099
          ],
          [
            107.9308109,
            -7.0974245
          ],
          [
            107.930584,
            -7.0968237
          ],
          [
            107.9303184,
            -7.0961738
          ]
        ]
      },
      "properties": {
        "id": 771929232,
        "electrified": "no",
        "gauge": "1067",
        "railway": "rail",
        "railway:track_ref": "1",
        "service": "siding"
      }
    },
    {
      "type": "Feature",
      "geometry": {
        "type": "LineString",
        "coordinates": [
          [
            107.6474897,
            -6.9254525
          ],
          [
            107.6486356,
            -6.925856
          ],
          [
            107.6488837,
            -6.9259466
          ],
          [
            107.6490128,
            -6.9259806
          ],
          [
            107.6492885,
            -6.9260515
          ]
        ]
      },
      "properties": {
        "id": 828302706,
        "electrified": "no",
        "gauge": "1067",
        "railway": "rail",
        "railway:track_ref": "1",
        "service": "siding"
      }
    },
    {
      "type": "Feature",
      "geometry": {
        "type": "LineString",
        "coordinates": [
          [
            107.6453531,
            -6.924662
          ],
          [
            107.6446813,
            -6.9243697
          ]
        ]
      },
      "properties": {
        "id": 828302707,
        "electrified": "no",
        "gauge": "1067",
        "railway": "rail",
        "service": "siding",
        "usage": "main"
      }
    },
    {
      "type": "Feature",
      "geometry": {
        "type": "LineString",
        "coordinates": [
          [
            107.6054016,
            -6.9146581
          ],
          [
            107.6053088,
            -6.9146502
          ],
          [
            107.6052019,
            -6.9146463
          ],
          [
            107.6051178,
            -6.9146441
          ],
          [
            107.6049691,
            -6.9146378
          ],
          [
            107.604827,
            -6.9146301
          ]
        ]
      },
      "properties": {
        "id": 828989404,
        "electrified": "no",
        "gauge": "1067",
        "railway": "rail",
        "service": "crossover"
      }
    },
    {
      "type": "Feature",
      "geometry": {
        "type": "LineString",
        "coordinates": [
          [
            107.4441082,
            -6.5795453
          ],
          [
            107.4439894,
            -6.5810463
          ]
        ]
      },
      "properties": {
        "id": 868618596,
        "bridge": "yes",
        "electrified": "no",
        "gauge": "1067",
        "layer": "1",
        "maxspeed": "60",
        "name": "Jalur Kereta Api Cikampek–Padalarang",
        "railway": "rail",
        "usage": "main",
        "wikidata": "Q12487113",
        "wikipedia": "id:Jalur kereta api Cikampek–Padalarang"
      }
    },
    {
      "type": "Feature",
      "geometry": {
        "type": "LineString",
        "coordinates": [
          [
            107.4455527,
            -6.5716464
          ],
          [
            107.4454276,
            -6.5718186
          ],
          [
            107.4453604,
            -6.5719338
          ],
          [
            107.4452912,
            -6.5720614
          ],
          [
            107.4452063,
            -6.5722431
          ],
          [
            107.4451536,
            -6.5723977
          ],
          [
            107.4451137,
            -6.5725756
          ],
          [
            107.4450978,
            -6.5727461
          ],
          [
            107.4451054,
            -6.5728891
          ],
          [
            107.4451182,
            -6.5730235
          ],
          [
            107.4451508,
            -6.5732691
          ],
          [
            107.4452726,
            -6.5742041
          ],
          [
            107.4453757,
            -6.5749982
          ],
          [
            107.445411,
            -6.57538
          ],
          [
            107.4454276,
            -6.5757113
          ],
          [
            107.4454053,
            -6.5759457
          ],
          [
            107.4453399,
            -6.5762795
          ]
        ]
      },
      "properties": {
        "id": 868618597,
        "electrified": "no",
        "gauge": "1067",
        "maxspeed": "60",
        "name": "Jalur Kereta Api Cikampek–Padalarang",
        "railway": "rail",
        "usage": "main",
        "wikidata": "Q12487113",
        "wikipedia": "id:Jalur kereta api Cikampek–Padalarang"
      }
    },
    {
      "type": "Feature",
      "geometry": {
        "type": "LineString",
        "coordinates": [
          [
            107.6016923,
            -6.9144609
          ],
          [
            107.6027956,
            -6.9145101
          ]
        ]
      },
      "properties": {
        "id": 902837108,
        "covered": "yes",
        "electrified": "no",
        "gauge": "1067",
        "maxspeed": "30",
        "railway": "rail",
        "railway:track_ref": "1",
        "service": "siding"
      }
    },
    {
      "type": "Feature",
      "geometry": {
        "type": "LineString",
        "coordinates": [
          [
            107.582223,
            -6.9100138
          ],
          [
            107.5822692,
            -6.9100431
          ]
        ]
      },
      "properties": {
        "id": 902837821,
        "bridge": "yes",
        "electrified": "no",
        "gauge": "1067",
        "layer": "1",
        "maxspeed": "110",
        "name": "Jalur Kereta Api Padalarang–Kasugihan",
        "operator": "Kereta Api Indonesia",
        "owner": "Direktorat Jenderal Perkeretaapian Kementerian Perhubungan Republik Indonesia",
        "railway": "rail",
        "railway:bidirectional": "signals",
        "railway:preferred_direction": "forward",
        "railway:traffic_mode": "mixed",
        "sleeper:material": "concrete",
        "usage": "main",
        "wikidata": "Q25630218",
        "wikipedia": "id:Jalur kereta api Padalarang–Kasugihan"
      }
    },
    {
      "type": "Feature",
      "geometry": {
        "type": "LineString",
        "coordinates": [
          [
            107.5817323,
            -6.9096453
          ],
          [
            107.5816812,
            -6.9096115
          ],
          [
            107.5816361,
            -6.9095817
          ],
          [
            107.5810499,
            -6.9091975
          ],
          [
            107.579574,
            -6.9082209
          ],
          [
            107.5792984,
            -6.9080332
          ],
          [
            107.5792607,
            -6.908008
          ],
          [
            107.5780383,
            -6.907198
          ],
          [
            107.5778545,
            -6.9070779
          ],
          [
            107.5775156,
            -6.9068565
          ],
          [
            107.5774751,
            -6.9068302
          ],
          [
            107.5769035,
            -6.9064503
          ],
          [
            107.5758283,
            -6.9057425
          ],
          [
            107.5749856,
            -6.9051896
          ],
          [
            107.5744233,
            -6.9048124
          ],
          [
            107.572871,
            -6.903785
          ],
          [
            107.5709605,
            -6.9025168
          ]
        ]
      },
      "properties": {
        "id": 902837823,
        "electrified": "no",
        "gauge": "1067",
        "maxspeed": "110",
        "name": "Jalur Kereta Api Padalarang–Kasugihan",
        "operator": "Kereta Api Indonesia",
        "owner": "Direktorat Jenderal Perkeretaapian Kementerian Perhubungan Republik Indonesia",
        "railway": "rail",
        "railway:bidirectional": "signals",
        "railway:preferred_direction": "forward",
        "railway:traffic_mode": "mixed",
        "sleeper:material": "concrete",
        "usage": "main",
        "wikidata": "Q25630218",
        "wikipedia": "id:Jalur kereta api Padalarang–Kasugihan"
      }
    },
    {
      "type": "Feature",
      "geometry": {
        "type": "LineString",
        "coordinates": [
          [
            107.747952,
            -6.9619412
          ],
          [
            107.7478153,
            -6.9618898
          ],
          [
            107.7413143,
            -6.9595261
          ],
          [
            107.7409155,
            -6.9593802
          ],
          [
            107.732919,
            -6.9564742
          ],
          [
            107.7277488,
            -6.954594
          ]
        ]
      },
      "properties": {
        "id": 906008010,
        "electrified": "no",
        "gauge": "1067",
        "maxspeed": "110",
        "name": "Jalur Kereta Api Padalarang–Kasugihan",
        "operator": "Kereta Api Indonesia",
        "owner": "Direktorat Jenderal Perkeretaapian Kementerian Perhubungan Republik Indonesia",
        "railway": "rail",
        "railway:bidirectional": "signals",
        "railway:preferred_direction": "forward",
        "railway:traffic_mode": "mixed",
        "sleeper:material": "concrete",
        "source": "Yahoo hires",
        "usage": "main",
        "wikidata": "Q25630218",
        "wikipedia": "id:Jalur kereta api Padalarang–Kasugihan"
      }
    },
    {
      "type": "Feature",
      "geometry": {
        "type": "LineString",
        "coordinates": [
          [
            107.7732436,
            -6.9711354
          ],
          [
            107.7730842,
            -6.971084
          ]
        ]
      },
      "properties": {
        "id": 906008011,
        "bridge": "yes",
        "electrified": "no",
        "gauge": "1067",
        "layer": "1",
        "maxspeed": "110",
        "name": "Jalur Kereta Api Padalarang–Kasugihan",
        "operator": "Kereta Api Indonesia",
        "owner": "Direktorat Jenderal Perkeretaapian Kementerian Perhubungan Republik Indonesia",
        "railway": "rail",
        "railway:bidirectional": "signals",
        "railway:preferred_direction": "forward",
        "railway:traffic_mode": "mixed",
        "sleeper:material": "concrete",
        "source": "Yahoo hires",
        "usage": "main",
        "wikidata": "Q25630218",
        "wikipedia": "id:Jalur kereta api Padalarang–Kasugihan"
      }
    },
    {
      "type": "Feature",
      "geometry": {
        "type": "LineString",
        "coordinates": [
          [
            107.7728928,
            -6.9710179
          ],
          [
            107.7706185,
            -6.9701895
          ],
          [
            107.7695225,
            -6.9698003
          ],
          [
            107.7680425,
            -6.9692454
          ],
          [
            107.7637057,
            -6.9676716
          ],
          [
            107.7627367,
            -6.9673188
          ],
          [
            107.7620996,
            -6.9670865
          ],
          [
            107.762047,
            -6.967067
          ],
          [
            107.7610648,
            -6.9667137
          ],
          [
            107.7596095,
            -6.9661822
          ],
          [
            107.75859,
            -6.9658127
          ],
          [
            107.7584866,
            -6.9657757
          ],
          [
            107.7580491,
            -6.9656144
          ]
        ]
      },
      "properties": {
        "id": 965923493,
        "electrified": "no",
        "gauge": "1067",
        "maxspeed": "110",
        "name": "Jalur Kereta Api Padalarang–Kasugihan",
        "operator": "Kereta Api Indonesia",
        "owner": "Direktorat Jenderal Perkeretaapian Kementerian Perhubungan Republik Indonesia",
        "railway": "rail",
        "railway:bidirectional": "signals",
        "railway:preferred_direction": "forward",
        "railway:traffic_mode": "mixed",
        "sleeper:material": "concrete",
        "source": "Yahoo hires",
        "usage": "main",
        "wikidata": "Q25630218",
        "wikipedia": "id:Jalur kereta api Padalarang–Kasugihan"
      }
    },
    {
      "type": "Feature",
      "geometry": {
        "type": "LineString",
        "coordinates": [
          [
            107.7480496,
            -6.9619745
          ],
          [
            107.747952,
            -6.9619412
          ]
        ]
      },
      "properties": {
        "id": 965923494,
        "bridge": "yes",
        "electrified": "no",
        "gauge": "1067",
        "layer": "1",
        "maxspeed": "110",
        "name": "Jalur Kereta Api Padalarang–Kasugihan",
        "operator": "Kereta Api Indonesia",
        "owner": "Direktorat Jenderal Perkeretaapian Kementerian Perhubungan Republik Indonesia",
        "railway": "rail",
        "railway:bidirectional": "signals",
        "railway:preferred_direction": "forward",
        "railway:traffic_mode": "mixed",
        "sleeper:material": "concrete",
        "source": "Yahoo hires",
        "usage": "main",
        "wikidata": "Q25630218",
        "wikipedia": "id:Jalur kereta api Padalarang–Kasugihan"
      }
    },
    {
      "type": "Feature",
      "geometry": {
        "type": "LineString",
        "coordinates": [
          [
            107.7808479,
            -6.9739068
          ],
          [
            107.779933,
            -6.973572
          ],
          [
            107.7732436,
            -6.9711354
          ]
        ]
      },
      "properties": {
        "id": 965936120,
        "electrified": "no",
        "gauge": "1067",
        "maxspeed": "110",
        "name": "Jalur Kereta Api Padalarang–Kasugihan",
        "operator": "Kereta Api Indonesia",
        "owner": "Direktorat Jenderal Perkeretaapian Kementerian Perhubungan Republik Indonesia",
        "railway": "rail",
        "railway:bidirectional": "signals",
        "railway:preferred_direction": "forward",
        "railway:traffic_mode": "mixed",
        "sleeper:material": "concrete",
        "source": "Yahoo hires",
        "usage": "main",
        "wikidata": "Q25630218",
        "wikipedia": "id:Jalur kereta api Padalarang–Kasugihan"
      }
    },
    {
      "type": "Feature",
      "geometry": {
        "type": "LineString",
        "coordinates": [
          [
            107.7810284,
            -6.9739745
          ],
          [
            107.7808479,
            -6.9739068
          ]
        ]
      },
      "properties": {
        "id": 965936121,
        "bridge": "yes",
        "electrified": "no",
        "gauge": "1067",
        "layer": "1",
        "maxspeed": "110",
        "name": "Jalur Kereta Api Padalarang–Kasugihan",
        "operator": "Kereta Api Indonesia",
        "owner": "Direktorat Jenderal Perkeretaapian Kementerian Perhubungan Republik Indonesia",
        "railway": "rail",
        "railway:bidirectional": "signals",
        "railway:preferred_direction": "forward",
        "railway:traffic_mode": "mixed",
        "sleeper:material": "concrete",
        "source": "Yahoo hires",
        "usage": "main",
        "wikidata": "Q25630218",
        "wikipedia": "id:Jalur kereta api Padalarang–Kasugihan"
      }
    },
    {
      "type": "Feature",
      "geometry": {
        "type": "LineString",
        "coordinates": [
          [
            107.7542976,
            -6.9642063
          ],
          [
            107.7548615,
            -6.96442
          ],
          [
            107.754917,
            -6.964441
          ],
          [
            107.7553737,
            -6.9646056
          ],
          [
            107.7570304,
            -6.9652028
          ],
          [
            107.7572606,
            -6.9652869
          ],
          [
            107.7573105,
            -6.9653054
          ],
          [
            107.757362,
            -6.9653245
          ],
          [
            107.7577073,
            -6.9654702
          ],
          [
            107.7580491,
            -6.9656144
          ]
        ]
      },
      "properties": {
        "id": 990499167,
        "electrified": "no",
        "gauge": "1067",
        "railway": "rail",
        "railway:track_ref": "4",
        "service": "siding",
        "tracks": "1"
      }
    },
    {
      "type": "Feature",
      "geometry": {
        "type": "LineString",
        "coordinates": [
          [
            107.9384229,
            -7.103509
          ],
          [
            107.9385111,
            -7.1035832
          ],
          [
            107.9386324,
            -7.1036639
          ],
          [
            107.9388651,
            -7.1037782
          ],
          [
            107.9390461,
            -7.1038452
          ],
          [
            107.9392871,
            -7.103891
          ],
          [
            107.9404262,
            -7.1040111
          ],
          [
            107.9415364,
            -7.1041187
          ],
          [
            107.9418292,
            -7.1041388
          ],
          [
            107.9421135,
            -7.1041419
          ],
          [
            107.9425669,
            -7.10411
          ],
          [
            107.9430398,
            -7.1040194
          ],
          [
            107.9433237,
            -7.1039399
          ],
          [
            107.9436119,
            -7.1038434
          ],
          [
            107.9444652,
            -7.1035258
          ],
          [
            107.9452817,
            -7.1032082
          ],
          [
            107.9456985,
            -7.1030921
          ],
          [
            107.9459109,
            -7.1030716
          ],
          [
            107.9461232,
            -7.1030778
          ],
          [
            107.9462891,
            -7.1030965
          ],
          [
            107.9464764,
            -7.1031364
          ],
          [
            107.946708,
            -7.103204
          ],
          [
            107.9468573,
            -7.1032719
          ],
          [
            107.9470215,
            -7.1033638
          ],
          [
            107.9472394,
            -7.1035345
          ],
          [
            107.9473686,
            -7.1036552
          ],
          [
            107.9474805,
            -7.1038099
          ],
          [
            107.9476231,
            -7.104017
          ],
          [
            107.9477507,
            -7.1042369
          ]
        ]
      },
      "properties": {
        "id": 1005744397,
        "electrified": "no",
        "gauge": "1067",
        "maxspeed": "55",
        "name": "Jalur Kereta Api Padalarang–Kasugihan",
        "operator": "Kereta Api Indonesia",
        "owner": "Direktorat Jenderal Perkeretaapian Kementerian Perhubungan Republik Indonesia",
        "railway": "rail",
        "railway:bidirectional": "regular",
        "railway:preferred_direction": "both",
        "railway:traffic_mode": "mixed",
        "sleeper:material": "concrete",
        "source": "Yahoo hires",
        "usage": "main",
        "wikidata": "Q25630218",
        "wikipedia": "id:Jalur kereta api Padalarang–Kasugihan"
      }
    },
    {
      "type": "Feature",
      "geometry": {
        "type": "LineString",
        "coordinates": [
          [
            107.9380623,
            -7.1031542
          ],
          [
            107.9383361,
            -7.1034236
          ],
          [
            107.9384229,
            -7.103509
          ]
        ]
      },
      "properties": {
        "id": 1005744398,
        "bridge": "yes",
        "electrified": "no",
        "gauge": "1067",
        "layer": "1",
        "maxspeed": "55",
        "name": "Jalur Kereta Api Padalarang–Kasugihan",
        "operator": "Kereta Api Indonesia",
        "owner": "Direktorat Jenderal Perkeretaapian Kementerian Perhubungan Republik Indonesia",
        "railway": "rail",
        "railway:bidirectional": "regular",
        "railway:preferred_direction": "both",
        "railway:traffic_mode": "mixed",
        "sleeper:material": "concrete",
        "source": "Yahoo hires",
        "usage": "main",
        "wikidata": "Q25630218",
        "wikipedia": "id:Jalur kereta api Padalarang–Kasugihan"
      }
    },
    {
      "type": "Feature",
      "geometry": {
        "type": "LineString",
        "coordinates": [
          [
            107.924539,
            -7.0875127
          ],
          [
            107.9247816,
            -7.0875982
          ],
          [
            107.9252021,
            -7.08778
          ],
          [
            107.9255242,
            -7.0879582
          ],
          [
            107.925812,
            -7.0881492
          ],
          [
            107.926285,
            -7.0885169
          ],
          [
            107.9277161,
            -7.0899393
          ],
          [
            107.9279043,
            -7.0901436
          ],
          [
            107.9280601,
            -7.090344
          ],
          [
            107.9283912,
            -7.0908665
          ],
          [
            107.9285823,
            -7.0912682
          ],
          [
            107.9290276,
            -7.0925618
          ]
        ]
      },
      "properties": {
        "id": 1005744401,
        "electrified": "no",
        "gauge": "1067",
        "maxspeed": "60",
        "name": "Jalur Kereta Api Padalarang–Kasugihan",
        "operator": "Kereta Api Indonesia",
        "owner": "Direktorat Jenderal Perkeretaapian Kementerian Perhubungan Republik Indonesia",
        "railway": "rail",
        "railway:bidirectional": "regular",
        "railway:preferred_direction": "both",
        "railway:traffic_mode": "mixed",
        "sleeper:material": "concrete",
        "source": "Yahoo hires",
        "usage": "main",
        "wikidata": "Q25630218",
        "wikipedia": "id:Jalur kereta api Padalarang–Kasugihan"
      }
    },
    {
      "type": "Feature",
      "geometry": {
        "type": "LineString",
        "coordinates": [
          [
            107.9244662,
            -7.087495
          ],
          [
            107.924539,
            -7.0875127
          ]
        ]
      },
      "properties": {
        "id": 1005744402,
        "bridge": "yes",
        "electrified": "no",
        "gauge": "1067",
        "layer": "1",
        "maxspeed": "60",
        "name": "Jalur Kereta Api Padalarang–Kasugihan",
        "operator": "Kereta Api Indonesia",
        "owner": "Direktorat Jenderal Perkeretaapian Kementerian Perhubungan Republik Indonesia",
        "railway": "rail",
        "railway:bidirectional": "regular",
        "railway:preferred_direction": "both",
        "railway:traffic_mode": "mixed",
        "sleeper:material": "concrete",
        "source": "Yahoo hires",
        "usage": "main",
        "wikidata": "Q25630218",
        "wikipedia": "id:Jalur kereta api Padalarang–Kasugihan"
      }
    },
    {
      "type": "Feature",
      "geometry": {
        "type": "LineString",
        "coordinates": [
          [
            107.9214134,
            -7.0868582
          ],
          [
            107.9244662,
            -7.087495
          ]
        ]
      },
      "properties": {
        "id": 1005744403,
        "electrified": "no",
        "gauge": "1067",
        "maxspeed": "60",
        "name": "Jalur Kereta Api Padalarang–Kasugihan",
        "operator": "Kereta Api Indonesia",
        "owner": "Direktorat Jenderal Perkeretaapian Kementerian Perhubungan Republik Indonesia",
        "railway": "rail",
        "railway:bidirectional": "regular",
        "railway:preferred_direction": "both",
        "railway:traffic_mode": "mixed",
        "sleeper:material": "concrete",
        "source": "Yahoo hires",
        "usage": "main",
        "wikidata": "Q25630218",
        "wikipedia": "id:Jalur kereta api Padalarang–Kasugihan"
      }
    },
    {
      "type": "Feature",
      "geometry": {
        "type": "LineString",
        "coordinates": [
          [
            107.9213349,
            -7.0868435
          ],
          [
            107.9214134,
            -7.0868582
          ]
        ]
      },
      "properties": {
        "id": 1005744404,
        "bridge": "yes",
        "electrified": "no",
        "gauge": "1067",
        "layer": "1",
        "maxspeed": "60",
        "name": "Jalur Kereta Api Padalarang–Kasugihan",
        "operator": "Kereta Api Indonesia",
        "owner": "Direktorat Jenderal Perkeretaapian Kementerian Perhubungan Republik Indonesia",
        "railway": "rail",
        "railway:bidirectional": "regular",
        "railway:preferred_direction": "both",
        "railway:traffic_mode": "mixed",
        "sleeper:material": "concrete",
        "source": "Yahoo hires",
        "usage": "main",
        "wikidata": "Q25630218",
        "wikipedia": "id:Jalur kereta api Padalarang–Kasugihan"
      }
    },
    {
      "type": "Feature",
      "geometry": {
        "type": "LineString",
        "coordinates": [
          [
            107.9181234,
            -7.0873226
          ],
          [
            107.918793,
            -7.0870631
          ],
          [
            107.9192494,
            -7.0869144
          ],
          [
            107.9195942,
            -7.0868295
          ],
          [
            107.9198748,
            -7.0867809
          ],
          [
            107.9201661,
            -7.0867536
          ],
          [
            107.9205282,
            -7.0867398
          ],
          [
            107.9208586,
            -7.0867638
          ],
          [
            107.9213349,
            -7.0868435
          ]
        ]
      },
      "properties": {
        "id": 1005744405,
        "electrified": "no",
        "gauge": "1067",
        "maxspeed": "60",
        "name": "Jalur Kereta Api Padalarang–Kasugihan",
        "operator": "Kereta Api Indonesia",
        "owner": "Direktorat Jenderal Perkeretaapian Kementerian Perhubungan Republik Indonesia",
        "railway": "rail",
        "railway:bidirectional": "regular",
        "railway:preferred_direction": "both",
        "railway:traffic_mode": "mixed",
        "sleeper:material": "concrete",
        "source": "Yahoo hires",
        "usage": "main",
        "wikidata": "Q25630218",
        "wikipedia": "id:Jalur kereta api Padalarang–Kasugihan"
      }
    },
    {
      "type": "Feature",
      "geometry": {
        "type": "LineString",
        "coordinates": [
          [
            107.9180586,
            -7.0873452
          ],
          [
            107.9181234,
            -7.0873226
          ]
        ]
      },
      "properties": {
        "id": 1005744406,
        "bridge": "yes",
        "electrified": "no",
        "gauge": "1067",
        "layer": "1",
        "maxspeed": "60",
        "name": "Jalur Kereta Api Padalarang–Kasugihan",
        "operator": "Kereta Api Indonesia",
        "owner": "Direktorat Jenderal Perkeretaapian Kementerian Perhubungan Republik Indonesia",
        "railway": "rail",
        "railway:bidirectional": "regular",
        "railway:preferred_direction": "both",
        "railway:traffic_mode": "mixed",
        "sleeper:material": "concrete",
        "source": "Yahoo hires",
        "usage": "main",
        "wikidata": "Q25630218",
        "wikipedia": "id:Jalur kereta api Padalarang–Kasugihan"
      }
    },
    {
      "type": "Feature",
      "geometry": {
        "type": "LineString",
        "coordinates": [
          [
            107.9139531,
            -7.0882815
          ],
          [
            107.9143997,
            -7.0883977
          ],
          [
            107.9145028,
            -7.0884146
          ],
          [
            107.9147675,
            -7.0884389
          ],
          [
            107.9150344,
            -7.0884373
          ],
          [
            107.9152656,
            -7.0884032
          ],
          [
            107.9157383,
            -7.0882398
          ],
          [
            107.9180586,
            -7.0873452
          ]
        ]
      },
      "properties": {
        "id": 1005744407,
        "electrified": "no",
        "gauge": "1067",
        "maxspeed": "60",
        "name": "Jalur Kereta Api Padalarang–Kasugihan",
        "operator": "Kereta Api Indonesia",
        "owner": "Direktorat Jenderal Perkeretaapian Kementerian Perhubungan Republik Indonesia",
        "railway": "rail",
        "railway:bidirectional": "regular",
        "railway:preferred_direction": "both",
        "railway:traffic_mode": "mixed",
        "sleeper:material": "concrete",
        "source": "Yahoo hires",
        "usage": "main",
        "wikidata": "Q25630218",
        "wikipedia": "id:Jalur kereta api Padalarang–Kasugihan"
      }
    },
    {
      "type": "Feature",
      "geometry": {
        "type": "LineString",
        "coordinates": [
          [
            107.913778,
            -7.088231
          ],
          [
            107.9139531,
            -7.0882815
          ]
        ]
      },
      "properties": {
        "id": 1005744408,
        "bridge": "yes",
        "electrified": "no",
        "gauge": "1067",
        "layer": "1",
        "maxspeed": "60",
        "name": "Jalur Kereta Api Padalarang–Kasugihan",
        "operator": "Kereta Api Indonesia",
        "owner": "Direktorat Jenderal Perkeretaapian Kementerian Perhubungan Republik Indonesia",
        "railway": "rail",
        "railway:bidirectional": "regular",
        "railway:preferred_direction": "both",
        "railway:traffic_mode": "mixed",
        "sleeper:material": "concrete",
        "source": "Yahoo hires",
        "usage": "main",
        "wikidata": "Q25630218",
        "wikipedia": "id:Jalur kereta api Padalarang–Kasugihan"
      }
    },
    {
      "type": "Feature",
      "geometry": {
        "type": "LineString",
        "coordinates": [
          [
            107.8942095,
            -7.0671015
          ],
          [
            107.8939163,
            -7.067195
          ],
          [
            107.8935971,
            -7.0673643
          ],
          [
            107.8932642,
            -7.0676135
          ],
          [
            107.8930343,
            -7.0678527
          ],
          [
            107.892805,
            -7.0681309
          ],
          [
            107.8926818,
            -7.068301
          ],
          [
            107.8926174,
            -7.0684589
          ],
          [
            107.8925662,
            -7.0686284
          ],
          [
            107.892324,
            -7.0694976
          ],
          [
            107.8922399,
            -7.069686
          ],
          [
            107.8918419,
            -7.0703371
          ],
          [
            107.8916104,
            -7.0706632
          ],
          [
            107.8914252,
            -7.0708744
          ],
          [
            107.8912289,
            -7.071027
          ],
          [
            107.8909683,
            -7.0711603
          ],
          [
            107.8906972,
            -7.0712652
          ],
          [
            107.8903836,
            -7.0713234
          ],
          [
            107.8896958,
            -7.0713753
          ],
          [
            107.8893658,
            -7.0714122
          ],
          [
            107.8889726,
            -7.0715143
          ],
          [
            107.8885637,
            -7.0716673
          ],
          [
            107.8882123,
            -7.0717983
          ],
          [
            107.8879015,
            -7.0719357
          ],
          [
            107.8875217,
            -7.0721254
          ],
          [
            107.8874109,
            -7.0721904
          ],
          [
            107.8872317,
            -7.0723156
          ],
          [
            107.8870662,
            -7.0724559
          ],
          [
            107.886941,
            -7.072604
          ],
          [
            107.8867794,
            -7.0728444
          ],
          [
            107.8866544,
            -7.073116
          ],
          [
            107.8865811,
            -7.0733954
          ],
          [
            107.886497,
            -7.0738472
          ],
          [
            107.8864399,
            -7.0741213
          ],
          [
            107.8863871,
            -7.0742986
          ],
          [
            107.8862787,
            -7.0745401
          ],
          [
            107.886194,
            -7.0746928
          ],
          [
            107.8861121,
            -7.0748135
          ],
          [
            107.8859544,
            -7.0749854
          ],
          [
            107.8857819,
            -7.0751355
          ],
          [
            107.8856362,
            -7.07523
          ],
          [
            107.8854009,
            -7.0753515
          ],
          [
            107.8852342,
            -7.0754054
          ],
          [
            107.8850545,
            -7.0754452
          ],
          [
            107.8845827,
            -7.0754945
          ],
          [
            107.8839337,
            -7.0755239
          ],
          [
            107.8837779,
            -7.0755564
          ],
          [
            107.883595,
            -7.0756047
          ],
          [
            107.8834081,
            -7.0756867
          ],
          [
            107.8831595,
            -7.0758448
          ],
          [
            107.8829176,
            -7.076058
          ],
          [
            107.8827403,
            -7.0762763
          ],
          [
            107.8825774,
            -7.0765608
          ],
          [
            107.8825193,
            -7.0767034
          ],
          [
            107.8824355,
            -7.0769853
          ],
          [
            107.8824018,
            -7.0772597
          ],
          [
            107.8824034,
            -7.0775102
          ],
          [
            107.8824364,
            -7.0777249
          ],
          [
            107.8824794,
            -7.0779028
          ],
          [
            107.8825304,
            -7.0780455
          ],
          [
            107.8826045,
            -7.0782222
          ],
          [
            107.8826834,
            -7.078361
          ],
          [
            107.8827983,
            -7.0785204
          ],
          [
            107.8829041,
            -7.0786454
          ],
          [
            107.8830741,
            -7.078801
          ],
          [
            107.8832734,
            -7.0789429
          ],
          [
            107.8834484,
            -7.0790367
          ],
          [
            107.8837243,
            -7.0791402
          ],
          [
            107.8840091,
            -7.0792065
          ],
          [
            107.8843753,
            -7.0792742
          ],
          [
            107.8849921,
            -7.0793749
          ],
          [
            107.8855874,
            -7.0794703
          ]
        ]
      },
      "properties": {
        "id": 1005744409,
        "electrified": "no",
        "gauge": "1067",
        "maxspeed": "50",
        "name": "Jalur Kereta Api Padalarang–Kasugihan",
        "operator": "Kereta Api Indonesia",
        "owner": "Direktorat Jenderal Perkeretaapian Kementerian Perhubungan Republik Indonesia",
        "railway": "rail",
        "railway:bidirectional": "regular",
        "railway:preferred_direction": "both",
        "railway:traffic_mode": "mixed",
        "sleeper:material": "concrete",
        "source": "Yahoo hires",
        "usage": "main",
        "wikidata": "Q25630218",
        "wikipedia": "id:Jalur kereta api Padalarang–Kasugihan"
      }
    },
    {
      "type": "Feature",
      "geometry": {
        "type": "LineString",
        "coordinates": [
          [
            107.8944115,
            -7.067083
          ],
          [
            107.8942095,
            -7.0671015
          ]
        ]
      },
      "properties": {
        "id": 1005744410,
        "bridge": "yes",
        "electrified": "no",
        "gauge": "1067",
        "layer": "1",
        "maxspeed": "50",
        "name": "Jalur Kereta Api Padalarang–Kasugihan",
        "operator": "Kereta Api Indonesia",
        "owner": "Direktorat Jenderal Perkeretaapian Kementerian Perhubungan Republik Indonesia",
        "railway": "rail",
        "railway:bidirectional": "regular",
        "railway:preferred_direction": "both",
        "railway:traffic_mode": "mixed",
        "sleeper:material": "concrete",
        "source": "Yahoo hires",
        "usage": "main",
        "wikidata": "Q25630218",
        "wikipedia": "id:Jalur kereta api Padalarang–Kasugihan"
      }
    },
    {
      "type": "Feature",
      "geometry": {
        "type": "LineString",
        "coordinates": [
          [
            107.8966724,
            -7.0661435
          ],
          [
            107.8965639,
            -7.0662394
          ],
          [
            107.8959817,
            -7.0667326
          ],
          [
            107.8957105,
            -7.0669156
          ],
          [
            107.8953936,
            -7.0670112
          ],
          [
            107.8950524,
            -7.06706
          ],
          [
            107.8944115,
            -7.067083
          ]
        ]
      },
      "properties": {
        "id": 1005744411,
        "electrified": "no",
        "gauge": "1067",
        "maxspeed": "50",
        "name": "Jalur Kereta Api Padalarang–Kasugihan",
        "operator": "Kereta Api Indonesia",
        "owner": "Direktorat Jenderal Perkeretaapian Kementerian Perhubungan Republik Indonesia",
        "railway": "rail",
        "railway:bidirectional": "regular",
        "railway:preferred_direction": "both",
        "railway:traffic_mode": "mixed",
        "sleeper:material": "concrete",
        "source": "Yahoo hires",
        "usage": "main",
        "wikidata": "Q25630218",
        "wikipedia": "id:Jalur kereta api Padalarang–Kasugihan"
      }
    },
    {
      "type": "Feature",
      "geometry": {
        "type": "LineString",
        "coordinates": [
          [
            107.8970286,
            -7.0659731
          ],
          [
            107.8968442,
            -7.0660396
          ],
          [
            107.8966724,
            -7.0661435
          ]
        ]
      },
      "properties": {
        "id": 1005744412,
        "bridge": "yes",
        "electrified": "no",
        "gauge": "1067",
        "layer": "1",
        "maxspeed": "50",
        "name": "Jalur Kereta Api Padalarang–Kasugihan",
        "operator": "Kereta Api Indonesia",
        "owner": "Direktorat Jenderal Perkeretaapian Kementerian Perhubungan Republik Indonesia",
        "railway": "rail",
        "railway:bidirectional": "regular",
        "railway:preferred_direction": "both",
        "railway:traffic_mode": "mixed",
        "sleeper:material": "concrete",
        "source": "Yahoo hires",
        "usage": "main",
        "wikidata": "Q25630218",
        "wikipedia": "id:Jalur kereta api Padalarang–Kasugihan"
      }
    },
    {
      "type": "Feature",
      "geometry": {
        "type": "LineString",
        "coordinates": [
          [
            107.9064118,
            -7.2135043
          ],
          [
            107.9062381,
            -7.2135006
          ]
        ]
      },
      "properties": {
        "id": 1017255272,
        "bridge": "yes",
        "bridge:ref": "BH 111",
        "electrified": "no",
        "gauge": "1067",
        "layer": "1",
        "maxspeed": "60",
        "name": "Jalur Kereta Api Cibatu–Cikajang",
        "operator": "Kereta Api Indonesia",
        "owner": "Direktorat Jenderal Perkeretaapian Kementerian Perhubungan Republik Indonesia",
        "railway": "rail",
        "railway:bidirectional": "regular",
        "railway:preferred_direction": "both",
        "railway:traffic_mode": "mixed",
        "sleeper:material": "concrete",
        "usage": "branch",
        "wikidata": "Q12487111",
        "wikipedia": "id:Jalur kereta api Cibatu–Cikajang"
      }
    },
    {
      "type": "Feature",
      "geometry": {
        "type": "LineString",
        "coordinates": [
          [
            107.4079503,
            -6.7557201
          ],
          [
            107.4079103,
            -6.755801
          ],
          [
            107.4078907,
            -6.7558406
          ],
          [
            107.4078156,
            -6.7559621
          ],
          [
            107.4076415,
            -6.7561806
          ],
          [
            107.4073597,
            -6.7564396
          ],
          [
            107.4065218,
            -6.7571506
          ],
          [
            107.4062591,
            -6.7574132
          ],
          [
            107.4061454,
            -6.7575492
          ],
          [
            107.4060541,
            -6.7576891
          ],
          [
            107.4059532,
            -6.7578562
          ],
          [
            107.4058972,
            -6.7579708
          ],
          [
            107.4058313,
            -6.7581239
          ],
          [
            107.4058033,
            -6.7582109
          ],
          [
            107.4057659,
            -6.7583504
          ],
          [
            107.4057344,
            -6.7584899
          ],
          [
            107.4056972,
            -6.7587205
          ],
          [
            107.4056858,
            -6.7589915
          ],
          [
            107.4057141,
            -6.7592693
          ],
          [
            107.4057524,
            -6.7594387
          ],
          [
            107.4058289,
            -6.7596829
          ],
          [
            107.4058933,
            -6.7598369
          ],
          [
            107.4059716,
            -6.7599909
          ],
          [
            107.4060584,
            -6.7601245
          ],
          [
            107.4061555,
            -6.7602563
          ],
          [
            107.4063968,
            -6.7604878
          ],
          [
            107.4065808,
            -6.7606193
          ],
          [
            107.4067799,
            -6.7607272
          ],
          [
            107.4070545,
            -6.7608287
          ],
          [
            107.4073252,
            -6.7608786
          ],
          [
            107.4076382,
            -6.760893
          ],
          [
            107.407886,
            -6.760887
          ]
        ]
      },
      "properties": {
        "id": 1072576477,
        "electrified": "no",
        "gauge": "1067",
        "maxspeed": "60",
        "name": "Jalur Kereta Api Cikampek–Padalarang",
        "railway": "rail",
        "usage": "main",
        "wikidata": "Q12487113",
        "wikipedia": "id:Jalur kereta api Cikampek–Padalarang"
      }
    },
    {
      "type": "Feature",
      "geometry": {
        "type": "LineString",
        "coordinates": [
          [
            107.4081048,
            -6.7552399
          ],
          [
            107.4080751,
            -6.7553808
          ],
          [
            107.408007,
            -6.7555835
          ],
          [
            107.4079503,
            -6.7557201
          ]
        ]
      },
      "properties": {
        "id": 1072576478,
        "bridge": "yes",
        "electrified": "no",
        "gauge": "1067",
        "layer": "1",
        "maxspeed": "60",
        "name": "Jalur Kereta Api Cikampek–Padalarang",
        "operator": "Kereta Api Indonesia",
        "railway": "rail",
        "usage": "main",
        "wikidata": "Q12487113",
        "wikipedia": "id:Jalur kereta api Cikampek–Padalarang"
      }
    },
    {
      "type": "Feature",
      "geometry": {
        "type": "LineString",
        "coordinates": [
          [
            107.4157773,
            -6.7574737
          ],
          [
            107.4159393,
            -6.7574314
          ],
          [
            107.4161473,
            -6.7573961
          ],
          [
            107.4163275,
            -6.7573851
          ],
          [
            107.4165488,
            -6.757398
          ],
          [
            107.4168191,
            -6.7574491
          ],
          [
            107.4176284,
            -6.7576923
          ],
          [
            107.4178161,
            -6.7577753
          ],
          [
            107.4179669,
            -6.7578644
          ],
          [
            107.4180585,
            -6.7579333
          ],
          [
            107.418162,
            -6.7580336
          ],
          [
            107.4183305,
            -6.7582209
          ],
          [
            107.4185228,
            -6.7584942
          ],
          [
            107.4186944,
            -6.7588539
          ]
        ]
      },
      "properties": {
        "id": 1072576479,
        "electrified": "no",
        "gauge": "1067",
        "maxspeed": "60",
        "name": "Jalur Kereta Api Cikampek–Padalarang",
        "railway": "rail",
        "usage": "main",
        "wikidata": "Q12487113",
        "wikipedia": "id:Jalur kereta api Cikampek–Padalarang"
      }
    },
    {
      "type": "Feature",
      "geometry": {
        "type": "LineString",
        "coordinates": [
          [
            107.4152182,
            -6.7578001
          ],
          [
            107.4153109,
            -6.7577239
          ],
          [
            107.415429,
            -6.7576407
          ],
          [
            107.4155466,
            -6.7575713
          ],
          [
            107.4156563,
            -6.7575206
          ],
          [
            107.4157773,
            -6.7574737
          ]
        ]
      },
      "properties": {
        "id": 1072576480,
        "bridge": "yes",
        "electrified": "no",
        "gauge": "1067",
        "layer": "1",
        "maxspeed": "60",
        "name": "Jalur Kereta Api Cikampek–Padalarang",
        "railway": "rail",
        "usage": "main",
        "wikidata": "Q12487113",
        "wikipedia": "id:Jalur kereta api Cikampek–Padalarang"
      }
    },
    {
      "type": "Feature",
      "geometry": {
        "type": "LineString",
        "coordinates": [
          [
            107.4189987,
            -6.7596584
          ],
          [
            107.4190824,
            -6.7598795
          ],
          [
            107.419353,
            -6.7605371
          ],
          [
            107.4194985,
            -6.7607542
          ],
          [
            107.4196721,
            -6.7609641
          ],
          [
            107.4198806,
            -6.761104
          ],
          [
            107.4201202,
            -6.7612927
          ],
          [
            107.4206401,
            -6.7615564
          ],
          [
            107.4210669,
            -6.7617473
          ],
          [
            107.421361,
            -6.7619281
          ],
          [
            107.4216002,
            -6.762111
          ],
          [
            107.4216192,
            -6.762132
          ],
          [
            107.4217965,
            -6.7623276
          ],
          [
            107.4219835,
            -6.7626187
          ],
          [
            107.4220838,
            -6.7628379
          ],
          [
            107.42216,
            -6.7631832
          ],
          [
            107.4221727,
            -6.7634659
          ],
          [
            107.4221406,
            -6.76373
          ],
          [
            107.422072,
            -6.7640895
          ],
          [
            107.4216774,
            -6.7658056
          ],
          [
            107.4214876,
            -6.7666327
          ],
          [
            107.4212865,
            -6.7675094
          ],
          [
            107.4212044,
            -6.7677635
          ]
        ]
      },
      "properties": {
        "id": 1072576481,
        "electrified": "no",
        "gauge": "1067",
        "maxspeed": "60",
        "name": "Jalur Kereta Api Cikampek–Padalarang",
        "railway": "rail",
        "usage": "main",
        "wikidata": "Q12487113",
        "wikipedia": "id:Jalur kereta api Cikampek–Padalarang"
      }
    },
    {
      "type": "Feature",
      "geometry": {
        "type": "LineString",
        "coordinates": [
          [
            107.4186944,
            -6.7588539
          ],
          [
            107.4189987,
            -6.7596584
          ]
        ]
      },
      "properties": {
        "id": 1072576482,
        "bridge": "yes",
        "electrified": "no",
        "gauge": "1067",
        "layer": "1",
        "maxspeed": "60",
        "name": "Jalur Kereta Api Cikampek–Padalarang",
        "railway": "rail",
        "usage": "main",
        "wikidata": "Q12487113",
        "wikipedia": "id:Jalur kereta api Cikampek–Padalarang"
      }
    },
    {
      "type": "Feature",
      "geometry": {
        "type": "LineString",
        "coordinates": [
          [
            107.4204993,
            -6.7688591
          ],
          [
            107.4203714,
            -6.7690721
          ],
          [
            107.4202911,
            -6.7692615
          ],
          [
            107.4202379,
            -6.769461
          ],
          [
            107.4202263,
            -6.76952
          ],
          [
            107.420205,
            -6.7697569
          ],
          [
            107.4202026,
            -6.7699344
          ],
          [
            107.4202164,
            -6.7700934
          ],
          [
            107.4202499,
            -6.7702681
          ],
          [
            107.4203166,
            -6.7704667
          ],
          [
            107.4204173,
            -6.7706915
          ],
          [
            107.42054,
            -6.7708835
          ],
          [
            107.4206441,
            -6.7710223
          ]
        ]
      },
      "properties": {
        "id": 1072576483,
        "electrified": "no",
        "gauge": "1067",
        "maxspeed": "50",
        "name": "Jalur Kereta Api Cikampek–Padalarang",
        "railway": "rail",
        "usage": "main",
        "wikidata": "Q12487113",
        "wikipedia": "id:Jalur kereta api Cikampek–Padalarang"
      }
    },
    {
      "type": "Feature",
      "geometry": {
        "type": "LineString",
        "coordinates": [
          [
            107.4207658,
            -6.7684805
          ],
          [
            107.4204993,
            -6.7688591
          ]
        ]
      },
      "properties": {
        "id": 1072576484,
        "bridge": "yes",
        "electrified": "no",
        "gauge": "1067",
        "layer": "1",
        "maxspeed": "60",
        "name": "Jalur Kereta Api Cikampek–Padalarang",
        "railway": "rail",
        "usage": "main",
        "wikidata": "Q12487113",
        "wikipedia": "id:Jalur kereta api Cikampek–Padalarang"
      }
    },
    {
      "type": "Feature",
      "geometry": {
        "type": "LineString",
        "coordinates": [
          [
            107.4210279,
            -6.768122
          ],
          [
            107.4207658,
            -6.7684805
          ]
        ]
      },
      "properties": {
        "id": 1072576485,
        "electrified": "no",
        "gauge": "1067",
        "maxspeed": "60",
        "name": "Jalur Kereta Api Cikampek–Padalarang",
        "railway": "rail",
        "usage": "main",
        "wikidata": "Q12487113",
        "wikipedia": "id:Jalur kereta api Cikampek–Padalarang"
      }
    },
    {
      "type": "Feature",
      "geometry": {
        "type": "LineString",
        "coordinates": [
          [
            107.4212044,
            -6.7677635
          ],
          [
            107.4211252,
            -6.7679399
          ],
          [
            107.4210279,
            -6.768122
          ]
        ]
      },
      "properties": {
        "id": 1072576486,
        "bridge": "yes",
        "electrified": "no",
        "gauge": "1067",
        "layer": "1",
        "maxspeed": "60",
        "name": "Jalur Kereta Api Cikampek–Padalarang",
        "railway": "rail",
        "usage": "main",
        "wikidata": "Q12487113",
        "wikipedia": "id:Jalur kereta api Cikampek–Padalarang"
      }
    },
    {
      "type": "Feature",
      "geometry": {
        "type": "LineString",
        "coordinates": [
          [
            107.9826491,
            -7.098676
          ],
          [
            107.9828002,
            -7.0985837
          ],
          [
            107.9830828,
            -7.0984109
          ],
          [
            107.9833677,
            -7.0982361
          ],
          [
            107.983947,
            -7.0978836
          ],
          [
            107.9841859,
            -7.0977534
          ],
          [
            107.9844151,
            -7.0976394
          ],
          [
            107.9846295,
            -7.097569
          ],
          [
            107.984831,
            -7.0975164
          ],
          [
            107.9850124,
            -7.0974979
          ],
          [
            107.9851938,
            -7.0974997
          ],
          [
            107.9853729,
            -7.0975249
          ],
          [
            107.9855295,
            -7.0975628
          ],
          [
            107.9858335,
            -7.0976677
          ],
          [
            107.9861362,
            -7.0978401
          ],
          [
            107.9863648,
            -7.0980297
          ],
          [
            107.9865607,
            -7.0982393
          ],
          [
            107.9866897,
            -7.098466
          ],
          [
            107.9867861,
            -7.0987279
          ],
          [
            107.9868621,
            -7.0989999
          ],
          [
            107.9869591,
            -7.0993473
          ],
          [
            107.9873417,
            -7.1007241
          ],
          [
            107.9875093,
            -7.1013169
          ]
        ]
      },
      "properties": {
        "id": 1087175247,
        "electrified": "no",
        "gauge": "1067",
        "maxspeed": "60",
        "name": "Jalur Kereta Api Cibatu–Cikajang",
        "operator": "Kereta Api Indonesia",
        "owner": "Direktorat Jenderal Perkeretaapian Kementerian Perhubungan Republik Indonesia",
        "railway": "rail",
        "railway:bidirectional": "regular",
        "railway:preferred_direction": "both",
        "railway:traffic_mode": "mixed",
        "sleeper:material": "concrete",
        "usage": "branch",
        "wikidata": "Q12487111",
        "wikipedia": "id:Jalur kereta api Cibatu–Cikajang"
      }
    },
    {
      "type": "Feature",
      "geometry": {
        "type": "LineString",
        "coordinates": [
          [
            107.9875093,
            -7.1013169
          ],
          [
            107.9876108,
            -7.1016801
          ]
        ]
      },
      "properties": {
        "id": 1087175248,
        "bridge": "yes",
        "electrified": "no",
        "gauge": "1067",
        "layer": "1",
        "maxspeed": "60",
        "name": "Jalur Kereta Api Cibatu–Cikajang",
        "operator": "Kereta Api Indonesia",
        "owner": "Direktorat Jenderal Perkeretaapian Kementerian Perhubungan Republik Indonesia",
        "railway": "rail",
        "railway:bidirectional": "regular",
        "railway:preferred_direction": "both",
        "railway:traffic_mode": "mixed",
        "sleeper:material": "concrete",
        "usage": "branch",
        "wikidata": "Q12487111",
        "wikipedia": "id:Jalur kereta api Cibatu–Cikajang"
      }
    },
    {
      "type": "Feature",
      "geometry": {
        "type": "LineString",
        "coordinates": [
          [
            107.9664101,
            -7.1810151
          ],
          [
            107.9663674,
            -7.1810483
          ],
          [
            107.9661283,
            -7.1812337
          ]
        ]
      },
      "properties": {
        "id": 1087179139,
        "bridge": "yes",
        "electrified": "no",
        "gauge": "1067",
        "layer": "1",
        "maxspeed": "60",
        "name": "Jalur Kereta Api Cibatu–Cikajang",
        "operator": "Kereta Api Indonesia",
        "owner": "Direktorat Jenderal Perkeretaapian Kementerian Perhubungan Republik Indonesia",
        "railway": "rail",
        "railway:bidirectional": "regular",
        "railway:preferred_direction": "both",
        "railway:traffic_mode": "mixed",
        "sleeper:material": "concrete",
        "usage": "branch",
        "wikidata": "Q12487111",
        "wikipedia": "id:Jalur kereta api Cibatu–Cikajang"
      }
    },
    {
      "type": "Feature",
      "geometry": {
        "type": "LineString",
        "coordinates": [
          [
            107.9325074,
            -7.2026084
          ],
          [
            107.9307643,
            -7.2047456
          ],
          [
            107.9299464,
            -7.2057163
          ],
          [
            107.9298232,
            -7.2058384
          ],
          [
            107.929418,
            -7.2061909
          ],
          [
            107.9293871,
            -7.2062096
          ],
          [
            107.929044,
            -7.206409
          ],
          [
            107.9287006,
            -7.2066004
          ],
          [
            107.9247948,
            -7.2083802
          ],
          [
            107.9234778,
            -7.208969
          ],
          [
            107.9228804,
            -7.2092361
          ],
          [
            107.9225789,
            -7.209375
          ],
          [
            107.919392,
            -7.2108431
          ],
          [
            107.9181021,
            -7.2114401
          ],
          [
            107.9180424,
            -7.2114707
          ],
          [
            107.9167662,
            -7.2120339
          ],
          [
            107.9149257,
            -7.2128631
          ]
        ]
      },
      "properties": {
        "id": 1087179142,
        "electrified": "no",
        "gauge": "1067",
        "maxspeed": "60",
        "name": "Jalur Kereta Api Cibatu–Cikajang",
        "operator": "Kereta Api Indonesia",
        "owner": "Direktorat Jenderal Perkeretaapian Kementerian Perhubungan Republik Indonesia",
        "railway": "rail",
        "railway:bidirectional": "regular",
        "railway:preferred_direction": "both",
        "railway:traffic_mode": "mixed",
        "sleeper:material": "concrete",
        "usage": "branch",
        "wikidata": "Q12487111",
        "wikipedia": "id:Jalur kereta api Cibatu–Cikajang"
      }
    },
    {
      "type": "Feature",
      "geometry": {
        "type": "LineString",
        "coordinates": [
          [
            107.9326135,
            -7.2024807
          ],
          [
            107.9325074,
            -7.2026084
          ]
        ]
      },
      "properties": {
        "id": 1087179143,
        "bridge": "yes",
        "electrified": "no",
        "gauge": "1067",
        "layer": "1",
        "maxspeed": "60",
        "name": "Jalur Kereta Api Cibatu–Cikajang",
        "operator": "Kereta Api Indonesia",
        "owner": "Direktorat Jenderal Perkeretaapian Kementerian Perhubungan Republik Indonesia",
        "railway": "rail",
        "railway:bidirectional": "regular",
        "railway:preferred_direction": "both",
        "railway:traffic_mode": "mixed",
        "sleeper:material": "concrete",
        "usage": "branch",
        "wikidata": "Q12487111",
        "wikipedia": "id:Jalur kereta api Cibatu–Cikajang"
      }
    },
    {
      "type": "Feature",
      "geometry": {
        "type": "LineString",
        "coordinates": [
          [
            107.9146435,
            -7.212991
          ],
          [
            107.9141736,
            -7.2132149
          ],
          [
            107.9139818,
            -7.2132946
          ],
          [
            107.9138855,
            -7.2133346
          ],
          [
            107.9136057,
            -7.2134381
          ],
          [
            107.9131207,
            -7.2135708
          ],
          [
            107.9128086,
            -7.2136259
          ],
          [
            107.9126514,
            -7.2136416
          ],
          [
            107.9123533,
            -7.213649
          ],
          [
            107.9119794,
            -7.2136408
          ],
          [
            107.911087,
            -7.2136267
          ],
          [
            107.910293,
            -7.2136027
          ],
          [
            107.9095077,
            -7.2135825
          ],
          [
            107.9090466,
            -7.2135707
          ],
          [
            107.9088464,
            -7.2135656
          ]
        ]
      },
      "properties": {
        "id": 1087179144,
        "electrified": "no",
        "gauge": "1067",
        "maxspeed": "60",
        "name": "Jalur Kereta Api Cibatu–Cikajang",
        "operator": "Kereta Api Indonesia",
        "owner": "Direktorat Jenderal Perkeretaapian Kementerian Perhubungan Republik Indonesia",
        "railway": "rail",
        "railway:bidirectional": "regular",
        "railway:preferred_direction": "both",
        "railway:traffic_mode": "mixed",
        "sleeper:material": "concrete",
        "usage": "branch",
        "wikidata": "Q12487111",
        "wikipedia": "id:Jalur kereta api Cibatu–Cikajang"
      }
    },
    {
      "type": "Feature",
      "geometry": {
        "type": "LineString",
        "coordinates": [
          [
            107.9149257,
            -7.2128631
          ],
          [
            107.914769,
            -7.2129345
          ],
          [
            107.9146435,
            -7.212991
          ]
        ]
      },
      "properties": {
        "id": 1087179145,
        "bridge": "yes",
        "electrified": "no",
        "gauge": "1067",
        "layer": "1",
        "maxspeed": "60",
        "name": "Jalur Kereta Api Cibatu–Cikajang",
        "operator": "Kereta Api Indonesia",
        "owner": "Direktorat Jenderal Perkeretaapian Kementerian Perhubungan Republik Indonesia",
        "railway": "rail",
        "railway:bidirectional": "regular",
        "railway:preferred_direction": "both",
        "railway:traffic_mode": "mixed",
        "sleeper:material": "concrete",
        "usage": "branch",
        "wikidata": "Q12487111",
        "wikipedia": "id:Jalur kereta api Cibatu–Cikajang"
      }
    },
    {
      "type": "Feature",
      "geometry": {
        "type": "LineString",
        "coordinates": [
          [
            107.8980329,
            -7.0371756
          ],
          [
            107.8979798,
            -7.0373099
          ],
          [
            107.8979205,
            -7.0375057
          ],
          [
            107.8978261,
            -7.0381361
          ],
          [
            107.8977587,
            -7.0384459
          ],
          [
            107.8976666,
            -7.0386621
          ],
          [
            107.8975822,
            -7.0387957
          ],
          [
            107.8973584,
            -7.0390305
          ],
          [
            107.8945823,
            -7.0409812
          ],
          [
            107.8943451,
            -7.0412058
          ],
          [
            107.894101,
            -7.0415179
          ],
          [
            107.8939502,
            -7.0418586
          ],
          [
            107.893878,
            -7.0422018
          ],
          [
            107.8938811,
            -7.0425432
          ],
          [
            107.8939399,
            -7.0429149
          ],
          [
            107.894107,
            -7.0432951
          ],
          [
            107.8942984,
            -7.0435964
          ],
          [
            107.8945713,
            -7.0438512
          ],
          [
            107.8949503,
            -7.0440806
          ],
          [
            107.8953605,
            -7.0442573
          ],
          [
            107.8956946,
            -7.0444214
          ],
          [
            107.8960113,
            -7.044651
          ],
          [
            107.8962554,
            -7.0449422
          ],
          [
            107.8964184,
            -7.0451978
          ],
          [
            107.8965425,
            -7.0454843
          ],
          [
            107.8965843,
            -7.04577
          ],
          [
            107.8965991,
            -7.0459892
          ],
          [
            107.8965874,
            -7.046172
          ],
          [
            107.8965046,
            -7.0465408
          ],
          [
            107.8963704,
            -7.0468405
          ],
          [
            107.8961399,
            -7.047156
          ],
          [
            107.89587,
            -7.0474083
          ],
          [
            107.8955228,
            -7.0476285
          ],
          [
            107.8949168,
            -7.0479537
          ],
          [
            107.8942999,
            -7.0482332
          ],
          [
            107.8939481,
            -7.0483877
          ],
          [
            107.893694,
            -7.0485164
          ],
          [
            107.8934629,
            -7.0486688
          ],
          [
            107.8932907,
            -7.0488044
          ],
          [
            107.8931311,
            -7.048972
          ],
          [
            107.892899,
            -7.0492492
          ],
          [
            107.8927816,
            -7.0494355
          ],
          [
            107.8926764,
            -7.0496342
          ]
        ]
      },
      "properties": {
        "id": 1087184409,
        "electrified": "no",
        "gauge": "1067",
        "maxspeed": "50",
        "name": "Jalur Kereta Api Padalarang–Kasugihan",
        "operator": "Kereta Api Indonesia",
        "owner": "Direktorat Jenderal Perkeretaapian Kementerian Perhubungan Republik Indonesia",
        "railway": "rail",
        "railway:bidirectional": "regular",
        "railway:preferred_direction": "both",
        "railway:traffic_mode": "mixed",
        "sleeper:material": "concrete",
        "source": "Yahoo hires",
        "usage": "main",
        "wikidata": "Q25630218",
        "wikipedia": "id:Jalur kereta api Padalarang–Kasugihan"
      }
    },
    {
      "type": "Feature",
      "geometry": {
        "type": "LineString",
        "coordinates": [
          [
            107.8926764,
            -7.0496342
          ],
          [
            107.8926017,
            -7.0498132
          ],
          [
            107.8925333,
            -7.0499959
          ]
        ]
      },
      "properties": {
        "id": 1087184410,
        "bridge": "yes",
        "electrified": "no",
        "gauge": "1067",
        "layer": "1",
        "maxspeed": "50",
        "name": "Jalur Kereta Api Padalarang–Kasugihan",
        "operator": "Kereta Api Indonesia",
        "owner": "Direktorat Jenderal Perkeretaapian Kementerian Perhubungan Republik Indonesia",
        "railway": "rail",
        "railway:bidirectional": "regular",
        "railway:preferred_direction": "both",
        "railway:traffic_mode": "mixed",
        "sleeper:material": "concrete",
        "source": "Yahoo hires",
        "usage": "main",
        "wikidata": "Q25630218",
        "wikipedia": "id:Jalur kereta api Padalarang–Kasugihan"
      }
    },
    {
      "type": "Feature",
      "geometry": {
        "type": "LineString",
        "coordinates": [
          [
            107.8321639,
            -6.98098
          ],
          [
            107.8331538,
            -6.9821056
          ]
        ]
      },
      "properties": {
        "id": 1087184414,
        "electrified": "no",
        "gauge": "1067",
        "railway": "rail",
        "railway:track_ref": "2",
        "service": "siding",
        "source": "Yahoo hires"
      }
    },
    {
      "type": "Feature",
      "geometry": {
        "type": "LineString",
        "coordinates": [
          [
            107.7843598,
            -6.9751803
          ],
          [
            107.7834435,
            -6.9748474
          ],
          [
            107.7810284,
            -6.9739745
          ]
        ]
      },
      "properties": {
        "id": 1087184422,
        "electrified": "no",
        "gauge": "1067",
        "maxspeed": "110",
        "name": "Jalur Kereta Api Padalarang–Kasugihan",
        "operator": "Kereta Api Indonesia",
        "owner": "Direktorat Jenderal Perkeretaapian Kementerian Perhubungan Republik Indonesia",
        "railway": "rail",
        "railway:bidirectional": "signals",
        "railway:preferred_direction": "forward",
        "railway:traffic_mode": "mixed",
        "sleeper:material": "concrete",
        "source": "Yahoo hires",
        "usage": "main",
        "wikidata": "Q25630218",
        "wikipedia": "id:Jalur kereta api Padalarang–Kasugihan"
      }
    },
    {
      "type": "Feature",
      "geometry": {
        "type": "LineString",
        "coordinates": [
          [
            107.7845186,
            -6.9752392
          ],
          [
            107.7843598,
            -6.9751803
          ]
        ]
      },
      "properties": {
        "id": 1087184423,
        "bridge": "yes",
        "electrified": "no",
        "gauge": "1067",
        "layer": "1",
        "maxspeed": "110",
        "name": "Jalur Kereta Api Padalarang–Kasugihan",
        "operator": "Kereta Api Indonesia",
        "owner": "Direktorat Jenderal Perkeretaapian Kementerian Perhubungan Republik Indonesia",
        "railway": "rail",
        "railway:bidirectional": "signals",
        "railway:preferred_direction": "forward",
        "railway:traffic_mode": "mixed",
        "sleeper:material": "concrete",
        "source": "Yahoo hires",
        "usage": "main",
        "wikidata": "Q25630218",
        "wikipedia": "id:Jalur kereta api Padalarang–Kasugihan"
      }
    },
    {
      "type": "Feature",
      "geometry": {
        "type": "LineString",
        "coordinates": [
          [
            107.7730001,
            -6.9710556
          ],
          [
            107.7728928,
            -6.9710179
          ]
        ]
      },
      "properties": {
        "id": 1087184424,
        "bridge": "yes",
        "electrified": "no",
        "gauge": "1067",
        "layer": "1",
        "maxspeed": "110",
        "name": "Jalur Kereta Api Padalarang–Kasugihan",
        "operator": "Kereta Api Indonesia",
        "owner": "Direktorat Jenderal Perkeretaapian Kementerian Perhubungan Republik Indonesia",
        "railway": "rail",
        "railway:bidirectional": "signals",
        "railway:preferred_direction": "forward",
        "railway:traffic_mode": "mixed",
        "sleeper:material": "concrete",
        "source": "Yahoo hires",
        "usage": "main",
        "wikidata": "Q25630218",
        "wikipedia": "id:Jalur kereta api Padalarang–Kasugihan"
      }
    },
    {
      "type": "Feature",
      "geometry": {
        "type": "LineString",
        "coordinates": [
          [
            107.7730842,
            -6.971084
          ],
          [
            107.7730001,
            -6.9710556
          ]
        ]
      },
      "properties": {
        "id": 1087184425,
        "electrified": "no",
        "gauge": "1067",
        "maxspeed": "110",
        "name": "Jalur Kereta Api Padalarang–Kasugihan",
        "operator": "Kereta Api Indonesia",
        "owner": "Direktorat Jenderal Perkeretaapian Kementerian Perhubungan Republik Indonesia",
        "railway": "rail",
        "railway:bidirectional": "signals",
        "railway:preferred_direction": "forward",
        "railway:traffic_mode": "mixed",
        "sleeper:material": "concrete",
        "source": "Yahoo hires",
        "usage": "main",
        "wikidata": "Q25630218",
        "wikipedia": "id:Jalur kereta api Padalarang–Kasugihan"
      }
    },
    {
      "type": "Feature",
      "geometry": {
        "type": "LineString",
        "coordinates": [
          [
            107.4922847,
            -6.8380948
          ],
          [
            107.4926181,
            -6.838399
          ],
          [
            107.4928992,
            -6.8386526
          ],
          [
            107.4931765,
            -6.8389055
          ],
          [
            107.4933901,
            -6.8391101
          ],
          [
            107.4936195,
            -6.839335
          ],
          [
            107.4937867,
            -6.8395042
          ]
        ]
      },
      "properties": {
        "id": 1127992516,
        "electrified": "no",
        "gauge": "1067",
        "maxspeed": "60",
        "name": "Jalur Kereta Api Cikampek–Padalarang",
        "railway": "rail",
        "source": "Yahoo hires",
        "usage": "main",
        "wikidata": "Q12487113",
        "wikipedia": "id:Jalur kereta api Cikampek–Padalarang"
      }
    },
    {
      "type": "Feature",
      "geometry": {
        "type": "LineString",
        "coordinates": [
          [
            107.4492487,
            -6.5584123
          ],
          [
            107.4493173,
            -6.558556
          ],
          [
            107.450103,
            -6.5601877
          ]
        ]
      },
      "properties": {
        "id": 1127992532,
        "electrified": "no",
        "gauge": "1067",
        "maxspeed": "60",
        "name": "Jalur Kereta Api Cikampek–Padalarang",
        "railway": "rail",
        "usage": "main",
        "wikidata": "Q12487113",
        "wikipedia": "id:Jalur kereta api Cikampek–Padalarang"
      }
    },
    {
      "type": "Feature",
      "geometry": {
        "type": "LineString",
        "coordinates": [
          [
            107.8994745,
            -7.0829479
          ],
          [
            107.8995266,
            -7.0830897
          ],
          [
            107.8995628,
            -7.0832109
          ],
          [
            107.8995919,
            -7.0833358
          ],
          [
            107.899606,
            -7.0834037
          ],
          [
            107.8996142,
            -7.0834501
          ],
          [
            107.8996259,
            -7.0835201
          ],
          [
            107.8996726,
            -7.0838937
          ],
          [
            107.8997875,
            -7.0848393
          ],
          [
            107.8998031,
            -7.084983
          ]
        ]
      },
      "properties": {
        "id": 1128133953,
        "electrified": "no",
        "gauge": "1067",
        "maxspeed": "50",
        "name": "Jalur Kereta Api Padalarang–Kasugihan",
        "operator": "Kereta Api Indonesia",
        "owner": "Direktorat Jenderal Perkeretaapian Kementerian Perhubungan Republik Indonesia",
        "railway": "rail",
        "railway:bidirectional": "regular",
        "railway:preferred_direction": "both",
        "railway:track_ref": "1",
        "railway:traffic_mode": "mixed",
        "sleeper:material": "concrete",
        "source": "Yahoo hires",
        "usage": "main",
        "wikidata": "Q25630218",
        "wikipedia": "id:Jalur kereta api Padalarang–Kasugihan"
      }
    },
    {
      "type": "Feature",
      "geometry": {
        "type": "LineString",
        "coordinates": [
          [
            107.8857414,
            -7.079493
          ],
          [
            107.8862132,
            -7.0795731
          ],
          [
            107.8864172,
            -7.0796094
          ],
          [
            107.8940983,
            -7.0808781
          ],
          [
            107.8959238,
            -7.0811814
          ],
          [
            107.8963806,
            -7.0812587
          ],
          [
            107.8976449,
            -7.0814674
          ],
          [
            107.8978347,
            -7.0815018
          ],
          [
            107.8980061,
            -7.0815432
          ],
          [
            107.898165,
            -7.0815981
          ],
          [
            107.8983362,
            -7.0816792
          ],
          [
            107.8984258,
            -7.0817329
          ],
          [
            107.8985269,
            -7.0818031
          ],
          [
            107.8986719,
            -7.0819106
          ],
          [
            107.8988534,
            -7.0821002
          ],
          [
            107.8988827,
            -7.082129
          ],
          [
            107.8988956,
            -7.0821417
          ]
        ]
      },
      "properties": {
        "id": 1128133954,
        "electrified": "no",
        "gauge": "1067",
        "maxspeed": "50",
        "name": "Jalur Kereta Api Padalarang–Kasugihan",
        "operator": "Kereta Api Indonesia",
        "owner": "Direktorat Jenderal Perkeretaapian Kementerian Perhubungan Republik Indonesia",
        "railway": "rail",
        "railway:bidirectional": "regular",
        "railway:preferred_direction": "both",
        "railway:traffic_mode": "mixed",
        "sleeper:material": "concrete",
        "source": "Yahoo hires",
        "usage": "main",
        "wikidata": "Q25630218",
        "wikipedia": "id:Jalur kereta api Padalarang–Kasugihan"
      }
    },
    {
      "type": "Feature",
      "geometry": {
        "type": "LineString",
        "coordinates": [
          [
            107.3898939,
            -6.7148342
          ],
          [
            107.38964,
            -6.7146552
          ],
          [
            107.3894905,
            -6.7145638
          ],
          [
            107.3892805,
            -6.714461
          ],
          [
            107.3891095,
            -6.7144001
          ],
          [
            107.3888948,
            -6.7143517
          ],
          [
            107.3887233,
            -6.7143263
          ],
          [
            107.3885103,
            -6.7143245
          ],
          [
            107.3883009,
            -6.7143412
          ],
          [
            107.3881742,
            -6.7143676
          ],
          [
            107.3880563,
            -6.7143958
          ],
          [
            107.387865,
            -6.7144635
          ],
          [
            107.3877083,
            -6.7145339
          ],
          [
            107.3875402,
            -6.7146274
          ],
          [
            107.3871761,
            -6.7148589
          ],
          [
            107.3869827,
            -6.7149713
          ],
          [
            107.3867465,
            -6.7150743
          ],
          [
            107.3866043,
            -6.7151174
          ],
          [
            107.3865186,
            -6.7151416
          ],
          [
            107.3865084,
            -6.7151445
          ],
          [
            107.3864039,
            -6.7151645
          ],
          [
            107.3862053,
            -6.7151925
          ],
          [
            107.3860354,
            -6.7152019
          ],
          [
            107.3858516,
            -6.7151903
          ],
          [
            107.3856539,
            -6.7151509
          ],
          [
            107.3854446,
            -6.7150981
          ],
          [
            107.3852434,
            -6.7150091
          ],
          [
            107.3850735,
            -6.7149125
          ],
          [
            107.3848925,
            -6.7147782
          ],
          [
            107.3847348,
            -6.7146373
          ],
          [
            107.3846072,
            -6.7144912
          ],
          [
            107.3844904,
            -6.7143061
          ],
          [
            107.3844353,
            -6.7142089
          ],
          [
            107.38439,
            -6.7141168
          ],
          [
            107.384331,
            -6.7139711
          ],
          [
            107.3843034,
            -6.7138863
          ],
          [
            107.3842836,
            -6.7137989
          ],
          [
            107.3842568,
            -6.7136424
          ],
          [
            107.3842515,
            -6.7134618
          ],
          [
            107.3842563,
            -6.7133338
          ],
          [
            107.3842762,
            -6.7131953
          ],
          [
            107.3842998,
            -6.7130845
          ],
          [
            107.3843382,
            -6.7129644
          ],
          [
            107.3843758,
            -6.7128492
          ],
          [
            107.3844239,
            -6.7127333
          ],
          [
            107.3844808,
            -6.712617
          ],
          [
            107.3845536,
            -6.712502
          ],
          [
            107.3846375,
            -6.7123911
          ],
          [
            107.3847694,
            -6.712239
          ],
          [
            107.3849396,
            -6.7120862
          ],
          [
            107.3850733,
            -6.711994
          ],
          [
            107.3852131,
            -6.7119104
          ],
          [
            107.3853463,
            -6.7118455
          ],
          [
            107.3854862,
            -6.7117988
          ],
          [
            107.3856781,
            -6.7117453
          ],
          [
            107.3858326,
            -6.7117202
          ],
          [
            107.3860083,
            -6.7117091
          ],
          [
            107.3861797,
            -6.711715
          ],
          [
            107.3864107,
            -6.7117377
          ],
          [
            107.386708,
            -6.7117723
          ],
          [
            107.3870654,
            -6.7118127
          ],
          [
            107.3872764,
            -6.7118129
          ],
          [
            107.3875259,
            -6.7117942
          ],
          [
            107.3877834,
            -6.7117263
          ],
          [
            107.3880449,
            -6.7116157
          ],
          [
            107.3883601,
            -6.7114013
          ],
          [
            107.3885752,
            -6.7111864
          ],
          [
            107.3886062,
            -6.7111474
          ],
          [
            107.3886785,
            -6.7110441
          ],
          [
            107.3887305,
            -6.7109585
          ],
          [
            107.3887825,
            -6.7108437
          ],
          [
            107.3888321,
            -6.7107062
          ],
          [
            107.3888947,
            -6.7104818
          ],
          [
            107.3889568,
            -6.7101941
          ],
          [
            107.3889668,
            -6.7100076
          ],
          [
            107.3889646,
            -6.7097787
          ],
          [
            107.388935,
            -6.7095867
          ],
          [
            107.3888933,
            -6.7094127
          ],
          [
            107.3888234,
            -6.7092107
          ],
          [
            107.3887568,
            -6.709075
          ],
          [
            107.3885302,
            -6.7086374
          ],
          [
            107.388411,
            -6.7084007
          ],
          [
            107.3883287,
            -6.7081721
          ],
          [
            107.3882678,
            -6.7079476
          ],
          [
            107.3882263,
            -6.7077106
          ],
          [
            107.3882053,
            -6.7074616
          ],
          [
            107.388202,
            -6.7072063
          ],
          [
            107.388223,
            -6.7069726
          ],
          [
            107.3882719,
            -6.7066877
          ],
          [
            107.388353,
            -6.7064126
          ],
          [
            107.3884636,
            -6.7061656
          ],
          [
            107.3885858,
            -6.7059602
          ],
          [
            107.3887466,
            -6.7057265
          ],
          [
            107.3889937,
            -6.7054517
          ],
          [
            107.3892714,
            -6.7052118
          ],
          [
            107.3895178,
            -6.7050311
          ],
          [
            107.3897043,
            -6.7049314
          ],
          [
            107.3898932,
            -6.7048478
          ],
          [
            107.3900845,
            -6.7047802
          ],
          [
            107.390423,
            -6.7046896
          ],
          [
            107.3926707,
            -6.7044165
          ],
          [
            107.3933162,
            -6.7043147
          ],
          [
            107.3938973,
            -6.704181
          ],
          [
            107.3942541,
            -6.7040611
          ],
          [
            107.3945037,
            -6.7039678
          ],
          [
            107.3949784,
            -6.7037441
          ],
          [
            107.3963146,
            -6.702955
          ],
          [
            107.3978282,
            -6.701982
          ],
          [
            107.3983212,
            -6.7016715
          ],
          [
            107.3986497,
            -6.7014399
          ],
          [
            107.3988631,
            -6.7012101
          ],
          [
            107.3990163,
            -6.7010007
          ],
          [
            107.3990833,
            -6.7008439
          ],
          [
            107.3991356,
            -6.7006872
          ],
          [
            107.3991727,
            -6.7005646
          ],
          [
            107.3991991,
            -6.700442
          ],
          [
            107.3992232,
            -6.7001278
          ],
          [
            107.3991985,
            -6.6998303
          ],
          [
            107.3991033,
            -6.6994851
          ],
          [
            107.3989579,
            -6.6991719
          ],
          [
            107.3987567,
            -6.6988718
          ],
          [
            107.3982488,
            -6.6983489
          ],
          [
            107.3979657,
            -6.6980287
          ],
          [
            107.3977917,
            -6.6977906
          ],
          [
            107.3976659,
            -6.6975177
          ],
          [
            107.397596,
            -6.6972659
          ],
          [
            107.3975686,
            -6.697009
          ],
          [
            107.3975821,
            -6.6967372
          ],
          [
            107.397607,
            -6.6964911
          ]
        ]
      },
      "properties": {
        "id": 1128133966,
        "electrified": "no",
        "gauge": "1067",
        "maxspeed": "60",
        "name": "Jalur Kereta Api Cikampek–Padalarang",
        "operator": "Kereta Api Indonesia",
        "railway": "rail",
        "usage": "main",
        "wikidata": "Q12487113",
        "wikipedia": "id:Jalur kereta api Cikampek–Padalarang"
      }
    },
    {
      "type": "Feature",
      "geometry": {
        "type": "LineString",
        "coordinates": [
          [
            107.7542976,
            -6.9642063
          ],
          [
            107.7541333,
            -6.9641479
          ],
          [
            107.7539093,
            -6.9640651
          ],
          [
            107.753583,
            -6.9639654
          ],
          [
            107.7532243,
            -6.9638555
          ]
        ]
      },
      "properties": {
        "id": 1128232623,
        "electrified": "no",
        "gauge": "1067",
        "railway": "rail",
        "service": "siding",
        "tracks": "1"
      }
    },
    {
      "type": "Feature",
      "geometry": {
        "type": "LineString",
        "coordinates": [
          [
            107.8237874,
            -6.9804909
          ],
          [
            107.823679,
            -6.9805989
          ],
          [
            107.8231991,
            -6.9810745
          ],
          [
            107.8219482,
            -6.9823123
          ],
          [
            107.8214752,
            -6.9827776
          ],
          [
            107.8211389,
            -6.983109
          ],
          [
            107.8207693,
            -6.9834494
          ],
          [
            107.8204496,
            -6.9837169
          ],
          [
            107.8200099,
            -6.9840436
          ],
          [
            107.8192668,
            -6.984502
          ],
          [
            107.8188815,
            -6.9847101
          ],
          [
            107.8185018,
            -6.9848853
          ],
          [
            107.8181226,
            -6.9850387
          ],
          [
            107.8176751,
            -6.9852022
          ],
          [
            107.8170873,
            -6.985369
          ],
          [
            107.8166131,
            -6.9854711
          ],
          [
            107.8163159,
            -6.985526
          ],
          [
            107.815977,
            -6.9855747
          ],
          [
            107.8154872,
            -6.9856239
          ],
          [
            107.8148616,
            -6.9856506
          ],
          [
            107.8143057,
            -6.9856251
          ],
          [
            107.8140875,
            -6.9856142
          ],
          [
            107.8138165,
            -6.985585
          ],
          [
            107.8133742,
            -6.9855203
          ],
          [
            107.8128144,
            -6.9854096
          ],
          [
            107.8123003,
            -6.9852739
          ],
          [
            107.8119006,
            -6.9851435
          ],
          [
            107.8116396,
            -6.9850564
          ],
          [
            107.8103948,
            -6.984591
          ]
        ]
      },
      "properties": {
        "id": 1128232637,
        "electrified": "no",
        "gauge": "1067",
        "maxspeed": "110",
        "name": "Jalur Kereta Api Padalarang–Kasugihan",
        "operator": "Kereta Api Indonesia",
        "owner": "Direktorat Jenderal Perkeretaapian Kementerian Perhubungan Republik Indonesia",
        "railway": "rail",
        "railway:bidirectional": "signals",
        "railway:preferred_direction": "forward",
        "railway:traffic_mode": "mixed",
        "sleeper:material": "concrete",
        "usage": "main",
        "wikidata": "Q25630218",
        "wikipedia": "id:Jalur kereta api Padalarang–Kasugihan"
      }
    },
    {
      "type": "Feature",
      "geometry": {
        "type": "LineString",
        "coordinates": [
          [
            107.3919092,
            -6.7194813
          ],
          [
            107.3911777,
            -6.7200396
          ]
        ]
      },
      "properties": {
        "id": 1130844493,
        "bridge": "yes",
        "electrified": "no",
        "gauge": "1067",
        "layer": "1",
        "maxspeed": "60",
        "name": "Jalur Kereta Api Cikampek–Padalarang",
        "operator": "Kereta Api Indonesia",
        "railway": "rail",
        "usage": "main",
        "wikidata": "Q12487113",
        "wikipedia": "id:Jalur kereta api Cikampek–Padalarang"
      }
    },
    {
      "type": "Feature",
      "geometry": {
        "type": "LineString",
        "coordinates": [
          [
            107.3920143,
            -6.7164207
          ],
          [
            107.3920924,
            -6.7164812
          ],
          [
            107.3921819,
            -6.7165562
          ],
          [
            107.3922685,
            -6.7166326
          ],
          [
            107.3924056,
            -6.7167686
          ],
          [
            107.3925293,
            -6.716928
          ],
          [
            107.3926486,
            -6.7171236
          ],
          [
            107.3927609,
            -6.7174147
          ],
          [
            107.3928119,
            -6.717613
          ],
          [
            107.392828,
            -6.7177975
          ],
          [
            107.3928336,
            -6.7179821
          ],
          [
            107.392822,
            -6.7181308
          ],
          [
            107.3927919,
            -6.718304
          ],
          [
            107.3927373,
            -6.7184891
          ],
          [
            107.392649,
            -6.7186954
          ],
          [
            107.392631,
            -6.7187286
          ],
          [
            107.3925802,
            -6.7188219
          ],
          [
            107.3925018,
            -6.7189412
          ],
          [
            107.3923335,
            -6.7191278
          ],
          [
            107.3922742,
            -6.7191896
          ],
          [
            107.3921532,
            -6.7192929
          ],
          [
            107.3919092,
            -6.7194813
          ]
        ]
      },
      "properties": {
        "id": 1130844494,
        "electrified": "no",
        "gauge": "1067",
        "maxspeed": "60",
        "name": "Jalur Kereta Api Cikampek–Padalarang",
        "operator": "Kereta Api Indonesia",
        "railway": "rail",
        "usage": "main",
        "wikidata": "Q12487113",
        "wikipedia": "id:Jalur kereta api Cikampek–Padalarang"
      }
    },
    {
      "type": "Feature",
      "geometry": {
        "type": "LineString",
        "coordinates": [
          [
            107.4462265,
            -6.7868359
          ],
          [
            107.4461699,
            -6.7884518
          ]
        ]
      },
      "properties": {
        "id": 1131068571,
        "electrified": "no",
        "gauge": "1067",
        "maxspeed": "60",
        "name": "Jalur Kereta Api Cikampek–Padalarang",
        "railway": "rail",
        "source": "Yahoo hires",
        "usage": "main",
        "wikidata": "Q12487113",
        "wikipedia": "id:Jalur kereta api Cikampek–Padalarang"
      }
    },
    {
      "type": "Feature",
      "geometry": {
        "type": "LineString",
        "coordinates": [
          [
            107.4462712,
            -6.7859242
          ],
          [
            107.4462265,
            -6.7868359
          ]
        ]
      },
      "properties": {
        "id": 1131068572,
        "bridge": "yes",
        "electrified": "no",
        "gauge": "1067",
        "layer": "1",
        "maxspeed": "60",
        "name": "Jalur Kereta Api Cikampek–Padalarang",
        "railway": "rail",
        "source": "Yahoo hires",
        "usage": "main",
        "wikidata": "Q12487113",
        "wikipedia": "id:Jalur kereta api Cikampek–Padalarang"
      }
    },
    {
      "type": "Feature",
      "geometry": {
        "type": "LineString",
        "coordinates": [
          [
            107.4461699,
            -6.7884518
          ],
          [
            107.446146,
            -6.7890651
          ],
          [
            107.4461213,
            -6.7892745
          ],
          [
            107.4460779,
            -6.7894824
          ]
        ]
      },
      "properties": {
        "id": 1131068573,
        "bridge": "yes",
        "electrified": "no",
        "gauge": "1067",
        "layer": "1",
        "maxspeed": "60",
        "name": "Jalur Kereta Api Cikampek–Padalarang",
        "railway": "rail",
        "source": "Yahoo hires",
        "usage": "main",
        "wikidata": "Q12487113",
        "wikipedia": "id:Jalur kereta api Cikampek–Padalarang"
      }
    },
    {
      "type": "Feature",
      "geometry": {
        "type": "LineString",
        "coordinates": [
          [
            107.4460779,
            -6.7894824
          ],
          [
            107.4457675,
            -6.7903683
          ],
          [
            107.4456453,
            -6.790749
          ],
          [
            107.4455662,
            -6.7911358
          ],
          [
            107.4455244,
            -6.7931609
          ],
          [
            107.4455625,
            -6.7934874
          ],
          [
            107.4456551,
            -6.793843
          ],
          [
            107.445824,
            -6.7941041
          ],
          [
            107.4460385,
            -6.7943854
          ],
          [
            107.4474385,
            -6.795681
          ],
          [
            107.4476297,
            -6.795813
          ],
          [
            107.4478173,
            -6.7959159
          ],
          [
            107.4479814,
            -6.7959778
          ],
          [
            107.4481868,
            -6.7960158
          ],
          [
            107.4484589,
            -6.796018
          ],
          [
            107.4486524,
            -6.7960025
          ],
          [
            107.4488773,
            -6.7959558
          ],
          [
            107.4491675,
            -6.7958702
          ],
          [
            107.4493584,
            -6.795789
          ],
          [
            107.4495192,
            -6.7956741
          ],
          [
            107.4497334,
            -6.7954858
          ],
          [
            107.4498852,
            -6.7953233
          ],
          [
            107.4500054,
            -6.7951539
          ],
          [
            107.450102,
            -6.7949885
          ],
          [
            107.4501855,
            -6.794748
          ],
          [
            107.4502403,
            -6.7945136
          ],
          [
            107.4502734,
            -6.7942542
          ],
          [
            107.4502757,
            -6.7940366
          ],
          [
            107.4502647,
            -6.7938738
          ],
          [
            107.4502311,
            -6.79356
          ],
          [
            107.4502297,
            -6.7933934
          ]
        ]
      },
      "properties": {
        "id": 1131068574,
        "electrified": "no",
        "gauge": "1067",
        "maxspeed": "60",
        "name": "Jalur Kereta Api Cikampek–Padalarang",
        "railway": "rail",
        "source": "Yahoo hires",
        "usage": "main",
        "wikidata": "Q12487113",
        "wikipedia": "id:Jalur kereta api Cikampek–Padalarang"
      }
    },
    {
      "type": "Feature",
      "geometry": {
        "type": "LineString",
        "coordinates": [
          [
            107.4523362,
            -6.7907244
          ],
          [
            107.4525176,
            -6.7906842
          ],
          [
            107.4527321,
            -6.790647
          ],
          [
            107.4529404,
            -6.79062
          ]
        ]
      },
      "properties": {
        "id": 1131068575,
        "bridge": "yes",
        "electrified": "no",
        "gauge": "1067",
        "layer": "1",
        "maxspeed": "60",
        "name": "Jalur Kereta Api Cikampek–Padalarang",
        "railway": "rail",
        "source": "Yahoo hires",
        "usage": "main",
        "wikidata": "Q12487113",
        "wikipedia": "id:Jalur kereta api Cikampek–Padalarang"
      }
    },
    {
      "type": "Feature",
      "geometry": {
        "type": "LineString",
        "coordinates": [
          [
            107.4529404,
            -6.79062
          ],
          [
            107.4535497,
            -6.7905703
          ],
          [
            107.4537508,
            -6.7905387
          ],
          [
            107.4539563,
            -6.7904934
          ],
          [
            107.4546023,
            -6.7902637
          ],
          [
            107.454806,
            -6.7901987
          ],
          [
            107.4549961,
            -6.790154
          ],
          [
            107.4552142,
            -6.7901256
          ],
          [
            107.4554215,
            -6.7901281
          ],
          [
            107.4555802,
            -6.7901474
          ],
          [
            107.4557107,
            -6.7901794
          ],
          [
            107.4558589,
            -6.7902229
          ],
          [
            107.4560326,
            -6.7902964
          ]
        ]
      },
      "properties": {
        "id": 1131068576,
        "electrified": "no",
        "gauge": "1067",
        "maxspeed": "60",
        "name": "Jalur Kereta Api Cikampek–Padalarang",
        "railway": "rail",
        "source": "Yahoo hires",
        "usage": "main",
        "wikidata": "Q12487113",
        "wikipedia": "id:Jalur kereta api Cikampek–Padalarang"
      }
    },
    {
      "type": "Feature",
      "geometry": {
        "type": "LineString",
        "coordinates": [
          [
            107.4502297,
            -6.7933934
          ],
          [
            107.4502368,
            -6.7931583
          ],
          [
            107.4502534,
            -6.7929594
          ],
          [
            107.4502976,
            -6.7927534
          ],
          [
            107.4503583,
            -6.7925496
          ]
        ]
      },
      "properties": {
        "id": 1131068577,
        "bridge": "yes",
        "electrified": "no",
        "gauge": "1067",
        "layer": "1",
        "maxspeed": "60",
        "name": "Jalur Kereta Api Cikampek–Padalarang",
        "railway": "rail",
        "source": "Yahoo hires",
        "usage": "main",
        "wikidata": "Q12487113",
        "wikipedia": "id:Jalur kereta api Cikampek–Padalarang"
      }
    },
    {
      "type": "Feature",
      "geometry": {
        "type": "LineString",
        "coordinates": [
          [
            107.4503583,
            -6.7925496
          ],
          [
            107.4504453,
            -6.7923238
          ],
          [
            107.4506241,
            -6.7919891
          ],
          [
            107.4508673,
            -6.7916334
          ],
          [
            107.4512012,
            -6.7913195
          ],
          [
            107.4515426,
            -6.7910908
          ],
          [
            107.4519889,
            -6.7908522
          ],
          [
            107.4523362,
            -6.7907244
          ]
        ]
      },
      "properties": {
        "id": 1131068578,
        "electrified": "no",
        "gauge": "1067",
        "maxspeed": "60",
        "name": "Jalur Kereta Api Cikampek–Padalarang",
        "railway": "rail",
        "source": "Yahoo hires",
        "usage": "main",
        "wikidata": "Q12487113",
        "wikipedia": "id:Jalur kereta api Cikampek–Padalarang"
      }
    },
    {
      "type": "Feature",
      "geometry": {
        "type": "LineString",
        "coordinates": [
          [
            107.4252242,
            -6.5703604
          ],
          [
            107.4250101,
            -6.5701932
          ],
          [
            107.4247595,
            -6.5699657
          ],
          [
            107.424281,
            -6.5694911
          ],
          [
            107.4240536,
            -6.5692676
          ]
        ]
      },
      "properties": {
        "id": 1132347596,
        "bridge": "yes",
        "electrified": "no",
        "gauge": "1067",
        "layer": "1",
        "maxspeed": "60",
        "name": "Jalur Kereta Api Cikampek–Padalarang",
        "operator": "Kereta Api Indonesia",
        "railway": "rail",
        "usage": "main",
        "wikidata": "Q12487113",
        "wikipedia": "id:Jalur kereta api Cikampek–Padalarang"
      }
    },
    {
      "type": "Feature",
      "geometry": {
        "type": "LineString",
        "coordinates": [
          [
            107.433008,
            -6.575396
          ],
          [
            107.4327682,
            -6.5751896
          ],
          [
            107.4322799,
            -6.5747725
          ],
          [
            107.4317793,
            -6.5743438
          ],
          [
            107.4310988,
            -6.5737554
          ],
          [
            107.4310375,
            -6.5737021
          ],
          [
            107.4301203,
            -6.5729155
          ],
          [
            107.4295434,
            -6.5724186
          ],
          [
            107.429238,
            -6.5721503
          ]
        ]
      },
      "properties": {
        "id": 1132347597,
        "electrified": "no",
        "gauge": "1067",
        "maxspeed": "60",
        "name": "Jalur Kereta Api Cikampek–Padalarang",
        "operator": "Kereta Api Indonesia",
        "railway": "rail",
        "railway:track_ref": "2",
        "usage": "main",
        "wikidata": "Q12487113",
        "wikipedia": "id:Jalur kereta api Cikampek–Padalarang"
      }
    },
    {
      "type": "Feature",
      "geometry": {
        "type": "LineString",
        "coordinates": [
          [
            107.3954018,
            -6.7320211
          ],
          [
            107.3954126,
            -6.7331626
          ]
        ]
      },
      "properties": {
        "id": 1132386499,
        "bridge": "yes",
        "electrified": "no",
        "gauge": "1067",
        "layer": "1",
        "maxspeed": "60",
        "name": "Jalur Kereta Api Cikampek–Padalarang",
        "operator": "Kereta Api Indonesia",
        "railway": "rail",
        "usage": "main",
        "wikidata": "Q12487113",
        "wikipedia": "id:Jalur kereta api Cikampek–Padalarang"
      }
    },
    {
      "type": "Feature",
      "geometry": {
        "type": "LineString",
        "coordinates": [
          [
            107.3911777,
            -6.7200396
          ],
          [
            107.3908404,
            -6.720291
          ],
          [
            107.3900485,
            -6.7209035
          ],
          [
            107.389874,
            -6.7210573
          ],
          [
            107.389726,
            -6.7212168
          ],
          [
            107.389671,
            -6.721283
          ],
          [
            107.3895954,
            -6.7213949
          ],
          [
            107.3895248,
            -6.7215235
          ],
          [
            107.3894636,
            -6.7216552
          ],
          [
            107.3894302,
            -6.7217372
          ],
          [
            107.3893861,
            -6.7218802
          ],
          [
            107.3893622,
            -6.7220034
          ],
          [
            107.3893423,
            -6.7221319
          ],
          [
            107.389329,
            -6.7222791
          ],
          [
            107.3893282,
            -6.7223429
          ],
          [
            107.3893305,
            -6.7224053
          ],
          [
            107.3893395,
            -6.7225315
          ],
          [
            107.3893732,
            -6.7227517
          ],
          [
            107.3894412,
            -6.7229861
          ],
          [
            107.3895003,
            -6.7231524
          ],
          [
            107.3896478,
            -6.7235524
          ],
          [
            107.3899104,
            -6.7242228
          ],
          [
            107.3900555,
            -6.7244893
          ],
          [
            107.3900788,
            -6.7245273
          ],
          [
            107.3902502,
            -6.7247767
          ],
          [
            107.3904553,
            -6.725003
          ],
          [
            107.3907132,
            -6.7252489
          ],
          [
            107.3910457,
            -6.7254544
          ],
          [
            107.3914642,
            -6.725673
          ],
          [
            107.3933403,
            -6.7262819
          ],
          [
            107.3937582,
            -6.7264713
          ],
          [
            107.394243,
            -6.7267065
          ],
          [
            107.3945235,
            -6.7269579
          ],
          [
            107.3947579,
            -6.7272094
          ],
          [
            107.394931,
            -6.7274502
          ],
          [
            107.3951068,
            -6.7277387
          ],
          [
            107.395294,
            -6.7281803
          ],
          [
            107.3953896,
            -6.7286169
          ],
          [
            107.3954017,
            -6.729025
          ],
          [
            107.3954006,
            -6.7295568
          ],
          [
            107.3954015,
            -6.731769
          ],
          [
            107.3954015,
            -6.731897
          ],
          [
            107.3954018,
            -6.7320211
          ]
        ]
      },
      "properties": {
        "id": 1132386500,
        "electrified": "no",
        "gauge": "1067",
        "maxspeed": "60",
        "name": "Jalur Kereta Api Cikampek–Padalarang",
        "operator": "Kereta Api Indonesi",
        "railway": "rail",
        "usage": "main",
        "wikidata": "Q12487113",
        "wikipedia": "id:Jalur kereta api Cikampek–Padalarang"
      }
    },
    {
      "type": "Feature",
      "geometry": {
        "type": "LineString",
        "coordinates": [
          [
            107.4968587,
            -6.8423431
          ],
          [
            107.496014,
            -6.8415647
          ]
        ]
      },
      "properties": {
        "id": 1149394439,
        "electrified": "no",
        "gauge": "1067",
        "maxspeed": "110",
        "name": "Jalur Kereta Api Padalarang–Kasugihan",
        "operator": "Kereta Api Indonesia",
        "owner": "Direktorat Jenderal Perkeretaapian Kementerian Perhubungan Republik Indonesia",
        "railway": "rail",
        "railway:bidirectional": "signals",
        "railway:preferred_direction": "forward",
        "railway:track_ref": "4",
        "railway:traffic_mode": "mixed",
        "sleeper:material": "concrete",
        "tunnel": "building_passage",
        "usage": "main",
        "wikidata": "Q25630218",
        "wikipedia": "id:Jalur kereta api Padalarang–Kasugihan"
      }
    },
    {
      "type": "Feature",
      "geometry": {
        "type": "LineString",
        "coordinates": [
          [
            107.4952595,
            -6.8408493
          ],
          [
            107.4950974,
            -6.8407181
          ],
          [
            107.4949797,
            -6.8406301
          ],
          [
            107.4949397,
            -6.8405992
          ],
          [
            107.4948422,
            -6.8405248
          ],
          [
            107.4946964,
            -6.8404035
          ]
        ]
      },
      "properties": {
        "id": 1149394440,
        "electrified": "no",
        "gauge": "1067",
        "name": "Jalur Kereta Api Padalarang–Kasugihan",
        "operator": "Kereta Api Indonesia",
        "owner": "Direktorat Jenderal Perkeretaapian Kementerian Perhubungan Republik Indonesia",
        "railway": "rail",
        "railway:bidirectional": "signals",
        "railway:preferred_direction": "forward",
        "railway:traffic_mode": "mixed",
        "service": "crossover",
        "sleeper:material": "concrete",
        "wikidata": "Q25630218",
        "wikipedia": "id:Jalur kereta api Padalarang–Kasugihan"
      }
    },
    {
      "type": "Feature",
      "geometry": {
        "type": "LineString",
        "coordinates": [
          [
            107.9820984,
            -7.0989626
          ],
          [
            107.9826491,
            -7.098676
          ]
        ]
      },
      "properties": {
        "id": 1149566314,
        "railway": "rail",
        "service": "crossover"
      }
    },
    {
      "type": "Feature",
      "geometry": {
        "type": "LineString",
        "coordinates": [
          [
            107.4990409,
            -6.8443892
          ],
          [
            107.4986529,
            -6.8440306
          ],
          [
            107.4986161,
            -6.8439966
          ],
          [
            107.4983625,
            -6.843753
          ],
          [
            107.4979621,
            -6.8433811
          ],
          [
            107.4976235,
            -6.8430624
          ]
        ]
      },
      "properties": {
        "id": 1149566319,
        "electrified": "no",
        "gauge": "1067",
        "maxspeed": "110",
        "name": "Jalur Kereta Api Padalarang–Kasugihan",
        "operator": "Kereta Api Indonesia",
        "owner": "Direktorat Jenderal Perkeretaapian Kementerian Perhubungan Republik Indonesia",
        "railway": "rail",
        "railway:bidirectional": "signals",
        "railway:preferred_direction": "forward",
        "railway:track_ref": "4",
        "railway:traffic_mode": "mixed",
        "sleeper:material": "concrete",
        "usage": "main",
        "wikidata": "Q25630218",
        "wikipedia": "id:Jalur kereta api Padalarang–Kasugihan"
      }
    },
    {
      "type": "Feature",
      "geometry": {
        "type": "LineString",
        "coordinates": [
          [
            107.5821404,
            -6.9099596
          ],
          [
            107.582223,
            -6.9100138
          ]
        ]
      },
      "properties": {
        "id": 1149566321,
        "electrified": "no",
        "gauge": "1067",
        "maxspeed": "110",
        "name": "Jalur Kereta Api Padalarang–Kasugihan",
        "operator": "Kereta Api Indonesia",
        "owner": "Direktorat Jenderal Perkeretaapian Kementerian Perhubungan Republik Indonesia",
        "railway": "rail",
        "railway:bidirectional": "signals",
        "railway:preferred_direction": "forward",
        "railway:traffic_mode": "mixed",
        "sleeper:material": "concrete",
        "usage": "main",
        "wikidata": "Q25630218",
        "wikipedia": "id:Jalur kereta api Padalarang–Kasugihan"
      }
    },
    {
      "type": "Feature",
      "geometry": {
        "type": "LineString",
        "coordinates": [
          [
            107.5824446,
            -6.9101631
          ],
          [
            107.5825993,
            -6.9102786
          ],
          [
            107.582765,
            -6.9104088
          ],
          [
            107.582917,
            -6.9105175
          ],
          [
            107.5831168,
            -6.9106499
          ],
          [
            107.5839059,
            -6.9111715
          ],
          [
            107.5853352,
            -6.9121178
          ],
          [
            107.5855453,
            -6.9122569
          ],
          [
            107.5855833,
            -6.9122817
          ],
          [
            107.5856529,
            -6.9123273
          ],
          [
            107.5856926,
            -6.9123535
          ],
          [
            107.5859504,
            -6.9125232
          ],
          [
            107.586121,
            -6.9126324
          ],
          [
            107.5863089,
            -6.9127481
          ],
          [
            107.5866034,
            -6.9129165
          ],
          [
            107.5868789,
            -6.9130642
          ],
          [
            107.5871337,
            -6.9131854
          ],
          [
            107.5874437,
            -6.9133182
          ],
          [
            107.5877108,
            -6.9134225
          ],
          [
            107.5879324,
            -6.9135038
          ],
          [
            107.5881391,
            -6.9135714
          ],
          [
            107.5884248,
            -6.9136502
          ],
          [
            107.5885043,
            -6.9136722
          ]
        ]
      },
      "properties": {
        "id": 1149566322,
        "electrified": "no",
        "gauge": "1067",
        "maxspeed": "30",
        "name": "Jalur Kereta Api Bandung–Ciroyom–Andir",
        "operator": "Kereta Api Indonesia",
        "owner": "Direktorat Jenderal Perkeretaapian Kementerian Perhubungan Republik Indonesia",
        "railway": "rail",
        "railway:bidirectional": "regular",
        "railway:preferred_direction": "both",
        "railway:traffic_mode": "mixed",
        "sleeper:material": "concrete",
        "usage": "branch",
        "wikidata": "Q25630218"
      }
    },
    {
      "type": "Feature",
      "geometry": {
        "type": "LineString",
        "coordinates": [
          [
            107.5925022,
            -6.9140219
          ],
          [
            107.592337,
            -6.9140156
          ],
          [
            107.5922374,
            -6.9140067
          ],
          [
            107.5920233,
            -6.9139876
          ],
          [
            107.5919809,
            -6.913984
          ],
          [
            107.5917091,
            -6.9139628
          ],
          [
            107.5916106,
            -6.9139577
          ],
          [
            107.5913561,
            -6.9139497
          ],
          [
            107.589695,
            -6.9138981
          ],
          [
            107.5895766,
            -6.9138892
          ],
          [
            107.589468,
            -6.9138775
          ],
          [
            107.5893252,
            -6.9138612
          ],
          [
            107.5892752,
            -6.9138541
          ],
          [
            107.589176,
            -6.9138364
          ],
          [
            107.5890445,
            -6.9138112
          ],
          [
            107.5888276,
            -6.9137602
          ],
          [
            107.5885043,
            -6.9136722
          ]
        ]
      },
      "properties": {
        "id": 1149566323,
        "electrified": "no",
        "gauge": "1067",
        "maxspeed": "30",
        "name": "Jalur Kereta Api Bandung–Ciroyom–Andir",
        "operator": "Kereta Api Indonesia",
        "owner": "Direktorat Jenderal Perkeretaapian Kementerian Perhubungan Republik Indonesia",
        "railway": "rail",
        "railway:bidirectional": "regular",
        "railway:preferred_direction": "forward",
        "railway:track_ref": "3",
        "railway:traffic_mode": "mixed",
        "sleeper:material": "concrete",
        "usage": "branch",
        "wikidata": "Q25630218"
      }
    },
    {
      "type": "Feature",
      "geometry": {
        "type": "LineString",
        "coordinates": [
          [
            107.607019,
            -6.9148682
          ],
          [
            107.6068659,
            -6.9148503
          ],
          [
            107.6068282,
            -6.9148455
          ],
          [
            107.6067657,
            -6.9148375
          ],
          [
            107.6065472,
            -6.9148089
          ],
          [
            107.606351,
            -6.9147832
          ],
          [
            107.6055405,
            -6.914677
          ],
          [
            107.6054885,
            -6.9146698
          ],
          [
            107.6054016,
            -6.9146581
          ]
        ]
      },
      "properties": {
        "id": 1149566327,
        "electrified": "no",
        "gauge": "1067",
        "maxspeed": "100",
        "name": "Jalur Kereta Api Padalarang–Kasugihan",
        "operator": "Kereta Api Indonesia",
        "owner": "Direktorat Jenderal Perkeretaapian Kementerian Perhubungan Republik Indonesia",
        "railway": "rail",
        "railway:bidirectional": "signals",
        "railway:preferred_direction": "forward",
        "railway:traffic_mode": "mixed",
        "sleeper:material": "concrete",
        "usage": "main",
        "wikidata": "Q25630218",
        "wikipedia": "id:Jalur kereta api Padalarang–Kasugihan"
      }
    },
    {
      "type": "Feature",
      "geometry": {
        "type": "LineString",
        "coordinates": [
          [
            107.7001761,
            -6.9445608
          ],
          [
            107.6965282,
            -6.9432326
          ],
          [
            107.6964549,
            -6.9432059
          ],
          [
            107.6947176,
            -6.9425741
          ],
          [
            107.6943144,
            -6.9424274
          ],
          [
            107.6939787,
            -6.9423053
          ]
        ]
      },
      "properties": {
        "id": 1149566331,
        "electrified": "no",
        "gauge": "1067",
        "maxspeed": "110",
        "name": "Jalur Kereta Api Padalarang–Kasugihan",
        "operator": "Kereta Api Indonesia",
        "owner": "Direktorat Jenderal Perkeretaapian Kementerian Perhubungan Republik Indonesia",
        "railway": "rail",
        "railway:bidirectional": "signals",
        "railway:preferred_direction": "forward",
        "railway:traffic_mode": "mixed",
        "sleeper:material": "concrete",
        "source": "Yahoo hires",
        "usage": "main",
        "wikidata": "Q25630218",
        "wikipedia": "id:Jalur kereta api Padalarang–Kasugihan"
      }
    },
    {
      "type": "Feature",
      "geometry": {
        "type": "LineString",
        "coordinates": [
          [
            107.9814615,
            -7.0993043
          ],
          [
            107.9816294,
            -7.0992282
          ],
          [
            107.9816527,
            -7.0992168
          ],
          [
            107.9818536,
            -7.0991094
          ],
          [
            107.9819641,
            -7.0990452
          ],
          [
            107.9820984,
            -7.0989626
          ]
        ]
      },
      "properties": {
        "id": 1149571119,
        "electrified": "no",
        "gauge": "1067",
        "maxspeed": "55",
        "name": "Jalur Kereta Api Padalarang–Kasugihan",
        "operator": "Kereta Api Indonesia",
        "owner": "Direktorat Jenderal Perkeretaapian Kementerian Perhubungan Republik Indonesia",
        "railway": "rail",
        "railway:bidirectional": "regular",
        "railway:preferred_direction": "both",
        "railway:traffic_mode": "mixed",
        "sleeper:material": "concrete",
        "usage": "main",
        "wikidata": "Q25630218",
        "wikipedia": "id:Jalur kereta api Padalarang–Kasugihan"
      }
    },
    {
      "type": "Feature",
      "geometry": {
        "type": "LineString",
        "coordinates": [
          [
            107.6842899,
            -6.9387749
          ],
          [
            107.6842582,
            -6.9387634
          ],
          [
            107.6835587,
            -6.9384975
          ],
          [
            107.6830215,
            -6.938289
          ],
          [
            107.6825309,
            -6.9381001
          ],
          [
            107.6808053,
            -6.9374577
          ],
          [
            107.6806599,
            -6.9374036
          ],
          [
            107.6797579,
            -6.9370643
          ],
          [
            107.6775232,
            -6.9362617
          ],
          [
            107.6765207,
            -6.9358961
          ],
          [
            107.6757683,
            -6.9356168
          ]
        ]
      },
      "properties": {
        "id": 1149573054,
        "electrified": "no",
        "gauge": "1067",
        "maxspeed": "100",
        "name": "Jalur Kereta Api Padalarang–Kasugihan",
        "operator": "Kereta Api Indonesia",
        "owner": "Direktorat Jenderal Perkeretaapian Kementerian Perhubungan Republik Indonesia",
        "railway": "rail",
        "railway:bidirectional": "signals",
        "railway:preferred_direction": "forward",
        "railway:traffic_mode": "mixed",
        "sleeper:material": "concrete",
        "source": "Yahoo hires",
        "usage": "main",
        "wikidata": "Q25630218",
        "wikipedia": "id:Jalur kereta api Padalarang–Kasugihan"
      }
    },
    {
      "type": "Feature",
      "geometry": {
        "type": "LineString",
        "coordinates": [
          [
            107.4621508,
            -6.8030026
          ],
          [
            107.4623033,
            -6.8030435
          ],
          [
            107.4624975,
            -6.8030941
          ],
          [
            107.4626409,
            -6.8031278
          ],
          [
            107.4627059,
            -6.803143
          ],
          [
            107.4628919,
            -6.8031846
          ],
          [
            107.4629622,
            -6.803199
          ],
          [
            107.4631442,
            -6.8032384
          ],
          [
            107.4634641,
            -6.8033085
          ],
          [
            107.4636361,
            -6.8033489
          ],
          [
            107.4638357,
            -6.803399
          ],
          [
            107.4639417,
            -6.8034276
          ],
          [
            107.4641583,
            -6.8035003
          ],
          [
            107.4643193,
            -6.8035577
          ],
          [
            107.4645233,
            -6.8036299
          ],
          [
            107.4647719,
            -6.8037261
          ],
          [
            107.4649324,
            -6.803799
          ],
          [
            107.4649561,
            -6.8038098
          ],
          [
            107.4652106,
            -6.8039307
          ],
          [
            107.4653527,
            -6.8039981
          ]
        ]
      },
      "properties": {
        "id": 1149598792,
        "electrified": "no",
        "gauge": "1067",
        "maxspeed": "60",
        "name": "Jalur Kereta Api Cikampek–Padalarang",
        "railway": "rail",
        "railway:track_ref": "1",
        "source": "Yahoo hires",
        "usage": "main",
        "wikidata": "Q12487113",
        "wikipedia": "id:Jalur kereta api Cikampek–Padalarang"
      }
    },
    {
      "type": "Feature",
      "geometry": {
        "type": "LineString",
        "coordinates": [
          [
            107.4655961,
            -6.8041159
          ],
          [
            107.4666223,
            -6.8046103
          ]
        ]
      },
      "properties": {
        "id": 1149598793,
        "bridge": "yes",
        "electrified": "no",
        "gauge": "1067",
        "layer": "1",
        "maxspeed": "60",
        "name": "Jalur Kereta Api Cikampek–Padalarang",
        "railway": "rail",
        "source": "Yahoo hires",
        "usage": "main",
        "wikidata": "Q12487113",
        "wikipedia": "id:Jalur kereta api Cikampek–Padalarang"
      }
    },
    {
      "type": "Feature",
      "geometry": {
        "type": "LineString",
        "coordinates": [
          [
            107.4794439,
            -6.8139573
          ],
          [
            107.479497,
            -6.8140457
          ],
          [
            107.4795696,
            -6.8142169
          ],
          [
            107.479639,
            -6.8144212
          ],
          [
            107.4797958,
            -6.8149918
          ],
          [
            107.4799172,
            -6.8153036
          ],
          [
            107.4800739,
            -6.8156061
          ],
          [
            107.4802879,
            -6.8159792
          ]
        ]
      },
      "properties": {
        "id": 1149598794,
        "electrified": "no",
        "gauge": "1067",
        "maxspeed": "60",
        "name": "Jalur Kereta Api Cikampek–Padalarang",
        "railway": "rail",
        "source": "Yahoo hires",
        "usage": "main",
        "wikidata": "Q12487113",
        "wikipedia": "id:Jalur kereta api Cikampek–Padalarang"
      }
    },
    {
      "type": "Feature",
      "geometry": {
        "type": "LineString",
        "coordinates": [
          [
            107.4802879,
            -6.8159792
          ],
          [
            107.4807245,
            -6.8167406
          ]
        ]
      },
      "properties": {
        "id": 1149598795,
        "bridge": "yes",
        "bridge:name": "Cinangkrang",
        "electrified": "no",
        "gauge": "1067",
        "maxspeed": "60",
        "name": "Jalur Kereta Api Cikampek–Padalarang",
        "railway": "rail",
        "source": "Yahoo hires",
        "usage": "main",
        "wikidata": "Q12487113",
        "wikipedia": "id:Jalur kereta api Cikampek–Padalarang"
      }
    },
    {
      "type": "Feature",
      "geometry": {
        "type": "LineString",
        "coordinates": [
          [
            107.4807245,
            -6.8167406
          ],
          [
            107.4808915,
            -6.8170449
          ],
          [
            107.4810163,
            -6.8172265
          ],
          [
            107.4811658,
            -6.8173919
          ],
          [
            107.4813565,
            -6.8175477
          ],
          [
            107.4815311,
            -6.8176633
          ],
          [
            107.4817501,
            -6.8177649
          ],
          [
            107.4819394,
            -6.8178244
          ],
          [
            107.4821739,
            -6.8178738
          ],
          [
            107.4824165,
            -6.8178955
          ],
          [
            107.4826467,
            -6.8178766
          ],
          [
            107.4833117,
            -6.8177412
          ]
        ]
      },
      "properties": {
        "id": 1149598796,
        "electrified": "no",
        "gauge": "1067",
        "maxspeed": "60",
        "name": "Jalur Kereta Api Cikampek–Padalarang",
        "railway": "rail",
        "source": "Yahoo hires",
        "usage": "main",
        "wikidata": "Q12487113",
        "wikipedia": "id:Jalur kereta api Cikampek–Padalarang"
      }
    },
    {
      "type": "Feature",
      "geometry": {
        "type": "LineString",
        "coordinates": [
          [
            107.4833117,
            -6.8177412
          ],
          [
            107.4836087,
            -6.8176804
          ],
          [
            107.4838272,
            -6.8176703
          ],
          [
            107.4840079,
            -6.8176799
          ],
          [
            107.4842248,
            -6.817707
          ],
          [
            107.4844,
            -6.8177564
          ],
          [
            107.4845354,
            -6.8178088
          ],
          [
            107.4846498,
            -6.8178645
          ],
          [
            107.4847467,
            -6.8179132
          ]
        ]
      },
      "properties": {
        "id": 1149598797,
        "bridge": "yes",
        "electrified": "no",
        "gauge": "1067",
        "maxspeed": "60",
        "name": "Jalur Kereta Api Cikampek–Padalarang",
        "railway": "rail",
        "source": "Yahoo hires",
        "usage": "main",
        "wikidata": "Q12487113",
        "wikipedia": "id:Jalur kereta api Cikampek–Padalarang"
      }
    },
    {
      "type": "Feature",
      "geometry": {
        "type": "LineString",
        "coordinates": [
          [
            107.4907998,
            -6.8232114
          ],
          [
            107.4908661,
            -6.8233502
          ],
          [
            107.4909172,
            -6.8234763
          ],
          [
            107.4909608,
            -6.8236084
          ],
          [
            107.490998,
            -6.8237831
          ],
          [
            107.491021,
            -6.8239577
          ]
        ]
      },
      "properties": {
        "id": 1149598798,
        "bridge": "yes",
        "electrified": "no",
        "gauge": "1067",
        "maxspeed": "60",
        "name": "Jalur Kereta Api Cikampek–Padalarang",
        "railway": "rail",
        "source": "Yahoo hires",
        "usage": "main",
        "wikidata": "Q12487113",
        "wikipedia": "id:Jalur kereta api Cikampek–Padalarang"
      }
    },
    {
      "type": "Feature",
      "geometry": {
        "type": "LineString",
        "coordinates": [
          [
            107.491021,
            -6.8239577
          ],
          [
            107.4910349,
            -6.8242727
          ],
          [
            107.4909819,
            -6.8246114
          ]
        ]
      },
      "properties": {
        "id": 1149598799,
        "electrified": "no",
        "gauge": "1067",
        "maxspeed": "60",
        "name": "Jalur Kereta Api Cikampek–Padalarang",
        "railway": "rail",
        "source": "Yahoo hires",
        "usage": "main",
        "wikidata": "Q12487113",
        "wikipedia": "id:Jalur kereta api Cikampek–Padalarang"
      }
    },
    {
      "type": "Feature",
      "geometry": {
        "type": "LineString",
        "coordinates": [
          [
            107.4903866,
            -6.8255252
          ],
          [
            107.4902827,
            -6.8256111
          ],
          [
            107.4901483,
            -6.8257077
          ],
          [
            107.4900559,
            -6.8257598
          ]
        ]
      },
      "properties": {
        "id": 1149598800,
        "bridge": "yes",
        "electrified": "no",
        "gauge": "1067",
        "maxspeed": "60",
        "name": "Jalur Kereta Api Cikampek–Padalarang",
        "railway": "rail",
        "source": "Yahoo hires",
        "usage": "main",
        "wikidata": "Q12487113",
        "wikipedia": "id:Jalur kereta api Cikampek–Padalarang"
      }
    },
    {
      "type": "Feature",
      "geometry": {
        "type": "LineString",
        "coordinates": [
          [
            107.4906244,
            -6.8253051
          ],
          [
            107.4903866,
            -6.8255252
          ]
        ]
      },
      "properties": {
        "id": 1149598801,
        "electrified": "no",
        "gauge": "1067",
        "maxspeed": "60",
        "name": "Jalur Kereta Api Cikampek–Padalarang",
        "railway": "rail",
        "source": "Yahoo hires",
        "usage": "main",
        "wikidata": "Q12487113",
        "wikipedia": "id:Jalur kereta api Cikampek–Padalarang"
      }
    },
    {
      "type": "Feature",
      "geometry": {
        "type": "LineString",
        "coordinates": [
          [
            107.475449,
            -6.8090352
          ],
          [
            107.475389,
            -6.8094801
          ],
          [
            107.4753691,
            -6.8096609
          ],
          [
            107.47536,
            -6.8098603
          ],
          [
            107.4753772,
            -6.8100628
          ],
          [
            107.4753935,
            -6.8101718
          ],
          [
            107.4754222,
            -6.8102972
          ],
          [
            107.4754769,
            -6.8104656
          ],
          [
            107.4755503,
            -6.8106417
          ],
          [
            107.475637,
            -6.8107905
          ],
          [
            107.4757429,
            -6.8109407
          ],
          [
            107.4758596,
            -6.8110719
          ],
          [
            107.4759768,
            -6.8111786
          ],
          [
            107.4760966,
            -6.8112783
          ],
          [
            107.4762447,
            -6.8113713
          ],
          [
            107.4763893,
            -6.8114447
          ],
          [
            107.4766356,
            -6.8115403
          ],
          [
            107.4771473,
            -6.8116759
          ],
          [
            107.4773665,
            -6.8117313
          ],
          [
            107.4776447,
            -6.8118512
          ]
        ]
      },
      "properties": {
        "id": 1149598802,
        "electrified": "no",
        "gauge": "1067",
        "maxspeed": "60",
        "name": "Jalur Kereta Api Cikampek–Padalarang",
        "railway": "rail",
        "source": "Yahoo hires",
        "usage": "main",
        "wikidata": "Q12487113",
        "wikipedia": "id:Jalur kereta api Cikampek–Padalarang"
      }
    },
    {
      "type": "Feature",
      "geometry": {
        "type": "LineString",
        "coordinates": [
          [
            107.4752587,
            -6.8079148
          ],
          [
            107.475325,
            -6.8080457
          ],
          [
            107.4753913,
            -6.8082344
          ],
          [
            107.4754395,
            -6.8084282
          ],
          [
            107.4754637,
            -6.8086356
          ],
          [
            107.4754688,
            -6.8088389
          ],
          [
            107.475449,
            -6.8090352
          ]
        ]
      },
      "properties": {
        "id": 1149598803,
        "bridge": "yes",
        "electrified": "no",
        "gauge": "1067",
        "maxspeed": "60",
        "name": "Jalur Kereta Api Cikampek–Padalarang",
        "railway": "rail",
        "source": "Yahoo hires",
        "usage": "main",
        "wikidata": "Q12487113",
        "wikipedia": "id:Jalur kereta api Cikampek–Padalarang"
      }
    },
    {
      "type": "Feature",
      "geometry": {
        "type": "LineString",
        "coordinates": [
          [
            107.4748492,
            -6.8073963
          ],
          [
            107.4750171,
            -6.8075628
          ],
          [
            107.4750809,
            -6.8076394
          ],
          [
            107.47518,
            -6.8077745
          ],
          [
            107.4752038,
            -6.807817
          ],
          [
            107.4752587,
            -6.8079148
          ]
        ]
      },
      "properties": {
        "id": 1149598804,
        "electrified": "no",
        "gauge": "1067",
        "maxspeed": "60",
        "name": "Jalur Kereta Api Cikampek–Padalarang",
        "railway": "rail",
        "source": "Yahoo hires",
        "usage": "main",
        "wikidata": "Q12487113",
        "wikipedia": "id:Jalur kereta api Cikampek–Padalarang"
      }
    },
    {
      "type": "Feature",
      "geometry": {
        "type": "LineString",
        "coordinates": [
          [
            107.4740349,
            -6.8069852
          ],
          [
            107.4742311,
            -6.8070413
          ],
          [
            107.4744097,
            -6.8071127
          ],
          [
            107.4745947,
            -6.8072056
          ],
          [
            107.4746804,
            -6.8072622
          ],
          [
            107.4747671,
            -6.8073292
          ],
          [
            107.4748492,
            -6.8073963
          ]
        ]
      },
      "properties": {
        "id": 1149598805,
        "bridge": "yes",
        "electrified": "no",
        "gauge": "1067",
        "layer": "1",
        "maxspeed": "60",
        "name": "Jalur Kereta Api Cikampek–Padalarang",
        "railway": "rail",
        "source": "Yahoo hires",
        "usage": "main",
        "wikidata": "Q12487113",
        "wikipedia": "id:Jalur kereta api Cikampek–Padalarang"
      }
    },
    {
      "type": "Feature",
      "geometry": {
        "type": "LineString",
        "coordinates": [
          [
            107.4328211,
            -6.7819148
          ],
          [
            107.4329032,
            -6.7820129
          ],
          [
            107.4330091,
            -6.7821148
          ],
          [
            107.4331412,
            -6.7822237
          ],
          [
            107.4332872,
            -6.7823198
          ],
          [
            107.4334438,
            -6.7824054
          ],
          [
            107.4336667,
            -6.7825003
          ],
          [
            107.4339217,
            -6.7825632
          ],
          [
            107.4341164,
            -6.7825804
          ],
          [
            107.4343677,
            -6.78258
          ],
          [
            107.4345371,
            -6.7825609
          ],
          [
            107.4347241,
            -6.7825172
          ],
          [
            107.4350172,
            -6.782405
          ],
          [
            107.4351886,
            -6.7822935
          ],
          [
            107.4353261,
            -6.7821939
          ],
          [
            107.435514,
            -6.7820367
          ],
          [
            107.4356159,
            -6.781917
          ],
          [
            107.4356793,
            -6.7818345
          ],
          [
            107.4357919,
            -6.7816504
          ],
          [
            107.4359493,
            -6.7813293
          ],
          [
            107.4360424,
            -6.7811102
          ],
          [
            107.4361355,
            -6.7808981
          ],
          [
            107.4363036,
            -6.7806282
          ],
          [
            107.4365372,
            -6.7803593
          ],
          [
            107.4366984,
            -6.7802281
          ],
          [
            107.436931,
            -6.7800891
          ],
          [
            107.437188,
            -6.7799811
          ],
          [
            107.4378649,
            -6.7797624
          ]
        ]
      },
      "properties": {
        "id": 1149598806,
        "electrified": "no",
        "gauge": "1067",
        "maxspeed": "60",
        "name": "Jalur Kereta Api Cikampek–Padalarang",
        "railway": "rail",
        "source": "Yahoo hires",
        "usage": "main",
        "wikidata": "Q12487113",
        "wikipedia": "id:Jalur kereta api Cikampek–Padalarang"
      }
    },
    {
      "type": "Feature",
      "geometry": {
        "type": "LineString",
        "coordinates": [
          [
            107.43274,
            -6.7818081
          ],
          [
            107.4328211,
            -6.7819148
          ]
        ]
      },
      "properties": {
        "id": 1149598807,
        "bridge": "yes",
        "electrified": "no",
        "gauge": "1067",
        "layer": "1",
        "maxspeed": "60",
        "name": "Jalur Kereta Api Cikampek–Padalarang",
        "railway": "rail",
        "source": "Yahoo hires",
        "usage": "main",
        "wikidata": "Q12487113",
        "wikipedia": "id:Jalur kereta api Cikampek–Padalarang"
      }
    },
    {
      "type": "Feature",
      "geometry": {
        "type": "LineString",
        "coordinates": [
          [
            107.3968382,
            -6.7355745
          ],
          [
            107.3972895,
            -6.7357571
          ],
          [
            107.3978803,
            -6.7359956
          ],
          [
            107.3983389,
            -6.7361612
          ],
          [
            107.3989501,
            -6.7363755
          ],
          [
            107.3992482,
            -6.7364801
          ],
          [
            107.3998665,
            -6.7366928
          ]
        ]
      },
      "properties": {
        "id": 1149611847,
        "electrified": "no",
        "gauge": "1067",
        "maxspeed": "60",
        "name": "Jalur Kereta Api Cikampek–Padalarang",
        "operator": "Kereta Api Indonesia",
        "railway": "rail",
        "railway:track_ref": "2",
        "usage": "main",
        "wikidata": "Q12487113",
        "wikipedia": "id:Jalur kereta api Cikampek–Padalarang"
      }
    },
    {
      "type": "Feature",
      "geometry": {
        "type": "LineString",
        "coordinates": [
          [
            107.4487733,
            -6.5573415
          ],
          [
            107.4486847,
            -6.5570976
          ],
          [
            107.4486064,
            -6.5569294
          ],
          [
            107.4482552,
            -6.5561874
          ],
          [
            107.4481584,
            -6.5559838
          ],
          [
            107.4475324,
            -6.5546651
          ],
          [
            107.4472627,
            -6.554094
          ]
        ]
      },
      "properties": {
        "id": 1150104142,
        "railway": "rail",
        "railway:track_ref": "4",
        "service": "siding"
      }
    },
    {
      "type": "Feature",
      "geometry": {
        "type": "LineString",
        "coordinates": [
          [
            107.445255,
            -6.5767187
          ],
          [
            107.4451692,
            -6.5770822
          ],
          [
            107.4450524,
            -6.5774862
          ],
          [
            107.4449479,
            -6.5777615
          ],
          [
            107.4448402,
            -6.5780017
          ],
          [
            107.4446713,
            -6.5783381
          ],
          [
            107.4443453,
            -6.5788616
          ],
          [
            107.4442258,
            -6.5791036
          ],
          [
            107.4441477,
            -6.5793312
          ],
          [
            107.4441082,
            -6.5795453
          ]
        ]
      },
      "properties": {
        "id": 1150104149,
        "electrified": "no",
        "gauge": "1067",
        "maxspeed": "60",
        "name": "Jalur Kereta Api Cikampek–Padalarang",
        "railway": "rail",
        "usage": "main",
        "wikidata": "Q12487113",
        "wikipedia": "id:Jalur kereta api Cikampek–Padalarang"
      }
    },
    {
      "type": "Feature",
      "geometry": {
        "type": "LineString",
        "coordinates": [
          [
            107.4453399,
            -6.5762795
          ],
          [
            107.445255,
            -6.5767187
          ]
        ]
      },
      "properties": {
        "id": 1150104150,
        "bridge": "yes",
        "electrified": "no",
        "gauge": "1067",
        "layer": "1",
        "maxspeed": "60",
        "name": "Jalur Kereta Api Cikampek–Padalarang",
        "railway": "rail",
        "usage": "main",
        "wikidata": "Q12487113",
        "wikipedia": "id:Jalur kereta api Cikampek–Padalarang"
      }
    },
    {
      "type": "Feature",
      "geometry": {
        "type": "LineString",
        "coordinates": [
          [
            107.4219053,
            -6.5691041
          ],
          [
            107.4217786,
            -6.5691949
          ],
          [
            107.4215571,
            -6.5693988
          ],
          [
            107.4213693,
            -6.5696306
          ],
          [
            107.4211902,
            -6.5699725
          ],
          [
            107.4210492,
            -6.5703579
          ],
          [
            107.4209446,
            -6.5707147
          ],
          [
            107.4208993,
            -6.5709916
          ],
          [
            107.420856,
            -6.5713453
          ],
          [
            107.4208162,
            -6.5717923
          ],
          [
            107.4208138,
            -6.5719667
          ],
          [
            107.4208253,
            -6.5721308
          ],
          [
            107.4208346,
            -6.5722568
          ],
          [
            107.4208641,
            -6.5724367
          ],
          [
            107.4209192,
            -6.5725998
          ],
          [
            107.4210357,
            -6.5728656
          ],
          [
            107.421187,
            -6.5731035
          ],
          [
            107.4213485,
            -6.5732787
          ],
          [
            107.421513,
            -6.5734122
          ],
          [
            107.4217485,
            -6.5735801
          ],
          [
            107.4220028,
            -6.5736976
          ],
          [
            107.4222615,
            -6.573761
          ],
          [
            107.4225572,
            -6.5738087
          ],
          [
            107.4230685,
            -6.5738892
          ],
          [
            107.4234745,
            -6.5740367
          ],
          [
            107.4237725,
            -6.5742202
          ],
          [
            107.4240045,
            -6.5743958
          ],
          [
            107.4242171,
            -6.574612
          ],
          [
            107.4246461,
            -6.5750933
          ],
          [
            107.4248181,
            -6.5752453
          ],
          [
            107.4253953,
            -6.5756049
          ],
          [
            107.4258351,
            -6.5758485
          ],
          [
            107.4260091,
            -6.5759884
          ],
          [
            107.4262147,
            -6.5761911
          ],
          [
            107.4263222,
            -6.5763406
          ],
          [
            107.4264297,
            -6.5765323
          ],
          [
            107.4264888,
            -6.5766662
          ],
          [
            107.4265532,
            -6.576906
          ],
          [
            107.4265906,
            -6.5771051
          ],
          [
            107.4265928,
            -6.5772541
          ],
          [
            107.4265863,
            -6.5774597
          ],
          [
            107.4265703,
            -6.5776323
          ],
          [
            107.4265311,
            -6.5778041
          ],
          [
            107.4264622,
            -6.5780208
          ],
          [
            107.4262893,
            -6.5783241
          ],
          [
            107.4260895,
            -6.5785756
          ],
          [
            107.425861,
            -6.5788389
          ],
          [
            107.4257591,
            -6.5789563
          ]
        ]
      },
      "properties": {
        "id": 1150104158,
        "electrified": "no",
        "gauge": "1067",
        "maxspeed": "60",
        "name": "Jalur Kereta Api Cikampek–Padalarang",
        "operator": "Kereta Api Indonesia",
        "railway": "rail",
        "usage": "main",
        "wikidata": "Q12487113",
        "wikipedia": "id:Jalur kereta api Cikampek–Padalarang"
      }
    },
    {
      "type": "Feature",
      "geometry": {
        "type": "LineString",
        "coordinates": [
          [
            107.4257591,
            -6.5789563
          ],
          [
            107.4254758,
            -6.5792433
          ]
        ]
      },
      "properties": {
        "id": 1150104159,
        "bridge": "yes",
        "bridge:ref": "BH 364",
        "electrified": "no",
        "gauge": "1067",
        "layer": "1",
        "maxspeed": "60",
        "name": "Jalur Kereta Api Cikampek–Padalarang",
        "operator": "Kereta Api Indonesia",
        "railway": "rail",
        "usage": "main",
        "wikidata": "Q12487113",
        "wikipedia": "id:Jalur kereta api Cikampek–Padalarang"
      }
    },
    {
      "type": "Feature",
      "geometry": {
        "type": "LineString",
        "coordinates": [
          [
            107.4231389,
            -6.5812737
          ],
          [
            107.4227423,
            -6.5813447
          ],
          [
            107.4224062,
            -6.5813795
          ],
          [
            107.4220975,
            -6.5814363
          ],
          [
            107.4218736,
            -6.5814871
          ],
          [
            107.4216786,
            -6.5815661
          ],
          [
            107.4213071,
            -6.5817712
          ],
          [
            107.4211388,
            -6.5819209
          ],
          [
            107.4209292,
            -6.5821914
          ],
          [
            107.4207935,
            -6.5824343
          ],
          [
            107.4207094,
            -6.5826048
          ],
          [
            107.4206685,
            -6.5827496
          ],
          [
            107.4206348,
            -6.5828747
          ],
          [
            107.4206134,
            -6.5830488
          ],
          [
            107.420626,
            -6.5833848
          ],
          [
            107.4206387,
            -6.5841275
          ],
          [
            107.4205853,
            -6.5847463
          ],
          [
            107.4205484,
            -6.5849204
          ],
          [
            107.4204754,
            -6.5852006
          ],
          [
            107.4202941,
            -6.5857013
          ],
          [
            107.4200661,
            -6.5861649
          ],
          [
            107.4197576,
            -6.5865326
          ],
          [
            107.4191437,
            -6.5871774
          ],
          [
            107.4190229,
            -6.5873118
          ],
          [
            107.4189449,
            -6.5874252
          ]
        ]
      },
      "properties": {
        "id": 1150104162,
        "electrified": "no",
        "gauge": "1067",
        "maxspeed": "60",
        "name": "Jalur Kereta Api Cikampek–Padalarang",
        "operator": "Kereta Api Indonesia",
        "railway": "rail",
        "usage": "main",
        "wikidata": "Q12487113",
        "wikipedia": "id:Jalur kereta api Cikampek–Padalarang"
      }
    },
    {
      "type": "Feature",
      "geometry": {
        "type": "LineString",
        "coordinates": [
          [
            107.416731,
            -6.5924617
          ],
          [
            107.4162145,
            -6.5927076
          ]
        ]
      },
      "properties": {
        "id": 1150104163,
        "bridge": "yes",
        "electrified": "no",
        "gauge": "1067",
        "layer": "1",
        "maxspeed": "60",
        "name": "Jalur Kereta Api Cikampek–Padalarang",
        "operator": "Kereta Api Indonesia",
        "railway": "rail",
        "usage": "main",
        "wikidata": "Q12487113",
        "wikipedia": "id:Jalur kereta api Cikampek–Padalarang"
      }
    },
    {
      "type": "Feature",
      "geometry": {
        "type": "LineString",
        "coordinates": [
          [
            107.4254758,
            -6.5792433
          ],
          [
            107.424921,
            -6.5798368
          ],
          [
            107.4238653,
            -6.5808306
          ],
          [
            107.4234817,
            -6.5811184
          ],
          [
            107.4233237,
            -6.5812014
          ]
        ]
      },
      "properties": {
        "id": 1150104168,
        "electrified": "no",
        "gauge": "1067",
        "maxspeed": "60",
        "name": "Jalur Kereta Api Cikampek–Padalarang",
        "operator": "Kereta Api Indonesia",
        "railway": "rail",
        "usage": "main",
        "wikidata": "Q12487113",
        "wikipedia": "id:Jalur kereta api Cikampek–Padalarang"
      }
    },
    {
      "type": "Feature",
      "geometry": {
        "type": "LineString",
        "coordinates": [
          [
            107.4233237,
            -6.5812014
          ],
          [
            107.4231389,
            -6.5812737
          ]
        ]
      },
      "properties": {
        "id": 1150104169,
        "bridge": "yes",
        "electrified": "no",
        "gauge": "1067",
        "layer": "1",
        "maxspeed": "60",
        "name": "Jalur Kereta Api Cikampek–Padalarang",
        "operator": "Kereta Api Indonesia",
        "railway": "rail",
        "usage": "main",
        "wikidata": "Q12487113",
        "wikipedia": "id:Jalur kereta api Cikampek–Padalarang"
      }
    },
    {
      "type": "Feature",
      "geometry": {
        "type": "LineString",
        "coordinates": [
          [
            107.4187803,
            -6.5877322
          ],
          [
            107.41872,
            -6.5878678
          ],
          [
            107.4186662,
            -6.588062
          ],
          [
            107.4186265,
            -6.5882647
          ],
          [
            107.4186193,
            -6.5885368
          ],
          [
            107.4186433,
            -6.5887865
          ],
          [
            107.4187208,
            -6.5890663
          ],
          [
            107.4187974,
            -6.589341
          ],
          [
            107.4188849,
            -6.589592
          ],
          [
            107.4189536,
            -6.5898364
          ],
          [
            107.4190039,
            -6.590087
          ],
          [
            107.4190087,
            -6.590302
          ],
          [
            107.4189761,
            -6.5905619
          ],
          [
            107.4189107,
            -6.590786
          ],
          [
            107.4188269,
            -6.5910224
          ],
          [
            107.4186956,
            -6.5912454
          ],
          [
            107.4185858,
            -6.5913949
          ],
          [
            107.4184514,
            -6.5915445
          ],
          [
            107.4183314,
            -6.5916507
          ],
          [
            107.4181806,
            -6.591763
          ],
          [
            107.4178227,
            -6.5919607
          ],
          [
            107.4173158,
            -6.5922004
          ],
          [
            107.416731,
            -6.5924617
          ]
        ]
      },
      "properties": {
        "id": 1150104171,
        "electrified": "no",
        "gauge": "1067",
        "maxspeed": "60",
        "name": "Jalur Kereta Api Cikampek–Padalarang",
        "operator": "Kereta Api Indonesia",
        "railway": "rail",
        "usage": "main",
        "wikidata": "Q12487113",
        "wikipedia": "id:Jalur kereta api Cikampek–Padalarang"
      }
    },
    {
      "type": "Feature",
      "geometry": {
        "type": "LineString",
        "coordinates": [
          [
            107.4189449,
            -6.5874252
          ],
          [
            107.4187803,
            -6.5877322
          ]
        ]
      },
      "properties": {
        "id": 1150104172,
        "bridge": "yes",
        "electrified": "no",
        "gauge": "1067",
        "layer": "1",
        "maxspeed": "60",
        "name": "Jalur Kereta Api Cikampek–Padalarang",
        "operator": "Kereta Api Indonesia",
        "railway": "rail",
        "usage": "main",
        "wikidata": "Q12487113",
        "wikipedia": "id:Jalur kereta api Cikampek–Padalarang"
      }
    },
    {
      "type": "Feature",
      "geometry": {
        "type": "LineString",
        "coordinates": [
          [
            107.7226254,
            -6.9527255
          ],
          [
            107.72254,
            -6.9526955
          ]
        ]
      },
      "properties": {
        "id": 1156870775,
        "bridge": "yes",
        "electrified": "no",
        "gauge": "1067",
        "layer": "1",
        "maxspeed": "110",
        "name": "Jalur Kereta Api Padalarang–Kasugihan",
        "operator": "Kereta Api Indonesia",
        "owner": "Direktorat Jenderal Perkeretaapian Kementerian Perhubungan Republik Indonesia",
        "railway": "rail",
        "railway:bidirectional": "signals",
        "railway:preferred_direction": "forward",
        "railway:traffic_mode": "mixed",
        "sleeper:material": "concrete",
        "source": "Yahoo hires",
        "usage": "main",
        "wikidata": "Q25630218",
        "wikipedia": "id:Jalur kereta api Padalarang–Kasugihan"
      }
    },
    {
      "type": "Feature",
      "geometry": {
        "type": "LineString",
        "coordinates": [
          [
            107.4240536,
            -6.5692676
          ],
          [
            107.4238709,
            -6.5691259
          ],
          [
            107.4236961,
            -6.5690262
          ],
          [
            107.4234887,
            -6.568932
          ],
          [
            107.4231465,
            -6.5688507
          ]
        ]
      },
      "properties": {
        "id": 1180153171,
        "electrified": "no",
        "gauge": "1067",
        "maxspeed": "60",
        "name": "Jalur Kereta Api Cikampek–Padalarang",
        "operator": "Kereta Api Indonesia",
        "railway": "rail",
        "usage": "main",
        "wikidata": "Q12487113",
        "wikipedia": "id:Jalur kereta api Cikampek–Padalarang"
      }
    },
    {
      "type": "Feature",
      "geometry": {
        "type": "LineString",
        "coordinates": [
          [
            107.4231465,
            -6.5688507
          ],
          [
            107.4230087,
            -6.5688328
          ],
          [
            107.4226797,
            -6.5688389
          ],
          [
            107.4223511,
            -6.5689019
          ],
          [
            107.4221045,
            -6.5690017
          ],
          [
            107.4219053,
            -6.5691041
          ]
        ]
      },
      "properties": {
        "id": 1180153172,
        "electrified": "no",
        "gauge": "1067",
        "maxspeed": "50",
        "name": "Jalur Kereta Api Cikampek–Padalarang",
        "operator": "Kereta Api Indonesia",
        "railway": "rail",
        "usage": "main",
        "wikidata": "Q12487113",
        "wikipedia": "id:Jalur kereta api Cikampek–Padalarang"
      }
    },
    {
      "type": "Feature",
      "geometry": {
        "type": "LineString",
        "coordinates": [
          [
            107.4259205,
            -6.7778073
          ],
          [
            107.4260482,
            -6.7779773
          ],
          [
            107.4261938,
            -6.778105
          ],
          [
            107.4262435,
            -6.7781486
          ],
          [
            107.4262942,
            -6.7781874
          ],
          [
            107.426377,
            -6.7782426
          ],
          [
            107.4264483,
            -6.7782901
          ],
          [
            107.4266019,
            -6.7783685
          ],
          [
            107.4267334,
            -6.7784261
          ],
          [
            107.4268587,
            -6.778467
          ],
          [
            107.4270589,
            -6.7785071
          ],
          [
            107.4272332,
            -6.778523
          ],
          [
            107.427475,
            -6.7785168
          ]
        ]
      },
      "properties": {
        "id": 1180153175,
        "electrified": "no",
        "gauge": "1067",
        "maxspeed": "50",
        "name": "Jalur Kereta Api Cikampek–Padalarang",
        "railway": "rail",
        "source": "Yahoo hires",
        "usage": "main",
        "wikidata": "Q12487113",
        "wikipedia": "id:Jalur kereta api Cikampek–Padalarang"
      }
    },
    {
      "type": "Feature",
      "geometry": {
        "type": "LineString",
        "coordinates": [
          [
            107.5410005,
            -6.8896245
          ],
          [
            107.5406827,
            -6.8895519
          ],
          [
            107.5402678,
            -6.8894369
          ],
          [
            107.5399538,
            -6.8893249
          ],
          [
            107.5396363,
            -6.8891922
          ],
          [
            107.5393685,
            -6.8890531
          ],
          [
            107.5391054,
            -6.8888924
          ],
          [
            107.5388905,
            -6.8887402
          ],
          [
            107.5386191,
            -6.8885276
          ],
          [
            107.538314,
            -6.8882493
          ],
          [
            107.5380903,
            -6.8880165
          ],
          [
            107.5378161,
            -6.8877282
          ],
          [
            107.5377138,
            -6.8876213
          ],
          [
            107.5375078,
            -6.8873908
          ]
        ]
      },
      "properties": {
        "id": 1187069942,
        "electrified": "no",
        "gauge": "1067",
        "maxspeed": "100",
        "name": "Jalur Kereta Api Padalarang–Kasugihan",
        "operator": "Kereta Api Indonesia",
        "owner": "Direktorat Jenderal Perkeretaapian Kementerian Perhubungan Republik Indonesia",
        "railway": "rail",
        "railway:bidirectional": "signals",
        "railway:preferred_direction": "forward",
        "railway:traffic_mode": "mixed",
        "sleeper:material": "concrete",
        "usage": "main",
        "wikidata": "Q25630218",
        "wikipedia": "id:Jalur kereta api Padalarang–Kasugihan"
      }
    },
    {
      "type": "Feature",
      "geometry": {
        "type": "LineString",
        "coordinates": [
          [
            107.596535,
            -6.9142984
          ],
          [
            107.5964666,
            -6.9142987
          ],
          [
            107.5957626,
            -6.9143013
          ],
          [
            107.5956125,
            -6.914298
          ],
          [
            107.5953565,
            -6.9142887
          ],
          [
            107.595235,
            -6.9142813
          ],
          [
            107.5951289,
            -6.9142731
          ],
          [
            107.5949477,
            -6.9142503
          ],
          [
            107.594931,
            -6.9142478
          ],
          [
            107.5948908,
            -6.9142419
          ],
          [
            107.5948764,
            -6.9142398
          ],
          [
            107.5947453,
            -6.9142212
          ],
          [
            107.5943546,
            -6.9141601
          ],
          [
            107.5938368,
            -6.914079
          ],
          [
            107.5936817,
            -6.9140559
          ],
          [
            107.5934507,
            -6.9140331
          ],
          [
            107.5932717,
            -6.9140215
          ],
          [
            107.593135,
            -6.9140181
          ],
          [
            107.5930139,
            -6.9140175
          ],
          [
            107.592956,
            -6.9140186
          ],
          [
            107.5925022,
            -6.9140219
          ]
        ]
      },
      "properties": {
        "id": 1187069947,
        "electrified": "no",
        "gauge": "1067",
        "maxspeed": "30",
        "name": "Jalur Kereta Api Bandung–Ciroyom–Andir",
        "operator": "Kereta Api Indonesia",
        "owner": "Direktorat Jenderal Perkeretaapian Kementerian Perhubungan Republik Indonesia",
        "railway": "rail",
        "railway:bidirectional": "regular",
        "railway:preferred_direction": "forward",
        "railway:traffic_mode": "mixed",
        "sleeper:material": "concrete",
        "usage": "branch",
        "wikidata": "Q25630218"
      }
    },
    {
      "type": "Feature",
      "geometry": {
        "type": "LineString",
        "coordinates": [
          [
            107.9759501,
            -7.1665904
          ],
          [
            107.9759409,
            -7.1666109
          ],
          [
            107.9756925,
            -7.1671632
          ],
          [
            107.9754015,
            -7.167799
          ],
          [
            107.9745913,
            -7.1696116
          ],
          [
            107.9736433,
            -7.1717144
          ],
          [
            107.9733159,
            -7.1724446
          ],
          [
            107.9727252,
            -7.1737638
          ],
          [
            107.9723564,
            -7.1746011
          ],
          [
            107.9719916,
            -7.1753945
          ],
          [
            107.9718374,
            -7.1757065
          ],
          [
            107.9717237,
            -7.1759227
          ],
          [
            107.9716495,
            -7.1760557
          ],
          [
            107.9715776,
            -7.1761831
          ],
          [
            107.9715152,
            -7.1762937
          ]
        ]
      },
      "properties": {
        "id": 1187070671,
        "electrified": "no",
        "gauge": "1067",
        "maxspeed": "60",
        "name": "Jalur Kereta Api Cibatu–Cikajang",
        "operator": "Kereta Api Indonesia",
        "owner": "Direktorat Jenderal Perkeretaapian Kementerian Perhubungan Republik Indonesia",
        "railway": "rail",
        "railway:bidirectional": "regular",
        "railway:preferred_direction": "both",
        "railway:traffic_mode": "mixed",
        "sleeper:material": "concrete",
        "usage": "branch",
        "wikidata": "Q12487111",
        "wikipedia": "id:Jalur kereta api Cibatu–Cikajang"
      }
    },
    {
      "type": "Feature",
      "geometry": {
        "type": "LineString",
        "coordinates": [
          [
            107.8242952,
            -6.9800513
          ],
          [
            107.8248516,
            -6.979499
          ],
          [
            107.8250394,
            -6.9793387
          ],
          [
            107.825135,
            -6.9792667
          ],
          [
            107.8255234,
            -6.9790011
          ],
          [
            107.8257959,
            -6.9788497
          ],
          [
            107.8260988,
            -6.9787077
          ],
          [
            107.8264642,
            -6.9785665
          ],
          [
            107.8268151,
            -6.9784676
          ],
          [
            107.8270784,
            -6.9784168
          ],
          [
            107.8274563,
            -6.9783613
          ],
          [
            107.8277725,
            -6.9783443
          ],
          [
            107.8280887,
            -6.9783456
          ],
          [
            107.828341,
            -6.9783681
          ],
          [
            107.8286152,
            -6.9784054
          ],
          [
            107.8288173,
            -6.9784449
          ],
          [
            107.829129,
            -6.9785273
          ],
          [
            107.8294206,
            -6.9786199
          ],
          [
            107.8296609,
            -6.9787149
          ],
          [
            107.8299319,
            -6.9788423
          ],
          [
            107.8301127,
            -6.9789423
          ],
          [
            107.8304311,
            -6.9791459
          ],
          [
            107.830663,
            -6.9793137
          ],
          [
            107.8308363,
            -6.9794522
          ],
          [
            107.8309949,
            -6.9795984
          ],
          [
            107.831129,
            -6.97973
          ],
          [
            107.8312481,
            -6.9798592
          ]
        ]
      },
      "properties": {
        "id": 1187523740,
        "electrified": "no",
        "gauge": "1067",
        "maxspeed": "90",
        "name": "Jalur Kereta Api Padalarang–Kasugihan",
        "operator": "Kereta Api Indonesia",
        "owner": "Direktorat Jenderal Perkeretaapian Kementerian Perhubungan Republik Indonesia",
        "railway": "rail",
        "railway:bidirectional": "signals",
        "railway:preferred_direction": "forward",
        "railway:traffic_mode": "mixed",
        "sleeper:material": "concrete",
        "source": "Yahoo hires",
        "usage": "main",
        "wikidata": "Q25630218",
        "wikipedia": "id:Jalur kereta api Padalarang–Kasugihan"
      }
    },
    {
      "type": "Feature",
      "geometry": {
        "type": "LineString",
        "coordinates": [
          [
            107.8998031,
            -7.084983
          ],
          [
            107.8998663,
            -7.0854923
          ],
          [
            107.8998805,
            -7.0856022
          ]
        ]
      },
      "properties": {
        "id": 1187523741,
        "electrified": "no",
        "gauge": "1067",
        "maxspeed": "60",
        "name": "Jalur Kereta Api Padalarang–Kasugihan",
        "operator": "Kereta Api Indonesia",
        "owner": "Direktorat Jenderal Perkeretaapian Kementerian Perhubungan Republik Indonesia",
        "railway": "rail",
        "railway:bidirectional": "regular",
        "railway:preferred_direction": "both",
        "railway:traffic_mode": "mixed",
        "sleeper:material": "concrete",
        "source": "Yahoo hires",
        "usage": "main",
        "wikidata": "Q25630218",
        "wikipedia": "id:Jalur kereta api Padalarang–Kasugihan"
      }
    },
    {
      "type": "Feature",
      "geometry": {
        "type": "LineString",
        "coordinates": [
          [
            107.9317695,
            -7.1002485
          ],
          [
            107.9318218,
            -7.100355
          ],
          [
            107.9319267,
            -7.1005325
          ],
          [
            107.9320681,
            -7.1007407
          ],
          [
            107.9322653,
            -7.100934
          ],
          [
            107.9323868,
            -7.1010286
          ],
          [
            107.9325212,
            -7.1011105
          ],
          [
            107.9328613,
            -7.1012257
          ],
          [
            107.9338314,
            -7.1014341
          ],
          [
            107.9340272,
            -7.1015032
          ],
          [
            107.9341717,
            -7.101566
          ],
          [
            107.9343522,
            -7.101672
          ],
          [
            107.9350807,
            -7.1021928
          ],
          [
            107.9352321,
            -7.1022846
          ],
          [
            107.9354093,
            -7.1023636
          ],
          [
            107.9355797,
            -7.1024073
          ],
          [
            107.9357502,
            -7.1024361
          ],
          [
            107.9359908,
            -7.1024542
          ],
          [
            107.9367224,
            -7.1024758
          ],
          [
            107.9369211,
            -7.1024987
          ],
          [
            107.9370873,
            -7.1025293
          ],
          [
            107.9372534,
            -7.1025768
          ],
          [
            107.937538,
            -7.1027056
          ],
          [
            107.9376785,
            -7.1027932
          ],
          [
            107.9377975,
            -7.1028894
          ],
          [
            107.9380623,
            -7.1031542
          ]
        ]
      },
      "properties": {
        "id": 1187523742,
        "electrified": "no",
        "gauge": "1067",
        "maxspeed": "55",
        "name": "Jalur Kereta Api Padalarang–Kasugihan",
        "operator": "Kereta Api Indonesia",
        "owner": "Direktorat Jenderal Perkeretaapian Kementerian Perhubungan Republik Indonesia",
        "railway": "rail",
        "railway:bidirectional": "regular",
        "railway:preferred_direction": "both",
        "railway:traffic_mode": "mixed",
        "sleeper:material": "concrete",
        "source": "Yahoo hires",
        "usage": "main",
        "wikidata": "Q25630218",
        "wikipedia": "id:Jalur kereta api Padalarang–Kasugihan"
      }
    },
    {
      "type": "Feature",
      "geometry": {
        "type": "LineString",
        "coordinates": [
          [
            107.7276043,
            -6.9545373
          ],
          [
            107.7226254,
            -6.9527255
          ]
        ]
      },
      "properties": {
        "id": 1191015057,
        "electrified": "no",
        "gauge": "1067",
        "maxspeed": "110",
        "name": "Jalur Kereta Api Padalarang–Kasugihan",
        "operator": "Kereta Api Indonesia",
        "owner": "Direktorat Jenderal Perkeretaapian Kementerian Perhubungan Republik Indonesia",
        "railway": "rail",
        "railway:bidirectional": "signals",
        "railway:preferred_direction": "forward",
        "railway:traffic_mode": "mixed",
        "sleeper:material": "concrete",
        "source": "Yahoo hires",
        "usage": "main",
        "wikidata": "Q25630218",
        "wikipedia": "id:Jalur kereta api Padalarang–Kasugihan"
      }
    },
    {
      "type": "Feature",
      "geometry": {
        "type": "LineString",
        "coordinates": [
          [
            107.7277488,
            -6.954594
          ],
          [
            107.7276043,
            -6.9545373
          ]
        ]
      },
      "properties": {
        "id": 1191015058,
        "bridge": "yes",
        "electrified": "no",
        "gauge": "1067",
        "layer": "1",
        "maxspeed": "110",
        "name": "Jalur Kereta Api Padalarang–Kasugihan",
        "operator": "Kereta Api Indonesia",
        "owner": "Direktorat Jenderal Perkeretaapian Kementerian Perhubungan Republik Indonesia",
        "railway": "rail",
        "railway:bidirectional": "signals",
        "railway:preferred_direction": "forward",
        "railway:traffic_mode": "mixed",
        "sleeper:material": "concrete",
        "source": "Yahoo hires",
        "usage": "main",
        "wikidata": "Q25630218",
        "wikipedia": "id:Jalur kereta api Padalarang–Kasugihan"
      }
    },
    {
      "type": "Feature",
      "geometry": {
        "type": "LineString",
        "coordinates": [
          [
            107.4040506,
            -6.6191345
          ],
          [
            107.4034171,
            -6.6200699
          ],
          [
            107.4027642,
            -6.6210326
          ],
          [
            107.4023283,
            -6.6216986
          ],
          [
            107.4007573,
            -6.6240305
          ],
          [
            107.400215,
            -6.6248498
          ],
          [
            107.3992659,
            -6.6262819
          ],
          [
            107.3982708,
            -6.6277419
          ],
          [
            107.3980829,
            -6.6279823
          ],
          [
            107.3978521,
            -6.6282386
          ],
          [
            107.3974833,
            -6.6285524
          ],
          [
            107.3971133,
            -6.6288158
          ],
          [
            107.3970501,
            -6.6288608
          ],
          [
            107.3967138,
            -6.629043
          ],
          [
            107.3954498,
            -6.6298004
          ],
          [
            107.3950977,
            -6.6300114
          ],
          [
            107.3947515,
            -6.6302259
          ],
          [
            107.3924159,
            -6.6316471
          ],
          [
            107.3920445,
            -6.6319236
          ],
          [
            107.3918107,
            -6.6321806
          ],
          [
            107.3916603,
            -6.6324754
          ],
          [
            107.3915813,
            -6.6326703
          ],
          [
            107.3915344,
            -6.6328519
          ],
          [
            107.3915142,
            -6.6330991
          ],
          [
            107.3915081,
            -6.6331536
          ],
          [
            107.3915071,
            -6.6332439
          ],
          [
            107.3915086,
            -6.6333303
          ],
          [
            107.3915256,
            -6.6335348
          ],
          [
            107.3915499,
            -6.6337106
          ]
        ]
      },
      "properties": {
        "id": 1211374312,
        "electrified": "no",
        "gauge": "1067",
        "maxspeed": "60",
        "name": "Jalur Kereta Api Cikampek–Padalarang",
        "operator": "Kereta Api Indonesia",
        "railway": "rail",
        "usage": "main",
        "wikidata": "Q12487113",
        "wikipedia": "id:Jalur kereta api Cikampek–Padalarang"
      }
    },
    {
      "type": "Feature",
      "geometry": {
        "type": "LineString",
        "coordinates": [
          [
            107.404282,
            -6.6187908
          ],
          [
            107.4040506,
            -6.6191345
          ]
        ]
      },
      "properties": {
        "id": 1211374313,
        "bridge": "yes",
        "electrified": "no",
        "gauge": "1067",
        "layer": "1",
        "maxspeed": "60",
        "name": "Jalur Kereta Api Cikampek–Padalarang",
        "operator": "Kereta Api Indonesia",
        "railway": "rail",
        "usage": "main",
        "wikidata": "Q12487113",
        "wikipedia": "id:Jalur kereta api Cikampek–Padalarang"
      }
    },
    {
      "type": "Feature",
      "geometry": {
        "type": "LineString",
        "coordinates": [
          [
            107.496014,
            -6.8415647
          ],
          [
            107.4958234,
            -6.8413833
          ],
          [
            107.495795,
            -6.841356
          ],
          [
            107.4953869,
            -6.8409687
          ]
        ]
      },
      "properties": {
        "id": 1216061736,
        "electrified": "no",
        "gauge": "1067",
        "maxspeed": "110",
        "name": "Jalur Kereta Api Padalarang–Kasugihan",
        "operator": "Kereta Api Indonesia",
        "owner": "Direktorat Jenderal Perkeretaapian Kementerian Perhubungan Republik Indonesia",
        "railway": "rail",
        "railway:bidirectional": "signals",
        "railway:preferred_direction": "forward",
        "railway:track_ref": "4",
        "railway:traffic_mode": "mixed",
        "sleeper:material": "concrete",
        "usage": "main",
        "wikidata": "Q25630218",
        "wikipedia": "id:Jalur kereta api Padalarang–Kasugihan"
      }
    },
    {
      "type": "Feature",
      "geometry": {
        "type": "LineString",
        "coordinates": [
          [
            107.4969052,
            -6.8423863
          ],
          [
            107.4968587,
            -6.8423431
          ]
        ]
      },
      "properties": {
        "id": 1216061741,
        "electrified": "no",
        "gauge": "1067",
        "name": "Jalur Kereta Api Padalarang–Kasugihan",
        "operator": "Kereta Api Indonesia",
        "owner": "Direktorat Jenderal Perkeretaapian Kementerian Perhubungan Republik Indonesia",
        "railway": "rail",
        "railway:bidirectional": "signals",
        "railway:preferred_direction": "forward",
        "railway:track_ref": "4",
        "railway:traffic_mode": "mixed",
        "sleeper:material": "concrete",
        "usage": "main",
        "wikidata": "Q25630218",
        "wikipedia": "id:Jalur kereta api Padalarang–Kasugihan"
      }
    },
    {
      "type": "Feature",
      "geometry": {
        "type": "LineString",
        "coordinates": [
          [
            107.5817323,
            -6.9096453
          ],
          [
            107.5819094,
            -6.9097817
          ],
          [
            107.5821404,
            -6.9099596
          ]
        ]
      },
      "properties": {
        "id": 1216385150,
        "electrified": "no",
        "gauge": "1067",
        "railway": "rail",
        "service": "crossover"
      }
    },
    {
      "type": "Feature",
      "geometry": {
        "type": "LineString",
        "coordinates": [
          [
            107.6542969,
            -6.9277719
          ],
          [
            107.65416,
            -6.9277192
          ]
        ]
      },
      "properties": {
        "id": 1229936033,
        "bridge": "yes",
        "electrified": "no",
        "gauge": "1067",
        "layer": "1",
        "maxspeed": "100",
        "name": "Jalur Kereta Api Padalarang–Kasugihan",
        "operator": "Kereta Api Indonesia",
        "owner": "Direktorat Jenderal Perkeretaapian Kementerian Perhubungan Republik Indonesia",
        "railway": "rail",
        "railway:bidirectional": "signals",
        "railway:preferred_direction": "forward",
        "railway:traffic_mode": "mixed",
        "sleeper:material": "concrete",
        "usage": "main",
        "wikidata": "Q25630218",
        "wikipedia": "id:Jalur kereta api Padalarang–Kasugihan"
      }
    },
    {
      "type": "Feature",
      "geometry": {
        "type": "LineString",
        "coordinates": [
          [
            107.6667411,
            -6.9323004
          ],
          [
            107.6660783,
            -6.9320545
          ],
          [
            107.6647585,
            -6.9315856
          ],
          [
            107.664081,
            -6.9313327
          ],
          [
            107.6634016,
            -6.9310974
          ],
          [
            107.6628319,
            -6.9308905
          ],
          [
            107.6620263,
            -6.9305895
          ],
          [
            107.6606464,
            -6.9300902
          ],
          [
            107.6593045,
            -6.9296065
          ]
        ]
      },
      "properties": {
        "id": 1229936034,
        "electrified": "no",
        "gauge": "1067",
        "maxspeed": "100",
        "name": "Jalur Kereta Api Padalarang–Kasugihan",
        "operator": "Kereta Api Indonesia",
        "owner": "Direktorat Jenderal Perkeretaapian Kementerian Perhubungan Republik Indonesia",
        "railway": "rail",
        "railway:bidirectional": "signals",
        "railway:preferred_direction": "forward",
        "railway:traffic_mode": "mixed",
        "sleeper:material": "concrete",
        "usage": "main",
        "wikidata": "Q25630218",
        "wikipedia": "id:Jalur kereta api Padalarang–Kasugihan"
      }
    },
    {
      "type": "Feature",
      "geometry": {
        "type": "LineString",
        "coordinates": [
          [
            107.6669288,
            -6.9323711
          ],
          [
            107.6667411,
            -6.9323004
          ]
        ]
      },
      "properties": {
        "id": 1229936035,
        "bridge": "yes",
        "electrified": "no",
        "gauge": "1067",
        "layer": "1",
        "maxspeed": "100",
        "name": "Jalur Kereta Api Padalarang–Kasugihan",
        "operator": "Kereta Api Indonesia",
        "owner": "Direktorat Jenderal Perkeretaapian Kementerian Perhubungan Republik Indonesia",
        "railway": "rail",
        "railway:bidirectional": "signals",
        "railway:preferred_direction": "forward",
        "railway:traffic_mode": "mixed",
        "sleeper:material": "concrete",
        "usage": "main",
        "wikidata": "Q25630218",
        "wikipedia": "id:Jalur kereta api Padalarang–Kasugihan"
      }
    },
    {
      "type": "Feature",
      "geometry": {
        "type": "LineString",
        "coordinates": [
          [
            107.6726991,
            -6.9344835
          ],
          [
            107.6716228,
            -6.9340933
          ],
          [
            107.6687697,
            -6.9330437
          ],
          [
            107.668176,
            -6.9328296
          ],
          [
            107.6669288,
            -6.9323711
          ]
        ]
      },
      "properties": {
        "id": 1229936036,
        "electrified": "no",
        "gauge": "1067",
        "maxspeed": "100",
        "name": "Jalur Kereta Api Padalarang–Kasugihan",
        "operator": "Kereta Api Indonesia",
        "owner": "Direktorat Jenderal Perkeretaapian Kementerian Perhubungan Republik Indonesia",
        "railway": "rail",
        "railway:bidirectional": "signals",
        "railway:preferred_direction": "forward",
        "railway:traffic_mode": "mixed",
        "sleeper:material": "concrete",
        "usage": "main",
        "wikidata": "Q25630218",
        "wikipedia": "id:Jalur kereta api Padalarang–Kasugihan"
      }
    },
    {
      "type": "Feature",
      "geometry": {
        "type": "LineString",
        "coordinates": [
          [
            107.6730219,
            -6.9346028
          ],
          [
            107.6726991,
            -6.9344835
          ]
        ]
      },
      "properties": {
        "id": 1229936037,
        "bridge": "yes",
        "electrified": "no",
        "gauge": "1067",
        "layer": "1",
        "maxspeed": "100",
        "name": "Jalur Kereta Api Padalarang–Kasugihan",
        "operator": "Kereta Api Indonesia",
        "owner": "Direktorat Jenderal Perkeretaapian Kementerian Perhubungan Republik Indonesia",
        "railway": "rail",
        "railway:bidirectional": "signals",
        "railway:preferred_direction": "forward",
        "railway:traffic_mode": "mixed",
        "sleeper:material": "concrete",
        "usage": "main",
        "wikidata": "Q25630218",
        "wikipedia": "id:Jalur kereta api Padalarang–Kasugihan"
      }
    },
    {
      "type": "Feature",
      "geometry": {
        "type": "LineString",
        "coordinates": [
          [
            107.6756776,
            -6.9355825
          ],
          [
            107.6752611,
            -6.9354338
          ],
          [
            107.6730219,
            -6.9346028
          ]
        ]
      },
      "properties": {
        "id": 1229936038,
        "electrified": "no",
        "gauge": "1067",
        "maxspeed": "100",
        "name": "Jalur Kereta Api Padalarang–Kasugihan",
        "operator": "Kereta Api Indonesia",
        "owner": "Direktorat Jenderal Perkeretaapian Kementerian Perhubungan Republik Indonesia",
        "railway": "rail",
        "railway:bidirectional": "signals",
        "railway:preferred_direction": "forward",
        "railway:traffic_mode": "mixed",
        "sleeper:material": "concrete",
        "usage": "main",
        "wikidata": "Q25630218",
        "wikipedia": "id:Jalur kereta api Padalarang–Kasugihan"
      }
    },
    {
      "type": "Feature",
      "geometry": {
        "type": "LineString",
        "coordinates": [
          [
            107.6757683,
            -6.9356168
          ],
          [
            107.6756776,
            -6.9355825
          ]
        ]
      },
      "properties": {
        "id": 1229936039,
        "bridge": "yes",
        "electrified": "no",
        "gauge": "1067",
        "layer": "1",
        "maxspeed": "100",
        "name": "Jalur Kereta Api Padalarang–Kasugihan",
        "operator": "Kereta Api Indonesia",
        "owner": "Direktorat Jenderal Perkeretaapian Kementerian Perhubungan Republik Indonesia",
        "railway": "rail",
        "railway:bidirectional": "signals",
        "railway:preferred_direction": "forward",
        "railway:traffic_mode": "mixed",
        "sleeper:material": "concrete",
        "usage": "main",
        "wikidata": "Q25630218",
        "wikipedia": "id:Jalur kereta api Padalarang–Kasugihan"
      }
    },
    {
      "type": "Feature",
      "geometry": {
        "type": "LineString",
        "coordinates": [
          [
            107.471878,
            -6.8060404
          ],
          [
            107.4719768,
            -6.8061055
          ],
          [
            107.4724182,
            -6.8063915
          ],
          [
            107.4728706,
            -6.8066639
          ],
          [
            107.4730707,
            -6.8067561
          ],
          [
            107.4732859,
            -6.8068258
          ],
          [
            107.473475,
            -6.8068721
          ],
          [
            107.4737111,
            -6.8069221
          ],
          [
            107.4738811,
            -6.8069494
          ],
          [
            107.4740349,
            -6.8069852
          ]
        ]
      },
      "properties": {
        "id": 1232465798,
        "electrified": "no",
        "gauge": "1067",
        "maxspeed": "60",
        "name": "Jalur Kereta Api Cikampek–Padalarang",
        "railway": "rail",
        "source": "Yahoo hires",
        "usage": "main",
        "wikidata": "Q12487113",
        "wikipedia": "id:Jalur kereta api Cikampek–Padalarang"
      }
    },
    {
      "type": "Feature",
      "geometry": {
        "type": "LineString",
        "coordinates": [
          [
            107.4709343,
            -6.8054566
          ],
          [
            107.471122,
            -6.8055513
          ],
          [
            107.4713212,
            -6.8056713
          ],
          [
            107.4715347,
            -6.8058032
          ],
          [
            107.471878,
            -6.8060404
          ]
        ]
      },
      "properties": {
        "id": 1232465799,
        "bridge": "yes",
        "electrified": "no",
        "gauge": "1067",
        "layer": "1",
        "maxspeed": "60",
        "name": "Jalur Kereta Api Cikampek–Padalarang",
        "railway": "rail",
        "source": "Yahoo hires",
        "usage": "main",
        "wikidata": "Q12487113",
        "wikipedia": "id:Jalur kereta api Cikampek–Padalarang"
      }
    },
    {
      "type": "Feature",
      "geometry": {
        "type": "LineString",
        "coordinates": [
          [
            107.459508,
            -6.8020002
          ],
          [
            107.4602498,
            -6.8023429
          ],
          [
            107.4606392,
            -6.8025192
          ],
          [
            107.4608711,
            -6.8026173
          ],
          [
            107.4610252,
            -6.802682
          ],
          [
            107.4611913,
            -6.8027433
          ],
          [
            107.4613978,
            -6.802802
          ]
        ]
      },
      "properties": {
        "id": 1232465800,
        "electrified": "no",
        "gauge": "1067",
        "maxspeed": "60",
        "name": "Jalur Kereta Api Cikampek–Padalarang",
        "railway": "rail",
        "source": "Yahoo hires",
        "usage": "main",
        "wikidata": "Q12487113",
        "wikipedia": "id:Jalur kereta api Cikampek–Padalarang"
      }
    },
    {
      "type": "Feature",
      "geometry": {
        "type": "LineString",
        "coordinates": [
          [
            107.4613978,
            -6.802802
          ],
          [
            107.4620828,
            -6.8029839
          ]
        ]
      },
      "properties": {
        "id": 1232465801,
        "bridge": "yes",
        "electrified": "no",
        "gauge": "1067",
        "layer": "1",
        "maxspeed": "60",
        "name": "Jalur Kereta Api Cikampek–Padalarang",
        "railway": "rail",
        "source": "Yahoo hires",
        "usage": "main",
        "wikidata": "Q12487113",
        "wikipedia": "id:Jalur kereta api Cikampek–Padalarang"
      }
    },
    {
      "type": "Feature",
      "geometry": {
        "type": "LineString",
        "coordinates": [
          [
            107.3979275,
            -6.6941341
          ],
          [
            107.3979786,
            -6.6936119
          ],
          [
            107.3980066,
            -6.6933122
          ],
          [
            107.3980244,
            -6.6930866
          ],
          [
            107.398058,
            -6.6926623
          ],
          [
            107.398049,
            -6.6922265
          ],
          [
            107.397977,
            -6.6917735
          ],
          [
            107.3978385,
            -6.6912461
          ],
          [
            107.397738,
            -6.6910069
          ],
          [
            107.3975588,
            -6.6906659
          ],
          [
            107.3973445,
            -6.6903495
          ],
          [
            107.39672,
            -6.6896119
          ],
          [
            107.3965569,
            -6.6893823
          ],
          [
            107.396448,
            -6.689209
          ]
        ]
      },
      "properties": {
        "id": 1232465804,
        "electrified": "no",
        "gauge": "1067",
        "maxspeed": "60",
        "name": "Jalur Kereta Api Cikampek–Padalarang",
        "operator": "Kereta Api Indonesia",
        "railway": "rail",
        "usage": "main",
        "wikidata": "Q12487113",
        "wikipedia": "id:Jalur kereta api Cikampek–Padalarang"
      }
    },
    {
      "type": "Feature",
      "geometry": {
        "type": "LineString",
        "coordinates": [
          [
            107.3962624,
            -6.6886125
          ],
          [
            107.3962932,
            -6.6887568
          ],
          [
            107.3963319,
            -6.6889266
          ],
          [
            107.3963816,
            -6.6890725
          ],
          [
            107.396448,
            -6.689209
          ]
        ]
      },
      "properties": {
        "id": 1232465806,
        "bridge": "yes",
        "electrified": "no",
        "gauge": "1067",
        "layer": "1",
        "maxspeed": "60",
        "name": "Jalur Kereta Api Cikampek–Padalarang",
        "operator": "Kereta Api Indonesia",
        "railway": "rail",
        "usage": "main",
        "wikidata": "Q12487113",
        "wikipedia": "id:Jalur kereta api Cikampek–Padalarang"
      }
    },
    {
      "type": "Feature",
      "geometry": {
        "type": "LineString",
        "coordinates": [
          [
            107.3957143,
            -6.6621455
          ],
          [
            107.396477,
            -6.6609978
          ],
          [
            107.3969467,
            -6.6603111
          ],
          [
            107.3971389,
            -6.6598289
          ],
          [
            107.3971814,
            -6.6595788
          ],
          [
            107.3971944,
            -6.6593328
          ],
          [
            107.3970975,
            -6.6588183
          ],
          [
            107.3969691,
            -6.6585299
          ],
          [
            107.3968122,
            -6.6582863
          ],
          [
            107.3966126,
            -6.6580778
          ],
          [
            107.3964004,
            -6.6579155
          ],
          [
            107.3961266,
            -6.6577586
          ],
          [
            107.396049,
            -6.6577307
          ],
          [
            107.3958178,
            -6.6576475
          ],
          [
            107.3957238,
            -6.6576265
          ],
          [
            107.3949532,
            -6.6574578
          ],
          [
            107.394677,
            -6.6573465
          ],
          [
            107.3944153,
            -6.6571822
          ],
          [
            107.3942219,
            -6.6570156
          ],
          [
            107.3940678,
            -6.6568368
          ],
          [
            107.3939047,
            -6.656569
          ],
          [
            107.3937773,
            -6.6562371
          ],
          [
            107.3937352,
            -6.6560411
          ],
          [
            107.3937177,
            -6.6558984
          ],
          [
            107.3936372,
            -6.6536646
          ],
          [
            107.3935473,
            -6.653172
          ],
          [
            107.3934452,
            -6.6527672
          ],
          [
            107.3933522,
            -6.6524842
          ],
          [
            107.3930754,
            -6.6516417
          ],
          [
            107.3928499,
            -6.6510233
          ],
          [
            107.392715,
            -6.6507367
          ],
          [
            107.3925765,
            -6.6504772
          ],
          [
            107.3922913,
            -6.6501042
          ],
          [
            107.3921782,
            -6.6500082
          ],
          [
            107.3915832,
            -6.6495181
          ],
          [
            107.3905228,
            -6.6487526
          ],
          [
            107.3902435,
            -6.6485361
          ],
          [
            107.3899848,
            -6.6482693
          ],
          [
            107.3897898,
            -6.647976
          ],
          [
            107.389677,
            -6.6477337
          ],
          [
            107.3895665,
            -6.6474436
          ],
          [
            107.3895184,
            -6.6472044
          ],
          [
            107.3895056,
            -6.6471115
          ],
          [
            107.3894867,
            -6.6468995
          ],
          [
            107.3894927,
            -6.6466381
          ],
          [
            107.3895181,
            -6.6464447
          ],
          [
            107.3895718,
            -6.6462302
          ],
          [
            107.3896837,
            -6.6459423
          ],
          [
            107.3897917,
            -6.6457262
          ],
          [
            107.3900056,
            -6.6454404
          ],
          [
            107.3902049,
            -6.6452243
          ],
          [
            107.3905024,
            -6.6449387
          ],
          [
            107.3907592,
            -6.6446696
          ],
          [
            107.3910095,
            -6.6443347
          ],
          [
            107.3911057,
            -6.6440921
          ],
          [
            107.3911515,
            -6.6439497
          ],
          [
            107.3911838,
            -6.643802
          ],
          [
            107.3912108,
            -6.6436173
          ],
          [
            107.3912214,
            -6.6434605
          ],
          [
            107.3912298,
            -6.6433113
          ],
          [
            107.3912606,
            -6.6426593
          ]
        ]
      },
      "properties": {
        "id": 1232465808,
        "electrified": "no",
        "gauge": "1067",
        "maxspeed": "60",
        "name": "Jalur Kereta Api Cikampek–Padalarang",
        "operator": "Kereta Api Indonesia",
        "railway": "rail",
        "usage": "main",
        "wikidata": "Q12487113",
        "wikipedia": "id:Jalur kereta api Cikampek–Padalarang"
      }
    },
    {
      "type": "Feature",
      "geometry": {
        "type": "LineString",
        "coordinates": [
          [
            107.3957143,
            -6.6621455
          ],
          [
            107.3956432,
            -6.6622818
          ],
          [
            107.3955684,
            -6.662471
          ],
          [
            107.3955368,
            -6.6626682
          ]
        ]
      },
      "properties": {
        "id": 1232465809,
        "bridge": "yes",
        "bridge:ref": "BH 413",
        "electrified": "no",
        "gauge": "1067",
        "layer": "1",
        "maxspeed": "60",
        "name": "Jalur Kereta Api Cikampek–Padalarang",
        "operator": "Kereta Api Indonesia",
        "railway": "rail",
        "usage": "main",
        "wikidata": "Q12487113",
        "wikipedia": "id:Jalur kereta api Cikampek–Padalarang"
      }
    },
    {
      "type": "Feature",
      "geometry": {
        "type": "LineString",
        "coordinates": [
          [
            107.3909458,
            -6.6375898
          ],
          [
            107.3911517,
            -6.638103
          ],
          [
            107.3912032,
            -6.6382355
          ],
          [
            107.3912456,
            -6.638353
          ],
          [
            107.3913215,
            -6.6385892
          ],
          [
            107.3913546,
            -6.6387333
          ]
        ]
      },
      "properties": {
        "id": 1232465817,
        "electrified": "no",
        "gauge": "1067",
        "maxspeed": "60",
        "name": "Jalur Kereta Api Cikampek–Padalarang",
        "operator": "Kereta Api Indonesia",
        "railway": "rail",
        "railway:track_ref": "2",
        "usage": "main",
        "wikidata": "Q12487113",
        "wikipedia": "id:Jalur kereta api Cikampek–Padalarang"
      }
    },
    {
      "type": "Feature",
      "geometry": {
        "type": "LineString",
        "coordinates": [
          [
            107.3913546,
            -6.6387333
          ],
          [
            107.3913789,
            -6.6388823
          ]
        ]
      },
      "properties": {
        "id": 1232465818,
        "bridge": "yes",
        "electrified": "no",
        "gauge": "1067",
        "layer": "1",
        "maxspeed": "60",
        "name": "Jalur Kereta Api Cikampek–Padalarang",
        "operator": "Kereta Api Indonesia",
        "railway": "rail",
        "railway:track_ref": "2",
        "usage": "main",
        "wikidata": "Q12487113",
        "wikipedia": "id:Jalur kereta api Cikampek–Padalarang"
      }
    },
    {
      "type": "Feature",
      "geometry": {
        "type": "LineString",
        "coordinates": [
          [
            107.3915977,
            -6.6343461
          ],
          [
            107.391595,
            -6.634448
          ],
          [
            107.3915702,
            -6.6346335
          ],
          [
            107.391519,
            -6.6348034
          ],
          [
            107.3914607,
            -6.6349486
          ],
          [
            107.391344,
            -6.6351672
          ],
          [
            107.391167,
            -6.6354612
          ],
          [
            107.3909624,
            -6.6358065
          ],
          [
            107.3908573,
            -6.6360295
          ],
          [
            107.3908023,
            -6.6361976
          ],
          [
            107.3907645,
            -6.6363753
          ],
          [
            107.390742,
            -6.636584
          ],
          [
            107.3907408,
            -6.6367079
          ],
          [
            107.3907537,
            -6.6368944
          ],
          [
            107.3908052,
            -6.6371636
          ],
          [
            107.3908359,
            -6.6372744
          ],
          [
            107.390896,
            -6.6374529
          ],
          [
            107.3909458,
            -6.6375898
          ]
        ]
      },
      "properties": {
        "id": 1232465823,
        "electrified": "no",
        "gauge": "1067",
        "maxspeed": "60",
        "name": "Jalur Kereta Api Cikampek–Padalarang",
        "operator": "Kereta Api Indonesia",
        "railway": "rail",
        "usage": "main",
        "wikidata": "Q12487113",
        "wikipedia": "id:Jalur kereta api Cikampek–Padalarang"
      }
    },
    {
      "type": "Feature",
      "geometry": {
        "type": "LineString",
        "coordinates": [
          [
            107.3915499,
            -6.6337106
          ],
          [
            107.3915771,
            -6.6338757
          ],
          [
            107.3915987,
            -6.6341052
          ],
          [
            107.3916019,
            -6.6342426
          ],
          [
            107.3915977,
            -6.6343461
          ]
        ]
      },
      "properties": {
        "id": 1232465824,
        "bridge": "yes",
        "electrified": "no",
        "gauge": "1067",
        "layer": "1",
        "maxspeed": "60",
        "name": "Jalur Kereta Api Cikampek–Padalarang",
        "operator": "Kereta Api Indonesia",
        "railway": "rail",
        "usage": "main",
        "wikidata": "Q12487113",
        "wikipedia": "id:Jalur kereta api Cikampek–Padalarang"
      }
    },
    {
      "type": "Feature",
      "geometry": {
        "type": "LineString",
        "coordinates": [
          [
            107.9290591,
            -7.0926521
          ],
          [
            107.9295771,
            -7.0941119
          ],
          [
            107.9302718,
            -7.096042
          ],
          [
            107.9303184,
            -7.0961738
          ]
        ]
      },
      "properties": {
        "id": 1236233061,
        "electrified": "no",
        "gauge": "1067",
        "maxspeed": "60",
        "name": "Jalur Kereta Api Padalarang–Kasugihan",
        "operator": "Kereta Api Indonesia",
        "owner": "Direktorat Jenderal Perkeretaapian Kementerian Perhubungan Republik Indonesia",
        "railway": "rail",
        "railway:bidirectional": "regular",
        "railway:preferred_direction": "both",
        "railway:traffic_mode": "mixed",
        "sleeper:material": "concrete",
        "source": "Yahoo hires",
        "usage": "main",
        "wikidata": "Q25630218",
        "wikipedia": "id:Jalur kereta api Padalarang–Kasugihan"
      }
    },
    {
      "type": "Feature",
      "geometry": {
        "type": "LineString",
        "coordinates": [
          [
            107.9290276,
            -7.0925618
          ],
          [
            107.9290591,
            -7.0926521
          ]
        ]
      },
      "properties": {
        "id": 1236233062,
        "bridge": "yes",
        "electrified": "no",
        "gauge": "1067",
        "maxspeed": "60",
        "name": "Jalur Kereta Api Padalarang–Kasugihan",
        "operator": "Kereta Api Indonesia",
        "owner": "Direktorat Jenderal Perkeretaapian Kementerian Perhubungan Republik Indonesia",
        "railway": "rail",
        "railway:bidirectional": "regular",
        "railway:preferred_direction": "both",
        "railway:traffic_mode": "mixed",
        "sleeper:material": "concrete",
        "source": "Yahoo hires",
        "usage": "main",
        "wikidata": "Q25630218",
        "wikipedia": "id:Jalur kereta api Padalarang–Kasugihan"
      }
    },
    {
      "type": "Feature",
      "geometry": {
        "type": "LineString",
        "coordinates": [
          [
            107.9317367,
            -7.10017
          ],
          [
            107.9317695,
            -7.1002485
          ]
        ]
      },
      "properties": {
        "id": 1236233067,
        "bridge": "yes",
        "electrified": "no",
        "gauge": "1067",
        "maxspeed": "55",
        "name": "Jalur Kereta Api Padalarang–Kasugihan",
        "operator": "Kereta Api Indonesia",
        "owner": "Direktorat Jenderal Perkeretaapian Kementerian Perhubungan Republik Indonesia",
        "railway": "rail",
        "railway:bidirectional": "regular",
        "railway:preferred_direction": "both",
        "railway:traffic_mode": "mixed",
        "sleeper:material": "concrete",
        "source": "Yahoo hires",
        "usage": "main",
        "wikidata": "Q25630218",
        "wikipedia": "id:Jalur kereta api Padalarang–Kasugihan"
      }
    },
    {
      "type": "Feature",
      "geometry": {
        "type": "LineString",
        "coordinates": [
          [
            107.5822692,
            -6.9100431
          ],
          [
            107.5824446,
            -6.9101631
          ]
        ]
      },
      "properties": {
        "id": 1242516110,
        "electrified": "no",
        "gauge": "1067",
        "maxspeed": "110",
        "name": "Jalur Kereta Api Padalarang–Kasugihan",
        "operator": "Kereta Api Indonesia",
        "owner": "Direktorat Jenderal Perkeretaapian Kementerian Perhubungan Republik Indonesia",
        "railway": "rail",
        "railway:bidirectional": "signals",
        "railway:preferred_direction": "forward",
        "railway:traffic_mode": "mixed",
        "sleeper:material": "concrete",
        "usage": "main",
        "wikidata": "Q25630218",
        "wikipedia": "id:Jalur kereta api Padalarang–Kasugihan"
      }
    },
    {
      "type": "Feature",
      "geometry": {
        "type": "LineString",
        "coordinates": [
          [
            107.4999081,
            -6.8451768
          ],
          [
            107.4998543,
            -6.8451305
          ],
          [
            107.4996116,
            -6.844918
          ],
          [
            107.4992125,
            -6.8445534
          ],
          [
            107.4990409,
            -6.8443892
          ]
        ]
      },
      "properties": {
        "id": 1242723283,
        "electrified": "no",
        "gauge": "1067",
        "maxspeed": "110",
        "name": "Jalur Kereta Api Padalarang–Kasugihan",
        "operator": "Kereta Api Indonesia",
        "owner": "Direktorat Jenderal Perkeretaapian Kementerian Perhubungan Republik Indonesia",
        "railway": "rail",
        "railway:bidirectional": "signals",
        "railway:preferred_direction": "forward",
        "railway:traffic_mode": "mixed",
        "sleeper:material": "concrete",
        "usage": "main",
        "wikidata": "Q25630218",
        "wikipedia": "id:Jalur kereta api Padalarang–Kasugihan"
      }
    },
    {
      "type": "Feature",
      "geometry": {
        "type": "LineString",
        "coordinates": [
          [
            107.5970032,
            -6.914311
          ],
          [
            107.5969474,
            -6.9143093
          ],
          [
            107.5968982,
            -6.9143078
          ],
          [
            107.596535,
            -6.9142984
          ]
        ]
      },
      "properties": {
        "id": 1242723289,
        "electrified": "no",
        "gauge": "1067",
        "maxspeed": "20",
        "name": "Jalur Kereta Api Bandung–Ciroyom–Andir",
        "operator": "Kereta Api Indonesia",
        "owner": "Direktorat Jenderal Perkeretaapian Kementerian Perhubungan Republik Indonesia",
        "railway": "rail",
        "railway:bidirectional": "regular",
        "railway:preferred_direction": "forward",
        "railway:traffic_mode": "mixed",
        "sleeper:material": "concrete",
        "usage": "branch",
        "wikidata": "Q25630218"
      }
    },
    {
      "type": "Feature",
      "geometry": {
        "type": "LineString",
        "coordinates": [
          [
            107.599955,
            -6.9144203
          ],
          [
            107.5997983,
            -6.9144259
          ],
          [
            107.5997018,
            -6.9144303
          ],
          [
            107.5996119,
            -6.9144347
          ],
          [
            107.5994548,
            -6.9144323
          ],
          [
            107.5984729,
            -6.9143841
          ],
          [
            107.5984428,
            -6.9143828
          ],
          [
            107.5984093,
            -6.9143813
          ],
          [
            107.5979056,
            -6.914356
          ]
        ]
      },
      "properties": {
        "id": 1242723290,
        "electrified": "no",
        "gauge": "1067",
        "maxspeed": "20",
        "railway": "rail",
        "service": "siding"
      }
    },
    {
      "type": "Feature",
      "geometry": {
        "type": "LineString",
        "coordinates": [
          [
            107.5979056,
            -6.914356
          ],
          [
            107.5972371,
            -6.9143227
          ]
        ]
      },
      "properties": {
        "id": 1242723292,
        "electrified": "no",
        "gauge": "1067",
        "maxspeed": "20",
        "railway": "rail",
        "service": "crossover"
      }
    },
    {
      "type": "Feature",
      "geometry": {
        "type": "LineString",
        "coordinates": [
          [
            107.6044783,
            -6.9145824
          ],
          [
            107.6046639,
            -6.9146074
          ],
          [
            107.604827,
            -6.9146301
          ]
        ]
      },
      "properties": {
        "id": 1242723294,
        "electrified": "no",
        "gauge": "1067",
        "maxspeed": "20",
        "name": "Jalur Kereta Api Padalarang–Kasugihan",
        "operator": "Kereta Api Indonesia",
        "owner": "Direktorat Jenderal Perkeretaapian Kementerian Perhubungan Republik Indonesia",
        "railway": "rail",
        "railway:bidirectional": "signals",
        "railway:preferred_direction": "forward",
        "railway:traffic_mode": "mixed",
        "sleeper:material": "concrete",
        "usage": "main",
        "wikidata": "Q25630218",
        "wikipedia": "id:Jalur kereta api Padalarang–Kasugihan"
      }
    },
    {
      "type": "Feature",
      "geometry": {
        "type": "LineString",
        "coordinates": [
          [
            107.6434821,
            -6.9239355
          ],
          [
            107.644388,
            -6.924264
          ],
          [
            107.6444962,
            -6.9243006
          ],
          [
            107.6446813,
            -6.9243697
          ]
        ]
      },
      "properties": {
        "id": 1242742384,
        "electrified": "no",
        "gauge": "1067",
        "maxspeed": "90",
        "name": "Jalur Kereta Api Padalarang–Kasugihan",
        "operator": "Kereta Api Indonesia",
        "owner": "Direktorat Jenderal Perkeretaapian Kementerian Perhubungan Republik Indonesia",
        "railway": "rail",
        "railway:bidirectional": "signals",
        "railway:preferred_direction": "forward",
        "railway:traffic_mode": "mixed",
        "sleeper:material": "concrete",
        "source": "Yahoo hires",
        "usage": "main",
        "wikidata": "Q25630218",
        "wikipedia": "id:Jalur kereta api Padalarang–Kasugihan"
      }
    },
    {
      "type": "Feature",
      "geometry": {
        "type": "LineString",
        "coordinates": [
          [
            107.6863148,
            -6.9395132
          ],
          [
            107.686263,
            -6.939494
          ],
          [
            107.6862144,
            -6.939476
          ],
          [
            107.6854729,
            -6.9392074
          ],
          [
            107.6854535,
            -6.9392004
          ],
          [
            107.6844703,
            -6.9388405
          ]
        ]
      },
      "properties": {
        "id": 1242742391,
        "electrified": "no",
        "gauge": "1067",
        "maxspeed": "100",
        "name": "Jalur Kereta Api Padalarang–Kasugihan",
        "operator": "Kereta Api Indonesia",
        "owner": "Direktorat Jenderal Perkeretaapian Kementerian Perhubungan Republik Indonesia",
        "railway": "rail",
        "railway:bidirectional": "signals",
        "railway:preferred_direction": "forward",
        "railway:traffic_mode": "mixed",
        "sleeper:material": "concrete",
        "source": "Yahoo hires",
        "usage": "main",
        "wikidata": "Q25630218",
        "wikipedia": "id:Jalur kereta api Padalarang–Kasugihan"
      }
    },
    {
      "type": "Feature",
      "geometry": {
        "type": "LineString",
        "coordinates": [
          [
            107.7516173,
            -6.9632786
          ],
          [
            107.7515823,
            -6.9632656
          ],
          [
            107.7515427,
            -6.963251
          ],
          [
            107.7503992,
            -6.9628279
          ],
          [
            107.7498949,
            -6.9626439
          ],
          [
            107.7498533,
            -6.9626287
          ],
          [
            107.7480496,
            -6.9619745
          ]
        ]
      },
      "properties": {
        "id": 1245300809,
        "electrified": "no",
        "gauge": "1067",
        "maxspeed": "110",
        "name": "Jalur Kereta Api Padalarang–Kasugihan",
        "operator": "Kereta Api Indonesia",
        "owner": "Direktorat Jenderal Perkeretaapian Kementerian Perhubungan Republik Indonesia",
        "railway": "rail",
        "railway:bidirectional": "signals",
        "railway:preferred_direction": "forward",
        "railway:traffic_mode": "mixed",
        "sleeper:material": "concrete",
        "source": "Yahoo hires",
        "usage": "main",
        "wikidata": "Q25630218",
        "wikipedia": "id:Jalur kereta api Padalarang–Kasugihan"
      }
    },
    {
      "type": "Feature",
      "geometry": {
        "type": "LineString",
        "coordinates": [
          [
            107.7532243,
            -6.9638555
          ],
          [
            107.7531297,
            -6.9638212
          ],
          [
            107.7523729,
            -6.9635497
          ],
          [
            107.7516173,
            -6.9632786
          ]
        ]
      },
      "properties": {
        "id": 1245300811,
        "electrified": "no",
        "gauge": "1067",
        "maxspeed": "110",
        "name": "Jalur Kereta Api Padalarang–Kasugihan",
        "operator": "Kereta Api Indonesia",
        "owner": "Direktorat Jenderal Perkeretaapian Kementerian Perhubungan Republik Indonesia",
        "railway": "rail",
        "railway:bidirectional": "signals",
        "railway:preferred_direction": "forward",
        "railway:traffic_mode": "mixed",
        "sleeper:material": "concrete",
        "source": "Yahoo hires",
        "usage": "main",
        "wikidata": "Q25630218",
        "wikipedia": "id:Jalur kereta api Padalarang–Kasugihan"
      }
    },
    {
      "type": "Feature",
      "geometry": {
        "type": "LineString",
        "coordinates": [
          [
            107.4072596,
            -6.6136833
          ],
          [
            107.4068713,
            -6.61466
          ],
          [
            107.4064965,
            -6.6154391
          ],
          [
            107.4059818,
            -6.6162623
          ],
          [
            107.4053881,
            -6.617114
          ],
          [
            107.4048114,
            -6.6179866
          ],
          [
            107.404282,
            -6.6187908
          ]
        ]
      },
      "properties": {
        "id": 1264210828,
        "electrified": "no",
        "gauge": "1067",
        "maxspeed": "60",
        "name": "Jalur Kereta Api Cikampek–Padalarang",
        "operator": "Kereta Api Indonesia",
        "railway": "rail",
        "usage": "main",
        "wikidata": "Q12487113",
        "wikipedia": "id:Jalur kereta api Cikampek–Padalarang"
      }
    },
    {
      "type": "Feature",
      "geometry": {
        "type": "LineString",
        "coordinates": [
          [
            107.4340114,
            -6.576024
          ],
          [
            107.4338411,
            -6.575964
          ],
          [
            107.4336277,
            -6.5758593
          ],
          [
            107.4333768,
            -6.5756931
          ],
          [
            107.4332221,
            -6.5755723
          ],
          [
            107.433008,
            -6.575396
          ]
        ]
      },
      "properties": {
        "id": 1264210829,
        "electrified": "no",
        "gauge": "1067",
        "maxspeed": "60",
        "name": "Jalur Kereta Api Cikampek–Padalarang",
        "operator": "Kereta Api Indonesia",
        "railway": "rail",
        "usage": "main",
        "wikidata": "Q12487113",
        "wikipedia": "id:Jalur kereta api Cikampek–Padalarang"
      }
    },
    {
      "type": "Feature",
      "geometry": {
        "type": "LineString",
        "coordinates": [
          [
            107.6031495,
            -6.9145291
          ],
          [
            107.6034413,
            -6.9145438
          ],
          [
            107.6034922,
            -6.9145447
          ],
          [
            107.6035404,
            -6.9145463
          ],
          [
            107.6037773,
            -6.9145503
          ],
          [
            107.6040044,
            -6.9145595
          ]
        ]
      },
      "properties": {
        "id": 1265002084,
        "electrified": "no",
        "gauge": "1067",
        "maxspeed": "30",
        "railway": "rail",
        "service": "siding"
      }
    },
    {
      "type": "Feature",
      "geometry": {
        "type": "LineString",
        "coordinates": [
          [
            107.599955,
            -6.9144203
          ],
          [
            107.6001797,
            -6.9144283
          ],
          [
            107.6004008,
            -6.9144394
          ],
          [
            107.6004734,
            -6.9144408
          ],
          [
            107.6005699,
            -6.9144403
          ],
          [
            107.6006699,
            -6.9144376
          ],
          [
            107.6008304,
            -6.9144337
          ],
          [
            107.6009876,
            -6.9144314
          ],
          [
            107.601079,
            -6.9144326
          ],
          [
            107.6011382,
            -6.9144355
          ],
          [
            107.601222,
            -6.9144392
          ],
          [
            107.6013661,
            -6.9144483
          ]
        ]
      },
      "properties": {
        "id": 1265002091,
        "electrified": "no",
        "gauge": "1067",
        "maxspeed": "20",
        "railway": "rail",
        "railway:track_ref": "1",
        "service": "siding"
      }
    },
    {
      "type": "Feature",
      "geometry": {
        "type": "LineString",
        "coordinates": [
          [
            107.5353528,
            -6.8849429
          ],
          [
            107.5347216,
            -6.8841796
          ]
        ]
      },
      "properties": {
        "id": 1265007922,
        "electrified": "no",
        "gauge": "1067",
        "maxspeed": "110",
        "name": "Jalur Kereta Api Padalarang–Kasugihan",
        "operator": "Kereta Api Indonesia",
        "owner": "Direktorat Jenderal Perkeretaapian Kementerian Perhubungan Republik Indonesia",
        "railway": "rail",
        "railway:bidirectional": "signals",
        "railway:preferred_direction": "forward",
        "railway:traffic_mode": "mixed",
        "sleeper:material": "concrete",
        "usage": "main",
        "wikidata": "Q25630218",
        "wikipedia": "id:Jalur kereta api Padalarang–Kasugihan"
      }
    },
    {
      "type": "Feature",
      "geometry": {
        "type": "LineString",
        "coordinates": [
          [
            107.5375078,
            -6.8873908
          ],
          [
            107.5370713,
            -6.8868856
          ],
          [
            107.5367227,
            -6.8864892
          ]
        ]
      },
      "properties": {
        "id": 1265007929,
        "electrified": "no",
        "gauge": "1067",
        "maxspeed": "80",
        "name": "Jalur Kereta Api Padalarang–Kasugihan",
        "operator": "Kereta Api Indonesia",
        "owner": "Direktorat Jenderal Perkeretaapian Kementerian Perhubungan Republik Indonesia",
        "railway": "rail",
        "railway:bidirectional": "signals",
        "railway:preferred_direction": "forward",
        "railway:traffic_mode": "mixed",
        "sleeper:material": "concrete",
        "usage": "main",
        "wikidata": "Q25630218",
        "wikipedia": "id:Jalur kereta api Padalarang–Kasugihan"
      }
    },
    {
      "type": "Feature",
      "geometry": {
        "type": "LineString",
        "coordinates": [
          [
            107.6044783,
            -6.9145824
          ],
          [
            107.6043329,
            -6.914568
          ],
          [
            107.6041726,
            -6.9145639
          ],
          [
            107.6040044,
            -6.9145595
          ]
        ]
      },
      "properties": {
        "id": 1265510725,
        "electrified": "no",
        "gauge": "1067",
        "maxspeed": "30",
        "railway": "rail",
        "service": "siding",
        "wikidata": "Q25630218"
      }
    },
    {
      "type": "Feature",
      "geometry": {
        "type": "LineString",
        "coordinates": [
          [
            107.7998894,
            -6.9807949
          ],
          [
            107.7990524,
            -6.9804942
          ],
          [
            107.7983447,
            -6.9802356
          ]
        ]
      },
      "properties": {
        "id": 1265573411,
        "electrified": "no",
        "gauge": "1067",
        "maxspeed": "110",
        "name": "Jalur Kereta Api Padalarang–Kasugihan",
        "operator": "Kereta Api Indonesia",
        "owner": "Direktorat Jenderal Perkeretaapian Kementerian Perhubungan Republik Indonesia",
        "railway": "rail",
        "railway:bidirectional": "signals",
        "railway:preferred_direction": "forward",
        "railway:track_ref": "1",
        "railway:traffic_mode": "mixed",
        "sleeper:material": "concrete",
        "source": "Yahoo hires",
        "usage": "main",
        "wikidata": "Q25630218",
        "wikipedia": "id:Jalur kereta api Padalarang–Kasugihan"
      }
    },
    {
      "type": "Feature",
      "geometry": {
        "type": "LineString",
        "coordinates": [
          [
            107.9061448,
            -7.2134977
          ],
          [
            107.9056478,
            -7.2134783
          ],
          [
            107.905318,
            -7.2134704
          ]
        ]
      },
      "properties": {
        "id": 1278803207,
        "electrified": "no",
        "gauge": "1067",
        "maxspeed": "60",
        "name": "Jalur Kereta Api Cibatu–Cikajang",
        "operator": "Kereta Api Indonesia",
        "owner": "Direktorat Jenderal Perkeretaapian Kementerian Perhubungan Republik Indonesia",
        "railway": "rail",
        "railway:bidirectional": "regular",
        "railway:preferred_direction": "both",
        "railway:track_ref": "1",
        "railway:traffic_mode": "mixed",
        "sleeper:material": "concrete",
        "usage": "branch",
        "wikidata": "Q12487111",
        "wikipedia": "id:Jalur kereta api Cibatu–Cikajang"
      }
    },
    {
      "type": "Feature",
      "geometry": {
        "type": "LineString",
        "coordinates": [
          [
            107.9062381,
            -7.2135006
          ],
          [
            107.9061677,
            -7.2134984
          ],
          [
            107.9061448,
            -7.2134977
          ]
        ]
      },
      "properties": {
        "id": 1278803208,
        "electrified": "no",
        "gauge": "1067",
        "maxspeed": "60",
        "name": "Jalur Kereta Api Cibatu–Cikajang",
        "operator": "Kereta Api Indonesia",
        "owner": "Direktorat Jenderal Perkeretaapian Kementerian Perhubungan Republik Indonesia",
        "railway": "rail",
        "railway:bidirectional": "regular",
        "railway:preferred_direction": "both",
        "railway:traffic_mode": "mixed",
        "sleeper:material": "concrete",
        "usage": "branch",
        "wikidata": "Q12487111",
        "wikipedia": "id:Jalur kereta api Cibatu–Cikajang"
      }
    },
    {
      "type": "Feature",
      "geometry": {
        "type": "LineString",
        "coordinates": [
          [
            107.9876108,
            -7.1016801
          ],
          [
            107.9881153,
            -7.1034863
          ],
          [
            107.9884432,
            -7.1045874
          ],
          [
            107.9885962,
            -7.1049665
          ],
          [
            107.9887981,
            -7.1053196
          ],
          [
            107.9889503,
            -7.1055432
          ],
          [
            107.9892088,
            -7.1057939
          ],
          [
            107.9892452,
            -7.1058224
          ],
          [
            107.9894539,
            -7.1059859
          ],
          [
            107.9897415,
            -7.1061538
          ],
          [
            107.9899791,
            -7.1062694
          ],
          [
            107.9902955,
            -7.1063789
          ],
          [
            107.9913692,
            -7.1067132
          ],
          [
            107.9935709,
            -7.107442
          ],
          [
            107.9938707,
            -7.107576
          ],
          [
            107.9940939,
            -7.1077016
          ],
          [
            107.9943424,
            -7.1079126
          ],
          [
            107.9945609,
            -7.1081279
          ],
          [
            107.9948989,
            -7.1086006
          ],
          [
            107.9949905,
            -7.1087859
          ],
          [
            107.9951102,
            -7.1090959
          ],
          [
            107.9952062,
            -7.1094336
          ],
          [
            107.9952583,
            -7.1097623
          ],
          [
            107.9952453,
            -7.1100229
          ],
          [
            107.9951893,
            -7.1104603
          ],
          [
            107.9951447,
            -7.1107766
          ],
          [
            107.9951058,
            -7.1110394
          ],
          [
            107.9949124,
            -7.1123863
          ],
          [
            107.9945736,
            -7.1146266
          ],
          [
            107.9944541,
            -7.1153999
          ],
          [
            107.9943557,
            -7.1160365
          ],
          [
            107.9940651,
            -7.1178699
          ],
          [
            107.9937672,
            -7.1197491
          ],
          [
            107.993366,
            -7.1223542
          ],
          [
            107.9929765,
            -7.1248395
          ],
          [
            107.9928865,
            -7.1254358
          ],
          [
            107.9928785,
            -7.1254888
          ]
        ]
      },
      "properties": {
        "id": 1279062628,
        "electrified": "no",
        "gauge": "1067",
        "maxspeed": "60",
        "name": "Jalur Kereta Api Cibatu–Cikajang",
        "operator": "Kereta Api Indonesia",
        "owner": "Direktorat Jenderal Perkeretaapian Kementerian Perhubungan Republik Indonesia",
        "railway": "rail",
        "railway:bidirectional": "regular",
        "railway:preferred_direction": "both",
        "railway:traffic_mode": "mixed",
        "sleeper:material": "concrete",
        "usage": "branch",
        "wikidata": "Q12487111",
        "wikipedia": "id:Jalur kereta api Cibatu–Cikajang"
      }
    },
    {
      "type": "Feature",
      "geometry": {
        "type": "LineString",
        "coordinates": [
          [
            107.9928785,
            -7.1254888
          ],
          [
            107.9926125,
            -7.1271964
          ],
          [
            107.9925883,
            -7.1273374
          ],
          [
            107.9923073,
            -7.129161
          ],
          [
            107.9922553,
            -7.129497
          ],
          [
            107.9922162,
            -7.1297273
          ],
          [
            107.9921597,
            -7.1300512
          ]
        ]
      },
      "properties": {
        "id": 1279062629,
        "electrified": "no",
        "gauge": "1067",
        "maxspeed": "60",
        "name": "Jalur Kereta Api Cibatu–Cikajang",
        "operator": "Kereta Api Indonesia",
        "owner": "Direktorat Jenderal Perkeretaapian Kementerian Perhubungan Republik Indonesia",
        "railway": "rail",
        "railway:bidirectional": "regular",
        "railway:preferred_direction": "both",
        "railway:track_ref": "1",
        "railway:traffic_mode": "mixed",
        "sleeper:material": "concrete",
        "usage": "branch",
        "wikidata": "Q12487111",
        "wikipedia": "id:Jalur kereta api Cibatu–Cikajang"
      }
    },
    {
      "type": "Feature",
      "geometry": {
        "type": "LineString",
        "coordinates": [
          [
            107.9807261,
            -7.0996015
          ],
          [
            107.9809457,
            -7.0995253
          ],
          [
            107.9811865,
            -7.0994288
          ],
          [
            107.9812083,
            -7.0994189
          ],
          [
            107.9814615,
            -7.0993043
          ]
        ]
      },
      "properties": {
        "id": 1279062631,
        "electrified": "no",
        "gauge": "1067",
        "maxspeed": "55",
        "name": "Jalur Kereta Api Padalarang–Kasugihan",
        "operator": "Kereta Api Indonesia",
        "owner": "Direktorat Jenderal Perkeretaapian Kementerian Perhubungan Republik Indonesia",
        "railway": "rail",
        "railway:bidirectional": "regular",
        "railway:preferred_direction": "both",
        "railway:traffic_mode": "mixed",
        "sleeper:material": "concrete",
        "usage": "main",
        "wikidata": "Q25630218",
        "wikipedia": "id:Jalur kereta api Padalarang–Kasugihan"
      }
    },
    {
      "type": "Feature",
      "geometry": {
        "type": "LineString",
        "coordinates": [
          [
            107.9769994,
            -7.1008387
          ],
          [
            107.9772145,
            -7.1007682
          ],
          [
            107.9787237,
            -7.100267
          ]
        ]
      },
      "properties": {
        "id": 1279107528,
        "electrified": "no",
        "gauge": "1067",
        "maxspeed": "55",
        "name": "Jalur Kereta Api Padalarang–Kasugihan",
        "operator": "Kereta Api Indonesia",
        "owner": "Direktorat Jenderal Perkeretaapian Kementerian Perhubungan Republik Indonesia",
        "railway": "rail",
        "railway:bidirectional": "regular",
        "railway:preferred_direction": "both",
        "railway:track_ref": "2",
        "railway:traffic_mode": "mixed",
        "sleeper:material": "concrete",
        "usage": "main",
        "wikidata": "Q25630218",
        "wikipedia": "id:Jalur kereta api Padalarang–Kasugihan"
      }
    },
    {
      "type": "Feature",
      "geometry": {
        "type": "LineString",
        "coordinates": [
          [
            107.9315276,
            -7.0996055
          ],
          [
            107.9317367,
            -7.10017
          ]
        ]
      },
      "properties": {
        "id": 1279107529,
        "electrified": "no",
        "gauge": "1067",
        "maxspeed": "55",
        "name": "Jalur Kereta Api Padalarang–Kasugihan",
        "operator": "Kereta Api Indonesia",
        "owner": "Direktorat Jenderal Perkeretaapian Kementerian Perhubungan Republik Indonesia",
        "railway": "rail",
        "railway:bidirectional": "regular",
        "railway:preferred_direction": "both",
        "railway:traffic_mode": "mixed",
        "sleeper:material": "concrete",
        "source": "Yahoo hires",
        "usage": "main",
        "wikidata": "Q25630218",
        "wikipedia": "id:Jalur kereta api Padalarang–Kasugihan"
      }
    },
    {
      "type": "Feature",
      "geometry": {
        "type": "LineString",
        "coordinates": [
          [
            107.8882733,
            -7.0192589
          ],
          [
            107.8882852,
            -7.0192648
          ],
          [
            107.8883175,
            -7.0192807
          ],
          [
            107.8905209,
            -7.0203662
          ],
          [
            107.8910993,
            -7.020652
          ],
          [
            107.8914667,
            -7.0208336
          ],
          [
            107.8916853,
            -7.0209461
          ],
          [
            107.8919105,
            -7.0210731
          ],
          [
            107.8921037,
            -7.0211982
          ],
          [
            107.8922792,
            -7.0213257
          ],
          [
            107.8924008,
            -7.0214202
          ],
          [
            107.8926266,
            -7.0216181
          ],
          [
            107.892831,
            -7.0218181
          ],
          [
            107.8930072,
            -7.0220196
          ],
          [
            107.8931991,
            -7.0222547
          ],
          [
            107.894274,
            -7.0236198
          ],
          [
            107.8944394,
            -7.0238326
          ],
          [
            107.8945408,
            -7.023964
          ],
          [
            107.894639,
            -7.0240986
          ],
          [
            107.8947191,
            -7.0242327
          ],
          [
            107.8947786,
            -7.0243422
          ],
          [
            107.89484,
            -7.024488
          ],
          [
            107.8948859,
            -7.0246234
          ],
          [
            107.8949163,
            -7.0247419
          ],
          [
            107.8949453,
            -7.0249131
          ],
          [
            107.8949559,
            -7.0250605
          ],
          [
            107.8949532,
            -7.0252012
          ],
          [
            107.8949458,
            -7.0253077
          ],
          [
            107.8949266,
            -7.0254411
          ],
          [
            107.8948791,
            -7.0256528
          ],
          [
            107.8946241,
            -7.0263635
          ],
          [
            107.8945719,
            -7.0265374
          ],
          [
            107.8945307,
            -7.0267332
          ],
          [
            107.894518,
            -7.0269137
          ],
          [
            107.8945197,
            -7.0271011
          ],
          [
            107.8945379,
            -7.0272608
          ],
          [
            107.894603,
            -7.0275025
          ],
          [
            107.8947076,
            -7.0277401
          ],
          [
            107.8948173,
            -7.02794
          ],
          [
            107.8949511,
            -7.0281228
          ],
          [
            107.8951525,
            -7.0283401
          ],
          [
            107.8953849,
            -7.0285167
          ],
          [
            107.8958425,
            -7.0287915
          ],
          [
            107.8962869,
            -7.0290553
          ],
          [
            107.8966037,
            -7.0292275
          ],
          [
            107.8970309,
            -7.0294161
          ],
          [
            107.8972532,
            -7.0294887
          ],
          [
            107.8980966,
            -7.0297001
          ],
          [
            107.898438,
            -7.029787
          ],
          [
            107.8987102,
            -7.0298856
          ],
          [
            107.8989123,
            -7.0299842
          ],
          [
            107.9007563,
            -7.0313474
          ],
          [
            107.9011562,
            -7.0317102
          ],
          [
            107.9014485,
            -7.0320741
          ],
          [
            107.9019384,
            -7.0327634
          ],
          [
            107.9020808,
            -7.033056
          ],
          [
            107.9021306,
            -7.0333371
          ],
          [
            107.9021257,
            -7.0336298
          ],
          [
            107.9020484,
            -7.0339365
          ],
          [
            107.9019111,
            -7.0341835
          ],
          [
            107.9017137,
            -7.0344306
          ],
          [
            107.9014476,
            -7.0346095
          ],
          [
            107.9011987,
            -7.0347117
          ],
          [
            107.900902,
            -7.0347988
          ],
          [
            107.9005591,
            -7.0348111
          ],
          [
            107.8999997,
            -7.0347797
          ],
          [
            107.8997022,
            -7.0348131
          ],
          [
            107.8993905,
            -7.0349111
          ],
          [
            107.8990877,
            -7.0350679
          ],
          [
            107.8988985,
            -7.0352569
          ],
          [
            107.8988137,
            -7.0353686
          ],
          [
            107.8987283,
            -7.0355205
          ]
        ]
      },
      "properties": {
        "id": 1279107531,
        "electrified": "no",
        "gauge": "1067",
        "maxspeed": "50",
        "name": "Jalur Kereta Api Padalarang–Kasugihan",
        "operator": "Kereta Api Indonesia",
        "owner": "Direktorat Jenderal Perkeretaapian Kementerian Perhubungan Republik Indonesia",
        "railway": "rail",
        "railway:bidirectional": "regular",
        "railway:preferred_direction": "both",
        "railway:traffic_mode": "mixed",
        "sleeper:material": "concrete",
        "source": "Yahoo hires",
        "usage": "main",
        "wikidata": "Q25630218",
        "wikipedia": "id:Jalur kereta api Padalarang–Kasugihan"
      }
    },
    {
      "type": "Feature",
      "geometry": {
        "type": "LineString",
        "coordinates": [
          [
            107.8845712,
            -7.017428
          ],
          [
            107.8851492,
            -7.0177142
          ],
          [
            107.8857201,
            -7.0179955
          ],
          [
            107.886623,
            -7.0184399
          ],
          [
            107.8869857,
            -7.0186209
          ],
          [
            107.8880144,
            -7.0191297
          ],
          [
            107.8882733,
            -7.0192589
          ]
        ]
      },
      "properties": {
        "id": 1279107532,
        "electrified": "no",
        "gauge": "1067",
        "maxspeed": "50",
        "name": "Jalur Kereta Api Padalarang–Kasugihan",
        "operator": "Kereta Api Indonesia",
        "owner": "Direktorat Jenderal Perkeretaapian Kementerian Perhubungan Republik Indonesia",
        "railway": "rail",
        "railway:bidirectional": "regular",
        "railway:preferred_direction": "both",
        "railway:track_ref": "1",
        "railway:traffic_mode": "mixed",
        "sleeper:material": "concrete",
        "source": "Yahoo hires",
        "usage": "main",
        "wikidata": "Q25630218",
        "wikipedia": "id:Jalur kereta api Padalarang–Kasugihan"
      }
    },
    {
      "type": "Feature",
      "geometry": {
        "type": "LineString",
        "coordinates": [
          [
            107.8336581,
            -6.982616
          ],
          [
            107.8339869,
            -6.9829872
          ]
        ]
      },
      "properties": {
        "id": 1279107533,
        "electrified": "no",
        "gauge": "1067",
        "maxspeed": "110",
        "name": "Jalur Kereta Api Padalarang–Kasugihan",
        "operator": "Kereta Api Indonesia",
        "owner": "Direktorat Jenderal Perkeretaapian Kementerian Perhubungan Republik Indonesia",
        "railway": "rail",
        "railway:bidirectional": "signals",
        "railway:preferred_direction": "forward",
        "railway:traffic_mode": "mixed",
        "sleeper:material": "concrete",
        "source": "Yahoo hires",
        "usage": "main",
        "wikidata": "Q25630218",
        "wikipedia": "id:Jalur kereta api Padalarang–Kasugihan"
      }
    },
    {
      "type": "Feature",
      "geometry": {
        "type": "LineString",
        "coordinates": [
          [
            107.8317564,
            -6.9804762
          ],
          [
            107.8318749,
            -6.9806215
          ],
          [
            107.8319414,
            -6.9807043
          ],
          [
            107.8320575,
            -6.9808456
          ],
          [
            107.8321639,
            -6.98098
          ]
        ]
      },
      "properties": {
        "id": 1279345203,
        "electrified": "no",
        "gauge": "1067",
        "railway": "rail",
        "railway:track_ref": "2",
        "service": "siding",
        "source": "Yahoo hires"
      }
    },
    {
      "type": "Feature",
      "geometry": {
        "type": "LineString",
        "coordinates": [
          [
            107.8242952,
            -6.9800513
          ],
          [
            107.8237874,
            -6.9804909
          ]
        ]
      },
      "properties": {
        "id": 1279345205,
        "electrified": "no",
        "gauge": "1067",
        "railway": "rail",
        "service": "crossover",
        "usage": "main"
      }
    },
    {
      "type": "Feature",
      "geometry": {
        "type": "LineString",
        "coordinates": [
          [
            107.6873668,
            -6.9398957
          ],
          [
            107.6863148,
            -6.9395132
          ]
        ]
      },
      "properties": {
        "id": 1279414898,
        "electrified": "no",
        "gauge": "1067",
        "maxspeed": "100",
        "name": "Jalur Kereta Api Padalarang–Kasugihan",
        "operator": "Kereta Api Indonesia",
        "owner": "Direktorat Jenderal Perkeretaapian Kementerian Perhubungan Republik Indonesia",
        "railway": "rail",
        "railway:bidirectional": "signals",
        "railway:preferred_direction": "forward",
        "railway:traffic_mode": "mixed",
        "sleeper:material": "concrete",
        "source": "Yahoo hires",
        "usage": "main",
        "wikidata": "Q25630218",
        "wikipedia": "id:Jalur kereta api Padalarang–Kasugihan"
      }
    },
    {
      "type": "Feature",
      "geometry": {
        "type": "LineString",
        "coordinates": [
          [
            107.6939787,
            -6.9423053
          ],
          [
            107.6939199,
            -6.942284
          ],
          [
            107.6938758,
            -6.942268
          ],
          [
            107.6935402,
            -6.9421457
          ],
          [
            107.6918702,
            -6.9415374
          ],
          [
            107.6916047,
            -6.9414389
          ]
        ]
      },
      "properties": {
        "id": 1279414899,
        "electrified": "no",
        "gauge": "1067",
        "maxspeed": "110",
        "name": "Jalur Kereta Api Padalarang–Kasugihan",
        "operator": "Kereta Api Indonesia",
        "owner": "Direktorat Jenderal Perkeretaapian Kementerian Perhubungan Republik Indonesia",
        "railway": "rail",
        "railway:bidirectional": "signals",
        "railway:preferred_direction": "forward",
        "railway:traffic_mode": "mixed",
        "sleeper:material": "concrete",
        "source": "Yahoo hires",
        "usage": "main",
        "wikidata": "Q25630218",
        "wikipedia": "id:Jalur kereta api Padalarang–Kasugihan"
      }
    },
    {
      "type": "Feature",
      "geometry": {
        "type": "LineString",
        "coordinates": [
          [
            107.65416,
            -6.9277192
          ],
          [
            107.6538565,
            -6.92761
          ],
          [
            107.6532309,
            -6.9273913
          ],
          [
            107.6529879,
            -6.9273106
          ],
          [
            107.652771,
            -6.9272452
          ],
          [
            107.6523225,
            -6.9271026
          ],
          [
            107.6518809,
            -6.9269579
          ],
          [
            107.6515062,
            -6.9268172
          ],
          [
            107.6507626,
            -6.9265488
          ]
        ]
      },
      "properties": {
        "id": 1279414905,
        "electrified": "no",
        "gauge": "1067",
        "maxspeed": "100",
        "name": "Jalur Kereta Api Padalarang–Kasugihan",
        "operator": "Kereta Api Indonesia",
        "owner": "Direktorat Jenderal Perkeretaapian Kementerian Perhubungan Republik Indonesia",
        "railway": "rail",
        "railway:bidirectional": "signals",
        "railway:preferred_direction": "forward",
        "railway:traffic_mode": "mixed",
        "sleeper:material": "concrete",
        "usage": "main",
        "wikidata": "Q25630218",
        "wikipedia": "id:Jalur kereta api Padalarang–Kasugihan"
      }
    },
    {
      "type": "Feature",
      "geometry": {
        "type": "LineString",
        "coordinates": [
          [
            107.6434821,
            -6.9239355
          ],
          [
            107.6428714,
            -6.9236661
          ]
        ]
      },
      "properties": {
        "id": 1279414908,
        "electrified": "no",
        "gauge": "1067",
        "railway": "rail",
        "service": "crossover"
      }
    },
    {
      "type": "Feature",
      "geometry": {
        "type": "LineString",
        "coordinates": [
          [
            107.6428714,
            -6.9236661
          ],
          [
            107.6422372,
            -6.9234402
          ]
        ]
      },
      "properties": {
        "id": 1279414913,
        "electrified": "no",
        "gauge": "1067",
        "maxspeed": "90",
        "name": "Jalur Kereta Api Padalarang–Kasugihan",
        "operator": "Kereta Api Indonesia",
        "owner": "Direktorat Jenderal Perkeretaapian Kementerian Perhubungan Republik Indonesia",
        "railway": "rail",
        "railway:bidirectional": "signals",
        "railway:preferred_direction": "forward",
        "railway:traffic_mode": "mixed",
        "sleeper:material": "concrete",
        "usage": "main",
        "wikidata": "Q25630218",
        "wikipedia": "id:Jalur kereta api Padalarang–Kasugihan"
      }
    },
    {
      "type": "Feature",
      "geometry": {
        "type": "LineString",
        "coordinates": [
          [
            107.6453531,
            -6.924662
          ],
          [
            107.6454626,
            -6.9247025
          ],
          [
            107.6456145,
            -6.9247603
          ]
        ]
      },
      "properties": {
        "id": 1279414915,
        "electrified": "no",
        "gauge": "1067",
        "railway": "rail",
        "railway:track_ref": "1",
        "service": "siding"
      }
    },
    {
      "type": "Feature",
      "geometry": {
        "type": "LineString",
        "coordinates": [
          [
            107.6500686,
            -6.9262961
          ],
          [
            107.6493896,
            -6.9260901
          ]
        ]
      },
      "properties": {
        "id": 1282198692,
        "electrified": "no",
        "gauge": "1067",
        "railway": "rail",
        "service": "crossover"
      }
    },
    {
      "type": "Feature",
      "geometry": {
        "type": "LineString",
        "coordinates": [
          [
            107.5347216,
            -6.8841796
          ],
          [
            107.5338517,
            -6.8831516
          ],
          [
            107.5332502,
            -6.882474
          ],
          [
            107.5329868,
            -6.8821902
          ],
          [
            107.5324174,
            -6.881615
          ],
          [
            107.5318216,
            -6.8810669
          ],
          [
            107.5315466,
            -6.8808085
          ],
          [
            107.5315291,
            -6.8807924
          ],
          [
            107.53151,
            -6.8807747
          ],
          [
            107.5309803,
            -6.8802851
          ],
          [
            107.5306047,
            -6.879938
          ],
          [
            107.5305888,
            -6.8799225
          ],
          [
            107.530329,
            -6.8796827
          ],
          [
            107.5284864,
            -6.8779688
          ],
          [
            107.5281164,
            -6.8776325
          ],
          [
            107.5272551,
            -6.8768314
          ],
          [
            107.5254986,
            -6.8752089
          ],
          [
            107.5247992,
            -6.8745614
          ],
          [
            107.5244936,
            -6.8742937
          ],
          [
            107.5240994,
            -6.8739823
          ],
          [
            107.5237786,
            -6.873751
          ],
          [
            107.5234978,
            -6.8735712
          ],
          [
            107.5233321,
            -6.8734717
          ],
          [
            107.52313,
            -6.8733504
          ],
          [
            107.5227263,
            -6.8731355
          ],
          [
            107.5218812,
            -6.8727232
          ],
          [
            107.5211703,
            -6.8723841
          ],
          [
            107.5198363,
            -6.8717366
          ]
        ]
      },
      "properties": {
        "id": 1289162534,
        "electrified": "no",
        "gauge": "1067",
        "maxspeed": "110",
        "name": "Jalur Kereta Api Padalarang–Kasugihan",
        "operator": "Kereta Api Indonesia",
        "owner": "Direktorat Jenderal Perkeretaapian Kementerian Perhubungan Republik Indonesia",
        "railway": "rail",
        "railway:bidirectional": "signals",
        "railway:preferred_direction": "forward",
        "railway:traffic_mode": "mixed",
        "sleeper:material": "concrete",
        "usage": "main",
        "wikidata": "Q25630218",
        "wikipedia": "id:Jalur kereta api Bogor–Padalarang–Kasugihan"
      }
    },
    {
      "type": "Feature",
      "geometry": {
        "type": "LineString",
        "coordinates": [
          [
            107.5008325,
            -6.8459445
          ],
          [
            107.5006227,
            -6.8457696
          ],
          [
            107.5003694,
            -6.8455597
          ],
          [
            107.5001304,
            -6.8453661
          ],
          [
            107.4999081,
            -6.8451768
          ]
        ]
      },
      "properties": {
        "id": 1289998555,
        "electrified": "no",
        "gauge": "1067",
        "maxspeed": "110",
        "name": "Jalur Kereta Api Padalarang–Kasugihan",
        "operator": "Kereta Api Indonesia",
        "owner": "Direktorat Jenderal Perkeretaapian Kementerian Perhubungan Republik Indonesia",
        "railway": "rail",
        "railway:bidirectional": "signals",
        "railway:preferred_direction": "forward",
        "railway:traffic_mode": "mixed",
        "sleeper:material": "concrete",
        "usage": "main",
        "wikidata": "Q25630218",
        "wikipedia": "id:Jalur kereta api Padalarang–Kasugihan"
      }
    },
    {
      "type": "Feature",
      "geometry": {
        "type": "LineString",
        "coordinates": [
          [
            107.4620828,
            -6.8029839
          ],
          [
            107.4621508,
            -6.8030026
          ]
        ]
      },
      "properties": {
        "id": 1291053276,
        "electrified": "no",
        "gauge": "1067",
        "maxspeed": "60",
        "name": "Jalur Kereta Api Cikampek–Padalarang",
        "railway": "rail",
        "source": "Yahoo hires",
        "usage": "main",
        "wikidata": "Q12487113",
        "wikipedia": "id:Jalur kereta api Cikampek–Padalarang"
      }
    },
    {
      "type": "Feature",
      "geometry": {
        "type": "LineString",
        "coordinates": [
          [
            107.4653527,
            -6.8039981
          ],
          [
            107.4654279,
            -6.8040342
          ],
          [
            107.4655961,
            -6.8041159
          ]
        ]
      },
      "properties": {
        "id": 1291053277,
        "electrified": "no",
        "gauge": "1067",
        "maxspeed": "60",
        "name": "Jalur Kereta Api Cikampek–Padalarang",
        "railway": "rail",
        "source": "Yahoo hires",
        "usage": "main",
        "wikidata": "Q12487113",
        "wikipedia": "id:Jalur kereta api Cikampek–Padalarang"
      }
    },
    {
      "type": "Feature",
      "geometry": {
        "type": "LineString",
        "coordinates": [
          [
            107.4323756,
            -6.7810819
          ],
          [
            107.4325336,
            -6.7814369
          ],
          [
            107.4326399,
            -6.7816477
          ],
          [
            107.43274,
            -6.7818081
          ]
        ]
      },
      "properties": {
        "id": 1291053282,
        "electrified": "no",
        "gauge": "1067",
        "maxspeed": "60",
        "name": "Jalur Kereta Api Cikampek–Padalarang",
        "railway": "rail",
        "source": "Yahoo hires",
        "usage": "main",
        "wikidata": "Q12487113",
        "wikipedia": "id:Jalur kereta api Cikampek–Padalarang"
      }
    },
    {
      "type": "Feature",
      "geometry": {
        "type": "LineString",
        "coordinates": [
          [
            107.427475,
            -6.7785168
          ],
          [
            107.4276297,
            -6.7784936
          ],
          [
            107.4278829,
            -6.778446
          ],
          [
            107.4288326,
            -6.7782672
          ]
        ]
      },
      "properties": {
        "id": 1291053283,
        "electrified": "no",
        "gauge": "1067",
        "maxspeed": "60",
        "name": "Jalur Kereta Api Cikampek–Padalarang",
        "railway": "rail",
        "source": "Yahoo hires",
        "usage": "main",
        "wikidata": "Q12487113",
        "wikipedia": "id:Jalur kereta api Cikampek–Padalarang"
      }
    },
    {
      "type": "Feature",
      "geometry": {
        "type": "LineString",
        "coordinates": [
          [
            107.4119786,
            -6.7605815
          ],
          [
            107.4122187,
            -6.7605319
          ],
          [
            107.4130165,
            -6.7603644
          ],
          [
            107.4133055,
            -6.7602774
          ],
          [
            107.4135222,
            -6.7601838
          ],
          [
            107.4136284,
            -6.7601287
          ],
          [
            107.4138353,
            -6.7599867
          ],
          [
            107.4141265,
            -6.7597228
          ],
          [
            107.4142871,
            -6.7595029
          ],
          [
            107.4144435,
            -6.759212
          ],
          [
            107.4145383,
            -6.7589302
          ],
          [
            107.4146704,
            -6.7585666
          ],
          [
            107.4147415,
            -6.758418
          ],
          [
            107.4147925,
            -6.7583118
          ],
          [
            107.4148737,
            -6.7581835
          ],
          [
            107.4149672,
            -6.7580551
          ],
          [
            107.4150718,
            -6.7579305
          ],
          [
            107.4152182,
            -6.7578001
          ]
        ]
      },
      "properties": {
        "id": 1302181745,
        "electrified": "no",
        "gauge": "1067",
        "maxspeed": "60",
        "name": "Jalur Kereta Api Cikampek–Padalarang",
        "railway": "rail",
        "usage": "main",
        "wikidata": "Q12487113",
        "wikipedia": "id:Jalur kereta api Cikampek–Padalarang"
      }
    },
    {
      "type": "Feature",
      "geometry": {
        "type": "LineString",
        "coordinates": [
          [
            107.407886,
            -6.760887
          ],
          [
            107.4083999,
            -6.7608714
          ],
          [
            107.4084571,
            -6.7608697
          ],
          [
            107.4087526,
            -6.7608595
          ],
          [
            107.4093565,
            -6.7608404
          ],
          [
            107.4097923,
            -6.7608274
          ],
          [
            107.4104461,
            -6.7608077
          ],
          [
            107.4107656,
            -6.7607916
          ],
          [
            107.4109361,
            -6.7607812
          ],
          [
            107.4110945,
            -6.7607602
          ],
          [
            107.4112337,
            -6.7607381
          ],
          [
            107.4112755,
            -6.7607314
          ],
          [
            107.4114917,
            -6.7606883
          ],
          [
            107.4119786,
            -6.7605815
          ]
        ]
      },
      "properties": {
        "id": 1302181746,
        "electrified": "no",
        "gauge": "1067",
        "length": "312",
        "maxspeed": "60",
        "name": "Jalur Kereta Api Cikampek–Padalarang",
        "railway": "rail",
        "railway:track_ref": "2",
        "usage": "main",
        "wikidata": "Q12487113",
        "wikipedia": "id:Jalur kereta api Cikampek–Padalarang"
      }
    },
    {
      "type": "Feature",
      "geometry": {
        "type": "LineString",
        "coordinates": [
          [
            107.3954126,
            -6.7331626
          ],
          [
            107.3954142,
            -6.733367
          ],
          [
            107.3954164,
            -6.7335045
          ],
          [
            107.3954376,
            -6.7336636
          ],
          [
            107.3954751,
            -6.7338194
          ],
          [
            107.395549,
            -6.7341058
          ],
          [
            107.3956385,
            -6.7343457
          ],
          [
            107.3957647,
            -6.7346003
          ],
          [
            107.3959423,
            -6.7348754
          ],
          [
            107.3961527,
            -6.7351239
          ],
          [
            107.3963767,
            -6.735318
          ],
          [
            107.3966157,
            -6.7354676
          ],
          [
            107.3968382,
            -6.7355745
          ]
        ]
      },
      "properties": {
        "id": 1302181749,
        "electrified": "no",
        "gauge": "1067",
        "maxspeed": "60",
        "name": "Jalur Kereta Api Cikampek–Padalarang",
        "operator": "Kereta Api Indonesia",
        "railway": "rail",
        "usage": "main",
        "wikidata": "Q12487113",
        "wikipedia": "id:Jalur kereta api Cikampek–Padalarang"
      }
    },
    {
      "type": "Feature",
      "geometry": {
        "type": "LineString",
        "coordinates": [
          [
            107.3898939,
            -6.7148342
          ],
          [
            107.3903795,
            -6.7151762
          ],
          [
            107.3912463,
            -6.7157799
          ],
          [
            107.3916331,
            -6.7160739
          ],
          [
            107.3917271,
            -6.7161544
          ],
          [
            107.3919147,
            -6.7163325
          ],
          [
            107.3920143,
            -6.7164207
          ]
        ]
      },
      "properties": {
        "id": 1302181751,
        "electrified": "no",
        "gauge": "1067",
        "maxspeed": "60",
        "name": "Jalur Kereta Api Cikampek–Padalarang",
        "operator": "Kereta Api Indonesia",
        "railway": "rail",
        "railway:track_ref": "3",
        "usage": "main",
        "wikidata": "Q12487113",
        "wikipedia": "id:Jalur kereta api Cikampek–Padalarang"
      }
    },
    {
      "type": "Feature",
      "geometry": {
        "type": "LineString",
        "coordinates": [
          [
            107.3912606,
            -6.6426593
          ],
          [
            107.3912872,
            -6.6422182
          ],
          [
            107.3913237,
            -6.6416574
          ],
          [
            107.3913276,
            -6.641597
          ],
          [
            107.3913358,
            -6.641402
          ],
          [
            107.3913437,
            -6.640949
          ],
          [
            107.3913568,
            -6.6402787
          ],
          [
            107.3913642,
            -6.6400186
          ],
          [
            107.3913698,
            -6.6398407
          ],
          [
            107.3913906,
            -6.6394804
          ],
          [
            107.3914039,
            -6.6391807
          ],
          [
            107.3913881,
            -6.6389615
          ],
          [
            107.3913789,
            -6.6388823
          ]
        ]
      },
      "properties": {
        "id": 1302204369,
        "electrified": "no",
        "gauge": "1067",
        "maxspeed": "60",
        "name": "Jalur Kereta Api Cikampek–Padalarang",
        "operator": "Kereta Api Indonesia",
        "railway": "rail",
        "railway:track_ref": "2",
        "usage": "main",
        "wikidata": "Q12487113",
        "wikipedia": "id:Jalur kereta api Cikampek–Padalarang"
      }
    },
    {
      "type": "Feature",
      "geometry": {
        "type": "LineString",
        "coordinates": [
          [
            107.4094523,
            -6.6063977
          ],
          [
            107.4094499,
            -6.6071784
          ],
          [
            107.409414,
            -6.6075826
          ],
          [
            107.4093473,
            -6.6079894
          ],
          [
            107.409269,
            -6.608421
          ],
          [
            107.4092223,
            -6.6086436
          ],
          [
            107.4090921,
            -6.6092042
          ],
          [
            107.4089465,
            -6.6096916
          ],
          [
            107.4089136,
            -6.6097853
          ],
          [
            107.4086071,
            -6.6105348
          ],
          [
            107.4084911,
            -6.6108232
          ],
          [
            107.4084476,
            -6.6109312
          ],
          [
            107.4082975,
            -6.6112928
          ],
          [
            107.4076166,
            -6.6129585
          ],
          [
            107.4073379,
            -6.613553
          ],
          [
            107.4072596,
            -6.6136833
          ]
        ]
      },
      "properties": {
        "id": 1302558930,
        "electrified": "no",
        "gauge": "1067",
        "maxspeed": "60",
        "name": "Jalur Kereta Api Cikampek–Padalarang",
        "operator": "Kereta Api Indonesia",
        "railway": "rail",
        "railway:track_ref": "1",
        "usage": "main",
        "wikidata": "Q12487113",
        "wikipedia": "id:Jalur kereta api Cikampek–Padalarang"
      }
    },
    {
      "type": "Feature",
      "geometry": {
        "type": "LineString",
        "coordinates": [
          [
            107.429238,
            -6.5721503
          ],
          [
            107.4286401,
            -6.5716426
          ],
          [
            107.428249,
            -6.5713095
          ],
          [
            107.4280256,
            -6.5711324
          ],
          [
            107.427817,
            -6.570998
          ],
          [
            107.4275801,
            -6.5708861
          ],
          [
            107.4274986,
            -6.5708596
          ],
          [
            107.4274159,
            -6.570835
          ],
          [
            107.4273696,
            -6.5708241
          ],
          [
            107.4270381,
            -6.5707626
          ],
          [
            107.4264808,
            -6.5706964
          ],
          [
            107.4259939,
            -6.5706317
          ],
          [
            107.4257176,
            -6.5705709
          ],
          [
            107.4253846,
            -6.5704592
          ],
          [
            107.4252242,
            -6.5703604
          ]
        ]
      },
      "properties": {
        "id": 1302558933,
        "electrified": "no",
        "gauge": "1067",
        "maxspeed": "60",
        "name": "Jalur Kereta Api Cikampek–Padalarang",
        "operator": "Kereta Api Indonesia",
        "railway": "rail",
        "usage": "main",
        "wikidata": "Q12487113",
        "wikipedia": "id:Jalur kereta api Cikampek–Padalarang"
      }
    },
    {
      "type": "Feature",
      "geometry": {
        "type": "LineString",
        "coordinates": [
          [
            107.4472627,
            -6.554094
          ],
          [
            107.4465326,
            -6.5526111
          ]
        ]
      },
      "properties": {
        "id": 1302558936,
        "railway": "rail",
        "railway:track_ref": "4",
        "service": "siding"
      }
    },
    {
      "type": "Feature",
      "geometry": {
        "type": "LineString",
        "coordinates": [
          [
            107.4489388,
            -6.5577751
          ],
          [
            107.4492487,
            -6.5584123
          ]
        ]
      },
      "properties": {
        "id": 1302558940,
        "electrified": "no",
        "gauge": "1067",
        "maxspeed": "60",
        "name": "Jalur Kereta Api Cikampek–Padalarang",
        "railway": "rail",
        "usage": "main",
        "wikidata": "Q12487113",
        "wikipedia": "id:Jalur kereta api Cikampek–Padalarang"
      }
    },
    {
      "type": "Feature",
      "geometry": {
        "type": "LineString",
        "coordinates": [
          [
            107.4489388,
            -6.5577751
          ],
          [
            107.4487733,
            -6.5573415
          ]
        ]
      },
      "properties": {
        "id": 1302558943,
        "railway": "rail",
        "service": "siding"
      }
    },
    {
      "type": "Feature",
      "geometry": {
        "type": "LineString",
        "coordinates": [
          [
            107.4953869,
            -6.8409687
          ],
          [
            107.4953035,
            -6.8408899
          ],
          [
            107.4952595,
            -6.8408493
          ]
        ]
      },
      "properties": {
        "id": 1303724118,
        "electrified": "no",
        "gauge": "1067",
        "name": "Jalur Kereta Api Padalarang–Kasugihan",
        "operator": "Kereta Api Indonesia",
        "owner": "Direktorat Jenderal Perkeretaapian Kementerian Perhubungan Republik Indonesia",
        "railway": "rail",
        "railway:bidirectional": "signals",
        "railway:preferred_direction": "forward",
        "railway:traffic_mode": "mixed",
        "sleeper:material": "concrete",
        "usage": "main",
        "wikidata": "Q25630218",
        "wikipedia": "id:Jalur kereta api Padalarang–Kasugihan"
      }
    },
    {
      "type": "Feature",
      "geometry": {
        "type": "LineString",
        "coordinates": [
          [
            107.5155013,
            -6.8652886
          ],
          [
            107.514957,
            -6.8640733
          ],
          [
            107.5146052,
            -6.863278
          ]
        ]
      },
      "properties": {
        "id": 1303724121,
        "electrified": "no",
        "gauge": "1067",
        "maxspeed": "110",
        "name": "Jalur Kereta Api Padalarang–Kasugihan",
        "operator": "Kereta Api Indonesia",
        "owner": "Direktorat Jenderal Perkeretaapian Kementerian Perhubungan Republik Indonesia",
        "railway": "rail",
        "railway:bidirectional": "signals",
        "railway:preferred_direction": "forward",
        "railway:track_ref": "2",
        "railway:traffic_mode": "mixed",
        "sleeper:material": "concrete",
        "usage": "main",
        "wikidata": "Q25630218",
        "wikipedia": "id:Jalur kereta api Padalarang–Kasugihan"
      }
    },
    {
      "type": "Feature",
      "geometry": {
        "type": "LineString",
        "coordinates": [
          [
            107.5709107,
            -6.9024837
          ],
          [
            107.5698989,
            -6.9018151
          ],
          [
            107.5683033,
            -6.9007588
          ],
          [
            107.5673941,
            -6.9001551
          ],
          [
            107.565307,
            -6.8987909
          ],
          [
            107.5652834,
            -6.8987755
          ],
          [
            107.5642368,
            -6.8980752
          ],
          [
            107.5641854,
            -6.8980408
          ]
        ]
      },
      "properties": {
        "id": 1303724124,
        "electrified": "no",
        "gauge": "1067",
        "maxspeed": "110",
        "name": "Jalur Kereta Api Padalarang–Kasugihan",
        "operator": "Kereta Api Indonesia",
        "owner": "Direktorat Jenderal Perkeretaapian Kementerian Perhubungan Republik Indonesia",
        "railway": "rail",
        "railway:bidirectional": "signals",
        "railway:preferred_direction": "forward",
        "railway:traffic_mode": "mixed",
        "sleeper:material": "concrete",
        "usage": "main",
        "wikidata": "Q25630218",
        "wikipedia": "id:Jalur kereta api Padalarang–Kasugihan"
      }
    },
    {
      "type": "Feature",
      "geometry": {
        "type": "LineString",
        "coordinates": [
          [
            107.5641854,
            -6.8980408
          ],
          [
            107.5637707,
            -6.8977636
          ],
          [
            107.5633281,
            -6.8974853
          ],
          [
            107.5629527,
            -6.8972258
          ],
          [
            107.5626565,
            -6.8970211
          ],
          [
            107.5618409,
            -6.8964887
          ],
          [
            107.5608515,
            -6.8958324
          ],
          [
            107.5605771,
            -6.8956591
          ],
          [
            107.5604131,
            -6.8955578
          ],
          [
            107.5603777,
            -6.8955359
          ],
          [
            107.5602416,
            -6.8954572
          ],
          [
            107.5599064,
            -6.8952689
          ],
          [
            107.5598132,
            -6.8952145
          ],
          [
            107.5596795,
            -6.8951484
          ],
          [
            107.5594408,
            -6.8950192
          ],
          [
            107.5591238,
            -6.8948543
          ],
          [
            107.5587546,
            -6.8946591
          ]
        ]
      },
      "properties": {
        "id": 1303724125,
        "electrified": "no",
        "gauge": "1067",
        "maxspeed": "110",
        "name": "Jalur Kereta Api Padalarang–Kasugihan",
        "operator": "Kereta Api Indonesia",
        "owner": "Direktorat Jenderal Perkeretaapian Kementerian Perhubungan Republik Indonesia",
        "railway": "rail",
        "railway:bidirectional": "signals",
        "railway:preferred_direction": "forward",
        "railway:track_ref": "3",
        "railway:traffic_mode": "mixed",
        "sleeper:material": "concrete",
        "usage": "main",
        "wikidata": "Q25630218",
        "wikipedia": "id:Jalur kereta api Padalarang–Kasugihan"
      }
    },
    {
      "type": "Feature",
      "geometry": {
        "type": "LineString",
        "coordinates": [
          [
            107.7113976,
            -6.9486453
          ],
          [
            107.710294,
            -6.9482369
          ],
          [
            107.7102534,
            -6.9482218
          ],
          [
            107.7058078,
            -6.9466049
          ],
          [
            107.7039779,
            -6.9459422
          ]
        ]
      },
      "properties": {
        "id": 1303922765,
        "electrified": "no",
        "gauge": "1067",
        "maxspeed": "110",
        "name": "Jalur Kereta Api Padalarang–Kasugihan",
        "operator": "Kereta Api Indonesia",
        "owner": "Direktorat Jenderal Perkeretaapian Kementerian Perhubungan Republik Indonesia",
        "railway": "rail",
        "railway:bidirectional": "signals",
        "railway:preferred_direction": "forward",
        "railway:traffic_mode": "mixed",
        "sleeper:material": "concrete",
        "source": "Yahoo hires",
        "usage": "main",
        "wikidata": "Q25630218",
        "wikipedia": "id:Jalur kereta api Padalarang–Kasugihan"
      }
    },
    {
      "type": "Feature",
      "geometry": {
        "type": "LineString",
        "coordinates": [
          [
            107.7129817,
            -6.9492216
          ],
          [
            107.7121621,
            -6.9489291
          ],
          [
            107.7113976,
            -6.9486453
          ]
        ]
      },
      "properties": {
        "id": 1303922766,
        "electrified": "no",
        "gauge": "1067",
        "maxspeed": "110",
        "name": "Jalur Kereta Api Padalarang–Kasugihan",
        "operator": "Kereta Api Indonesia",
        "owner": "Direktorat Jenderal Perkeretaapian Kementerian Perhubungan Republik Indonesia",
        "railway": "rail",
        "railway:bidirectional": "signals",
        "railway:preferred_direction": "forward",
        "railway:track_ref": "2",
        "railway:traffic_mode": "mixed",
        "sleeper:material": "concrete",
        "source": "Yahoo hires",
        "usage": "main",
        "wikidata": "Q25630218",
        "wikipedia": "id:Jalur kereta api Padalarang–Kasugihan"
      }
    },
    {
      "type": "Feature",
      "geometry": {
        "type": "LineString",
        "coordinates": [
          [
            107.8332587,
            -6.9822242
          ],
          [
            107.8336581,
            -6.982616
          ]
        ]
      },
      "properties": {
        "id": 1305415650,
        "electrified": "no",
        "gauge": "1067",
        "railway": "rail",
        "service": "siding"
      }
    },
    {
      "type": "Feature",
      "geometry": {
        "type": "LineString",
        "coordinates": [
          [
            107.8102516,
            -6.9845392
          ],
          [
            107.8080189,
            -6.9837287
          ],
          [
            107.8066751,
            -6.9832475
          ],
          [
            107.8046926,
            -6.9825162
          ],
          [
            107.8040472,
            -6.9822804
          ],
          [
            107.8032502,
            -6.9819907
          ]
        ]
      },
      "properties": {
        "id": 1306634318,
        "electrified": "no",
        "gauge": "1067",
        "maxspeed": "110",
        "name": "Jalur Kereta Api Padalarang–Kasugihan",
        "operator": "Kereta Api Indonesia",
        "owner": "Direktorat Jenderal Perkeretaapian Kementerian Perhubungan Republik Indonesia",
        "railway": "rail",
        "railway:bidirectional": "signals",
        "railway:preferred_direction": "forward",
        "railway:traffic_mode": "mixed",
        "sleeper:material": "concrete",
        "usage": "main",
        "wikidata": "Q25630218",
        "wikipedia": "id:Jalur kereta api Padalarang–Kasugihan"
      }
    },
    {
      "type": "Feature",
      "geometry": {
        "type": "LineString",
        "coordinates": [
          [
            107.8103948,
            -6.984591
          ],
          [
            107.8102516,
            -6.9845392
          ]
        ]
      },
      "properties": {
        "id": 1306634319,
        "bridge": "yes",
        "electrified": "no",
        "gauge": "1067",
        "layer": "1",
        "maxspeed": "110",
        "name": "Jalur Kereta Api Padalarang–Kasugihan",
        "operator": "Kereta Api Indonesia",
        "owner": "Direktorat Jenderal Perkeretaapian Kementerian Perhubungan Republik Indonesia",
        "railway": "rail",
        "railway:bidirectional": "signals",
        "railway:preferred_direction": "forward",
        "railway:traffic_mode": "mixed",
        "sleeper:material": "concrete",
        "usage": "main",
        "wikidata": "Q25630218",
        "wikipedia": "id:Jalur kereta api Padalarang–Kasugihan"
      }
    },
    {
      "type": "Feature",
      "geometry": {
        "type": "LineString",
        "coordinates": [
          [
            107.8030634,
            -6.9819217
          ],
          [
            107.8021286,
            -6.9815946
          ],
          [
            107.8016699,
            -6.9814282
          ],
          [
            107.7998894,
            -6.9807949
          ]
        ]
      },
      "properties": {
        "id": 1306634320,
        "electrified": "no",
        "gauge": "1067",
        "maxspeed": "110",
        "name": "Jalur Kereta Api Padalarang–Kasugihan",
        "operator": "Kereta Api Indonesia",
        "owner": "Direktorat Jenderal Perkeretaapian Kementerian Perhubungan Republik Indonesia",
        "railway": "rail",
        "railway:bidirectional": "signals",
        "railway:preferred_direction": "forward",
        "railway:traffic_mode": "mixed",
        "sleeper:material": "concrete",
        "usage": "main",
        "wikidata": "Q25630218",
        "wikipedia": "id:Jalur kereta api Padalarang–Kasugihan"
      }
    },
    {
      "type": "Feature",
      "geometry": {
        "type": "LineString",
        "coordinates": [
          [
            107.8032502,
            -6.9819907
          ],
          [
            107.8030634,
            -6.9819217
          ]
        ]
      },
      "properties": {
        "id": 1306634321,
        "bridge": "yes",
        "electrified": "no",
        "gauge": "1067",
        "layer": "1",
        "maxspeed": "110",
        "name": "Jalur Kereta Api Padalarang–Kasugihan",
        "operator": "Kereta Api Indonesia",
        "owner": "Direktorat Jenderal Perkeretaapian Kementerian Perhubungan Republik Indonesia",
        "railway": "rail",
        "railway:bidirectional": "signals",
        "railway:preferred_direction": "forward",
        "railway:traffic_mode": "mixed",
        "sleeper:material": "concrete",
        "usage": "main",
        "wikidata": "Q25630218",
        "wikipedia": "id:Jalur kereta api Padalarang–Kasugihan"
      }
    },
    {
      "type": "Feature",
      "geometry": {
        "type": "LineString",
        "coordinates": [
          [
            107.9803087,
            -7.0997388
          ],
          [
            107.9807261,
            -7.0996015
          ]
        ]
      },
      "properties": {
        "id": 1307653269,
        "electrified": "no",
        "gauge": "1067",
        "maxspeed": "55",
        "name": "Jalur Kereta Api Padalarang–Kasugihan",
        "operator": "Kereta Api Indonesia",
        "owner": "Direktorat Jenderal Perkeretaapian Kementerian Perhubungan Republik Indonesia",
        "railway": "rail",
        "railway:bidirectional": "regular",
        "railway:preferred_direction": "both",
        "railway:track_ref": "2",
        "railway:traffic_mode": "mixed",
        "sleeper:material": "concrete",
        "usage": "main",
        "wikidata": "Q25630218",
        "wikipedia": "id:Jalur kereta api Padalarang–Kasugihan"
      }
    },
    {
      "type": "Feature",
      "geometry": {
        "type": "LineString",
        "coordinates": [
          [
            107.8331538,
            -6.9821056
          ],
          [
            107.8331966,
            -6.9821559
          ],
          [
            107.8332587,
            -6.9822242
          ]
        ]
      },
      "properties": {
        "id": 1313528588,
        "electrified": "no",
        "gauge": "1067",
        "railway": "rail",
        "railway:track_ref": "2",
        "service": "siding",
        "source": "Yahoo hires"
      }
    },
    {
      "type": "Feature",
      "geometry": {
        "type": "LineString",
        "coordinates": [
          [
            107.6422372,
            -6.9234402
          ],
          [
            107.6421269,
            -6.9234014
          ]
        ]
      },
      "properties": {
        "id": 1313828776,
        "electrified": "no",
        "gauge": "1067",
        "maxspeed": "90",
        "name": "Jalur Kereta Api Padalarang–Kasugihan",
        "operator": "Kereta Api Indonesia",
        "owner": "Direktorat Jenderal Perkeretaapian Kementerian Perhubungan Republik Indonesia",
        "railway": "rail",
        "railway:bidirectional": "signals",
        "railway:preferred_direction": "forward",
        "railway:traffic_mode": "mixed",
        "sleeper:material": "concrete",
        "usage": "main",
        "wikidata": "Q25630218",
        "wikipedia": "id:Jalur kereta api Padalarang–Kasugihan"
      }
    },
    {
      "type": "Feature",
      "geometry": {
        "type": "LineString",
        "coordinates": [
          [
            107.6507626,
            -6.9265488
          ],
          [
            107.6506588,
            -6.9265112
          ]
        ]
      },
      "properties": {
        "id": 1324425104,
        "electrified": "no",
        "gauge": "1067",
        "maxspeed": "90",
        "name": "Jalur Kereta Api Padalarang–Kasugihan",
        "operator": "Kereta Api Indonesia",
        "owner": "Direktorat Jenderal Perkeretaapian Kementerian Perhubungan Republik Indonesia",
        "railway": "rail",
        "railway:bidirectional": "signals",
        "railway:preferred_direction": "forward",
        "railway:traffic_mode": "mixed",
        "sleeper:material": "concrete",
        "usage": "main",
        "wikidata": "Q25630218",
        "wikipedia": "id:Jalur kereta api Padalarang–Kasugihan"
      }
    },
    {
      "type": "Feature",
      "geometry": {
        "type": "LineString",
        "coordinates": [
          [
            107.6492885,
            -6.9260515
          ],
          [
            107.6493896,
            -6.9260901
          ]
        ]
      },
      "properties": {
        "id": 1324625741,
        "electrified": "no",
        "gauge": "1067",
        "maxspeed": "90",
        "name": "Jalur Kereta Api Padalarang–Kasugihan",
        "operator": "Kereta Api Indonesia",
        "owner": "Direktorat Jenderal Perkeretaapian Kementerian Perhubungan Republik Indonesia",
        "railway": "rail",
        "railway:bidirectional": "signals",
        "railway:preferred_direction": "forward",
        "railway:traffic_mode": "mixed",
        "sleeper:material": "concrete",
        "source": "Yahoo hires",
        "usage": "main",
        "wikidata": "Q25630218",
        "wikipedia": "id:Jalur kereta api Padalarang–Kasugihan"
      }
    },
    {
      "type": "Feature",
      "geometry": {
        "type": "LineString",
        "coordinates": [
          [
            107.6506588,
            -6.9265112
          ],
          [
            107.6500686,
            -6.9262961
          ]
        ]
      },
      "properties": {
        "id": 1324625742,
        "electrified": "no",
        "gauge": "1067",
        "maxspeed": "90",
        "name": "Jalur Kereta Api Padalarang–Kasugihan",
        "operator": "Kereta Api Indonesia",
        "owner": "Direktorat Jenderal Perkeretaapian Kementerian Perhubungan Republik Indonesia",
        "railway": "rail",
        "railway:bidirectional": "signals",
        "railway:preferred_direction": "forward",
        "railway:traffic_mode": "mixed",
        "sleeper:material": "concrete",
        "usage": "main",
        "wikidata": "Q25630218",
        "wikipedia": "id:Jalur kereta api Padalarang–Kasugihan"
      }
    },
    {
      "type": "Feature",
      "geometry": {
        "type": "LineString",
        "coordinates": [
          [
            107.6592233,
            -6.9295781
          ],
          [
            107.6553246,
            -6.928145
          ],
          [
            107.654374,
            -6.9278013
          ],
          [
            107.6542969,
            -6.9277719
          ]
        ]
      },
      "properties": {
        "id": 1330465000,
        "electrified": "no",
        "gauge": "1067",
        "maxspeed": "100",
        "name": "Jalur Kereta Api Padalarang–Kasugihan",
        "operator": "Kereta Api Indonesia",
        "owner": "Direktorat Jenderal Perkeretaapian Kementerian Perhubungan Republik Indonesia",
        "railway": "rail",
        "railway:bidirectional": "signals",
        "railway:preferred_direction": "forward",
        "railway:traffic_mode": "mixed",
        "sleeper:material": "concrete",
        "usage": "main",
        "wikidata": "Q25630218",
        "wikipedia": "id:Jalur kereta api Padalarang–Kasugihan"
      }
    },
    {
      "type": "Feature",
      "geometry": {
        "type": "LineString",
        "coordinates": [
          [
            107.6593045,
            -6.9296065
          ],
          [
            107.6592233,
            -6.9295781
          ]
        ]
      },
      "properties": {
        "id": 1330465001,
        "bridge": "yes",
        "electrified": "no",
        "gauge": "1067",
        "layer": "1",
        "maxspeed": "100",
        "name": "Jalur Kereta Api Padalarang–Kasugihan",
        "operator": "Kereta Api Indonesia",
        "owner": "Direktorat Jenderal Perkeretaapian Kementerian Perhubungan Republik Indonesia",
        "railway": "rail",
        "railway:bidirectional": "signals",
        "railway:preferred_direction": "forward",
        "railway:traffic_mode": "mixed",
        "sleeper:material": "concrete",
        "usage": "main",
        "wikidata": "Q25630218",
        "wikipedia": "id:Jalur kereta api Padalarang–Kasugihan"
      }
    },
    {
      "type": "Feature",
      "geometry": {
        "type": "LineString",
        "coordinates": [
          [
            107.8315606,
            -6.980216
          ],
          [
            107.8317564,
            -6.9804762
          ]
        ]
      },
      "properties": {
        "id": 1346398708,
        "electrified": "no",
        "gauge": "1067",
        "name": "Jalur Kereta Api Padalarang–Kasugihan",
        "railway": "rail",
        "service": "siding",
        "source": "Yahoo hires"
      }
    },
    {
      "type": "Feature",
      "geometry": {
        "type": "LineString",
        "coordinates": [
          [
            107.8312481,
            -6.9798592
          ],
          [
            107.8313747,
            -6.9800025
          ],
          [
            107.8315012,
            -6.9801457
          ],
          [
            107.8315606,
            -6.980216
          ]
        ]
      },
      "properties": {
        "id": 1354655831,
        "electrified": "no",
        "gauge": "1067",
        "maxspeed": "110",
        "name": "Jalur Kereta Api Padalarang–Kasugihan",
        "operator": "Kereta Api Indonesia",
        "owner": "Direktorat Jenderal Perkeretaapian Kementerian Perhubungan Republik Indonesia",
        "railway": "rail",
        "railway:bidirectional": "signals",
        "railway:preferred_direction": "forward",
        "railway:traffic_mode": "mixed",
        "sleeper:material": "concrete",
        "source": "Yahoo hires",
        "usage": "main",
        "wikidata": "Q25630218",
        "wikipedia": "id:Jalur kereta api Padalarang–Kasugihan"
      }
    },
    {
      "type": "Feature",
      "geometry": {
        "type": "LineString",
        "coordinates": [
          [
            107.5164575,
            -6.8674713
          ],
          [
            107.516039,
            -6.866468
          ],
          [
            107.5156616,
            -6.8656295
          ],
          [
            107.5155013,
            -6.8652886
          ]
        ]
      },
      "properties": {
        "id": 1354655833,
        "electrified": "no",
        "gauge": "1067",
        "maxspeed": "110",
        "name": "Jalur Kereta Api Padalarang–Kasugihan",
        "operator": "Kereta Api Indonesia",
        "owner": "Direktorat Jenderal Perkeretaapian Kementerian Perhubungan Republik Indonesia",
        "railway": "rail",
        "railway:bidirectional": "signals",
        "railway:preferred_direction": "forward",
        "railway:traffic_mode": "mixed",
        "sleeper:material": "concrete",
        "usage": "main",
        "wikidata": "Q25630218",
        "wikipedia": "id:Jalur kereta api Padalarang–Kasugihan"
      }
    },
    {
      "type": "Feature",
      "geometry": {
        "type": "LineString",
        "coordinates": [
          [
            107.5198363,
            -6.8717366
          ],
          [
            107.5195403,
            -6.8715831
          ],
          [
            107.519437,
            -6.8715243
          ],
          [
            107.5190963,
            -6.8713304
          ],
          [
            107.5187013,
            -6.8710674
          ],
          [
            107.5184179,
            -6.8708275
          ],
          [
            107.5180554,
            -6.8704601
          ],
          [
            107.5178026,
            -6.8701628
          ],
          [
            107.5174659,
            -6.8696423
          ],
          [
            107.5174045,
            -6.8695454
          ],
          [
            107.5171455,
            -6.8690121
          ],
          [
            107.5168314,
            -6.8683035
          ],
          [
            107.5164575,
            -6.8674713
          ]
        ]
      },
      "properties": {
        "id": 1354655835,
        "electrified": "no",
        "gauge": "1067",
        "maxspeed": "100",
        "name": "Jalur Kereta Api Padalarang–Kasugihan",
        "operator": "Kereta Api Indonesia",
        "owner": "Direktorat Jenderal Perkeretaapian Kementerian Perhubungan Republik Indonesia",
        "railway": "rail",
        "railway:bidirectional": "signals",
        "railway:preferred_direction": "forward",
        "railway:traffic_mode": "mixed",
        "sleeper:material": "concrete",
        "usage": "main",
        "wikidata": "Q25630218",
        "wikipedia": "id:Jalur kereta api Padalarang–Kasugihan"
      }
    },
    {
      "type": "Feature",
      "geometry": {
        "type": "LineString",
        "coordinates": [
          [
            107.7039191,
            -6.9459216
          ],
          [
            107.7024436,
            -6.9453853
          ],
          [
            107.7002589,
            -6.9445913
          ]
        ]
      },
      "properties": {
        "id": 1479502995,
        "electrified": "no",
        "gauge": "1067",
        "maxspeed": "110",
        "name": "Jalur Kereta Api Padalarang–Kasugihan",
        "operator": "Kereta Api Indonesia",
        "owner": "Direktorat Jenderal Perkeretaapian Kementerian Perhubungan Republik Indonesia",
        "railway": "rail",
        "railway:bidirectional": "signals",
        "railway:preferred_direction": "forward",
        "railway:traffic_mode": "mixed",
        "sleeper:material": "concrete",
        "source": "Yahoo hires",
        "usage": "main",
        "wikidata": "Q25630218",
        "wikipedia": "id:Jalur kereta api Padalarang–Kasugihan"
      }
    },
    {
      "type": "Feature",
      "geometry": {
        "type": "LineString",
        "coordinates": [
          [
            107.7039779,
            -6.9459422
          ],
          [
            107.7039191,
            -6.9459216
          ]
        ]
      },
      "properties": {
        "id": 1479502996,
        "bridge": "yes",
        "electrified": "no",
        "gauge": "1067",
        "layer": "1",
        "maxspeed": "110",
        "name": "Jalur Kereta Api Padalarang–Kasugihan",
        "operator": "Kereta Api Indonesia",
        "owner": "Direktorat Jenderal Perkeretaapian Kementerian Perhubungan Republik Indonesia",
        "railway": "rail",
        "railway:bidirectional": "signals",
        "railway:preferred_direction": "forward",
        "railway:traffic_mode": "mixed",
        "sleeper:material": "concrete",
        "source": "Yahoo hires",
        "usage": "main",
        "wikidata": "Q25630218",
        "wikipedia": "id:Jalur kereta api Padalarang–Kasugihan"
      }
    },
    {
      "type": "Feature",
      "geometry": {
        "type": "LineString",
        "coordinates": [
          [
            107.6027956,
            -6.9145101
          ],
          [
            107.6031495,
            -6.9145291
          ]
        ]
      },
      "properties": {
        "id": 1530383709,
        "electrified": "no",
        "gauge": "1067",
        "maxspeed": "30",
        "railway": "rail",
        "railway:track_ref": "1",
        "service": "siding"
      }
    },
    {
      "type": "Feature",
      "geometry": {
        "type": "LineString",
        "coordinates": [
          [
            107.6013661,
            -6.9144483
          ],
          [
            107.6016923,
            -6.9144609
          ]
        ]
      },
      "properties": {
        "id": 1530383711,
        "electrified": "no",
        "gauge": "1067",
        "maxspeed": "30",
        "railway": "rail",
        "railway:track_ref": "1",
        "service": "siding"
      }
    },
    {
      "type": "Feature",
      "geometry": {
        "type": "LineString",
        "coordinates": [
          [
            107.5358816,
            -6.8855398
          ],
          [
            107.5353528,
            -6.8849429
          ]
        ]
      },
      "properties": {
        "id": 1530384798,
        "electrified": "no",
        "gauge": "1067",
        "maxspeed": "110",
        "name": "Jalur Kereta Api Padalarang–Kasugihan",
        "operator": "Kereta Api Indonesia",
        "owner": "Direktorat Jenderal Perkeretaapian Kementerian Perhubungan Republik Indonesia",
        "railway": "rail",
        "railway:bidirectional": "signals",
        "railway:preferred_direction": "forward",
        "railway:track_ref": "1",
        "railway:traffic_mode": "mixed",
        "sleeper:material": "concrete",
        "usage": "main",
        "wikidata": "Q25630218",
        "wikipedia": "id:Jalur kereta api Padalarang–Kasugihan"
      }
    },
    {
      "type": "Feature",
      "geometry": {
        "type": "LineString",
        "coordinates": [
          [
            107.5362929,
            -6.886004
          ],
          [
            107.5358816,
            -6.8855398
          ]
        ]
      },
      "properties": {
        "id": 1530384800,
        "covered": "yes",
        "electrified": "no",
        "gauge": "1067",
        "maxspeed": "110",
        "name": "Jalur Kereta Api Padalarang–Kasugihan",
        "operator": "Kereta Api Indonesia",
        "owner": "Direktorat Jenderal Perkeretaapian Kementerian Perhubungan Republik Indonesia",
        "railway": "rail",
        "railway:bidirectional": "signals",
        "railway:preferred_direction": "forward",
        "railway:track_ref": "1",
        "railway:traffic_mode": "mixed",
        "sleeper:material": "concrete",
        "usage": "main",
        "wikidata": "Q25630218",
        "wikipedia": "id:Jalur kereta api Padalarang–Kasugihan"
      }
    },
    {
      "type": "Feature",
      "geometry": {
        "type": "LineString",
        "coordinates": [
          [
            107.4971738,
            -6.8426391
          ],
          [
            107.4969052,
            -6.8423863
          ]
        ]
      },
      "properties": {
        "id": 1530384805,
        "electrified": "no",
        "gauge": "1067",
        "maxspeed": "110",
        "name": "Jalur Kereta Api Padalarang–Kasugihan",
        "operator": "Kereta Api Indonesia",
        "owner": "Direktorat Jenderal Perkeretaapian Kementerian Perhubungan Republik Indonesia",
        "railway": "rail",
        "railway:bidirectional": "signals",
        "railway:preferred_direction": "forward",
        "railway:track_ref": "4",
        "railway:traffic_mode": "mixed",
        "sleeper:material": "concrete",
        "usage": "main",
        "wikidata": "Q25630218",
        "wikipedia": "id:Jalur kereta api Padalarang–Kasugihan"
      }
    },
    {
      "type": "Feature",
      "geometry": {
        "type": "LineString",
        "coordinates": [
          [
            107.4976235,
            -6.8430624
          ],
          [
            107.4971738,
            -6.8426391
          ]
        ]
      },
      "properties": {
        "id": 1530384809,
        "covered": "yes",
        "electrified": "no",
        "gauge": "1067",
        "maxspeed": "110",
        "name": "Jalur Kereta Api Padalarang–Kasugihan",
        "operator": "Kereta Api Indonesia",
        "owner": "Direktorat Jenderal Perkeretaapian Kementerian Perhubungan Republik Indonesia",
        "railway": "rail",
        "railway:bidirectional": "signals",
        "railway:preferred_direction": "forward",
        "railway:track_ref": "4",
        "railway:traffic_mode": "mixed",
        "sleeper:material": "concrete",
        "usage": "main",
        "wikidata": "Q25630218",
        "wikipedia": "id:Jalur kereta api Padalarang–Kasugihan"
      }
    },
    {
      "type": "Feature",
      "geometry": {
        "type": "LineString",
        "coordinates": [
          [
            107.5972072,
            -6.9143212
          ],
          [
            107.5970032,
            -6.914311
          ]
        ]
      },
      "properties": {
        "id": 1558173304,
        "electrified": "no",
        "gauge": "1067",
        "maxspeed": "20",
        "railway": "rail",
        "service": "crossover"
      }
    },
    {
      "type": "Feature",
      "geometry": {
        "type": "LineString",
        "coordinates": [
          [
            107.5972371,
            -6.9143227
          ],
          [
            107.5972072,
            -6.9143212
          ]
        ]
      },
      "properties": {
        "id": 1558173305,
        "bridge": "yes",
        "electrified": "no",
        "gauge": "1067",
        "layer": "1",
        "maxspeed": "20",
        "railway": "rail",
        "service": "crossover"
      }
    },
    {
      "type": "Feature",
      "geometry": {
        "type": "LineString",
        "coordinates": [
          [
            107.9714348,
            -7.1764312
          ],
          [
            107.9712289,
            -7.1767573
          ],
          [
            107.9710042,
            -7.1770755
          ],
          [
            107.9708346,
            -7.1772962
          ],
          [
            107.9706408,
            -7.1775302
          ],
          [
            107.9705516,
            -7.1776349
          ],
          [
            107.9702957,
            -7.1779155
          ],
          [
            107.9700108,
            -7.1781914
          ],
          [
            107.9696234,
            -7.1785357
          ],
          [
            107.9692766,
            -7.1788023
          ],
          [
            107.9692115,
            -7.1788523
          ],
          [
            107.9683684,
            -7.1795286
          ],
          [
            107.9677882,
            -7.1799563
          ],
          [
            107.9674919,
            -7.1801718
          ],
          [
            107.9669255,
            -7.1806204
          ],
          [
            107.9668414,
            -7.1806894
          ],
          [
            107.9664101,
            -7.1810151
          ]
        ]
      },
      "properties": {
        "id": 1558287228,
        "electrified": "no",
        "gauge": "1067",
        "maxspeed": "60",
        "name": "Jalur Kereta Api Cibatu–Cikajang",
        "operator": "Kereta Api Indonesia",
        "owner": "Direktorat Jenderal Perkeretaapian Kementerian Perhubungan Republik Indonesia",
        "railway": "rail",
        "railway:bidirectional": "regular",
        "railway:preferred_direction": "both",
        "railway:traffic_mode": "mixed",
        "sleeper:material": "concrete",
        "usage": "branch",
        "wikidata": "Q12487111",
        "wikipedia": "id:Jalur kereta api Cibatu–Cikajang"
      }
    },
    {
      "type": "Feature",
      "geometry": {
        "type": "LineString",
        "coordinates": [
          [
            107.9715152,
            -7.1762937
          ],
          [
            107.9714348,
            -7.1764312
          ]
        ]
      },
      "properties": {
        "id": 1558287229,
        "bridge": "yes",
        "electrified": "no",
        "gauge": "1067",
        "layer": "1",
        "maxspeed": "60",
        "name": "Jalur Kereta Api Cibatu–Cikajang",
        "operator": "Kereta Api Indonesia",
        "owner": "Direktorat Jenderal Perkeretaapian Kementerian Perhubungan Republik Indonesia",
        "railway": "rail",
        "railway:bidirectional": "regular",
        "railway:preferred_direction": "both",
        "railway:traffic_mode": "mixed",
        "sleeper:material": "concrete",
        "usage": "branch",
        "wikidata": "Q12487111",
        "wikipedia": "id:Jalur kereta api Cibatu–Cikajang"
      }
    },
    {
      "type": "Feature",
      "geometry": {
        "type": "LineString",
        "coordinates": [
          [
            107.9921597,
            -7.1300512
          ],
          [
            107.9921476,
            -7.1301191
          ],
          [
            107.9921112,
            -7.1302927
          ],
          [
            107.9919447,
            -7.130846
          ],
          [
            107.9917407,
            -7.1314114
          ],
          [
            107.9916243,
            -7.131714
          ],
          [
            107.9914471,
            -7.1321465
          ],
          [
            107.9914008,
            -7.132251
          ],
          [
            107.9910727,
            -7.1329806
          ],
          [
            107.9896051,
            -7.1362448
          ],
          [
            107.9893089,
            -7.1368967
          ],
          [
            107.9891273,
            -7.1372965
          ]
        ]
      },
      "properties": {
        "id": 1558509311,
        "electrified": "no",
        "gauge": "1067",
        "maxspeed": "60",
        "name": "Jalur Kereta Api Cibatu–Cikajang",
        "operator": "Kereta Api Indonesia",
        "owner": "Direktorat Jenderal Perkeretaapian Kementerian Perhubungan Republik Indonesia",
        "railway": "rail",
        "railway:bidirectional": "regular",
        "railway:preferred_direction": "both",
        "railway:traffic_mode": "mixed",
        "sleeper:material": "concrete",
        "usage": "branch",
        "wikidata": "Q12487111",
        "wikipedia": "id:Jalur kereta api Cibatu–Cikajang"
      }
    },
    {
      "type": "Feature",
      "geometry": {
        "type": "LineString",
        "coordinates": [
          [
            107.9891273,
            -7.1372965
          ],
          [
            107.988985,
            -7.1376098
          ]
        ]
      },
      "properties": {
        "id": 1558509312,
        "bridge": "yes",
        "electrified": "no",
        "gauge": "1067",
        "layer": "1",
        "maxspeed": "60",
        "name": "Jalur Kereta Api Cibatu–Cikajang",
        "operator": "Kereta Api Indonesia",
        "owner": "Direktorat Jenderal Perkeretaapian Kementerian Perhubungan Republik Indonesia",
        "railway": "rail",
        "railway:bidirectional": "regular",
        "railway:preferred_direction": "both",
        "railway:traffic_mode": "mixed",
        "sleeper:material": "concrete",
        "usage": "branch",
        "wikidata": "Q12487111",
        "wikipedia": "id:Jalur kereta api Cibatu–Cikajang"
      }
    },
    {
      "type": "Feature",
      "geometry": {
        "type": "LineString",
        "coordinates": [
          [
            107.8988956,
            -7.0821417
          ],
          [
            107.8991557,
            -7.0824243
          ],
          [
            107.8991925,
            -7.0824691
          ],
          [
            107.8992545,
            -7.0825445
          ],
          [
            107.899321,
            -7.0826386
          ],
          [
            107.8994015,
            -7.0827755
          ],
          [
            107.8994388,
            -7.0828584
          ],
          [
            107.8994589,
            -7.0829082
          ]
        ]
      },
      "properties": {
        "id": 1558573453,
        "electrified": "no",
        "gauge": "1067",
        "maxspeed": "50",
        "name": "Jalur Kereta Api Padalarang–Kasugihan",
        "operator": "Kereta Api Indonesia",
        "owner": "Direktorat Jenderal Perkeretaapian Kementerian Perhubungan Republik Indonesia",
        "railway": "rail",
        "railway:bidirectional": "regular",
        "railway:preferred_direction": "both",
        "railway:track_ref": "1",
        "railway:traffic_mode": "mixed",
        "sleeper:material": "concrete",
        "source": "Yahoo hires",
        "usage": "main",
        "wikidata": "Q25630218",
        "wikipedia": "id:Jalur kereta api Padalarang–Kasugihan"
      }
    },
    {
      "type": "Feature",
      "geometry": {
        "type": "LineString",
        "coordinates": [
          [
            107.8994589,
            -7.0829082
          ],
          [
            107.8994745,
            -7.0829479
          ]
        ]
      },
      "properties": {
        "id": 1558573454,
        "bridge": "yes",
        "electrified": "no",
        "gauge": "1067",
        "layer": "1",
        "maxspeed": "50",
        "name": "Jalur Kereta Api Padalarang–Kasugihan",
        "operator": "Kereta Api Indonesia",
        "owner": "Direktorat Jenderal Perkeretaapian Kementerian Perhubungan Republik Indonesia",
        "railway": "rail",
        "railway:bidirectional": "regular",
        "railway:preferred_direction": "both",
        "railway:track_ref": "1",
        "railway:traffic_mode": "mixed",
        "sleeper:material": "concrete",
        "source": "Yahoo hires",
        "usage": "main",
        "wikidata": "Q25630218",
        "wikipedia": "id:Jalur kereta api Padalarang–Kasugihan"
      }
    },
    {
      "type": "Feature",
      "geometry": {
        "type": "LineString",
        "coordinates": [
          [
            107.8998805,
            -7.0856022
          ],
          [
            107.8998888,
            -7.0856616
          ],
          [
            107.8999094,
            -7.085808
          ],
          [
            107.8999298,
            -7.085916
          ],
          [
            107.8999571,
            -7.0860397
          ],
          [
            107.8999891,
            -7.0861483
          ],
          [
            107.9000469,
            -7.0863026
          ],
          [
            107.9001146,
            -7.0864578
          ],
          [
            107.9002313,
            -7.0866723
          ],
          [
            107.9003524,
            -7.086841
          ],
          [
            107.9004774,
            -7.0869839
          ],
          [
            107.9006046,
            -7.0871181
          ],
          [
            107.900742,
            -7.0872272
          ],
          [
            107.9008902,
            -7.0873329
          ],
          [
            107.9012194,
            -7.0875253
          ],
          [
            107.901391,
            -7.0875895
          ],
          [
            107.9015748,
            -7.0876538
          ],
          [
            107.9016087,
            -7.0876603
          ],
          [
            107.9018587,
            -7.0877081
          ],
          [
            107.9021013,
            -7.0877323
          ],
          [
            107.9022155,
            -7.0877337
          ],
          [
            107.9024839,
            -7.0877166
          ],
          [
            107.904298,
            -7.0875667
          ],
          [
            107.9060643,
            -7.0874161
          ]
        ]
      },
      "properties": {
        "id": 1558573458,
        "electrified": "no",
        "gauge": "1067",
        "maxspeed": "60",
        "name": "Jalur Kereta Api Padalarang–Kasugihan",
        "operator": "Kereta Api Indonesia",
        "owner": "Direktorat Jenderal Perkeretaapian Kementerian Perhubungan Republik Indonesia",
        "railway": "rail",
        "railway:bidirectional": "regular",
        "railway:preferred_direction": "both",
        "railway:traffic_mode": "mixed",
        "sleeper:material": "concrete",
        "source": "Yahoo hires",
        "usage": "main",
        "wikidata": "Q25630218",
        "wikipedia": "id:Jalur kereta api Padalarang–Kasugihan"
      }
    },
    {
      "type": "Feature",
      "geometry": {
        "type": "LineString",
        "coordinates": [
          [
            107.9060643,
            -7.0874161
          ],
          [
            107.9061038,
            -7.0874137
          ]
        ]
      },
      "properties": {
        "id": 1558573459,
        "bridge": "yes",
        "electrified": "no",
        "gauge": "1067",
        "layer": "1",
        "maxspeed": "60",
        "name": "Jalur Kereta Api Padalarang–Kasugihan",
        "operator": "Kereta Api Indonesia",
        "owner": "Direktorat Jenderal Perkeretaapian Kementerian Perhubungan Republik Indonesia",
        "railway": "rail",
        "railway:bidirectional": "regular",
        "railway:preferred_direction": "both",
        "railway:traffic_mode": "mixed",
        "sleeper:material": "concrete",
        "source": "Yahoo hires",
        "usage": "main",
        "wikidata": "Q25630218",
        "wikipedia": "id:Jalur kereta api Padalarang–Kasugihan"
      }
    },
    {
      "type": "Feature",
      "geometry": {
        "type": "LineString",
        "coordinates": [
          [
            107.9796136,
            -7.0999704
          ],
          [
            107.9803087,
            -7.0997388
          ]
        ]
      },
      "properties": {
        "id": 1558573805,
        "electrified": "no",
        "gauge": "1067",
        "maxspeed": "55",
        "name": "Jalur Kereta Api Padalarang–Kasugihan",
        "operator": "Kereta Api Indonesia",
        "owner": "Direktorat Jenderal Perkeretaapian Kementerian Perhubungan Republik Indonesia",
        "railway": "rail",
        "railway:bidirectional": "regular",
        "railway:preferred_direction": "both",
        "railway:track_ref": "2",
        "railway:traffic_mode": "mixed",
        "sleeper:material": "concrete",
        "usage": "main",
        "wikidata": "Q25630218",
        "wikipedia": "id:Jalur kereta api Padalarang–Kasugihan"
      }
    },
    {
      "type": "Feature",
      "geometry": {
        "type": "LineString",
        "coordinates": [
          [
            107.9793058,
            -7.100073
          ],
          [
            107.9796136,
            -7.0999704
          ]
        ]
      },
      "properties": {
        "id": 1558573807,
        "covered": "yes",
        "electrified": "no",
        "gauge": "1067",
        "maxspeed": "55",
        "name": "Jalur Kereta Api Padalarang–Kasugihan",
        "operator": "Kereta Api Indonesia",
        "owner": "Direktorat Jenderal Perkeretaapian Kementerian Perhubungan Republik Indonesia",
        "railway": "rail",
        "railway:bidirectional": "regular",
        "railway:preferred_direction": "both",
        "railway:track_ref": "2",
        "railway:traffic_mode": "mixed",
        "sleeper:material": "concrete",
        "usage": "main",
        "wikidata": "Q25630218",
        "wikipedia": "id:Jalur kereta api Padalarang–Kasugihan"
      }
    }
  ]
}