{
  "type": "FeatureCollection",
  "features": [
    {
      "type": "Feature",
      "geometry": {
        "type": "LineString",
        "coordinates": [
          [
            107.6070136,
            -6.9149092
          ],
          [
            107.6075265,
            -6.9149725
          ]
        ]
      },
      "properties": {
        "id": 32388793,
        "bridge": "yes",
        "electrified": "no",
        "gauge": "1067",
        "layer": "1",
        "maxspeed": "100",
        "name": "Jalur Kereta Api Padalarang–Kasugihan",
        "operator": "Kereta Api Indonesia",
        "owner": "Direktorat Jenderal Perkeretaapian Kementerian Perhubungan Republik Indonesia",
        "railway": "rail",
        "railway:bidirectional": "signals",
        "railway:preferred_direction": "forward",
        "railway:traffic_mode": "mixed",
        "sleeper:material": "concrete",
        "usage": "main",
        "wikidata": "Q25630218",
        "wikipedia": "id:Jalur kereta api Padalarang–Kasugihan"
      }
    },
    {
      "type": "Feature",
      "geometry": {
        "type": "LineString",
        "coordinates": [
          [
            107.6456145,
            -6.9247603
          ],
          [
            107.6474897,
            -6.9254525
          ]
        ]
      },
      "properties": {
        "id": 415766627,
        "electrified": "no",
        "gauge": "1067",
        "railway": "rail",
        "railway:track_ref": "1",
        "service": "siding"
      }
    },
    {
      "type": "Feature",
      "geometry": {
        "type": "LineString",
        "coordinates": [
          [
            107.6727356,
            -6.9345562
          ],
          [
            107.6729399,
            -6.934633
          ]
        ]
      },
      "properties": {
        "id": 551797190,
        "bridge": "yes",
        "electrified": "no",
        "gauge": "1067",
        "layer": "1",
        "maxspeed": "100",
        "name": "Jalur Kereta Api Padalarang–Kasugihan",
        "operator": "Kereta Api Indonesia",
        "owner": "Direktorat Jenderal Perkeretaapian Kementerian Perhubungan Republik Indonesia",
        "railway": "rail",
        "railway:bidirectional": "signals",
        "railway:preferred_direction": "forward",
        "railway:traffic_mode": "mixed",
        "sleeper:material": "concrete",
        "source": "Yahoo hires",
        "usage": "main",
        "wikidata": "Q25630218",
        "wikipedia": "id:Jalur kereta api Padalarang–Kasugihan"
      }
    },
    {
      "type": "Feature",
      "geometry": {
        "type": "LineString",
        "coordinates": [
          [
            107.6075265,
            -6.9149725
          ],
          [
            107.6089998,
            -6.9151478
          ],
          [
            107.6102025,
            -6.9152943
          ],
          [
            107.6111898,
            -6.9154231
          ],
          [
            107.6129961,
            -6.9156542
          ],
          [
            107.6136413,
            -6.9157614
          ],
          [
            107.6138075,
            -6.9157964
          ],
          [
            107.6147193,
            -6.9160277
          ],
          [
            107.6168127,
            -6.9165239
          ],
          [
            107.6181745,
            -6.9168575
          ],
          [
            107.6191691,
            -6.9171032
          ],
          [
            107.6222841,
            -6.9178605
          ],
          [
            107.6244142,
            -6.918377
          ],
          [
            107.6247908,
            -6.9184742
          ],
          [
            107.6248913,
            -6.9185008
          ],
          [
            107.6250861,
            -6.918549
          ],
          [
            107.6270969,
            -6.9190593
          ],
          [
            107.6272938,
            -6.919104
          ],
          [
            107.6277504,
            -6.9192037
          ],
          [
            107.6280545,
            -6.9192716
          ],
          [
            107.6310123,
            -6.9200044
          ],
          [
            107.6311165,
            -6.9200314
          ],
          [
            107.6327508,
            -6.9204198
          ]
        ]
      },
      "properties": {
        "id": 551797191,
        "electrified": "no",
        "gauge": "1067",
        "maxspeed": "100",
        "name": "Jalur Kereta Api Padalarang–Kasugihan",
        "operator": "Kereta Api Indonesia",
        "owner": "Direktorat Jenderal Perkeretaapian Kementerian Perhubungan Republik Indonesia",
        "railway": "rail",
        "railway:bidirectional": "signals",
        "railway:preferred_direction": "forward",
        "railway:traffic_mode": "mixed",
        "sleeper:material": "concrete",
        "source": "Yahoo hires",
        "usage": "main",
        "wikidata": "Q25630218",
        "wikipedia": "id:Jalur kereta api Padalarang–Kasugihan"
      }
    },
    {
      "type": "Feature",
      "geometry": {
        "type": "LineString",
        "coordinates": [
          [
            107.6667435,
            -6.9323632
          ],
          [
            107.6668948,
            -6.9324215
          ]
        ]
      },
      "properties": {
        "id": 552281730,
        "bridge": "yes",
        "electrified": "no",
        "gauge": "1067",
        "layer": "1",
        "maxspeed": "100",
        "name": "Jalur Kereta Api Padalarang–Kasugihan",
        "operator": "Kereta Api Indonesia",
        "owner": "Direktorat Jenderal Perkeretaapian Kementerian Perhubungan Republik Indonesia",
        "railway": "rail",
        "railway:bidirectional": "signals",
        "railway:preferred_direction": "forward",
        "railway:traffic_mode": "mixed",
        "sleeper:material": "concrete",
        "source": "Yahoo hires",
        "usage": "main",
        "wikidata": "Q25630218",
        "wikipedia": "id:Jalur kereta api Padalarang–Kasugihan"
      }
    },
    {
      "type": "Feature",
      "geometry": {
        "type": "LineString",
        "coordinates": [
          [
            107.6668948,
            -6.9324215
          ],
          [
            107.668168,
            -6.9328972
          ],
          [
            107.6687265,
            -6.9330998
          ],
          [
            107.6727356,
            -6.9345562
          ]
        ]
      },
      "properties": {
        "id": 552281731,
        "electrified": "no",
        "gauge": "1067",
        "maxspeed": "100",
        "name": "Jalur Kereta Api Padalarang–Kasugihan",
        "operator": "Kereta Api Indonesia",
        "owner": "Direktorat Jenderal Perkeretaapian Kementerian Perhubungan Republik Indonesia",
        "railway": "rail",
        "railway:bidirectional": "signals",
        "railway:preferred_direction": "forward",
        "railway:traffic_mode": "mixed",
        "sleeper:material": "concrete",
        "source": "Yahoo hires",
        "usage": "main",
        "wikidata": "Q25630218",
        "wikipedia": "id:Jalur kereta api Padalarang–Kasugihan"
      }
    },
    {
      "type": "Feature",
      "geometry": {
        "type": "LineString",
        "coordinates": [
          [
            107.6400168,
            -6.9226654
          ],
          [
            107.6401324,
            -6.922711
          ]
        ]
      },
      "properties": {
        "id": 552319183,
        "bridge": "yes",
        "electrified": "no",
        "gauge": "1067",
        "layer": "1",
        "maxspeed": "100",
        "name": "Jalur Kereta Api Padalarang–Kasugihan",
        "operator": "Kereta Api Indonesia",
        "owner": "Direktorat Jenderal Perkeretaapian Kementerian Perhubungan Republik Indonesia",
        "railway": "rail",
        "railway:bidirectional": "signals",
        "railway:preferred_direction": "forward",
        "railway:traffic_mode": "mixed",
        "sleeper:material": "concrete",
        "source": "Yahoo hires",
        "usage": "main",
        "wikidata": "Q25630218",
        "wikipedia": "id:Jalur kereta api Padalarang–Kasugihan"
      }
    },
    {
      "type": "Feature",
      "geometry": {
        "type": "LineString",
        "coordinates": [
          [
            107.6493896,
            -6.9260901
          ],
          [
            107.650739,
            -6.9265863
          ],
          [
            107.6514288,
            -6.9268369
          ]
        ]
      },
      "properties": {
        "id": 552319184,
        "electrified": "no",
        "gauge": "1067",
        "maxspeed": "90",
        "name": "Jalur Kereta Api Padalarang–Kasugihan",
        "operator": "Kereta Api Indonesia",
        "owner": "Direktorat Jenderal Perkeretaapian Kementerian Perhubungan Republik Indonesia",
        "railway": "rail",
        "railway:bidirectional": "signals",
        "railway:preferred_direction": "forward",
        "railway:traffic_mode": "mixed",
        "sleeper:material": "concrete",
        "source": "Yahoo hires",
        "usage": "main",
        "wikidata": "Q25630218",
        "wikipedia": "id:Jalur kereta api Padalarang–Kasugihan"
      }
    },
    {
      "type": "Feature",
      "geometry": {
        "type": "LineString",
        "coordinates": [
          [
            107.6756619,
            -6.9356305
          ],
          [
            107.6757598,
            -6.9356653
          ]
        ]
      },
      "properties": {
        "id": 554760116,
        "bridge": "yes",
        "electrified": "no",
        "gauge": "1067",
        "layer": "1",
        "maxspeed": "100",
        "name": "Jalur Kereta Api Padalarang–Kasugihan",
        "operator": "Kereta Api Indonesia",
        "owner": "Direktorat Jenderal Perkeretaapian Kementerian Perhubungan Republik Indonesia",
        "railway": "rail",
        "railway:bidirectional": "signals",
        "railway:preferred_direction": "forward",
        "railway:traffic_mode": "mixed",
        "sleeper:material": "concrete",
        "source": "Yahoo hires",
        "usage": "main",
        "wikidata": "Q25630218",
        "wikipedia": "id:Jalur kereta api Padalarang–Kasugihan"
      }
    },
    {
      "type": "Feature",
      "geometry": {
        "type": "LineString",
        "coordinates": [
          [
            107.6729399,
            -6.934633
          ],
          [
            107.6738084,
            -6.9349513
          ],
          [
            107.6752457,
            -6.9354766
          ],
          [
            107.6756619,
            -6.9356305
          ]
        ]
      },
      "properties": {
        "id": 554760119,
        "electrified": "no",
        "gauge": "1067",
        "maxspeed": "100",
        "name": "Jalur Kereta Api Padalarang–Kasugihan",
        "operator": "Kereta Api Indonesia",
        "owner": "Direktorat Jenderal Perkeretaapian Kementerian Perhubungan Republik Indonesia",
        "railway": "rail",
        "railway:bidirectional": "signals",
        "railway:preferred_direction": "forward",
        "railway:traffic_mode": "mixed",
        "sleeper:material": "concrete",
        "source": "Yahoo hires",
        "usage": "main",
        "wikidata": "Q25630218",
        "wikipedia": "id:Jalur kereta api Padalarang–Kasugihan"
      }
    },
    {
      "type": "Feature",
      "geometry": {
        "type": "LineString",
        "coordinates": [
          [
            107.6757598,
            -6.9356653
          ],
          [
            107.677513,
            -6.9363022
          ],
          [
            107.680644,
            -6.9374365
          ],
          [
            107.6821178,
            -6.9379853
          ],
          [
            107.6821449,
            -6.9379954
          ],
          [
            107.6825547,
            -6.938148
          ],
          [
            107.6829696,
            -6.938309
          ],
          [
            107.6835367,
            -6.9385297
          ],
          [
            107.6842462,
            -6.9388035
          ],
          [
            107.6842763,
            -6.9388143
          ]
        ]
      },
      "properties": {
        "id": 554803486,
        "electrified": "no",
        "gauge": "1067",
        "maxspeed": "100",
        "name": "Jalur Kereta Api Padalarang–Kasugihan",
        "operator": "Kereta Api Indonesia",
        "owner": "Direktorat Jenderal Perkeretaapian Kementerian Perhubungan Republik Indonesia",
        "railway": "rail",
        "railway:bidirectional": "signals",
        "railway:preferred_direction": "forward",
        "railway:traffic_mode": "mixed",
        "sleeper:material": "concrete",
        "source": "Yahoo hires",
        "usage": "main",
        "wikidata": "Q25630218",
        "wikipedia": "id:Jalur kereta api Padalarang–Kasugihan"
      }
    },
    {
      "type": "Feature",
      "geometry": {
        "type": "LineString",
        "coordinates": [
          [
            107.6592553,
            -6.9296523
          ],
          [
            107.6606292,
            -6.9301475
          ],
          [
            107.662233,
            -6.9307335
          ],
          [
            107.6628115,
            -6.9309452
          ],
          [
            107.6633812,
            -6.9311537
          ],
          [
            107.6640652,
            -6.931398
          ],
          [
            107.6647245,
            -6.93164
          ],
          [
            107.6667435,
            -6.9323632
          ]
        ]
      },
      "properties": {
        "id": 582836869,
        "electrified": "no",
        "gauge": "1067",
        "maxspeed": "100",
        "name": "Jalur Kereta Api Padalarang–Kasugihan",
        "operator": "Kereta Api Indonesia",
        "owner": "Direktorat Jenderal Perkeretaapian Kementerian Perhubungan Republik Indonesia",
        "railway": "rail",
        "railway:bidirectional": "signals",
        "railway:preferred_direction": "forward",
        "railway:traffic_mode": "mixed",
        "sleeper:material": "concrete",
        "source": "Yahoo hires",
        "usage": "main",
        "wikidata": "Q25630218",
        "wikipedia": "id:Jalur kereta api Padalarang–Kasugihan"
      }
    },
    {
      "type": "Feature",
      "geometry": {
        "type": "LineString",
        "coordinates": [
          [
            107.6541338,
            -6.9277767
          ],
          [
            107.6542731,
            -6.9278295
          ]
        ]
      },
      "properties": {
        "id": 582836870,
        "bridge": "yes",
        "electrified": "no",
        "gauge": "1067",
        "layer": "1",
        "maxspeed": "100",
        "name": "Jalur Kereta Api Padalarang–Kasugihan",
        "operator": "Kereta Api Indonesia",
        "owner": "Direktorat Jenderal Perkeretaapian Kementerian Perhubungan Republik Indonesia",
        "railway": "rail",
        "railway:bidirectional": "signals",
        "railway:preferred_direction": "forward",
        "railway:traffic_mode": "mixed",
        "sleeper:material": "concrete",
        "source": "Yahoo hires",
        "usage": "main",
        "wikidata": "Q25630218",
        "wikipedia": "id:Jalur kereta api Padalarang–Kasugihan"
      }
    },
    {
      "type": "Feature",
      "geometry": {
        "type": "LineString",
        "coordinates": [
          [
            107.7845129,
            -6.9753171
          ],
          [
            107.7870309,
            -6.9761998
          ],
          [
            107.7881653,
            -6.9766127
          ],
          [
            107.7882804,
            -6.9766536
          ],
          [
            107.7891391,
            -6.9769595
          ],
          [
            107.7914357,
            -6.9777805
          ],
          [
            107.7922682,
            -6.9780554
          ],
          [
            107.792405,
            -6.9781046
          ],
          [
            107.7939601,
            -6.9786637
          ],
          [
            107.7975069,
            -6.9799567
          ],
          [
            107.7983338,
            -6.9802686
          ]
        ]
      },
      "properties": {
        "id": 733802708,
        "electrified": "no",
        "gauge": "1067",
        "maxspeed": "110",
        "name": "Jalur Kereta Api Padalarang–Kasugihan",
        "operator": "Kereta Api Indonesia",
        "owner": "Direktorat Jenderal Perkeretaapian Kementerian Perhubungan Republik Indonesia",
        "railway": "rail",
        "railway:bidirectional": "signals",
        "railway:preferred_direction": "forward",
        "railway:traffic_mode": "mixed",
        "sleeper:material": "concrete",
        "usage": "main",
        "wikidata": "Q25630218",
        "wikipedia": "id:Jalur kereta api Padalarang–Kasugihan"
      }
    },
    {
      "type": "Feature",
      "geometry": {
        "type": "LineString",
        "coordinates": [
          [
            107.6054004,
            -6.9147028
          ],
          [
            107.605485,
            -6.9147129
          ],
          [
            107.6055352,
            -6.9147193
          ],
          [
            107.6063452,
            -6.9148232
          ],
          [
            107.6066084,
            -6.914857
          ],
          [
            107.6068253,
            -6.9148848
          ],
          [
            107.6068599,
            -6.9148893
          ],
          [
            107.6070136,
            -6.9149092
          ]
        ]
      },
      "properties": {
        "id": 798082486,
        "electrified": "no",
        "gauge": "1067",
        "maxspeed": "100",
        "name": "Jalur Kereta Api Padalarang–Kasugihan",
        "operator": "Kereta Api Indonesia",
        "owner": "Direktorat Jenderal Perkeretaapian Kementerian Perhubungan Republik Indonesia",
        "railway": "rail",
        "railway:bidirectional": "signals",
        "railway:preferred_direction": "forward",
        "railway:traffic_mode": "mixed",
        "sleeper:material": "concrete",
        "usage": "main",
        "wikidata": "Q25630218",
        "wikipedia": "id:Jalur kereta api Padalarang–Kasugihan"
      }
    },
    {
      "type": "Feature",
      "geometry": {
        "type": "LineString",
        "coordinates": [
          [
            107.6474897,
            -6.9254525
          ],
          [
            107.6486356,
            -6.925856
          ],
          [
            107.6488837,
            -6.9259466
          ],
          [
            107.6490128,
            -6.9259806
          ],
          [
            107.6492885,
            -6.9260515
          ]
        ]
      },
      "properties": {
        "id": 828302706,
        "electrified": "no",
        "gauge": "1067",
        "railway": "rail",
        "railway:track_ref": "1",
        "service": "siding"
      }
    },
    {
      "type": "Feature",
      "geometry": {
        "type": "LineString",
        "coordinates": [
          [
            107.6453531,
            -6.924662
          ],
          [
            107.6446813,
            -6.9243697
          ]
        ]
      },
      "properties": {
        "id": 828302707,
        "electrified": "no",
        "gauge": "1067",
        "railway": "rail",
        "service": "siding",
        "usage": "main"
      }
    },
    {
      "type": "Feature",
      "geometry": {
        "type": "LineString",
        "coordinates": [
          [
            107.5003833,
            -6.8456228
          ],
          [
            107.5008526,
            -6.8460134
          ],
          [
            107.5008948,
            -6.8460485
          ],
          [
            107.5030812,
            -6.8477881
          ],
          [
            107.5033552,
            -6.8480072
          ],
          [
            107.5033779,
            -6.8480253
          ],
          [
            107.5036622,
            -6.8482548
          ],
          [
            107.5038376,
            -6.8484037
          ],
          [
            107.5041657,
            -6.8487049
          ],
          [
            107.504309,
            -6.8488504
          ],
          [
            107.5045539,
            -6.8491246
          ],
          [
            107.5047209,
            -6.8493278
          ],
          [
            107.5049728,
            -6.8496623
          ],
          [
            107.5055237,
            -6.8504246
          ],
          [
            107.5063436,
            -6.851573
          ],
          [
            107.506748,
            -6.8521353
          ],
          [
            107.5070835,
            -6.852642
          ],
          [
            107.5073942,
            -6.8531404
          ],
          [
            107.5078984,
            -6.853978
          ],
          [
            107.5081902,
            -6.8544836
          ],
          [
            107.5084791,
            -6.8550074
          ],
          [
            107.5089325,
            -6.8557909
          ],
          [
            107.509236,
            -6.8562835
          ],
          [
            107.5093841,
            -6.8565151
          ],
          [
            107.5095406,
            -6.8567295
          ],
          [
            107.5097425,
            -6.8569936
          ],
          [
            107.5100652,
            -6.8573498
          ],
          [
            107.5102926,
            -6.8575848
          ],
          [
            107.5106498,
            -6.857923
          ],
          [
            107.5111156,
            -6.8583316
          ],
          [
            107.5115199,
            -6.858684
          ],
          [
            107.5117226,
            -6.8588607
          ],
          [
            107.5119877,
            -6.8591013
          ],
          [
            107.5122277,
            -6.8593409
          ],
          [
            107.5125384,
            -6.8596817
          ],
          [
            107.5128457,
            -6.8600682
          ],
          [
            107.5130406,
            -6.8603215
          ],
          [
            107.5133149,
            -6.8607213
          ],
          [
            107.5134668,
            -6.8609712
          ],
          [
            107.5136341,
            -6.8612653
          ],
          [
            107.5137084,
            -6.8614025
          ],
          [
            107.5138177,
            -6.8616151
          ],
          [
            107.5139339,
            -6.8618559
          ],
          [
            107.5140003,
            -6.8619986
          ],
          [
            107.5143296,
            -6.8627414
          ],
          [
            107.5147634,
            -6.8637314
          ]
        ]
      },
      "properties": {
        "id": 868618601,
        "electrified": "no",
        "gauge": "1067",
        "maxspeed": "110",
        "name": "Jalur Kereta Api Padalarang–Kasugihan",
        "operator": "Kereta Api Indonesia",
        "owner": "Direktorat Jenderal Perkeretaapian Kementerian Perhubungan Republik Indonesia",
        "railway": "rail",
        "railway:bidirectional": "signals",
        "railway:preferred_direction": "forward",
        "railway:traffic_mode": "mixed",
        "sleeper:material": "concrete",
        "usage": "main",
        "wikidata": "Q25630218",
        "wikipedia": "id:Jalur kereta api Padalarang–Kasugihan"
      }
    },
    {
      "type": "Feature",
      "geometry": {
        "type": "LineString",
        "coordinates": [
          [
            107.570894,
            -6.9025165
          ],
          [
            107.5709403,
            -6.9025454
          ]
        ]
      },
      "properties": {
        "id": 868618603,
        "bridge": "yes",
        "electrified": "no",
        "gauge": "1067",
        "layer": "1",
        "maxspeed": "110",
        "name": "Jalur Kereta Api Padalarang–Kasugihan",
        "operator": "Kereta Api Indonesia",
        "owner": "Direktorat Jenderal Perkeretaapian Kementerian Perhubungan Republik Indonesia",
        "railway": "rail",
        "railway:bidirectional": "signals",
        "railway:preferred_direction": "forward",
        "railway:traffic_mode": "mixed",
        "sleeper:material": "concrete",
        "usage": "main",
        "wikidata": "Q25630218",
        "wikipedia": "id:Jalur kereta api Padalarang–Kasugihan"
      }
    },
    {
      "type": "Feature",
      "geometry": {
        "type": "LineString",
        "coordinates": [
          [
            107.5409982,
            -6.8896672
          ],
          [
            107.5411467,
            -6.8896966
          ]
        ]
      },
      "properties": {
        "id": 868618604,
        "bridge": "yes",
        "electrified": "no",
        "gauge": "1067",
        "layer": "1",
        "maxspeed": "100",
        "name": "Jalur Kereta Api Padalarang–Kasugihan",
        "operator": "Kereta Api Indonesia",
        "owner": "Direktorat Jenderal Perkeretaapian Kementerian Perhubungan Republik Indonesia",
        "railway": "rail",
        "railway:bidirectional": "signals",
        "railway:preferred_direction": "forward",
        "railway:traffic_mode": "mixed",
        "sleeper:material": "concrete",
        "usage": "main",
        "wikidata": "Q25630218",
        "wikipedia": "id:Jalur kereta api Padalarang–Kasugihan"
      }
    },
    {
      "type": "Feature",
      "geometry": {
        "type": "LineString",
        "coordinates": [
          [
            107.5411467,
            -6.8896966
          ],
          [
            107.5423864,
            -6.8899342
          ],
          [
            107.5429556,
            -6.8900415
          ],
          [
            107.5440677,
            -6.8902511
          ],
          [
            107.5442814,
            -6.8902917
          ],
          [
            107.5443391,
            -6.8903026
          ],
          [
            107.5443904,
            -6.8903124
          ],
          [
            107.546209,
            -6.8906578
          ],
          [
            107.5488105,
            -6.8911519
          ],
          [
            107.5507374,
            -6.8915189
          ],
          [
            107.5509808,
            -6.8915683
          ],
          [
            107.5512323,
            -6.8916261
          ],
          [
            107.5513487,
            -6.8916529
          ],
          [
            107.5516515,
            -6.891737
          ],
          [
            107.5520112,
            -6.8918495
          ],
          [
            107.5522747,
            -6.8919407
          ],
          [
            107.5526853,
            -6.8920903
          ],
          [
            107.5531926,
            -6.8923072
          ],
          [
            107.5543536,
            -6.8928036
          ],
          [
            107.5547253,
            -6.8929634
          ],
          [
            107.5550448,
            -6.8931008
          ],
          [
            107.5552234,
            -6.8931785
          ],
          [
            107.5552671,
            -6.8931975
          ],
          [
            107.5564304,
            -6.8937035
          ],
          [
            107.5569713,
            -6.8939388
          ],
          [
            107.5579736,
            -6.8943699
          ],
          [
            107.5584084,
            -6.8945514
          ],
          [
            107.5587237,
            -6.8946941
          ],
          [
            107.5591231,
            -6.8948987
          ]
        ]
      },
      "properties": {
        "id": 868618605,
        "electrified": "no",
        "gauge": "1067",
        "maxspeed": "110",
        "name": "Jalur Kereta Api Padalarang–Kasugihan",
        "operator": "Kereta Api Indonesia",
        "owner": "Direktorat Jenderal Perkeretaapian Kementerian Perhubungan Republik Indonesia",
        "railway": "rail",
        "railway:bidirectional": "signals",
        "railway:preferred_direction": "forward",
        "railway:traffic_mode": "mixed",
        "sleeper:material": "concrete",
        "usage": "main",
        "wikidata": "Q25630218",
        "wikipedia": "id:Jalur kereta api Padalarang–Kasugihan"
      }
    },
    {
      "type": "Feature",
      "geometry": {
        "type": "LineString",
        "coordinates": [
          [
            107.5924293,
            -6.914062
          ],
          [
            107.5930163,
            -6.9140562
          ],
          [
            107.5931354,
            -6.9140555
          ],
          [
            107.5932731,
            -6.9140592
          ],
          [
            107.5934267,
            -6.9140668
          ],
          [
            107.5935745,
            -6.9140811
          ],
          [
            107.593634,
            -6.9140887
          ],
          [
            107.5939,
            -6.9141267
          ],
          [
            107.5943503,
            -6.9141951
          ],
          [
            107.594684,
            -6.9142458
          ],
          [
            107.594872,
            -6.9142728
          ],
          [
            107.594888,
            -6.9142749
          ],
          [
            107.5949277,
            -6.9142802
          ],
          [
            107.5949432,
            -6.9142822
          ],
          [
            107.5951163,
            -6.914304
          ],
          [
            107.5952354,
            -6.9143165
          ],
          [
            107.5953534,
            -6.9143249
          ],
          [
            107.5956181,
            -6.914335
          ],
          [
            107.5957641,
            -6.9143381
          ],
          [
            107.5965262,
            -6.9143357
          ]
        ]
      },
      "properties": {
        "id": 902837107,
        "electrified": "no",
        "gauge": "1067",
        "maxspeed": "30",
        "name": "Jalur Kereta Api Bandung–Ciroyom–Andir",
        "operator": "Kereta Api Indonesia",
        "owner": "Direktorat Jenderal Perkeretaapian Kementerian Perhubungan Republik Indonesia",
        "railway": "rail",
        "railway:bidirectional": "regular",
        "railway:preferred_direction": "forward",
        "railway:traffic_mode": "mixed",
        "sleeper:material": "concrete",
        "usage": "branch",
        "wikidata": "Q25630218"
      }
    },
    {
      "type": "Feature",
      "geometry": {
        "type": "LineString",
        "coordinates": [
          [
            107.6016923,
            -6.9144609
          ],
          [
            107.6027956,
            -6.9145101
          ]
        ]
      },
      "properties": {
        "id": 902837108,
        "covered": "yes",
        "electrified": "no",
        "gauge": "1067",
        "maxspeed": "30",
        "railway": "rail",
        "railway:track_ref": "1",
        "service": "siding"
      }
    },
    {
      "type": "Feature",
      "geometry": {
        "type": "LineString",
        "coordinates": [
          [
            107.582223,
            -6.9100138
          ],
          [
            107.5822692,
            -6.9100431
          ]
        ]
      },
      "properties": {
        "id": 902837821,
        "bridge": "yes",
        "electrified": "no",
        "gauge": "1067",
        "layer": "1",
        "maxspeed": "110",
        "name": "Jalur Kereta Api Padalarang–Kasugihan",
        "operator": "Kereta Api Indonesia",
        "owner": "Direktorat Jenderal Perkeretaapian Kementerian Perhubungan Republik Indonesia",
        "railway": "rail",
        "railway:bidirectional": "signals",
        "railway:preferred_direction": "forward",
        "railway:traffic_mode": "mixed",
        "sleeper:material": "concrete",
        "usage": "main",
        "wikidata": "Q25630218",
        "wikipedia": "id:Jalur kereta api Padalarang–Kasugihan"
      }
    },
    {
      "type": "Feature",
      "geometry": {
        "type": "LineString",
        "coordinates": [
          [
            107.5709403,
            -6.9025454
          ],
          [
            107.5728532,
            -6.9038142
          ],
          [
            107.5744023,
            -6.9048388
          ],
          [
            107.5749671,
            -6.9052125
          ],
          [
            107.5758114,
            -6.9057714
          ],
          [
            107.5768788,
            -6.9064803
          ],
          [
            107.5774553,
            -6.9068609
          ],
          [
            107.5774954,
            -6.9068875
          ],
          [
            107.5780254,
            -6.9072325
          ],
          [
            107.5792363,
            -6.9080329
          ],
          [
            107.5810315,
            -6.9092247
          ],
          [
            107.5816183,
            -6.9096153
          ],
          [
            107.5816604,
            -6.9096428
          ],
          [
            107.5821404,
            -6.9099596
          ]
        ]
      },
      "properties": {
        "id": 902837824,
        "electrified": "no",
        "gauge": "1067",
        "maxspeed": "110",
        "name": "Jalur Kereta Api Padalarang–Kasugihan",
        "operator": "Kereta Api Indonesia",
        "owner": "Direktorat Jenderal Perkeretaapian Kementerian Perhubungan Republik Indonesia",
        "railway": "rail",
        "railway:bidirectional": "signals",
        "railway:preferred_direction": "forward",
        "railway:traffic_mode": "mixed",
        "sleeper:material": "concrete",
        "usage": "main",
        "wikidata": "Q25630218",
        "wikipedia": "id:Jalur kereta api Padalarang–Kasugihan"
      }
    },
    {
      "type": "Feature",
      "geometry": {
        "type": "LineString",
        "coordinates": [
          [
            107.7478859,
            -6.9619929
          ],
          [
            107.7480249,
            -6.9620423
          ]
        ]
      },
      "properties": {
        "id": 990499155,
        "bridge": "yes",
        "electrified": "no",
        "gauge": "1067",
        "layer": "1",
        "maxspeed": "110",
        "name": "Jalur Kereta Api Padalarang–Kasugihan",
        "operator": "Kereta Api Indonesia",
        "owner": "Direktorat Jenderal Perkeretaapian Kementerian Perhubungan Republik Indonesia",
        "railway": "rail",
        "railway:bidirectional": "signals",
        "railway:preferred_direction": "forward",
        "railway:traffic_mode": "mixed",
        "sleeper:material": "concrete",
        "usage": "main",
        "wikidata": "Q25630218",
        "wikipedia": "id:Jalur kereta api Padalarang–Kasugihan"
      }
    },
    {
      "type": "Feature",
      "geometry": {
        "type": "LineString",
        "coordinates": [
          [
            107.7277312,
            -6.9547208
          ],
          [
            107.7292601,
            -6.9552769
          ],
          [
            107.730375,
            -6.9556387
          ],
          [
            107.7309104,
            -6.9558113
          ],
          [
            107.731602,
            -6.9560441
          ],
          [
            107.7329527,
            -6.9565346
          ],
          [
            107.740904,
            -6.9594241
          ],
          [
            107.7412982,
            -6.9595658
          ],
          [
            107.7458881,
            -6.9612423
          ],
          [
            107.7468973,
            -6.9616262
          ],
          [
            107.7477725,
            -6.9619495
          ],
          [
            107.7478859,
            -6.9619929
          ]
        ]
      },
      "properties": {
        "id": 990499156,
        "electrified": "no",
        "gauge": "1067",
        "maxspeed": "110",
        "name": "Jalur Kereta Api Padalarang–Kasugihan",
        "operator": "Kereta Api Indonesia",
        "owner": "Direktorat Jenderal Perkeretaapian Kementerian Perhubungan Republik Indonesia",
        "railway": "rail",
        "railway:bidirectional": "signals",
        "railway:preferred_direction": "forward",
        "railway:traffic_mode": "mixed",
        "sleeper:material": "concrete",
        "usage": "main",
        "wikidata": "Q25630218",
        "wikipedia": "id:Jalur kereta api Padalarang–Kasugihan"
      }
    },
    {
      "type": "Feature",
      "geometry": {
        "type": "LineString",
        "coordinates": [
          [
            107.7039614,
            -6.9459868
          ],
          [
            107.7039674,
            -6.945989
          ],
          [
            107.7057986,
            -6.9466445
          ],
          [
            107.706679,
            -6.946972
          ],
          [
            107.7103233,
            -6.948294
          ],
          [
            107.7113835,
            -6.9486844
          ]
        ]
      },
      "properties": {
        "id": 990499159,
        "electrified": "no",
        "gauge": "1067",
        "maxspeed": "110",
        "name": "Jalur Kereta Api Padalarang–Kasugihan",
        "operator": "Kereta Api Indonesia",
        "owner": "Direktorat Jenderal Perkeretaapian Kementerian Perhubungan Republik Indonesia",
        "railway": "rail",
        "railway:bidirectional": "signals",
        "railway:preferred_direction": "forward",
        "railway:traffic_mode": "mixed",
        "sleeper:material": "concrete",
        "usage": "main",
        "wikidata": "Q25630218",
        "wikipedia": "id:Jalur kereta api Padalarang–Kasugihan"
      }
    },
    {
      "type": "Feature",
      "geometry": {
        "type": "LineString",
        "coordinates": [
          [
            107.7001247,
            -6.9445986
          ],
          [
            107.7002687,
            -6.944655
          ]
        ]
      },
      "properties": {
        "id": 990499160,
        "bridge": "yes",
        "electrified": "no",
        "gauge": "1067",
        "layer": "1",
        "maxspeed": "110",
        "name": "Jalur Kereta Api Padalarang–Kasugihan",
        "operator": "Kereta Api Indonesia",
        "owner": "Direktorat Jenderal Perkeretaapian Kementerian Perhubungan Republik Indonesia",
        "railway": "rail",
        "railway:bidirectional": "signals",
        "railway:preferred_direction": "forward",
        "railway:traffic_mode": "mixed",
        "sleeper:material": "concrete",
        "usage": "main",
        "wikidata": "Q25630218",
        "wikipedia": "id:Jalur kereta api Padalarang–Kasugihan"
      }
    },
    {
      "type": "Feature",
      "geometry": {
        "type": "LineString",
        "coordinates": [
          [
            107.7542707,
            -6.9642787
          ],
          [
            107.7547771,
            -6.9645082
          ],
          [
            107.7548193,
            -6.9645237
          ],
          [
            107.7548803,
            -6.964546
          ],
          [
            107.7549687,
            -6.9645783
          ],
          [
            107.7564505,
            -6.965122
          ],
          [
            107.7564996,
            -6.9651375
          ],
          [
            107.7565411,
            -6.9651515
          ],
          [
            107.7567491,
            -6.965212
          ],
          [
            107.7568833,
            -6.9652476
          ],
          [
            107.757127,
            -6.9653246
          ]
        ]
      },
      "properties": {
        "id": 990499168,
        "electrified": "no",
        "gauge": "1067",
        "railway": "rail",
        "railway:track_ref": "1",
        "service": "siding"
      }
    },
    {
      "type": "Feature",
      "geometry": {
        "type": "LineString",
        "coordinates": [
          [
            107.757797,
            -6.9655663
          ],
          [
            107.7592517,
            -6.9660979
          ],
          [
            107.7596061,
            -6.966223
          ],
          [
            107.7602885,
            -6.9664755
          ],
          [
            107.7610459,
            -6.9667541
          ],
          [
            107.7620308,
            -6.9671048
          ],
          [
            107.7620867,
            -6.9671247
          ],
          [
            107.7627237,
            -6.9673542
          ],
          [
            107.7680306,
            -6.9692896
          ],
          [
            107.7695064,
            -6.9698347
          ],
          [
            107.7706013,
            -6.9702353
          ],
          [
            107.7728766,
            -6.9710582
          ]
        ]
      },
      "properties": {
        "id": 990499170,
        "electrified": "no",
        "gauge": "1067",
        "maxspeed": "110",
        "name": "Jalur Kereta Api Padalarang–Kasugihan",
        "operator": "Kereta Api Indonesia",
        "owner": "Direktorat Jenderal Perkeretaapian Kementerian Perhubungan Republik Indonesia",
        "railway": "rail",
        "railway:bidirectional": "signals",
        "railway:preferred_direction": "forward",
        "railway:traffic_mode": "mixed",
        "sleeper:material": "concrete",
        "usage": "main",
        "wikidata": "Q25630218",
        "wikipedia": "id:Jalur kereta api Padalarang–Kasugihan"
      }
    },
    {
      "type": "Feature",
      "geometry": {
        "type": "LineString",
        "coordinates": [
          [
            107.810371,
            -6.9846387
          ],
          [
            107.8110425,
            -6.9848784
          ],
          [
            107.8119044,
            -6.9851954
          ],
          [
            107.8122984,
            -6.9853236
          ],
          [
            107.8128098,
            -6.9854538
          ],
          [
            107.8133728,
            -6.9855749
          ],
          [
            107.8137754,
            -6.9856303
          ],
          [
            107.8140799,
            -6.9856611
          ],
          [
            107.8143047,
            -6.9856799
          ],
          [
            107.8148623,
            -6.985691
          ],
          [
            107.8154673,
            -6.9856679
          ],
          [
            107.8160032,
            -6.9856171
          ],
          [
            107.8163305,
            -6.9855652
          ],
          [
            107.8166384,
            -6.9855145
          ],
          [
            107.8171155,
            -6.9854089
          ],
          [
            107.8176927,
            -6.9852485
          ],
          [
            107.8181617,
            -6.985072
          ],
          [
            107.8185469,
            -6.9849191
          ],
          [
            107.8188958,
            -6.9847565
          ],
          [
            107.8192869,
            -6.9845456
          ],
          [
            107.8200401,
            -6.984084
          ],
          [
            107.8204774,
            -6.9837624
          ],
          [
            107.8208198,
            -6.983476
          ],
          [
            107.8211771,
            -6.9831517
          ],
          [
            107.821508,
            -6.9828203
          ],
          [
            107.8219822,
            -6.9823471
          ],
          [
            107.8232271,
            -6.9811066
          ],
          [
            107.8242952,
            -6.9800513
          ]
        ]
      },
      "properties": {
        "id": 1005744416,
        "electrified": "no",
        "gauge": "1067",
        "maxspeed": "110",
        "name": "Jalur Kereta Api Padalarang–Kasugihan",
        "operator": "Kereta Api Indonesia",
        "owner": "Direktorat Jenderal Perkeretaapian Kementerian Perhubungan Republik Indonesia",
        "railway": "rail",
        "railway:bidirectional": "signals",
        "railway:preferred_direction": "forward",
        "railway:traffic_mode": "mixed",
        "sleeper:material": "concrete",
        "source": "Yahoo hires",
        "usage": "main",
        "wikidata": "Q25630218",
        "wikipedia": "id:Jalur kereta api Padalarang–Kasugihan"
      }
    },
    {
      "type": "Feature",
      "geometry": {
        "type": "LineString",
        "coordinates": [
          [
            107.81024,
            -6.9845892
          ],
          [
            107.810371,
            -6.9846387
          ]
        ]
      },
      "properties": {
        "id": 1005744417,
        "bridge": "yes",
        "electrified": "no",
        "gauge": "1067",
        "layer": "1",
        "maxspeed": "110",
        "name": "Jalur Kereta Api Padalarang–Kasugihan",
        "operator": "Kereta Api Indonesia",
        "owner": "Direktorat Jenderal Perkeretaapian Kementerian Perhubungan Republik Indonesia",
        "railway": "rail",
        "railway:bidirectional": "signals",
        "railway:preferred_direction": "forward",
        "railway:traffic_mode": "mixed",
        "sleeper:material": "concrete",
        "source": "Yahoo hires",
        "usage": "main",
        "wikidata": "Q25630218",
        "wikipedia": "id:Jalur kereta api Padalarang–Kasugihan"
      }
    },
    {
      "type": "Feature",
      "geometry": {
        "type": "LineString",
        "coordinates": [
          [
            107.8032133,
            -6.9820318
          ],
          [
            107.8040112,
            -6.9823281
          ],
          [
            107.81024,
            -6.9845892
          ]
        ]
      },
      "properties": {
        "id": 1087184419,
        "electrified": "no",
        "gauge": "1067",
        "maxspeed": "110",
        "name": "Jalur Kereta Api Padalarang–Kasugihan",
        "operator": "Kereta Api Indonesia",
        "owner": "Direktorat Jenderal Perkeretaapian Kementerian Perhubungan Republik Indonesia",
        "railway": "rail",
        "railway:bidirectional": "signals",
        "railway:preferred_direction": "forward",
        "railway:traffic_mode": "mixed",
        "sleeper:material": "concrete",
        "source": "Yahoo hires",
        "usage": "main",
        "wikidata": "Q25630218",
        "wikipedia": "id:Jalur kereta api Padalarang–Kasugihan"
      }
    },
    {
      "type": "Feature",
      "geometry": {
        "type": "LineString",
        "coordinates": [
          [
            107.8030708,
            -6.9819816
          ],
          [
            107.8032133,
            -6.9820318
          ]
        ]
      },
      "properties": {
        "id": 1087184420,
        "bridge": "yes",
        "electrified": "no",
        "gauge": "1067",
        "layer": "1",
        "maxspeed": "110",
        "name": "Jalur Kereta Api Padalarang–Kasugihan",
        "operator": "Kereta Api Indonesia",
        "owner": "Direktorat Jenderal Perkeretaapian Kementerian Perhubungan Republik Indonesia",
        "railway": "rail",
        "railway:bidirectional": "signals",
        "railway:preferred_direction": "forward",
        "railway:traffic_mode": "mixed",
        "sleeper:material": "concrete",
        "source": "Yahoo hires",
        "usage": "main",
        "wikidata": "Q25630218",
        "wikipedia": "id:Jalur kereta api Padalarang–Kasugihan"
      }
    },
    {
      "type": "Feature",
      "geometry": {
        "type": "LineString",
        "coordinates": [
          [
            107.6842763,
            -6.9388143
          ],
          [
            107.6844614,
            -6.9388815
          ]
        ]
      },
      "properties": {
        "id": 1087419178,
        "bridge": "yes",
        "electrified": "no",
        "gauge": "1067",
        "layer": "1",
        "maxspeed": "100",
        "name": "Jalur Kereta Api Padalarang–Kasugihan",
        "operator": "Kereta Api Indonesia",
        "owner": "Direktorat Jenderal Perkeretaapian Kementerian Perhubungan Republik Indonesia",
        "railway": "rail",
        "railway:bidirectional": "signals",
        "railway:preferred_direction": "forward",
        "railway:traffic_mode": "mixed",
        "sleeper:material": "concrete",
        "usage": "main",
        "wikidata": "Q25630218",
        "wikipedia": "id:Jalur kereta api Padalarang–Kasugihan"
      }
    },
    {
      "type": "Feature",
      "geometry": {
        "type": "LineString",
        "coordinates": [
          [
            107.6875434,
            -6.9400357
          ],
          [
            107.6877303,
            -6.9401139
          ],
          [
            107.6878481,
            -6.9401571
          ],
          [
            107.6881161,
            -6.9402565
          ],
          [
            107.6881466,
            -6.9402678
          ],
          [
            107.6888284,
            -6.940515
          ],
          [
            107.6905026,
            -6.9411251
          ],
          [
            107.6910348,
            -6.9413187
          ],
          [
            107.6910824,
            -6.9413355
          ],
          [
            107.6911674,
            -6.9413609
          ],
          [
            107.6912767,
            -6.9413909
          ],
          [
            107.6914856,
            -6.9414466
          ],
          [
            107.6916843,
            -6.9415117
          ]
        ]
      },
      "properties": {
        "id": 1087419179,
        "electrified": "no",
        "gauge": "1067",
        "railway": "rail",
        "railway:track_ref": "1",
        "service": "siding",
        "usage": "industrial"
      }
    },
    {
      "type": "Feature",
      "geometry": {
        "type": "LineString",
        "coordinates": [
          [
            107.6414141,
            -6.9231899
          ],
          [
            107.6422277,
            -6.9234816
          ],
          [
            107.6434821,
            -6.9239355
          ]
        ]
      },
      "properties": {
        "id": 1127992512,
        "electrified": "no",
        "gauge": "1067",
        "maxspeed": "90",
        "name": "Jalur Kereta Api Padalarang–Kasugihan",
        "operator": "Kereta Api Indonesia",
        "owner": "Direktorat Jenderal Perkeretaapian Kementerian Perhubungan Republik Indonesia",
        "railway": "rail",
        "railway:bidirectional": "signals",
        "railway:preferred_direction": "forward",
        "railway:traffic_mode": "mixed",
        "sleeper:material": "concrete",
        "source": "Yahoo hires",
        "usage": "main",
        "wikidata": "Q25630218",
        "wikipedia": "id:Jalur kereta api Padalarang–Kasugihan"
      }
    },
    {
      "type": "Feature",
      "geometry": {
        "type": "LineString",
        "coordinates": [
          [
            107.7728766,
            -6.9710582
          ],
          [
            107.7729873,
            -6.9710955
          ]
        ]
      },
      "properties": {
        "id": 1128232620,
        "bridge": "yes",
        "electrified": "no",
        "gauge": "1067",
        "layer": "1",
        "maxspeed": "110",
        "name": "Jalur Kereta Api Padalarang–Kasugihan",
        "operator": "Kereta Api Indonesia",
        "owner": "Direktorat Jenderal Perkeretaapian Kementerian Perhubungan Republik Indonesia",
        "railway": "rail",
        "railway:bidirectional": "signals",
        "railway:preferred_direction": "forward",
        "railway:traffic_mode": "mixed",
        "sleeper:material": "concrete",
        "usage": "main",
        "wikidata": "Q25630218",
        "wikipedia": "id:Jalur kereta api Padalarang–Kasugihan"
      }
    },
    {
      "type": "Feature",
      "geometry": {
        "type": "LineString",
        "coordinates": [
          [
            107.7732177,
            -6.9711763
          ],
          [
            107.7785528,
            -6.9731164
          ],
          [
            107.7792713,
            -6.9733916
          ],
          [
            107.7803498,
            -6.9738047
          ],
          [
            107.7808085,
            -6.9739687
          ]
        ]
      },
      "properties": {
        "id": 1128232630,
        "electrified": "no",
        "gauge": "1067",
        "maxspeed": "110",
        "name": "Jalur Kereta Api Padalarang–Kasugihan",
        "operator": "Kereta Api Indonesia",
        "owner": "Direktorat Jenderal Perkeretaapian Kementerian Perhubungan Republik Indonesia",
        "railway": "rail",
        "railway:bidirectional": "signals",
        "railway:preferred_direction": "forward",
        "railway:traffic_mode": "mixed",
        "sleeper:material": "concrete",
        "usage": "main",
        "wikidata": "Q25630218",
        "wikipedia": "id:Jalur kereta api Padalarang–Kasugihan"
      }
    },
    {
      "type": "Feature",
      "geometry": {
        "type": "LineString",
        "coordinates": [
          [
            107.7808085,
            -6.9739687
          ],
          [
            107.7809829,
            -6.9740327
          ],
          [
            107.7810003,
            -6.9740391
          ]
        ]
      },
      "properties": {
        "id": 1128232631,
        "bridge": "yes",
        "electrified": "no",
        "gauge": "1067",
        "layer": "1",
        "maxspeed": "110",
        "name": "Jalur Kereta Api Padalarang–Kasugihan",
        "operator": "Kereta Api Indonesia",
        "owner": "Direktorat Jenderal Perkeretaapian Kementerian Perhubungan Republik Indonesia",
        "railway": "rail",
        "railway:bidirectional": "signals",
        "railway:preferred_direction": "forward",
        "railway:traffic_mode": "mixed",
        "sleeper:material": "concrete",
        "usage": "main",
        "wikidata": "Q25630218",
        "wikipedia": "id:Jalur kereta api Padalarang–Kasugihan"
      }
    },
    {
      "type": "Feature",
      "geometry": {
        "type": "LineString",
        "coordinates": [
          [
            107.7810003,
            -6.9740391
          ],
          [
            107.7834206,
            -6.9749163
          ],
          [
            107.784179,
            -6.9751962
          ],
          [
            107.7843334,
            -6.9752519
          ]
        ]
      },
      "properties": {
        "id": 1128232632,
        "electrified": "no",
        "gauge": "1067",
        "maxspeed": "110",
        "name": "Jalur Kereta Api Padalarang–Kasugihan",
        "operator": "Kereta Api Indonesia",
        "owner": "Direktorat Jenderal Perkeretaapian Kementerian Perhubungan Republik Indonesia",
        "railway": "rail",
        "railway:bidirectional": "signals",
        "railway:preferred_direction": "forward",
        "railway:traffic_mode": "mixed",
        "sleeper:material": "concrete",
        "usage": "main",
        "wikidata": "Q25630218",
        "wikipedia": "id:Jalur kereta api Padalarang–Kasugihan"
      }
    },
    {
      "type": "Feature",
      "geometry": {
        "type": "LineString",
        "coordinates": [
          [
            107.7843334,
            -6.9752519
          ],
          [
            107.7845129,
            -6.9753171
          ]
        ]
      },
      "properties": {
        "id": 1128232633,
        "bridge": "yes",
        "electrified": "no",
        "gauge": "1067",
        "layer": "1",
        "maxspeed": "110",
        "name": "Jalur Kereta Api Padalarang–Kasugihan",
        "operator": "Kereta Api Indonesia",
        "owner": "Direktorat Jenderal Perkeretaapian Kementerian Perhubungan Republik Indonesia",
        "railway": "rail",
        "railway:bidirectional": "signals",
        "railway:preferred_direction": "forward",
        "railway:traffic_mode": "mixed",
        "sleeper:material": "concrete",
        "usage": "main",
        "wikidata": "Q25630218",
        "wikipedia": "id:Jalur kereta api Padalarang–Kasugihan"
      }
    },
    {
      "type": "Feature",
      "geometry": {
        "type": "LineString",
        "coordinates": [
          [
            107.5591231,
            -6.8948987
          ],
          [
            107.5596069,
            -6.8951769
          ],
          [
            107.5596791,
            -6.8952233
          ],
          [
            107.5597514,
            -6.895268
          ],
          [
            107.5599843,
            -6.8953967
          ],
          [
            107.5602031,
            -6.8955227
          ],
          [
            107.5603333,
            -6.8955986
          ],
          [
            107.5603751,
            -6.895623
          ],
          [
            107.5605609,
            -6.8957317
          ],
          [
            107.5608105,
            -6.8958959
          ],
          [
            107.5626233,
            -6.8970948
          ],
          [
            107.5627772,
            -6.8972011
          ],
          [
            107.5628071,
            -6.8972226
          ],
          [
            107.5629335,
            -6.8972962
          ],
          [
            107.5633293,
            -6.8975312
          ]
        ]
      },
      "properties": {
        "id": 1147861219,
        "electrified": "no",
        "gauge": "1067",
        "maxspeed": "30",
        "railway": "rail",
        "railway:track_ref": "1",
        "service": "siding",
        "usage": "main",
        "wikidata": "Q25630218",
        "wikipedia": "id:Jalur kereta api Padalarang–Kasugihan"
      }
    },
    {
      "type": "Feature",
      "geometry": {
        "type": "LineString",
        "coordinates": [
          [
            107.4990727,
            -6.8444849
          ],
          [
            107.4991872,
            -6.8445924
          ],
          [
            107.4995825,
            -6.8449524
          ],
          [
            107.4998237,
            -6.8451605
          ],
          [
            107.5003057,
            -6.8455589
          ]
        ]
      },
      "properties": {
        "id": 1149566318,
        "electrified": "no",
        "gauge": "1067",
        "maxspeed": "110",
        "name": "Jalur Kereta Api Padalarang–Kasugihan",
        "operator": "Kereta Api Indonesia",
        "owner": "Direktorat Jenderal Perkeretaapian Kementerian Perhubungan Republik Indonesia",
        "railway": "rail",
        "railway:bidirectional": "signals",
        "railway:preferred_direction": "forward",
        "railway:traffic_mode": "mixed",
        "sleeper:material": "concrete",
        "usage": "main",
        "wikidata": "Q25630218",
        "wikipedia": "id:Jalur kereta api Padalarang–Kasugihan"
      }
    },
    {
      "type": "Feature",
      "geometry": {
        "type": "LineString",
        "coordinates": [
          [
            107.5821404,
            -6.9099596
          ],
          [
            107.582223,
            -6.9100138
          ]
        ]
      },
      "properties": {
        "id": 1149566321,
        "electrified": "no",
        "gauge": "1067",
        "maxspeed": "110",
        "name": "Jalur Kereta Api Padalarang–Kasugihan",
        "operator": "Kereta Api Indonesia",
        "owner": "Direktorat Jenderal Perkeretaapian Kementerian Perhubungan Republik Indonesia",
        "railway": "rail",
        "railway:bidirectional": "signals",
        "railway:preferred_direction": "forward",
        "railway:traffic_mode": "mixed",
        "sleeper:material": "concrete",
        "usage": "main",
        "wikidata": "Q25630218",
        "wikipedia": "id:Jalur kereta api Padalarang–Kasugihan"
      }
    },
    {
      "type": "Feature",
      "geometry": {
        "type": "LineString",
        "coordinates": [
          [
            107.5824446,
            -6.9101631
          ],
          [
            107.5825993,
            -6.9102786
          ],
          [
            107.582765,
            -6.9104088
          ],
          [
            107.582917,
            -6.9105175
          ],
          [
            107.5831168,
            -6.9106499
          ],
          [
            107.5839059,
            -6.9111715
          ],
          [
            107.5853352,
            -6.9121178
          ],
          [
            107.5855453,
            -6.9122569
          ],
          [
            107.5855833,
            -6.9122817
          ],
          [
            107.5856529,
            -6.9123273
          ],
          [
            107.5856926,
            -6.9123535
          ],
          [
            107.5859504,
            -6.9125232
          ],
          [
            107.586121,
            -6.9126324
          ],
          [
            107.5863089,
            -6.9127481
          ],
          [
            107.5866034,
            -6.9129165
          ],
          [
            107.5868789,
            -6.9130642
          ],
          [
            107.5871337,
            -6.9131854
          ],
          [
            107.5874437,
            -6.9133182
          ],
          [
            107.5877108,
            -6.9134225
          ],
          [
            107.5879324,
            -6.9135038
          ],
          [
            107.5881391,
            -6.9135714
          ],
          [
            107.5884248,
            -6.9136502
          ],
          [
            107.5885043,
            -6.9136722
          ]
        ]
      },
      "properties": {
        "id": 1149566322,
        "electrified": "no",
        "gauge": "1067",
        "maxspeed": "30",
        "name": "Jalur Kereta Api Bandung–Ciroyom–Andir",
        "operator": "Kereta Api Indonesia",
        "owner": "Direktorat Jenderal Perkeretaapian Kementerian Perhubungan Republik Indonesia",
        "railway": "rail",
        "railway:bidirectional": "regular",
        "railway:preferred_direction": "both",
        "railway:traffic_mode": "mixed",
        "sleeper:material": "concrete",
        "usage": "branch",
        "wikidata": "Q25630218"
      }
    },
    {
      "type": "Feature",
      "geometry": {
        "type": "LineString",
        "coordinates": [
          [
            107.6946536,
            -6.9425948
          ],
          [
            107.6947036,
            -6.9426129
          ],
          [
            107.6947536,
            -6.942631
          ],
          [
            107.6964404,
            -6.9432419
          ],
          [
            107.6965138,
            -6.9432685
          ],
          [
            107.6988093,
            -6.9441073
          ],
          [
            107.7001247,
            -6.9445986
          ]
        ]
      },
      "properties": {
        "id": 1149566330,
        "electrified": "no",
        "gauge": "1067",
        "maxspeed": "110",
        "name": "Jalur Kereta Api Padalarang–Kasugihan",
        "operator": "Kereta Api Indonesia",
        "owner": "Direktorat Jenderal Perkeretaapian Kementerian Perhubungan Republik Indonesia",
        "railway": "rail",
        "railway:bidirectional": "signals",
        "railway:preferred_direction": "forward",
        "railway:traffic_mode": "mixed",
        "sleeper:material": "concrete",
        "usage": "main",
        "wikidata": "Q25630218",
        "wikipedia": "id:Jalur kereta api Padalarang–Kasugihan"
      }
    },
    {
      "type": "Feature",
      "geometry": {
        "type": "LineString",
        "coordinates": [
          [
            107.7480249,
            -6.9620423
          ],
          [
            107.7498352,
            -6.9626777
          ],
          [
            107.7498742,
            -6.9626914
          ],
          [
            107.7503779,
            -6.9628683
          ],
          [
            107.7503857,
            -6.9628711
          ],
          [
            107.7515718,
            -6.9632971
          ],
          [
            107.7523274,
            -6.9635685
          ]
        ]
      },
      "properties": {
        "id": 1149571101,
        "electrified": "no",
        "gauge": "1067",
        "maxspeed": "110",
        "name": "Jalur Kereta Api Padalarang–Kasugihan",
        "operator": "Kereta Api Indonesia",
        "owner": "Direktorat Jenderal Perkeretaapian Kementerian Perhubungan Republik Indonesia",
        "railway": "rail",
        "railway:bidirectional": "signals",
        "railway:preferred_direction": "forward",
        "railway:traffic_mode": "mixed",
        "sleeper:material": "concrete",
        "usage": "main",
        "wikidata": "Q25630218",
        "wikipedia": "id:Jalur kereta api Padalarang–Kasugihan"
      }
    },
    {
      "type": "Feature",
      "geometry": {
        "type": "LineString",
        "coordinates": [
          [
            107.7730645,
            -6.9711226
          ],
          [
            107.7732177,
            -6.9711763
          ]
        ]
      },
      "properties": {
        "id": 1149571105,
        "bridge": "yes",
        "electrified": "no",
        "gauge": "1067",
        "layer": "1",
        "maxspeed": "110",
        "name": "Jalur Kereta Api Padalarang–Kasugihan",
        "operator": "Kereta Api Indonesia",
        "owner": "Direktorat Jenderal Perkeretaapian Kementerian Perhubungan Republik Indonesia",
        "railway": "rail",
        "railway:bidirectional": "signals",
        "railway:preferred_direction": "forward",
        "railway:traffic_mode": "mixed",
        "sleeper:material": "concrete",
        "usage": "main",
        "wikidata": "Q25630218",
        "wikipedia": "id:Jalur kereta api Padalarang–Kasugihan"
      }
    },
    {
      "type": "Feature",
      "geometry": {
        "type": "LineString",
        "coordinates": [
          [
            107.7729873,
            -6.9710955
          ],
          [
            107.7730645,
            -6.9711226
          ]
        ]
      },
      "properties": {
        "id": 1149571106,
        "electrified": "no",
        "gauge": "1067",
        "layer": "1",
        "maxspeed": "110",
        "name": "Jalur Kereta Api Padalarang–Kasugihan",
        "operator": "Kereta Api Indonesia",
        "owner": "Direktorat Jenderal Perkeretaapian Kementerian Perhubungan Republik Indonesia",
        "railway": "rail",
        "railway:bidirectional": "signals",
        "railway:preferred_direction": "forward",
        "railway:traffic_mode": "mixed",
        "sleeper:material": "concrete",
        "usage": "main",
        "wikidata": "Q25630218",
        "wikipedia": "id:Jalur kereta api Padalarang–Kasugihan"
      }
    },
    {
      "type": "Feature",
      "geometry": {
        "type": "LineString",
        "coordinates": [
          [
            107.7998788,
            -6.9808307
          ],
          [
            107.8009596,
            -6.9812205
          ],
          [
            107.8010154,
            -6.9812408
          ],
          [
            107.8021128,
            -6.98164
          ],
          [
            107.8030708,
            -6.9819816
          ]
        ]
      },
      "properties": {
        "id": 1149571111,
        "electrified": "no",
        "gauge": "1067",
        "maxspeed": "110",
        "name": "Jalur Kereta Api Padalarang–Kasugihan",
        "operator": "Kereta Api Indonesia",
        "owner": "Direktorat Jenderal Perkeretaapian Kementerian Perhubungan Republik Indonesia",
        "railway": "rail",
        "railway:bidirectional": "signals",
        "railway:preferred_direction": "forward",
        "railway:traffic_mode": "mixed",
        "sleeper:material": "concrete",
        "usage": "main",
        "wikidata": "Q25630218",
        "wikipedia": "id:Jalur kereta api Padalarang–Kasugihan"
      }
    },
    {
      "type": "Feature",
      "geometry": {
        "type": "LineString",
        "coordinates": [
          [
            107.4990727,
            -6.8444849
          ],
          [
            107.4988975,
            -6.8443593
          ],
          [
            107.4987893,
            -6.8442707
          ],
          [
            107.49857,
            -6.8440717
          ]
        ]
      },
      "properties": {
        "id": 1156069671,
        "electrified": "no",
        "gauge": "1067",
        "maxspeed": "30",
        "railway": "rail",
        "service": "siding"
      }
    },
    {
      "type": "Feature",
      "geometry": {
        "type": "LineString",
        "coordinates": [
          [
            107.7224792,
            -6.9527519
          ],
          [
            107.722626,
            -6.9528088
          ]
        ]
      },
      "properties": {
        "id": 1156870777,
        "bridge": "yes",
        "electrified": "no",
        "gauge": "1067",
        "layer": "1",
        "maxspeed": "110",
        "name": "Jalur Kereta Api Padalarang–Kasugihan",
        "operator": "Kereta Api Indonesia",
        "owner": "Direktorat Jenderal Perkeretaapian Kementerian Perhubungan Republik Indonesia",
        "railway": "rail",
        "railway:bidirectional": "signals",
        "railway:preferred_direction": "forward",
        "railway:traffic_mode": "mixed",
        "sleeper:material": "concrete",
        "usage": "main",
        "wikidata": "Q25630218",
        "wikipedia": "id:Jalur kereta api Padalarang–Kasugihan"
      }
    },
    {
      "type": "Feature",
      "geometry": {
        "type": "LineString",
        "coordinates": [
          [
            107.5362647,
            -6.8860412
          ],
          [
            107.5366917,
            -6.8865292
          ],
          [
            107.5372972,
            -6.8872172
          ],
          [
            107.5374921,
            -6.8874379
          ],
          [
            107.5377009,
            -6.8876712
          ]
        ]
      },
      "properties": {
        "id": 1187069943,
        "electrified": "no",
        "gauge": "1067",
        "maxspeed": "80",
        "name": "Jalur Kereta Api Padalarang–Kasugihan",
        "operator": "Kereta Api Indonesia",
        "owner": "Direktorat Jenderal Perkeretaapian Kementerian Perhubungan Republik Indonesia",
        "railway": "rail",
        "railway:bidirectional": "signals",
        "railway:preferred_direction": "forward",
        "railway:track_ref": "2",
        "railway:traffic_mode": "mixed",
        "sleeper:material": "concrete",
        "usage": "main",
        "wikidata": "Q25630218",
        "wikipedia": "id:Jalur kereta api Padalarang–Kasugihan"
      }
    },
    {
      "type": "Feature",
      "geometry": {
        "type": "LineString",
        "coordinates": [
          [
            107.5965262,
            -6.9143357
          ],
          [
            107.5968989,
            -6.9143459
          ],
          [
            107.5972046,
            -6.9143636
          ]
        ]
      },
      "properties": {
        "id": 1187069948,
        "electrified": "no",
        "gauge": "1067",
        "maxspeed": "20",
        "name": "Jalur Kereta Api Bandung–Ciroyom–Andir",
        "operator": "Kereta Api Indonesia",
        "owner": "Direktorat Jenderal Perkeretaapian Kementerian Perhubungan Republik Indonesia",
        "railway": "rail",
        "railway:bidirectional": "regular",
        "railway:preferred_direction": "forward",
        "railway:traffic_mode": "mixed",
        "sleeper:material": "concrete",
        "usage": "branch",
        "wikidata": "Q25630218"
      }
    },
    {
      "type": "Feature",
      "geometry": {
        "type": "LineString",
        "coordinates": [
          [
            107.8242952,
            -6.9800513
          ],
          [
            107.8248516,
            -6.979499
          ],
          [
            107.8250394,
            -6.9793387
          ],
          [
            107.825135,
            -6.9792667
          ],
          [
            107.8255234,
            -6.9790011
          ],
          [
            107.8257959,
            -6.9788497
          ],
          [
            107.8260988,
            -6.9787077
          ],
          [
            107.8264642,
            -6.9785665
          ],
          [
            107.8268151,
            -6.9784676
          ],
          [
            107.8270784,
            -6.9784168
          ],
          [
            107.8274563,
            -6.9783613
          ],
          [
            107.8277725,
            -6.9783443
          ],
          [
            107.8280887,
            -6.9783456
          ],
          [
            107.828341,
            -6.9783681
          ],
          [
            107.8286152,
            -6.9784054
          ],
          [
            107.8288173,
            -6.9784449
          ],
          [
            107.829129,
            -6.9785273
          ],
          [
            107.8294206,
            -6.9786199
          ],
          [
            107.8296609,
            -6.9787149
          ],
          [
            107.8299319,
            -6.9788423
          ],
          [
            107.8301127,
            -6.9789423
          ],
          [
            107.8304311,
            -6.9791459
          ],
          [
            107.830663,
            -6.9793137
          ],
          [
            107.8308363,
            -6.9794522
          ],
          [
            107.8309949,
            -6.9795984
          ],
          [
            107.831129,
            -6.97973
          ],
          [
            107.8312481,
            -6.9798592
          ]
        ]
      },
      "properties": {
        "id": 1187523740,
        "electrified": "no",
        "gauge": "1067",
        "maxspeed": "90",
        "name": "Jalur Kereta Api Padalarang–Kasugihan",
        "operator": "Kereta Api Indonesia",
        "owner": "Direktorat Jenderal Perkeretaapian Kementerian Perhubungan Republik Indonesia",
        "railway": "rail",
        "railway:bidirectional": "signals",
        "railway:preferred_direction": "forward",
        "railway:traffic_mode": "mixed",
        "sleeper:material": "concrete",
        "source": "Yahoo hires",
        "usage": "main",
        "wikidata": "Q25630218",
        "wikipedia": "id:Jalur kereta api Padalarang–Kasugihan"
      }
    },
    {
      "type": "Feature",
      "geometry": {
        "type": "LineString",
        "coordinates": [
          [
            107.7275833,
            -6.9546661
          ],
          [
            107.7277312,
            -6.9547208
          ]
        ]
      },
      "properties": {
        "id": 1191015059,
        "bridge": "yes",
        "electrified": "no",
        "gauge": "1067",
        "layer": "1",
        "maxspeed": "110",
        "name": "Jalur Kereta Api Padalarang–Kasugihan",
        "operator": "Kereta Api Indonesia",
        "owner": "Direktorat Jenderal Perkeretaapian Kementerian Perhubungan Republik Indonesia",
        "railway": "rail",
        "railway:bidirectional": "signals",
        "railway:preferred_direction": "forward",
        "railway:traffic_mode": "mixed",
        "sleeper:material": "concrete",
        "usage": "main",
        "wikidata": "Q25630218",
        "wikipedia": "id:Jalur kereta api Padalarang–Kasugihan"
      }
    },
    {
      "type": "Feature",
      "geometry": {
        "type": "LineString",
        "coordinates": [
          [
            107.722626,
            -6.9528088
          ],
          [
            107.7228981,
            -6.9529096
          ],
          [
            107.7245833,
            -6.9535126
          ],
          [
            107.7255865,
            -6.9538933
          ],
          [
            107.7275833,
            -6.9546661
          ]
        ]
      },
      "properties": {
        "id": 1191015060,
        "electrified": "no",
        "gauge": "1067",
        "maxspeed": "110",
        "name": "Jalur Kereta Api Padalarang–Kasugihan",
        "operator": "Kereta Api Indonesia",
        "owner": "Direktorat Jenderal Perkeretaapian Kementerian Perhubungan Republik Indonesia",
        "railway": "rail",
        "railway:bidirectional": "signals",
        "railway:preferred_direction": "forward",
        "railway:traffic_mode": "mixed",
        "sleeper:material": "concrete",
        "usage": "main",
        "wikidata": "Q25630218",
        "wikipedia": "id:Jalur kereta api Padalarang–Kasugihan"
      }
    },
    {
      "type": "Feature",
      "geometry": {
        "type": "LineString",
        "coordinates": [
          [
            107.8321081,
            -6.9810404
          ],
          [
            107.8321956,
            -6.9811643
          ],
          [
            107.8323346,
            -6.9813445
          ],
          [
            107.8326348,
            -6.9816856
          ],
          [
            107.8328197,
            -6.9818874
          ],
          [
            107.8329852,
            -6.9820619
          ],
          [
            107.8331025,
            -6.9821834
          ]
        ]
      },
      "properties": {
        "id": 1230109529,
        "electrified": "no",
        "gauge": "1067",
        "railway": "rail",
        "railway:track_ref": "1",
        "service": "siding"
      }
    },
    {
      "type": "Feature",
      "geometry": {
        "type": "LineString",
        "coordinates": [
          [
            107.5822692,
            -6.9100431
          ],
          [
            107.5824446,
            -6.9101631
          ]
        ]
      },
      "properties": {
        "id": 1242516110,
        "electrified": "no",
        "gauge": "1067",
        "maxspeed": "110",
        "name": "Jalur Kereta Api Padalarang–Kasugihan",
        "operator": "Kereta Api Indonesia",
        "owner": "Direktorat Jenderal Perkeretaapian Kementerian Perhubungan Republik Indonesia",
        "railway": "rail",
        "railway:bidirectional": "signals",
        "railway:preferred_direction": "forward",
        "railway:traffic_mode": "mixed",
        "sleeper:material": "concrete",
        "usage": "main",
        "wikidata": "Q25630218",
        "wikipedia": "id:Jalur kereta api Padalarang–Kasugihan"
      }
    },
    {
      "type": "Feature",
      "geometry": {
        "type": "LineString",
        "coordinates": [
          [
            107.5377009,
            -6.8876712
          ],
          [
            107.5380781,
            -6.8880793
          ],
          [
            107.5382841,
            -6.8882963
          ],
          [
            107.5385812,
            -6.8885652
          ],
          [
            107.5388674,
            -6.8887797
          ],
          [
            107.5390774,
            -6.8889281
          ],
          [
            107.5393495,
            -6.8890933
          ],
          [
            107.5396222,
            -6.8892334
          ],
          [
            107.5399394,
            -6.8893706
          ],
          [
            107.5402737,
            -6.889486
          ],
          [
            107.5406864,
            -6.8896005
          ],
          [
            107.5408668,
            -6.8896421
          ],
          [
            107.5409982,
            -6.8896672
          ]
        ]
      },
      "properties": {
        "id": 1242516119,
        "electrified": "no",
        "gauge": "1067",
        "maxspeed": "100",
        "name": "Jalur Kereta Api Padalarang–Kasugihan",
        "operator": "Kereta Api Indonesia",
        "owner": "Direktorat Jenderal Perkeretaapian Kementerian Perhubungan Republik Indonesia",
        "railway": "rail",
        "railway:bidirectional": "signals",
        "railway:preferred_direction": "forward",
        "railway:traffic_mode": "mixed",
        "sleeper:material": "concrete",
        "usage": "main",
        "wikidata": "Q25630218",
        "wikipedia": "id:Jalur kereta api Padalarang–Kasugihan"
      }
    },
    {
      "type": "Feature",
      "geometry": {
        "type": "LineString",
        "coordinates": [
          [
            107.5003057,
            -6.8455589
          ],
          [
            107.500345,
            -6.8455913
          ],
          [
            107.5003833,
            -6.8456228
          ]
        ]
      },
      "properties": {
        "id": 1242723282,
        "electrified": "no",
        "gauge": "1067",
        "maxspeed": "110",
        "name": "Jalur Kereta Api Padalarang–Kasugihan",
        "operator": "Kereta Api Indonesia",
        "owner": "Direktorat Jenderal Perkeretaapian Kementerian Perhubungan Republik Indonesia",
        "railway": "rail",
        "railway:bidirectional": "signals",
        "railway:preferred_direction": "forward",
        "railway:traffic_mode": "mixed",
        "sleeper:material": "concrete",
        "usage": "main",
        "wikidata": "Q25630218",
        "wikipedia": "id:Jalur kereta api Padalarang–Kasugihan"
      }
    },
    {
      "type": "Feature",
      "geometry": {
        "type": "LineString",
        "coordinates": [
          [
            107.5633293,
            -6.8975312
          ],
          [
            107.5637175,
            -6.8977889
          ],
          [
            107.5641557,
            -6.8980702
          ],
          [
            107.5642066,
            -6.8981045
          ],
          [
            107.5647648,
            -6.8984801
          ],
          [
            107.5652584,
            -6.8988111
          ],
          [
            107.5652839,
            -6.8988276
          ],
          [
            107.5673719,
            -6.9001814
          ],
          [
            107.5682851,
            -6.9007871
          ],
          [
            107.5698784,
            -6.9018435
          ],
          [
            107.570894,
            -6.9025165
          ]
        ]
      },
      "properties": {
        "id": 1242723284,
        "electrified": "no",
        "gauge": "1067",
        "maxspeed": "110",
        "name": "Jalur Kereta Api Padalarang–Kasugihan",
        "operator": "Kereta Api Indonesia",
        "owner": "Direktorat Jenderal Perkeretaapian Kementerian Perhubungan Republik Indonesia",
        "railway": "rail",
        "railway:bidirectional": "signals",
        "railway:preferred_direction": "forward",
        "railway:traffic_mode": "mixed",
        "sleeper:material": "concrete",
        "usage": "main",
        "wikidata": "Q25630218",
        "wikipedia": "id:Jalur kereta api Padalarang–Kasugihan"
      }
    },
    {
      "type": "Feature",
      "geometry": {
        "type": "LineString",
        "coordinates": [
          [
            107.599955,
            -6.9144203
          ],
          [
            107.5997983,
            -6.9144259
          ],
          [
            107.5997018,
            -6.9144303
          ],
          [
            107.5996119,
            -6.9144347
          ],
          [
            107.5994548,
            -6.9144323
          ],
          [
            107.5984729,
            -6.9143841
          ],
          [
            107.5984428,
            -6.9143828
          ],
          [
            107.5984093,
            -6.9143813
          ],
          [
            107.5979056,
            -6.914356
          ]
        ]
      },
      "properties": {
        "id": 1242723290,
        "electrified": "no",
        "gauge": "1067",
        "maxspeed": "20",
        "railway": "rail",
        "service": "siding"
      }
    },
    {
      "type": "Feature",
      "geometry": {
        "type": "LineString",
        "coordinates": [
          [
            107.604827,
            -6.9146301
          ],
          [
            107.6051155,
            -6.9146667
          ],
          [
            107.6054004,
            -6.9147028
          ]
        ]
      },
      "properties": {
        "id": 1242723293,
        "electrified": "no",
        "gauge": "1067",
        "maxspeed": "20",
        "name": "Jalur Kereta Api Padalarang–Kasugihan",
        "operator": "Kereta Api Indonesia",
        "owner": "Direktorat Jenderal Perkeretaapian Kementerian Perhubungan Republik Indonesia",
        "railway": "rail",
        "railway:bidirectional": "signals",
        "railway:preferred_direction": "forward",
        "railway:traffic_mode": "mixed",
        "sleeper:material": "concrete",
        "usage": "main",
        "wikidata": "Q25630218",
        "wikipedia": "id:Jalur kereta api Padalarang–Kasugihan"
      }
    },
    {
      "type": "Feature",
      "geometry": {
        "type": "LineString",
        "coordinates": [
          [
            107.6044783,
            -6.9145824
          ],
          [
            107.6046639,
            -6.9146074
          ],
          [
            107.604827,
            -6.9146301
          ]
        ]
      },
      "properties": {
        "id": 1242723294,
        "electrified": "no",
        "gauge": "1067",
        "maxspeed": "20",
        "name": "Jalur Kereta Api Padalarang–Kasugihan",
        "operator": "Kereta Api Indonesia",
        "owner": "Direktorat Jenderal Perkeretaapian Kementerian Perhubungan Republik Indonesia",
        "railway": "rail",
        "railway:bidirectional": "signals",
        "railway:preferred_direction": "forward",
        "railway:traffic_mode": "mixed",
        "sleeper:material": "concrete",
        "usage": "main",
        "wikidata": "Q25630218",
        "wikipedia": "id:Jalur kereta api Padalarang–Kasugihan"
      }
    },
    {
      "type": "Feature",
      "geometry": {
        "type": "LineString",
        "coordinates": [
          [
            107.6434821,
            -6.9239355
          ],
          [
            107.644388,
            -6.924264
          ],
          [
            107.6444962,
            -6.9243006
          ],
          [
            107.6446813,
            -6.9243697
          ]
        ]
      },
      "properties": {
        "id": 1242742384,
        "electrified": "no",
        "gauge": "1067",
        "maxspeed": "90",
        "name": "Jalur Kereta Api Padalarang–Kasugihan",
        "operator": "Kereta Api Indonesia",
        "owner": "Direktorat Jenderal Perkeretaapian Kementerian Perhubungan Republik Indonesia",
        "railway": "rail",
        "railway:bidirectional": "signals",
        "railway:preferred_direction": "forward",
        "railway:traffic_mode": "mixed",
        "sleeper:material": "concrete",
        "source": "Yahoo hires",
        "usage": "main",
        "wikidata": "Q25630218",
        "wikipedia": "id:Jalur kereta api Padalarang–Kasugihan"
      }
    },
    {
      "type": "Feature",
      "geometry": {
        "type": "LineString",
        "coordinates": [
          [
            107.6844614,
            -6.9388815
          ],
          [
            107.6854599,
            -6.9392452
          ],
          [
            107.6855125,
            -6.9392644
          ],
          [
            107.686224,
            -6.9395201
          ],
          [
            107.686252,
            -6.9395304
          ],
          [
            107.686992,
            -6.9398026
          ]
        ]
      },
      "properties": {
        "id": 1242742392,
        "electrified": "no",
        "gauge": "1067",
        "maxspeed": "100",
        "name": "Jalur Kereta Api Padalarang–Kasugihan",
        "operator": "Kereta Api Indonesia",
        "owner": "Direktorat Jenderal Perkeretaapian Kementerian Perhubungan Republik Indonesia",
        "railway": "rail",
        "railway:bidirectional": "signals",
        "railway:preferred_direction": "forward",
        "railway:traffic_mode": "mixed",
        "sleeper:material": "concrete",
        "usage": "main",
        "wikidata": "Q25630218",
        "wikipedia": "id:Jalur kereta api Padalarang–Kasugihan"
      }
    },
    {
      "type": "Feature",
      "geometry": {
        "type": "LineString",
        "coordinates": [
          [
            107.686992,
            -6.9398026
          ],
          [
            107.6870555,
            -6.9398259
          ],
          [
            107.6870924,
            -6.9398395
          ]
        ]
      },
      "properties": {
        "id": 1242742393,
        "electrified": "no",
        "gauge": "1067",
        "maxspeed": "100",
        "name": "Jalur Kereta Api Padalarang–Kasugihan",
        "operator": "Kereta Api Indonesia",
        "owner": "Direktorat Jenderal Perkeretaapian Kementerian Perhubungan Republik Indonesia",
        "railway": "rail",
        "railway:bidirectional": "signals",
        "railway:preferred_direction": "forward",
        "railway:traffic_mode": "mixed",
        "sleeper:material": "concrete",
        "usage": "main",
        "wikidata": "Q25630218",
        "wikipedia": "id:Jalur kereta api Padalarang–Kasugihan"
      }
    },
    {
      "type": "Feature",
      "geometry": {
        "type": "LineString",
        "coordinates": [
          [
            107.6916843,
            -6.9415117
          ],
          [
            107.6918605,
            -6.9415767
          ],
          [
            107.6931757,
            -6.9420555
          ],
          [
            107.693906,
            -6.942322
          ],
          [
            107.6946536,
            -6.9425948
          ]
        ]
      },
      "properties": {
        "id": 1242742394,
        "electrified": "no",
        "gauge": "1067",
        "maxspeed": "110",
        "name": "Jalur Kereta Api Padalarang–Kasugihan",
        "operator": "Kereta Api Indonesia",
        "owner": "Direktorat Jenderal Perkeretaapian Kementerian Perhubungan Republik Indonesia",
        "railway": "rail",
        "railway:bidirectional": "signals",
        "railway:preferred_direction": "forward",
        "railway:traffic_mode": "mixed",
        "sleeper:material": "concrete",
        "usage": "main",
        "wikidata": "Q25630218",
        "wikipedia": "id:Jalur kereta api Padalarang–Kasugihan"
      }
    },
    {
      "type": "Feature",
      "geometry": {
        "type": "LineString",
        "coordinates": [
          [
            107.7523274,
            -6.9635685
          ],
          [
            107.7523536,
            -6.9635784
          ],
          [
            107.7524203,
            -6.9636037
          ],
          [
            107.754061,
            -6.9642012
          ],
          [
            107.7541145,
            -6.9642207
          ],
          [
            107.7542707,
            -6.9642787
          ]
        ]
      },
      "properties": {
        "id": 1245300812,
        "electrified": "no",
        "gauge": "1067",
        "maxspeed": "110",
        "name": "Jalur Kereta Api Padalarang–Kasugihan",
        "operator": "Kereta Api Indonesia",
        "owner": "Direktorat Jenderal Perkeretaapian Kementerian Perhubungan Republik Indonesia",
        "railway": "rail",
        "railway:bidirectional": "signals",
        "railway:preferred_direction": "forward",
        "railway:traffic_mode": "mixed",
        "sleeper:material": "concrete",
        "usage": "main",
        "wikidata": "Q25630218",
        "wikipedia": "id:Jalur kereta api Padalarang–Kasugihan"
      }
    },
    {
      "type": "Feature",
      "geometry": {
        "type": "LineString",
        "coordinates": [
          [
            107.757127,
            -6.9653246
          ],
          [
            107.757797,
            -6.9655663
          ]
        ]
      },
      "properties": {
        "id": 1245300813,
        "electrified": "no",
        "gauge": "1067",
        "maxspeed": "110",
        "name": "Jalur Kereta Api Padalarang–Kasugihan",
        "operator": "Kereta Api Indonesia",
        "owner": "Direktorat Jenderal Perkeretaapian Kementerian Perhubungan Republik Indonesia",
        "railway": "rail",
        "railway:bidirectional": "signals",
        "railway:preferred_direction": "forward",
        "railway:traffic_mode": "mixed",
        "sleeper:material": "concrete",
        "usage": "main",
        "wikidata": "Q25630218",
        "wikipedia": "id:Jalur kereta api Padalarang–Kasugihan"
      }
    },
    {
      "type": "Feature",
      "geometry": {
        "type": "LineString",
        "coordinates": [
          [
            107.6031495,
            -6.9145291
          ],
          [
            107.6034413,
            -6.9145438
          ],
          [
            107.6034922,
            -6.9145447
          ],
          [
            107.6035404,
            -6.9145463
          ],
          [
            107.6037773,
            -6.9145503
          ],
          [
            107.6040044,
            -6.9145595
          ]
        ]
      },
      "properties": {
        "id": 1265002084,
        "electrified": "no",
        "gauge": "1067",
        "maxspeed": "30",
        "railway": "rail",
        "service": "siding"
      }
    },
    {
      "type": "Feature",
      "geometry": {
        "type": "LineString",
        "coordinates": [
          [
            107.599955,
            -6.9144203
          ],
          [
            107.6001797,
            -6.9144283
          ],
          [
            107.6004008,
            -6.9144394
          ],
          [
            107.6004734,
            -6.9144408
          ],
          [
            107.6005699,
            -6.9144403
          ],
          [
            107.6006699,
            -6.9144376
          ],
          [
            107.6008304,
            -6.9144337
          ],
          [
            107.6009876,
            -6.9144314
          ],
          [
            107.601079,
            -6.9144326
          ],
          [
            107.6011382,
            -6.9144355
          ],
          [
            107.601222,
            -6.9144392
          ],
          [
            107.6013661,
            -6.9144483
          ]
        ]
      },
      "properties": {
        "id": 1265002091,
        "electrified": "no",
        "gauge": "1067",
        "maxspeed": "20",
        "railway": "rail",
        "railway:track_ref": "1",
        "service": "siding"
      }
    },
    {
      "type": "Feature",
      "geometry": {
        "type": "LineString",
        "coordinates": [
          [
            107.6044783,
            -6.9145824
          ],
          [
            107.6043329,
            -6.914568
          ],
          [
            107.6041726,
            -6.9145639
          ],
          [
            107.6040044,
            -6.9145595
          ]
        ]
      },
      "properties": {
        "id": 1265510725,
        "electrified": "no",
        "gauge": "1067",
        "maxspeed": "30",
        "railway": "rail",
        "service": "siding",
        "wikidata": "Q25630218"
      }
    },
    {
      "type": "Feature",
      "geometry": {
        "type": "LineString",
        "coordinates": [
          [
            107.7983338,
            -6.9802686
          ],
          [
            107.7998788,
            -6.9808307
          ]
        ]
      },
      "properties": {
        "id": 1265573412,
        "electrified": "no",
        "gauge": "1067",
        "maxspeed": "110",
        "name": "Jalur Kereta Api Padalarang–Kasugihan",
        "operator": "Kereta Api Indonesia",
        "owner": "Direktorat Jenderal Perkeretaapian Kementerian Perhubungan Republik Indonesia",
        "railway": "rail",
        "railway:bidirectional": "signals",
        "railway:preferred_direction": "forward",
        "railway:track_ref": "2",
        "railway:traffic_mode": "mixed",
        "sleeper:material": "concrete",
        "usage": "main",
        "wikidata": "Q25630218",
        "wikipedia": "id:Jalur kereta api Padalarang–Kasugihan"
      }
    },
    {
      "type": "Feature",
      "geometry": {
        "type": "LineString",
        "coordinates": [
          [
            107.6870924,
            -6.9398395
          ],
          [
            107.6872679,
            -6.9399105
          ],
          [
            107.6873594,
            -6.9399513
          ],
          [
            107.6875434,
            -6.9400357
          ]
        ]
      },
      "properties": {
        "id": 1279414897,
        "electrified": "no",
        "gauge": "1067",
        "railway": "rail",
        "service": "siding",
        "usage": "industrial"
      }
    },
    {
      "type": "Feature",
      "geometry": {
        "type": "LineString",
        "coordinates": [
          [
            107.6401324,
            -6.922711
          ],
          [
            107.6413163,
            -6.9231533
          ],
          [
            107.6414141,
            -6.9231899
          ]
        ]
      },
      "properties": {
        "id": 1279414912,
        "electrified": "no",
        "gauge": "1067",
        "maxspeed": "90",
        "name": "Jalur Kereta Api Padalarang–Kasugihan",
        "operator": "Kereta Api Indonesia",
        "owner": "Direktorat Jenderal Perkeretaapian Kementerian Perhubungan Republik Indonesia",
        "railway": "rail",
        "railway:bidirectional": "signals",
        "railway:preferred_direction": "forward",
        "railway:traffic_mode": "mixed",
        "sleeper:material": "concrete",
        "source": "Yahoo hires",
        "usage": "main",
        "wikidata": "Q25630218",
        "wikipedia": "id:Jalur kereta api Padalarang–Kasugihan"
      }
    },
    {
      "type": "Feature",
      "geometry": {
        "type": "LineString",
        "coordinates": [
          [
            107.6453531,
            -6.924662
          ],
          [
            107.6454626,
            -6.9247025
          ],
          [
            107.6456145,
            -6.9247603
          ]
        ]
      },
      "properties": {
        "id": 1279414915,
        "electrified": "no",
        "gauge": "1067",
        "railway": "rail",
        "railway:track_ref": "1",
        "service": "siding"
      }
    },
    {
      "type": "Feature",
      "geometry": {
        "type": "LineString",
        "coordinates": [
          [
            107.5198189,
            -6.871769
          ],
          [
            107.521155,
            -6.8724175
          ],
          [
            107.5218705,
            -6.8727597
          ],
          [
            107.5227076,
            -6.8731707
          ],
          [
            107.5231093,
            -6.8733813
          ],
          [
            107.5233034,
            -6.8734964
          ],
          [
            107.5234774,
            -6.8735996
          ],
          [
            107.5237666,
            -6.8737925
          ],
          [
            107.5240778,
            -6.8740124
          ],
          [
            107.5244677,
            -6.8743216
          ],
          [
            107.524775,
            -6.8745889
          ],
          [
            107.525478,
            -6.875235
          ],
          [
            107.5272412,
            -6.8768686
          ],
          [
            107.5281023,
            -6.8776666
          ],
          [
            107.5284646,
            -6.8779975
          ],
          [
            107.5303042,
            -6.8797072
          ],
          [
            107.5305638,
            -6.8799497
          ],
          [
            107.530576,
            -6.8799614
          ],
          [
            107.5309572,
            -6.880313
          ],
          [
            107.5315017,
            -6.8808164
          ],
          [
            107.5318929,
            -6.8811782
          ],
          [
            107.532377,
            -6.8816341
          ],
          [
            107.5329612,
            -6.882217
          ],
          [
            107.5332174,
            -6.8825012
          ],
          [
            107.5338159,
            -6.8831816
          ],
          [
            107.5343554,
            -6.8838169
          ]
        ]
      },
      "properties": {
        "id": 1289162536,
        "electrified": "no",
        "gauge": "1067",
        "maxspeed": "110",
        "name": "Jalur Kereta Api Padalarang–Kasugihan",
        "operator": "Kereta Api Indonesia",
        "owner": "Direktorat Jenderal Perkeretaapian Kementerian Perhubungan Republik Indonesia",
        "railway": "rail",
        "railway:bidirectional": "signals",
        "railway:preferred_direction": "forward",
        "railway:traffic_mode": "mixed",
        "sleeper:material": "concrete",
        "usage": "main",
        "wikidata": "Q25630218",
        "wikipedia": "id:Jalur kereta api Bogor–Padalarang–Kasugihan"
      }
    },
    {
      "type": "Feature",
      "geometry": {
        "type": "LineString",
        "coordinates": [
          [
            107.4978557,
            -6.8434759
          ],
          [
            107.4980525,
            -6.8436638
          ],
          [
            107.4981074,
            -6.8437105
          ],
          [
            107.4981394,
            -6.8437382
          ],
          [
            107.4981713,
            -6.8437658
          ],
          [
            107.4982637,
            -6.8438335
          ],
          [
            107.49857,
            -6.8440717
          ]
        ]
      },
      "properties": {
        "id": 1289998556,
        "electrified": "no",
        "gauge": "1067",
        "maxspeed": "30",
        "railway": "rail",
        "railway:track_ref": "1",
        "service": "siding"
      }
    },
    {
      "type": "Feature",
      "geometry": {
        "type": "LineString",
        "coordinates": [
          [
            107.5885043,
            -6.9136722
          ],
          [
            107.5886744,
            -6.9137333
          ],
          [
            107.5888021,
            -6.9137822
          ]
        ]
      },
      "properties": {
        "id": 1301926807,
        "electrified": "no",
        "gauge": "1067",
        "maxspeed": "30",
        "name": "Jalur Kereta Api Bandung–Ciroyom–Andir",
        "operator": "Kereta Api Indonesia",
        "owner": "Direktorat Jenderal Perkeretaapian Kementerian Perhubungan Republik Indonesia",
        "railway": "rail",
        "railway:bidirectional": "regular",
        "railway:preferred_direction": "both",
        "railway:traffic_mode": "mixed",
        "sleeper:material": "concrete",
        "usage": "branch",
        "wikidata": "Q25630218"
      }
    },
    {
      "type": "Feature",
      "geometry": {
        "type": "LineString",
        "coordinates": [
          [
            107.5904253,
            -6.9140447
          ],
          [
            107.5913559,
            -6.9140705
          ],
          [
            107.5915646,
            -6.9140705
          ],
          [
            107.5919904,
            -6.9140672
          ],
          [
            107.5923232,
            -6.9140638
          ],
          [
            107.5923807,
            -6.9140626
          ],
          [
            107.5924293,
            -6.914062
          ]
        ]
      },
      "properties": {
        "id": 1301926808,
        "electrified": "no",
        "gauge": "1067",
        "maxspeed": "30",
        "name": "Jalur Kereta Api Bandung–Ciroyom–Andir",
        "operator": "Kereta Api Indonesia",
        "owner": "Direktorat Jenderal Perkeretaapian Kementerian Perhubungan Republik Indonesia",
        "railway": "rail",
        "railway:bidirectional": "regular",
        "railway:preferred_direction": "forward",
        "railway:track_ref": "1",
        "railway:traffic_mode": "mixed",
        "sleeper:material": "concrete",
        "usage": "branch",
        "wikidata": "Q25630218"
      }
    },
    {
      "type": "Feature",
      "geometry": {
        "type": "LineString",
        "coordinates": [
          [
            107.5147634,
            -6.8637314
          ],
          [
            107.5150162,
            -6.8643048
          ],
          [
            107.5151339,
            -6.8645723
          ],
          [
            107.5154533,
            -6.8652868
          ]
        ]
      },
      "properties": {
        "id": 1303724122,
        "electrified": "no",
        "gauge": "1067",
        "maxspeed": "110",
        "name": "Jalur Kereta Api Padalarang–Kasugihan",
        "operator": "Kereta Api Indonesia",
        "owner": "Direktorat Jenderal Perkeretaapian Kementerian Perhubungan Republik Indonesia",
        "railway": "rail",
        "railway:bidirectional": "signals",
        "railway:preferred_direction": "forward",
        "railway:track_ref": "1",
        "railway:traffic_mode": "mixed",
        "sleeper:material": "concrete",
        "usage": "main",
        "wikidata": "Q25630218",
        "wikipedia": "id:Jalur kereta api Padalarang–Kasugihan"
      }
    },
    {
      "type": "Feature",
      "geometry": {
        "type": "LineString",
        "coordinates": [
          [
            107.7129517,
            -6.9492508
          ],
          [
            107.7130452,
            -6.9492837
          ],
          [
            107.7130916,
            -6.9493003
          ],
          [
            107.7133436,
            -6.9493904
          ],
          [
            107.7144747,
            -6.9498054
          ],
          [
            107.7173882,
            -6.9508658
          ],
          [
            107.7203623,
            -6.9519521
          ],
          [
            107.7212757,
            -6.9522946
          ],
          [
            107.7224792,
            -6.9527519
          ]
        ]
      },
      "properties": {
        "id": 1303922764,
        "electrified": "no",
        "gauge": "1067",
        "maxspeed": "110",
        "name": "Jalur Kereta Api Padalarang–Kasugihan",
        "operator": "Kereta Api Indonesia",
        "owner": "Direktorat Jenderal Perkeretaapian Kementerian Perhubungan Republik Indonesia",
        "railway": "rail",
        "railway:bidirectional": "signals",
        "railway:preferred_direction": "forward",
        "railway:traffic_mode": "mixed",
        "sleeper:material": "concrete",
        "usage": "main",
        "wikidata": "Q25630218",
        "wikipedia": "id:Jalur kereta api Padalarang–Kasugihan"
      }
    },
    {
      "type": "Feature",
      "geometry": {
        "type": "LineString",
        "coordinates": [
          [
            107.7113835,
            -6.9486844
          ],
          [
            107.7121296,
            -6.9489644
          ],
          [
            107.7129517,
            -6.9492508
          ]
        ]
      },
      "properties": {
        "id": 1303922767,
        "electrified": "no",
        "gauge": "1067",
        "maxspeed": "110",
        "name": "Jalur Kereta Api Padalarang–Kasugihan",
        "operator": "Kereta Api Indonesia",
        "owner": "Direktorat Jenderal Perkeretaapian Kementerian Perhubungan Republik Indonesia",
        "railway": "rail",
        "railway:bidirectional": "signals",
        "railway:preferred_direction": "forward",
        "railway:track_ref": "1",
        "railway:traffic_mode": "mixed",
        "sleeper:material": "concrete",
        "usage": "main",
        "wikidata": "Q25630218",
        "wikipedia": "id:Jalur kereta api Padalarang–Kasugihan"
      }
    },
    {
      "type": "Feature",
      "geometry": {
        "type": "LineString",
        "coordinates": [
          [
            107.8317564,
            -6.9804762
          ],
          [
            107.831861,
            -6.9806373
          ],
          [
            107.8319213,
            -6.9807348
          ],
          [
            107.8319973,
            -6.98087
          ],
          [
            107.8321081,
            -6.9810404
          ]
        ]
      },
      "properties": {
        "id": 1313528591,
        "electrified": "no",
        "gauge": "1067",
        "railway": "rail",
        "railway:track_ref": "1",
        "service": "siding"
      }
    },
    {
      "type": "Feature",
      "geometry": {
        "type": "LineString",
        "coordinates": [
          [
            107.6514288,
            -6.9268369
          ],
          [
            107.6514919,
            -6.9268615
          ],
          [
            107.6518409,
            -6.9269981
          ],
          [
            107.6523142,
            -6.927156
          ],
          [
            107.6527939,
            -6.9273095
          ],
          [
            107.6532903,
            -6.92747
          ],
          [
            107.6538403,
            -6.9276665
          ],
          [
            107.6541338,
            -6.9277767
          ]
        ]
      },
      "properties": {
        "id": 1324425098,
        "electrified": "no",
        "gauge": "1067",
        "maxspeed": "100",
        "name": "Jalur Kereta Api Padalarang–Kasugihan",
        "operator": "Kereta Api Indonesia",
        "owner": "Direktorat Jenderal Perkeretaapian Kementerian Perhubungan Republik Indonesia",
        "railway": "rail",
        "railway:bidirectional": "signals",
        "railway:preferred_direction": "forward",
        "railway:traffic_mode": "mixed",
        "sleeper:material": "concrete",
        "source": "Yahoo hires",
        "usage": "main",
        "wikidata": "Q25630218",
        "wikipedia": "id:Jalur kereta api Padalarang–Kasugihan"
      }
    },
    {
      "type": "Feature",
      "geometry": {
        "type": "LineString",
        "coordinates": [
          [
            107.6492885,
            -6.9260515
          ],
          [
            107.6493896,
            -6.9260901
          ]
        ]
      },
      "properties": {
        "id": 1324625741,
        "electrified": "no",
        "gauge": "1067",
        "maxspeed": "90",
        "name": "Jalur Kereta Api Padalarang–Kasugihan",
        "operator": "Kereta Api Indonesia",
        "owner": "Direktorat Jenderal Perkeretaapian Kementerian Perhubungan Republik Indonesia",
        "railway": "rail",
        "railway:bidirectional": "signals",
        "railway:preferred_direction": "forward",
        "railway:traffic_mode": "mixed",
        "sleeper:material": "concrete",
        "source": "Yahoo hires",
        "usage": "main",
        "wikidata": "Q25630218",
        "wikipedia": "id:Jalur kereta api Padalarang–Kasugihan"
      }
    },
    {
      "type": "Feature",
      "geometry": {
        "type": "LineString",
        "coordinates": [
          [
            107.6542731,
            -6.9278295
          ],
          [
            107.6543556,
            -6.9278587
          ],
          [
            107.6553086,
            -6.9281959
          ],
          [
            107.659211,
            -6.9296368
          ]
        ]
      },
      "properties": {
        "id": 1330464998,
        "electrified": "no",
        "gauge": "1067",
        "maxspeed": "100",
        "name": "Jalur Kereta Api Padalarang–Kasugihan",
        "operator": "Kereta Api Indonesia",
        "owner": "Direktorat Jenderal Perkeretaapian Kementerian Perhubungan Republik Indonesia",
        "railway": "rail",
        "railway:bidirectional": "signals",
        "railway:preferred_direction": "forward",
        "railway:traffic_mode": "mixed",
        "sleeper:material": "concrete",
        "source": "Yahoo hires",
        "usage": "main",
        "wikidata": "Q25630218",
        "wikipedia": "id:Jalur kereta api Padalarang–Kasugihan"
      }
    },
    {
      "type": "Feature",
      "geometry": {
        "type": "LineString",
        "coordinates": [
          [
            107.659211,
            -6.9296368
          ],
          [
            107.6592553,
            -6.9296523
          ]
        ]
      },
      "properties": {
        "id": 1330464999,
        "bridge": "yes",
        "electrified": "no",
        "gauge": "1067",
        "layer": "1",
        "maxspeed": "100",
        "name": "Jalur Kereta Api Padalarang–Kasugihan",
        "operator": "Kereta Api Indonesia",
        "owner": "Direktorat Jenderal Perkeretaapian Kementerian Perhubungan Republik Indonesia",
        "railway": "rail",
        "railway:bidirectional": "signals",
        "railway:preferred_direction": "forward",
        "railway:traffic_mode": "mixed",
        "sleeper:material": "concrete",
        "source": "Yahoo hires",
        "usage": "main",
        "wikidata": "Q25630218",
        "wikipedia": "id:Jalur kereta api Padalarang–Kasugihan"
      }
    },
    {
      "type": "Feature",
      "geometry": {
        "type": "LineString",
        "coordinates": [
          [
            107.8315606,
            -6.980216
          ],
          [
            107.8317564,
            -6.9804762
          ]
        ]
      },
      "properties": {
        "id": 1346398708,
        "electrified": "no",
        "gauge": "1067",
        "name": "Jalur Kereta Api Padalarang–Kasugihan",
        "railway": "rail",
        "service": "siding",
        "source": "Yahoo hires"
      }
    },
    {
      "type": "Feature",
      "geometry": {
        "type": "LineString",
        "coordinates": [
          [
            107.8312481,
            -6.9798592
          ],
          [
            107.8313747,
            -6.9800025
          ],
          [
            107.8315012,
            -6.9801457
          ],
          [
            107.8315606,
            -6.980216
          ]
        ]
      },
      "properties": {
        "id": 1354655831,
        "electrified": "no",
        "gauge": "1067",
        "maxspeed": "110",
        "name": "Jalur Kereta Api Padalarang–Kasugihan",
        "operator": "Kereta Api Indonesia",
        "owner": "Direktorat Jenderal Perkeretaapian Kementerian Perhubungan Republik Indonesia",
        "railway": "rail",
        "railway:bidirectional": "signals",
        "railway:preferred_direction": "forward",
        "railway:traffic_mode": "mixed",
        "sleeper:material": "concrete",
        "source": "Yahoo hires",
        "usage": "main",
        "wikidata": "Q25630218",
        "wikipedia": "id:Jalur kereta api Padalarang–Kasugihan"
      }
    },
    {
      "type": "Feature",
      "geometry": {
        "type": "LineString",
        "coordinates": [
          [
            107.5154533,
            -6.8652868
          ],
          [
            107.5162854,
            -6.8671798
          ],
          [
            107.5163082,
            -6.8672318
          ],
          [
            107.5164181,
            -6.8674823
          ]
        ]
      },
      "properties": {
        "id": 1354655832,
        "electrified": "no",
        "gauge": "1067",
        "maxspeed": "110",
        "name": "Jalur Kereta Api Padalarang–Kasugihan",
        "operator": "Kereta Api Indonesia",
        "owner": "Direktorat Jenderal Perkeretaapian Kementerian Perhubungan Republik Indonesia",
        "railway": "rail",
        "railway:bidirectional": "signals",
        "railway:preferred_direction": "forward",
        "railway:traffic_mode": "mixed",
        "sleeper:material": "concrete",
        "usage": "main",
        "wikidata": "Q25630218",
        "wikipedia": "id:Jalur kereta api Padalarang–Kasugihan"
      }
    },
    {
      "type": "Feature",
      "geometry": {
        "type": "LineString",
        "coordinates": [
          [
            107.5164181,
            -6.8674823
          ],
          [
            107.5170846,
            -6.8690133
          ],
          [
            107.5173717,
            -6.8695625
          ],
          [
            107.5174346,
            -6.8696618
          ],
          [
            107.5177689,
            -6.8701798
          ],
          [
            107.5180247,
            -6.8704829
          ],
          [
            107.5183928,
            -6.8708523
          ],
          [
            107.5186847,
            -6.8710967
          ],
          [
            107.5190741,
            -6.8713667
          ],
          [
            107.5195211,
            -6.8716204
          ],
          [
            107.5198189,
            -6.871769
          ]
        ]
      },
      "properties": {
        "id": 1354655834,
        "electrified": "no",
        "gauge": "1067",
        "maxspeed": "100",
        "name": "Jalur Kereta Api Padalarang–Kasugihan",
        "operator": "Kereta Api Indonesia",
        "owner": "Direktorat Jenderal Perkeretaapian Kementerian Perhubungan Republik Indonesia",
        "railway": "rail",
        "railway:bidirectional": "signals",
        "railway:preferred_direction": "forward",
        "railway:traffic_mode": "mixed",
        "sleeper:material": "concrete",
        "usage": "main",
        "wikidata": "Q25630218",
        "wikipedia": "id:Jalur kereta api Padalarang–Kasugihan"
      }
    },
    {
      "type": "Feature",
      "geometry": {
        "type": "LineString",
        "coordinates": [
          [
            107.6327508,
            -6.9204198
          ],
          [
            107.6332218,
            -6.9205353
          ],
          [
            107.6347449,
            -6.9209053
          ],
          [
            107.6351967,
            -6.9210237
          ],
          [
            107.6355575,
            -6.9211287
          ],
          [
            107.6362548,
            -6.9213294
          ],
          [
            107.6373139,
            -6.9216817
          ],
          [
            107.6387207,
            -6.9221955
          ],
          [
            107.6387718,
            -6.922214
          ],
          [
            107.6400168,
            -6.9226654
          ]
        ]
      },
      "properties": {
        "id": 1379014182,
        "electrified": "no",
        "gauge": "1067",
        "maxspeed": "100",
        "name": "Jalur Kereta Api Padalarang–Kasugihan",
        "operator": "Kereta Api Indonesia",
        "owner": "Direktorat Jenderal Perkeretaapian Kementerian Perhubungan Republik Indonesia",
        "railway": "rail",
        "railway:bidirectional": "signals",
        "railway:preferred_direction": "forward",
        "railway:traffic_mode": "mixed",
        "sleeper:material": "concrete",
        "source": "Yahoo hires",
        "usage": "main",
        "wikidata": "Q25630218",
        "wikipedia": "id:Jalur kereta api Padalarang–Kasugihan"
      }
    },
    {
      "type": "Feature",
      "geometry": {
        "type": "LineString",
        "coordinates": [
          [
            107.7002687,
            -6.944655
          ],
          [
            107.7024219,
            -6.9454316
          ],
          [
            107.7038919,
            -6.9459618
          ],
          [
            107.703906,
            -6.9459669
          ]
        ]
      },
      "properties": {
        "id": 1479502997,
        "electrified": "no",
        "gauge": "1067",
        "maxspeed": "110",
        "name": "Jalur Kereta Api Padalarang–Kasugihan",
        "operator": "Kereta Api Indonesia",
        "owner": "Direktorat Jenderal Perkeretaapian Kementerian Perhubungan Republik Indonesia",
        "railway": "rail",
        "railway:bidirectional": "signals",
        "railway:preferred_direction": "forward",
        "railway:traffic_mode": "mixed",
        "sleeper:material": "concrete",
        "usage": "main",
        "wikidata": "Q25630218",
        "wikipedia": "id:Jalur kereta api Padalarang–Kasugihan"
      }
    },
    {
      "type": "Feature",
      "geometry": {
        "type": "LineString",
        "coordinates": [
          [
            107.703906,
            -6.9459669
          ],
          [
            107.7039614,
            -6.9459868
          ]
        ]
      },
      "properties": {
        "id": 1479502998,
        "bridge": "yes",
        "electrified": "no",
        "gauge": "1067",
        "layer": "1",
        "maxspeed": "110",
        "name": "Jalur Kereta Api Padalarang–Kasugihan",
        "operator": "Kereta Api Indonesia",
        "owner": "Direktorat Jenderal Perkeretaapian Kementerian Perhubungan Republik Indonesia",
        "railway": "rail",
        "railway:bidirectional": "signals",
        "railway:preferred_direction": "forward",
        "railway:traffic_mode": "mixed",
        "sleeper:material": "concrete",
        "usage": "main",
        "wikidata": "Q25630218",
        "wikipedia": "id:Jalur kereta api Padalarang–Kasugihan"
      }
    },
    {
      "type": "Feature",
      "geometry": {
        "type": "LineString",
        "coordinates": [
          [
            107.6027956,
            -6.9145101
          ],
          [
            107.6031495,
            -6.9145291
          ]
        ]
      },
      "properties": {
        "id": 1530383709,
        "electrified": "no",
        "gauge": "1067",
        "maxspeed": "30",
        "railway": "rail",
        "railway:track_ref": "1",
        "service": "siding"
      }
    },
    {
      "type": "Feature",
      "geometry": {
        "type": "LineString",
        "coordinates": [
          [
            107.6013661,
            -6.9144483
          ],
          [
            107.6016923,
            -6.9144609
          ]
        ]
      },
      "properties": {
        "id": 1530383711,
        "electrified": "no",
        "gauge": "1067",
        "maxspeed": "30",
        "railway": "rail",
        "railway:track_ref": "1",
        "service": "siding"
      }
    },
    {
      "type": "Feature",
      "geometry": {
        "type": "LineString",
        "coordinates": [
          [
            107.5888021,
            -6.9137822
          ],
          [
            107.5890673,
            -6.9138831
          ],
          [
            107.5891791,
            -6.9139218
          ],
          [
            107.5892789,
            -6.9139522
          ],
          [
            107.5893513,
            -6.9139687
          ],
          [
            107.5894444,
            -6.9139871
          ],
          [
            107.5895614,
            -6.9140064
          ],
          [
            107.5896351,
            -6.9140145
          ],
          [
            107.5896787,
            -6.9140184
          ],
          [
            107.5897976,
            -6.9140258
          ],
          [
            107.5901465,
            -6.9140367
          ]
        ]
      },
      "properties": {
        "id": 1530384795,
        "electrified": "no",
        "gauge": "1067",
        "maxspeed": "30",
        "name": "Jalur Kereta Api Bandung–Ciroyom–Andir",
        "operator": "Kereta Api Indonesia",
        "owner": "Direktorat Jenderal Perkeretaapian Kementerian Perhubungan Republik Indonesia",
        "railway": "rail",
        "railway:bidirectional": "regular",
        "railway:preferred_direction": "forward",
        "railway:track_ref": "1",
        "railway:traffic_mode": "mixed",
        "sleeper:material": "concrete",
        "usage": "branch",
        "wikidata": "Q25630218"
      }
    },
    {
      "type": "Feature",
      "geometry": {
        "type": "LineString",
        "coordinates": [
          [
            107.5901465,
            -6.9140367
          ],
          [
            107.5904253,
            -6.9140447
          ]
        ]
      },
      "properties": {
        "id": 1530384796,
        "covered": "yes",
        "electrified": "no",
        "gauge": "1067",
        "maxspeed": "30",
        "name": "Jalur Kereta Api Bandung–Ciroyom–Andir",
        "operator": "Kereta Api Indonesia",
        "owner": "Direktorat Jenderal Perkeretaapian Kementerian Perhubungan Republik Indonesia",
        "railway": "rail",
        "railway:bidirectional": "regular",
        "railway:preferred_direction": "forward",
        "railway:track_ref": "1",
        "railway:traffic_mode": "mixed",
        "sleeper:material": "concrete",
        "usage": "branch",
        "wikidata": "Q25630218"
      }
    },
    {
      "type": "Feature",
      "geometry": {
        "type": "LineString",
        "coordinates": [
          [
            107.5343554,
            -6.8838169
          ],
          [
            107.5348395,
            -6.8843847
          ],
          [
            107.5353954,
            -6.8850475
          ],
          [
            107.5358475,
            -6.8855643
          ]
        ]
      },
      "properties": {
        "id": 1530384799,
        "electrified": "no",
        "gauge": "1067",
        "maxspeed": "80",
        "name": "Jalur Kereta Api Padalarang–Kasugihan",
        "operator": "Kereta Api Indonesia",
        "owner": "Direktorat Jenderal Perkeretaapian Kementerian Perhubungan Republik Indonesia",
        "railway": "rail",
        "railway:bidirectional": "signals",
        "railway:preferred_direction": "forward",
        "railway:track_ref": "2",
        "railway:traffic_mode": "mixed",
        "sleeper:material": "concrete",
        "usage": "main",
        "wikidata": "Q25630218",
        "wikipedia": "id:Jalur kereta api Padalarang–Kasugihan"
      }
    },
    {
      "type": "Feature",
      "geometry": {
        "type": "LineString",
        "coordinates": [
          [
            107.5358475,
            -6.8855643
          ],
          [
            107.5362647,
            -6.8860412
          ]
        ]
      },
      "properties": {
        "id": 1530384801,
        "covered": "yes",
        "electrified": "no",
        "gauge": "1067",
        "maxspeed": "80",
        "name": "Jalur Kereta Api Padalarang–Kasugihan",
        "operator": "Kereta Api Indonesia",
        "owner": "Direktorat Jenderal Perkeretaapian Kementerian Perhubungan Republik Indonesia",
        "railway": "rail",
        "railway:bidirectional": "signals",
        "railway:preferred_direction": "forward",
        "railway:track_ref": "2",
        "railway:traffic_mode": "mixed",
        "sleeper:material": "concrete",
        "usage": "main",
        "wikidata": "Q25630218",
        "wikipedia": "id:Jalur kereta api Padalarang–Kasugihan"
      }
    },
    {
      "type": "Feature",
      "geometry": {
        "type": "LineString",
        "coordinates": [
          [
            107.597235,
            -6.9143655
          ],
          [
            107.5973817,
            -6.9143723
          ],
          [
            107.5974797,
            -6.9143744
          ],
          [
            107.5975746,
            -6.9143717
          ],
          [
            107.5977127,
            -6.9143655
          ],
          [
            107.5979056,
            -6.914356
          ]
        ]
      },
      "properties": {
        "id": 1558173306,
        "electrified": "no",
        "gauge": "1067",
        "maxspeed": "20",
        "name": "Jalur Kereta Api Bandung–Ciroyom–Andir",
        "operator": "Kereta Api Indonesia",
        "owner": "Direktorat Jenderal Perkeretaapian Kementerian Perhubungan Republik Indonesia",
        "railway": "rail",
        "railway:bidirectional": "regular",
        "railway:preferred_direction": "forward",
        "railway:traffic_mode": "mixed",
        "sleeper:material": "concrete",
        "usage": "branch",
        "wikidata": "Q25630218"
      }
    },
    {
      "type": "Feature",
      "geometry": {
        "type": "LineString",
        "coordinates": [
          [
            107.5972046,
            -6.9143636
          ],
          [
            107.597235,
            -6.9143655
          ]
        ]
      },
      "properties": {
        "id": 1558173307,
        "bridge": "yes",
        "electrified": "no",
        "gauge": "1067",
        "layer": "1",
        "maxspeed": "20",
        "name": "Jalur Kereta Api Bandung–Ciroyom–Andir",
        "operator": "Kereta Api Indonesia",
        "owner": "Direktorat Jenderal Perkeretaapian Kementerian Perhubungan Republik Indonesia",
        "railway": "rail",
        "railway:bidirectional": "regular",
        "railway:preferred_direction": "forward",
        "railway:traffic_mode": "mixed",
        "sleeper:material": "concrete",
        "usage": "branch",
        "wikidata": "Q25630218"
      }
    }
  ]
}