<?xml version="1.0" encoding="UTF-8"?>
<kml xmlns="http://www.opengis.net/kml/2.2" xmlns:gx="http://www.google.com/kml/ext/2.2">
    <Document id="39417">
        <Style id="39423">
            <IconStyle id="39424">
                <colorMode>normal</colorMode>
                <scale>1</scale>
                <heading>0</heading>
                <Icon id="39425">
                    <href>http://maps.google.com/mapfiles/kml/pushpin/ylw-pushpin.png</href>
                </Icon>
            </IconStyle>
        </Style>
        <Style id="39428">
            <IconStyle id="39429">
                <colorMode>normal</colorMode>
                <scale>1</scale>
                <heading>0</heading>
                <Icon id="39430">
                    <href>http://maps.google.com/mapfiles/kml/pushpin/ylw-pushpin.png</href>
                </Icon>
            </IconStyle>
        </Style>
        <Style id="39433">
            <LineStyle id="39434">
                <color>ff386800</color>
                <colorMode>normal</colorMode>
                <width>4</width>
            </LineStyle>
        </Style>
        <Style id="39437">
            <LineStyle id="39438">
                <color>ff386800</color>
                <colorMode>normal</colorMode>
                <width>4</width>
            </LineStyle>
        </Style>
        <Style id="39441">
            <LineStyle id="39442">
                <color>ff386800</color>
                <colorMode>normal</colorMode>
                <width>4</width>
            </LineStyle>
        </Style>
        <Style id="39445">
            <LineStyle id="39446">
                <color>ff386800</color>
                <colorMode>normal</colorMode>
                <width>4</width>
            </LineStyle>
        </Style>
        <Style id="39449">
            <LineStyle id="39450">
                <color>ff386800</color>
                <colorMode>normal</colorMode>
                <width>4</width>
            </LineStyle>
        </Style>
        <Style id="39453">
            <LineStyle id="39454">
                <color>ff386800</color>
                <colorMode>normal</colorMode>
                <width>4</width>
            </LineStyle>
        </Style>
        <Style id="39457">
            <LineStyle id="39458">
                <color>ff386800</color>
                <colorMode>normal</colorMode>
                <width>4</width>
            </LineStyle>
        </Style>
        <Style id="39461">
            <LineStyle id="39462">
                <color>ff386800</color>
                <colorMode>normal</colorMode>
                <width>4</width>
            </LineStyle>
        </Style>
        <Style id="39465">
            <LineStyle id="39466">
                <color>ff386800</color>
                <colorMode>normal</colorMode>
                <width>4</width>
            </LineStyle>
        </Style>
        <Style id="39469">
            <LineStyle id="39470">
                <color>ff386800</color>
                <colorMode>normal</colorMode>
                <width>4</width>
            </LineStyle>
        </Style>
        <Style id="39473">
            <LineStyle id="39474">
                <color>ff386800</color>
                <colorMode>normal</colorMode>
                <width>4</width>
            </LineStyle>
        </Style>
        <Style id="39477">
            <LineStyle id="39478">
                <color>ff386800</color>
                <colorMode>normal</colorMode>
                <width>4</width>
            </LineStyle>
        </Style>
        <Style id="39481">
            <LineStyle id="39482">
                <color>ff386800</color>
                <colorMode>normal</colorMode>
                <width>4</width>
            </LineStyle>
        </Style>
        <Style id="39485">
            <LineStyle id="39486">
                <color>ff386800</color>
                <colorMode>normal</colorMode>
                <width>4</width>
            </LineStyle>
        </Style>
        <Style id="39489">
            <LineStyle id="39490">
                <color>ff386800</color>
                <colorMode>normal</colorMode>
                <width>4</width>
            </LineStyle>
        </Style>
        <Style id="39493">
            <LineStyle id="39494">
                <color>ff386800</color>
                <colorMode>normal</colorMode>
                <width>4</width>
            </LineStyle>
        </Style>
        <Style id="39497">
            <LineStyle id="39498">
                <color>ff386800</color>
                <colorMode>normal</colorMode>
                <width>4</width>
            </LineStyle>
        </Style>
        <Style id="39501">
            <LineStyle id="39502">
                <color>ff386800</color>
                <colorMode>normal</colorMode>
                <width>4</width>
            </LineStyle>
        </Style>
        <Style id="39505">
            <LineStyle id="39506">
                <color>ff386800</color>
                <colorMode>normal</colorMode>
                <width>4</width>
            </LineStyle>
        </Style>
        <Style id="39509">
            <LineStyle id="39510">
                <color>ff386800</color>
                <colorMode>normal</colorMode>
                <width>4</width>
            </LineStyle>
        </Style>
        <Style id="39513">
            <LineStyle id="39514">
                <color>ff386800</color>
                <colorMode>normal</colorMode>
                <width>4</width>
            </LineStyle>
        </Style>
        <Style id="39517">
            <LineStyle id="39518">
                <color>ff386800</color>
                <colorMode>normal</colorMode>
                <width>4</width>
            </LineStyle>
        </Style>
        <Style id="39521">
            <LineStyle id="39522">
                <color>ff386800</color>
                <colorMode>normal</colorMode>
                <width>4</width>
            </LineStyle>
        </Style>
        <Style id="39525">
            <LineStyle id="39526">
                <color>ff386800</color>
                <colorMode>normal</colorMode>
                <width>4</width>
            </LineStyle>
        </Style>
        <Style id="39529">
            <LineStyle id="39530">
                <color>ff386800</color>
                <colorMode>normal</colorMode>
                <width>4</width>
            </LineStyle>
        </Style>
        <Style id="39533">
            <LineStyle id="39534">
                <color>ff386800</color>
                <colorMode>normal</colorMode>
                <width>4</width>
            </LineStyle>
        </Style>
        <Style id="39537">
            <LineStyle id="39538">
                <color>ff386800</color>
                <colorMode>normal</colorMode>
                <width>4</width>
            </LineStyle>
        </Style>
        <Style id="39541">
            <LineStyle id="39542">
                <color>ff386800</color>
                <colorMode>normal</colorMode>
                <width>4</width>
            </LineStyle>
        </Style>
        <Style id="39545">
            <LineStyle id="39546">
                <color>ff386800</color>
                <colorMode>normal</colorMode>
                <width>4</width>
            </LineStyle>
        </Style>
        <Style id="39549">
            <LineStyle id="39550">
                <color>ff386800</color>
                <colorMode>normal</colorMode>
                <width>4</width>
            </LineStyle>
        </Style>
        <Style id="39553">
            <LineStyle id="39554">
                <color>ff386800</color>
                <colorMode>normal</colorMode>
                <width>4</width>
            </LineStyle>
        </Style>
        <Style id="39557">
            <LineStyle id="39558">
                <color>ff386800</color>
                <colorMode>normal</colorMode>
                <width>4</width>
            </LineStyle>
        </Style>
        <Style id="39561">
            <LineStyle id="39562">
                <color>ff386800</color>
                <colorMode>normal</colorMode>
                <width>4</width>
            </LineStyle>
        </Style>
        <Style id="39565">
            <LineStyle id="39566">
                <color>ff386800</color>
                <colorMode>normal</colorMode>
                <width>4</width>
            </LineStyle>
        </Style>
        <Style id="39569">
            <LineStyle id="39570">
                <color>ff386800</color>
                <colorMode>normal</colorMode>
                <width>4</width>
            </LineStyle>
        </Style>
        <Style id="39573">
            <LineStyle id="39574">
                <color>ff386800</color>
                <colorMode>normal</colorMode>
                <width>4</width>
            </LineStyle>
        </Style>
        <Style id="39577">
            <LineStyle id="39578">
                <color>ff386800</color>
                <colorMode>normal</colorMode>
                <width>4</width>
            </LineStyle>
        </Style>
        <Style id="39581">
            <LineStyle id="39582">
                <color>ff386800</color>
                <colorMode>normal</colorMode>
                <width>4</width>
            </LineStyle>
        </Style>
        <Style id="39585">
            <LineStyle id="39586">
                <color>ff386800</color>
                <colorMode>normal</colorMode>
                <width>4</width>
            </LineStyle>
        </Style>
        <Style id="39589">
            <LineStyle id="39590">
                <color>ff386800</color>
                <colorMode>normal</colorMode>
                <width>4</width>
            </LineStyle>
        </Style>
        <Style id="39593">
            <LineStyle id="39594">
                <color>ff386800</color>
                <colorMode>normal</colorMode>
                <width>4</width>
            </LineStyle>
        </Style>
        <Style id="39597">
            <LineStyle id="39598">
                <color>ff386800</color>
                <colorMode>normal</colorMode>
                <width>4</width>
            </LineStyle>
        </Style>
        <Style id="39601">
            <LineStyle id="39602">
                <color>ff386800</color>
                <colorMode>normal</colorMode>
                <width>4</width>
            </LineStyle>
        </Style>
        <Style id="39605">
            <LineStyle id="39606">
                <color>ff386800</color>
                <colorMode>normal</colorMode>
                <width>4</width>
            </LineStyle>
        </Style>
        <Style id="39609">
            <LineStyle id="39610">
                <color>ff386800</color>
                <colorMode>normal</colorMode>
                <width>4</width>
            </LineStyle>
        </Style>
        <Style id="39613">
            <LineStyle id="39614">
                <color>ff386800</color>
                <colorMode>normal</colorMode>
                <width>4</width>
            </LineStyle>
        </Style>
        <Style id="39617">
            <LineStyle id="39618">
                <color>ff386800</color>
                <colorMode>normal</colorMode>
                <width>4</width>
            </LineStyle>
        </Style>
        <Style id="39621">
            <LineStyle id="39622">
                <color>ff386800</color>
                <colorMode>normal</colorMode>
                <width>4</width>
            </LineStyle>
        </Style>
        <Style id="39625">
            <LineStyle id="39626">
                <color>ff386800</color>
                <colorMode>normal</colorMode>
                <width>4</width>
            </LineStyle>
        </Style>
        <Style id="39629">
            <LineStyle id="39630">
                <color>ff386800</color>
                <colorMode>normal</colorMode>
                <width>4</width>
            </LineStyle>
        </Style>
        <Style id="39633">
            <LineStyle id="39634">
                <color>ff386800</color>
                <colorMode>normal</colorMode>
                <width>4</width>
            </LineStyle>
        </Style>
        <Style id="39637">
            <LineStyle id="39638">
                <color>ff386800</color>
                <colorMode>normal</colorMode>
                <width>4</width>
            </LineStyle>
        </Style>
        <Style id="39641">
            <LineStyle id="39642">
                <color>ff386800</color>
                <colorMode>normal</colorMode>
                <width>4</width>
            </LineStyle>
        </Style>
        <Style id="39645">
            <LineStyle id="39646">
                <color>ff386800</color>
                <colorMode>normal</colorMode>
                <width>4</width>
            </LineStyle>
        </Style>
        <Style id="39649">
            <LineStyle id="39650">
                <color>ff386800</color>
                <colorMode>normal</colorMode>
                <width>4</width>
            </LineStyle>
        </Style>
        <Style id="39653">
            <LineStyle id="39654">
                <color>ff386800</color>
                <colorMode>normal</colorMode>
                <width>4</width>
            </LineStyle>
        </Style>
        <Style id="39657">
            <LineStyle id="39658">
                <color>ff386800</color>
                <colorMode>normal</colorMode>
                <width>4</width>
            </LineStyle>
        </Style>
        <Style id="39661">
            <LineStyle id="39662">
                <color>ff386800</color>
                <colorMode>normal</colorMode>
                <width>4</width>
            </LineStyle>
        </Style>
        <Style id="39665">
            <LineStyle id="39666">
                <color>ff386800</color>
                <colorMode>normal</colorMode>
                <width>4</width>
            </LineStyle>
        </Style>
        <Style id="39669">
            <LineStyle id="39670">
                <color>ff386800</color>
                <colorMode>normal</colorMode>
                <width>4</width>
            </LineStyle>
        </Style>
        <Style id="39673">
            <LineStyle id="39674">
                <color>ff386800</color>
                <colorMode>normal</colorMode>
                <width>4</width>
            </LineStyle>
        </Style>
        <Style id="39677">
            <LineStyle id="39678">
                <color>ff386800</color>
                <colorMode>normal</colorMode>
                <width>4</width>
            </LineStyle>
        </Style>
        <Style id="39681">
            <LineStyle id="39682">
                <color>ff386800</color>
                <colorMode>normal</colorMode>
                <width>4</width>
            </LineStyle>
        </Style>
        <Style id="39685">
            <LineStyle id="39686">
                <color>ff386800</color>
                <colorMode>normal</colorMode>
                <width>4</width>
            </LineStyle>
        </Style>
        <Style id="39689">
            <LineStyle id="39690">
                <color>ff386800</color>
                <colorMode>normal</colorMode>
                <width>4</width>
            </LineStyle>
        </Style>
        <Style id="39693">
            <LineStyle id="39694">
                <color>ff386800</color>
                <colorMode>normal</colorMode>
                <width>4</width>
            </LineStyle>
        </Style>
        <Style id="39697">
            <LineStyle id="39698">
                <color>ff386800</color>
                <colorMode>normal</colorMode>
                <width>4</width>
            </LineStyle>
        </Style>
        <Style id="39701">
            <LineStyle id="39702">
                <color>ff386800</color>
                <colorMode>normal</colorMode>
                <width>4</width>
            </LineStyle>
        </Style>
        <Style id="39705">
            <LineStyle id="39706">
                <color>ff386800</color>
                <colorMode>normal</colorMode>
                <width>4</width>
            </LineStyle>
        </Style>
        <Style id="39709">
            <LineStyle id="39710">
                <color>ff386800</color>
                <colorMode>normal</colorMode>
                <width>4</width>
            </LineStyle>
        </Style>
        <Style id="39713">
            <LineStyle id="39714">
                <color>ff386800</color>
                <colorMode>normal</colorMode>
                <width>4</width>
            </LineStyle>
        </Style>
        <Style id="39717">
            <LineStyle id="39718">
                <color>ff386800</color>
                <colorMode>normal</colorMode>
                <width>4</width>
            </LineStyle>
        </Style>
        <Style id="39721">
            <LineStyle id="39722">
                <color>ff386800</color>
                <colorMode>normal</colorMode>
                <width>4</width>
            </LineStyle>
        </Style>
        <Style id="39725">
            <LineStyle id="39726">
                <color>ff386800</color>
                <colorMode>normal</colorMode>
                <width>4</width>
            </LineStyle>
        </Style>
        <Style id="39729">
            <LineStyle id="39730">
                <color>ff386800</color>
                <colorMode>normal</colorMode>
                <width>4</width>
            </LineStyle>
        </Style>
        <Style id="39733">
            <LineStyle id="39734">
                <color>ff386800</color>
                <colorMode>normal</colorMode>
                <width>4</width>
            </LineStyle>
        </Style>
        <Style id="39737">
            <LineStyle id="39738">
                <color>ff386800</color>
                <colorMode>normal</colorMode>
                <width>4</width>
            </LineStyle>
        </Style>
        <Style id="39741">
            <LineStyle id="39742">
                <color>ff386800</color>
                <colorMode>normal</colorMode>
                <width>4</width>
            </LineStyle>
        </Style>
        <Style id="39745">
            <LineStyle id="39746">
                <color>ff386800</color>
                <colorMode>normal</colorMode>
                <width>4</width>
            </LineStyle>
        </Style>
        <Style id="39749">
            <LineStyle id="39750">
                <color>ff386800</color>
                <colorMode>normal</colorMode>
                <width>4</width>
            </LineStyle>
        </Style>
        <Style id="39753">
            <LineStyle id="39754">
                <color>ff386800</color>
                <colorMode>normal</colorMode>
                <width>4</width>
            </LineStyle>
        </Style>
        <Style id="39757">
            <LineStyle id="39758">
                <color>ff386800</color>
                <colorMode>normal</colorMode>
                <width>4</width>
            </LineStyle>
        </Style>
        <Style id="39761">
            <LineStyle id="39762">
                <color>ff386800</color>
                <colorMode>normal</colorMode>
                <width>4</width>
            </LineStyle>
        </Style>
        <Style id="39765">
            <LineStyle id="39766">
                <color>ff386800</color>
                <colorMode>normal</colorMode>
                <width>4</width>
            </LineStyle>
        </Style>
        <Style id="39769">
            <LineStyle id="39770">
                <color>ff386800</color>
                <colorMode>normal</colorMode>
                <width>4</width>
            </LineStyle>
        </Style>
        <Style id="39773">
            <LineStyle id="39774">
                <color>ff386800</color>
                <colorMode>normal</colorMode>
                <width>4</width>
            </LineStyle>
        </Style>
        <Style id="39777">
            <LineStyle id="39778">
                <color>ff386800</color>
                <colorMode>normal</colorMode>
                <width>4</width>
            </LineStyle>
        </Style>
        <Style id="39781">
            <LineStyle id="39782">
                <color>ff386800</color>
                <colorMode>normal</colorMode>
                <width>4</width>
            </LineStyle>
        </Style>
        <Style id="39785">
            <LineStyle id="39786">
                <color>ff386800</color>
                <colorMode>normal</colorMode>
                <width>4</width>
            </LineStyle>
        </Style>
        <Style id="39789">
            <LineStyle id="39790">
                <color>ff386800</color>
                <colorMode>normal</colorMode>
                <width>4</width>
            </LineStyle>
        </Style>
        <Style id="39793">
            <LineStyle id="39794">
                <color>ff386800</color>
                <colorMode>normal</colorMode>
                <width>4</width>
            </LineStyle>
        </Style>
        <Style id="39797">
            <LineStyle id="39798">
                <color>ff386800</color>
                <colorMode>normal</colorMode>
                <width>4</width>
            </LineStyle>
        </Style>
        <Style id="39801">
            <LineStyle id="39802">
                <color>ff386800</color>
                <colorMode>normal</colorMode>
                <width>4</width>
            </LineStyle>
        </Style>
        <Style id="39805">
            <LineStyle id="39806">
                <color>ff386800</color>
                <colorMode>normal</colorMode>
                <width>4</width>
            </LineStyle>
        </Style>
        <Style id="39809">
            <LineStyle id="39810">
                <color>ff386800</color>
                <colorMode>normal</colorMode>
                <width>4</width>
            </LineStyle>
        </Style>
        <Style id="39813">
            <LineStyle id="39814">
                <color>ff386800</color>
                <colorMode>normal</colorMode>
                <width>4</width>
            </LineStyle>
        </Style>
        <Style id="39817">
            <LineStyle id="39818">
                <color>ff386800</color>
                <colorMode>normal</colorMode>
                <width>4</width>
            </LineStyle>
        </Style>
        <Style id="39821">
            <LineStyle id="39822">
                <color>ff386800</color>
                <colorMode>normal</colorMode>
                <width>4</width>
            </LineStyle>
        </Style>
        <Style id="39825">
            <LineStyle id="39826">
                <color>ff386800</color>
                <colorMode>normal</colorMode>
                <width>4</width>
            </LineStyle>
        </Style>
        <Style id="39829">
            <LineStyle id="39830">
                <color>ff386800</color>
                <colorMode>normal</colorMode>
                <width>4</width>
            </LineStyle>
        </Style>
        <Style id="39833">
            <LineStyle id="39834">
                <color>ff386800</color>
                <colorMode>normal</colorMode>
                <width>4</width>
            </LineStyle>
        </Style>
        <Style id="39837">
            <LineStyle id="39838">
                <color>ff386800</color>
                <colorMode>normal</colorMode>
                <width>4</width>
            </LineStyle>
        </Style>
        <Style id="39841">
            <LineStyle id="39842">
                <color>ff386800</color>
                <colorMode>normal</colorMode>
                <width>4</width>
            </LineStyle>
        </Style>
        <Style id="39845">
            <LineStyle id="39846">
                <color>ff386800</color>
                <colorMode>normal</colorMode>
                <width>4</width>
            </LineStyle>
        </Style>
        <Style id="39849">
            <LineStyle id="39850">
                <color>ff386800</color>
                <colorMode>normal</colorMode>
                <width>4</width>
            </LineStyle>
        </Style>
        <Style id="39853">
            <LineStyle id="39854">
                <color>ff386800</color>
                <colorMode>normal</colorMode>
                <width>4</width>
            </LineStyle>
        </Style>
        <Style id="39857">
            <LineStyle id="39858">
                <color>ff386800</color>
                <colorMode>normal</colorMode>
                <width>4</width>
            </LineStyle>
        </Style>
        <Style id="39861">
            <LineStyle id="39862">
                <color>ff386800</color>
                <colorMode>normal</colorMode>
                <width>4</width>
            </LineStyle>
        </Style>
        <Style id="39865">
            <LineStyle id="39866">
                <color>ff386800</color>
                <colorMode>normal</colorMode>
                <width>4</width>
            </LineStyle>
        </Style>
        <Style id="39869">
            <LineStyle id="39870">
                <color>ff386800</color>
                <colorMode>normal</colorMode>
                <width>4</width>
            </LineStyle>
        </Style>
        <Style id="39873">
            <LineStyle id="39874">
                <color>ff386800</color>
                <colorMode>normal</colorMode>
                <width>4</width>
            </LineStyle>
        </Style>
        <Style id="39877">
            <LineStyle id="39878">
                <color>ff386800</color>
                <colorMode>normal</colorMode>
                <width>4</width>
            </LineStyle>
        </Style>
        <Style id="39881">
            <LineStyle id="39882">
                <color>ff386800</color>
                <colorMode>normal</colorMode>
                <width>4</width>
            </LineStyle>
        </Style>
        <Style id="39885">
            <LineStyle id="39886">
                <color>ff386800</color>
                <colorMode>normal</colorMode>
                <width>4</width>
            </LineStyle>
        </Style>
        <Style id="39889">
            <LineStyle id="39890">
                <color>ff386800</color>
                <colorMode>normal</colorMode>
                <width>4</width>
            </LineStyle>
        </Style>
        <Style id="39893">
            <LineStyle id="39894">
                <color>ff386800</color>
                <colorMode>normal</colorMode>
                <width>4</width>
            </LineStyle>
        </Style>
        <Style id="39897">
            <LineStyle id="39898">
                <color>ff386800</color>
                <colorMode>normal</colorMode>
                <width>4</width>
            </LineStyle>
        </Style>
        <Style id="39901">
            <LineStyle id="39902">
                <color>ff386800</color>
                <colorMode>normal</colorMode>
                <width>4</width>
            </LineStyle>
        </Style>
        <Style id="39905">
            <LineStyle id="39906">
                <color>ff386800</color>
                <colorMode>normal</colorMode>
                <width>4</width>
            </LineStyle>
        </Style>
        <Style id="39909">
            <LineStyle id="39910">
                <color>ff386800</color>
                <colorMode>normal</colorMode>
                <width>4</width>
            </LineStyle>
        </Style>
        <Style id="39913">
            <LineStyle id="39914">
                <color>ff386800</color>
                <colorMode>normal</colorMode>
                <width>4</width>
            </LineStyle>
        </Style>
        <Style id="39917">
            <LineStyle id="39918">
                <color>ff386800</color>
                <colorMode>normal</colorMode>
                <width>4</width>
            </LineStyle>
        </Style>
        <Style id="39921">
            <LineStyle id="39922">
                <color>ff386800</color>
                <colorMode>normal</colorMode>
                <width>4</width>
            </LineStyle>
        </Style>
        <Style id="39925">
            <LineStyle id="39926">
                <color>ff386800</color>
                <colorMode>normal</colorMode>
                <width>4</width>
            </LineStyle>
        </Style>
        <Style id="39929">
            <LineStyle id="39930">
                <color>ff386800</color>
                <colorMode>normal</colorMode>
                <width>4</width>
            </LineStyle>
        </Style>
        <Style id="39933">
            <LineStyle id="39934">
                <color>ff386800</color>
                <colorMode>normal</colorMode>
                <width>4</width>
            </LineStyle>
        </Style>
        <Style id="39937">
            <LineStyle id="39938">
                <color>ff386800</color>
                <colorMode>normal</colorMode>
                <width>4</width>
            </LineStyle>
        </Style>
        <Style id="39941">
            <LineStyle id="39942">
                <color>ff386800</color>
                <colorMode>normal</colorMode>
                <width>4</width>
            </LineStyle>
        </Style>
        <Style id="39945">
            <LineStyle id="39946">
                <color>ff386800</color>
                <colorMode>normal</colorMode>
                <width>4</width>
            </LineStyle>
        </Style>
        <Style id="39949">
            <LineStyle id="39950">
                <color>ff386800</color>
                <colorMode>normal</colorMode>
                <width>4</width>
            </LineStyle>
        </Style>
        <Style id="39953">
            <LineStyle id="39954">
                <color>ff386800</color>
                <colorMode>normal</colorMode>
                <width>4</width>
            </LineStyle>
        </Style>
        <Style id="39957">
            <LineStyle id="39958">
                <color>ff386800</color>
                <colorMode>normal</colorMode>
                <width>4</width>
            </LineStyle>
        </Style>
        <Style id="39961">
            <LineStyle id="39962">
                <color>ff386800</color>
                <colorMode>normal</colorMode>
                <width>4</width>
            </LineStyle>
        </Style>
        <Style id="39965">
            <LineStyle id="39966">
                <color>ff386800</color>
                <colorMode>normal</colorMode>
                <width>4</width>
            </LineStyle>
        </Style>
        <Style id="39969">
            <LineStyle id="39970">
                <color>ff386800</color>
                <colorMode>normal</colorMode>
                <width>4</width>
            </LineStyle>
        </Style>
        <Style id="39973">
            <LineStyle id="39974">
                <color>ff386800</color>
                <colorMode>normal</colorMode>
                <width>4</width>
            </LineStyle>
        </Style>
        <Style id="39977">
            <LineStyle id="39978">
                <color>ff386800</color>
                <colorMode>normal</colorMode>
                <width>4</width>
            </LineStyle>
        </Style>
        <Style id="39981">
            <LineStyle id="39982">
                <color>ff386800</color>
                <colorMode>normal</colorMode>
                <width>4</width>
            </LineStyle>
        </Style>
        <Style id="39985">
            <LineStyle id="39986">
                <color>ff386800</color>
                <colorMode>normal</colorMode>
                <width>4</width>
            </LineStyle>
        </Style>
        <Style id="39989">
            <LineStyle id="39990">
                <color>ff386800</color>
                <colorMode>normal</colorMode>
                <width>4</width>
            </LineStyle>
        </Style>
        <Style id="39993">
            <LineStyle id="39994">
                <color>ff386800</color>
                <colorMode>normal</colorMode>
                <width>4</width>
            </LineStyle>
        </Style>
        <Style id="39997">
            <LineStyle id="39998">
                <color>ff386800</color>
                <colorMode>normal</colorMode>
                <width>4</width>
            </LineStyle>
        </Style>
        <Style id="40001">
            <LineStyle id="40002">
                <color>ff386800</color>
                <colorMode>normal</colorMode>
                <width>4</width>
            </LineStyle>
        </Style>
        <Style id="40005">
            <LineStyle id="40006">
                <color>ff386800</color>
                <colorMode>normal</colorMode>
                <width>4</width>
            </LineStyle>
        </Style>
        <Style id="40009">
            <LineStyle id="40010">
                <color>ff386800</color>
                <colorMode>normal</colorMode>
                <width>4</width>
            </LineStyle>
        </Style>
        <Style id="40013">
            <LineStyle id="40014">
                <color>ff386800</color>
                <colorMode>normal</colorMode>
                <width>4</width>
            </LineStyle>
        </Style>
        <Style id="40017">
            <LineStyle id="40018">
                <color>ff386800</color>
                <colorMode>normal</colorMode>
                <width>4</width>
            </LineStyle>
        </Style>
        <Style id="40021">
            <LineStyle id="40022">
                <color>ff386800</color>
                <colorMode>normal</colorMode>
                <width>4</width>
            </LineStyle>
        </Style>
        <Style id="40025">
            <LineStyle id="40026">
                <color>ff386800</color>
                <colorMode>normal</colorMode>
                <width>4</width>
            </LineStyle>
        </Style>
        <Style id="40029">
            <LineStyle id="40030">
                <color>ff386800</color>
                <colorMode>normal</colorMode>
                <width>4</width>
            </LineStyle>
        </Style>
        <Style id="40033">
            <LineStyle id="40034">
                <color>ff386800</color>
                <colorMode>normal</colorMode>
                <width>4</width>
            </LineStyle>
        </Style>
        <Style id="40037">
            <LineStyle id="40038">
                <color>ff386800</color>
                <colorMode>normal</colorMode>
                <width>4</width>
            </LineStyle>
        </Style>
        <Style id="40041">
            <LineStyle id="40042">
                <color>ff386800</color>
                <colorMode>normal</colorMode>
                <width>4</width>
            </LineStyle>
        </Style>
        <Style id="40045">
            <LineStyle id="40046">
                <color>ff386800</color>
                <colorMode>normal</colorMode>
                <width>4</width>
            </LineStyle>
        </Style>
        <Style id="40049">
            <LineStyle id="40050">
                <color>ff386800</color>
                <colorMode>normal</colorMode>
                <width>4</width>
            </LineStyle>
        </Style>
        <Style id="40053">
            <LineStyle id="40054">
                <color>ff386800</color>
                <colorMode>normal</colorMode>
                <width>4</width>
            </LineStyle>
        </Style>
        <Style id="40057">
            <LineStyle id="40058">
                <color>ff386800</color>
                <colorMode>normal</colorMode>
                <width>4</width>
            </LineStyle>
        </Style>
        <Style id="40061">
            <LineStyle id="40062">
                <color>ff386800</color>
                <colorMode>normal</colorMode>
                <width>4</width>
            </LineStyle>
        </Style>
        <Style id="40065">
            <LineStyle id="40066">
                <color>ff386800</color>
                <colorMode>normal</colorMode>
                <width>4</width>
            </LineStyle>
        </Style>
        <Style id="40069">
            <LineStyle id="40070">
                <color>ff386800</color>
                <colorMode>normal</colorMode>
                <width>4</width>
            </LineStyle>
        </Style>
        <Style id="40073">
            <LineStyle id="40074">
                <color>ff386800</color>
                <colorMode>normal</colorMode>
                <width>4</width>
            </LineStyle>
        </Style>
        <Style id="40077">
            <LineStyle id="40078">
                <color>ff386800</color>
                <colorMode>normal</colorMode>
                <width>4</width>
            </LineStyle>
        </Style>
        <Style id="40081">
            <LineStyle id="40082">
                <color>ff386800</color>
                <colorMode>normal</colorMode>
                <width>4</width>
            </LineStyle>
        </Style>
        <Style id="40085">
            <LineStyle id="40086">
                <color>ff386800</color>
                <colorMode>normal</colorMode>
                <width>4</width>
            </LineStyle>
        </Style>
        <Style id="40089">
            <LineStyle id="40090">
                <color>ff386800</color>
                <colorMode>normal</colorMode>
                <width>4</width>
            </LineStyle>
        </Style>
        <Style id="40093">
            <LineStyle id="40094">
                <color>ff386800</color>
                <colorMode>normal</colorMode>
                <width>4</width>
            </LineStyle>
        </Style>
        <Style id="40097">
            <LineStyle id="40098">
                <color>ff386800</color>
                <colorMode>normal</colorMode>
                <width>4</width>
            </LineStyle>
        </Style>
        <Style id="40101">
            <LineStyle id="40102">
                <color>ff386800</color>
                <colorMode>normal</colorMode>
                <width>4</width>
            </LineStyle>
        </Style>
        <Style id="40105">
            <LineStyle id="40106">
                <color>ff386800</color>
                <colorMode>normal</colorMode>
                <width>4</width>
            </LineStyle>
        </Style>
        <Style id="40109">
            <LineStyle id="40110">
                <color>ff386800</color>
                <colorMode>normal</colorMode>
                <width>4</width>
            </LineStyle>
        </Style>
        <Style id="40113">
            <LineStyle id="40114">
                <color>ff386800</color>
                <colorMode>normal</colorMode>
                <width>4</width>
            </LineStyle>
        </Style>
        <Style id="40117">
            <LineStyle id="40118">
                <color>ff386800</color>
                <colorMode>normal</colorMode>
                <width>4</width>
            </LineStyle>
        </Style>
        <ExtendedData>
            <Data name="route-name">
                <value>16: Dago → Riung Bandung</value>
            </Data>
            <Data name="source">
                <value>Transport for Bandung</value>
            </Data>
        </ExtendedData>
        <Placemark id="39422">
            <name>Terminal Dago</name>
            <styleUrl>#39423</styleUrl>
            <Point id="39421">
                <coordinates>107.6212119,-6.8670778,0.0</coordinates>
            </Point>
        </Placemark>
        <Placemark id="39427">
            <name>Terminal Riung Bandung</name>
            <styleUrl>#39428</styleUrl>
            <Point id="39426">
                <coordinates>107.6832703,-6.9493701,0.0</coordinates>
            </Point>
        </Placemark>
        <Placemark id="39432">
            <name>Jalan H. Ibrahim Adjie</name>
            <styleUrl>#39433</styleUrl>
            <LineString id="39431">
                <coordinates>107.6430381,-6.9088519,0.0 107.6430734,-6.9088371,0.0 107.6430931,-6.9088341,0.0 107.6431223,-6.9088325,0.0 107.6431581,-6.9088428,0.0 107.6431794,-6.9088613,0.0 107.6431982,-6.9088983,0.0 107.6432051,-6.9089444,0.0 107.6432227,-6.9090441,0.0 107.6432642,-6.9093078,0.0 107.6432776,-6.9093765,0.0 107.6433224,-6.9094595,0.0</coordinates>
            </LineString>
        </Placemark>
        <Placemark id="39436">
            <name>Jalan Citarum</name>
            <styleUrl>#39437</styleUrl>
            <LineString id="39435">
                <coordinates>107.6249331,-6.9016411,0.0 107.6248782,-6.9017106,0.0 107.6248396,-6.901757,0.0 107.6247716,-6.9018376,0.0 107.6245741,-6.9020777,0.0 107.6241361,-6.9026107,0.0 107.6235225,-6.903385,0.0 107.6232698,-6.9036788,0.0 107.6231942,-6.903766,0.0 107.6229107,-6.9041092,0.0 107.6227441,-6.9043069,0.0 107.622561,-6.9045292,0.0 107.6225407,-6.9045542,0.0 107.6225204,-6.9045792,0.0 107.6224603,-6.904657,0.0 107.6224003,-6.9047685,0.0</coordinates>
            </LineString>
        </Placemark>
        <Placemark id="39440">
            <name>Jalan Citarum</name>
            <styleUrl>#39441</styleUrl>
            <LineString id="39439">
                <coordinates>107.6221726,-6.904987,0.0 107.6221529,-6.9050041,0.0 107.6221053,-6.9050457,0.0 107.6220199,-6.9051035,0.0 107.6219281,-6.9051508,0.0 107.6218639,-6.9051698,0.0 107.621796,-6.9051892,0.0</coordinates>
            </LineString>
        </Placemark>
        <Placemark id="39444">
            <name>Jalan Sentot Alibasyah</name>
            <styleUrl>#39445</styleUrl>
            <LineString id="39443">
                <coordinates>107.6193443,-6.89924,0.0 107.6193467,-6.8993194,0.0</coordinates>
            </LineString>
        </Placemark>
        <Placemark id="39448">
            <name>Jalan Ir. H. Djuanda</name>
            <styleUrl>#39449</styleUrl>
            <LineString id="39447">
                <coordinates>107.614544,-6.883455,0.0 107.6142403,-6.8837915,0.0 107.6141828,-6.8838787,0.0 107.6141263,-6.8840166,0.0 107.6140088,-6.8843693,0.0 107.6139972,-6.884404,0.0 107.6138191,-6.8850594,0.0 107.6138172,-6.8850668,0.0 107.6138091,-6.8850978,0.0 107.6137886,-6.8852066,0.0</coordinates>
            </LineString>
        </Placemark>
        <Placemark id="39452">
            <name>Jalan Dipatiukur</name>
            <styleUrl>#39453</styleUrl>
            <LineString id="39451">
                <coordinates>107.6179955,-6.8925877,0.0 107.6180206,-6.89264,0.0 107.6180283,-6.8926971,0.0 107.6180394,-6.8934141,0.0 107.6180405,-6.8934568,0.0</coordinates>
            </LineString>
        </Placemark>
        <Placemark id="39456">
            <name>Jalan Surapati</name>
            <styleUrl>#39457</styleUrl>
            <LineString id="39455">
                <coordinates>107.6164572,-6.8990452,0.0 107.6177545,-6.8992474,0.0 107.6179645,-6.899261,0.0 107.6181289,-6.8992635,0.0 107.6184335,-6.8992562,0.0</coordinates>
            </LineString>
        </Placemark>
        <Placemark id="39460">
            <name>Route Segment</name>
            <styleUrl>#39461</styleUrl>
            <LineString id="39459">
                <coordinates>107.677192,-6.9416616,0.0 107.6782266,-6.9417703,0.0 107.6785776,-6.9418388,0.0</coordinates>
            </LineString>
        </Placemark>
        <Placemark id="39464">
            <name>Jalan Riung Hegar Raya</name>
            <styleUrl>#39465</styleUrl>
            <LineString id="39463">
                <coordinates>107.6792646,-6.9427221,0.0 107.6797581,-6.9428597,0.0 107.6803622,-6.9430091,0.0 107.6815966,-6.943348,0.0</coordinates>
            </LineString>
        </Placemark>
        <Placemark id="39468">
            <name>Route Segment</name>
            <styleUrl>#39469</styleUrl>
            <LineString id="39467">
                <coordinates>107.6837521,-6.9459801,0.0 107.6837165,-6.9462838,0.0 107.6837125,-6.9463178,0.0 107.6836756,-6.9466331,0.0 107.6836432,-6.9469092,0.0 107.683611,-6.947184,0.0 107.6835798,-6.9474498,0.0 107.6835467,-6.9477319,0.0 107.6835105,-6.9480408,0.0 107.6834795,-6.9483048,0.0 107.6834453,-6.9485962,0.0 107.6834124,-6.9488768,0.0 107.6833792,-6.9491598,0.0 107.6833617,-6.9493086,0.0</coordinates>
            </LineString>
        </Placemark>
        <Placemark id="39472">
            <name>Jalan Riung Arum</name>
            <styleUrl>#39473</styleUrl>
            <LineString id="39471">
                <coordinates>107.6815966,-6.943348,0.0 107.6816066,-6.9434115,0.0 107.68161,-6.9434388,0.0 107.6815761,-6.9436359,0.0</coordinates>
            </LineString>
        </Placemark>
        <Placemark id="39476">
            <name>Jalan Riung Tineung</name>
            <styleUrl>#39477</styleUrl>
            <LineString id="39475">
                <coordinates>107.6815761,-6.9436359,0.0 107.6819663,-6.9436312,0.0</coordinates>
            </LineString>
        </Placemark>
        <Placemark id="39480">
            <name>Jalan Riung Mungpulung Raya</name>
            <styleUrl>#39481</styleUrl>
            <LineString id="39479">
                <coordinates>107.683135,-6.9435874,0.0 107.6829443,-6.9452145,0.0</coordinates>
            </LineString>
        </Placemark>
        <Placemark id="39484">
            <name>Jalan Riung Mungpulung II</name>
            <styleUrl>#39485</styleUrl>
            <LineString id="39483">
                <coordinates>107.6829007,-6.9455341,0.0 107.6831268,-6.9455681,0.0 107.6833249,-6.9455982,0.0 107.683331,-6.9455991,0.0 107.6837893,-6.9456634,0.0</coordinates>
            </LineString>
        </Placemark>
        <Placemark id="39488">
            <name>Jalan Citarum</name>
            <styleUrl>#39489</styleUrl>
            <LineString id="39487">
                <coordinates>107.621796,-6.9051892,0.0 107.6217085,-6.9052417,0.0 107.6216675,-6.9052709,0.0 107.6216437,-6.9052879,0.0 107.6215951,-6.9053402,0.0 107.621584,-6.9053727,0.0 107.621483,-6.905745,0.0</coordinates>
            </LineString>
        </Placemark>
        <Placemark id="39492">
            <name>Jalan Ir. H. Djuanda</name>
            <styleUrl>#39493</styleUrl>
            <LineString id="39491">
                <coordinates>107.6206417,-6.8684727,0.0 107.620646,-6.8686285,0.0 107.6206519,-6.8688422,0.0 107.6206514,-6.8688958,0.0 107.620651,-6.8690356,0.0 107.6206454,-6.8691155,0.0 107.6206364,-6.8691703,0.0 107.6205911,-6.8693319,0.0 107.620462,-6.8697081,0.0 107.6204257,-6.8698198,0.0 107.6202974,-6.8702073,0.0 107.620229,-6.8704137,0.0 107.6201882,-6.8705599,0.0</coordinates>
            </LineString>
        </Placemark>
        <Placemark id="39496">
            <name>Jalan Dipatiukur</name>
            <styleUrl>#39497</styleUrl>
            <LineString id="39495">
                <coordinates>107.6180243,-6.8939028,0.0 107.6180053,-6.8939499,0.0 107.6178924,-6.8941229,0.0 107.6178302,-6.8942182,0.0 107.6177817,-6.8942718,0.0 107.6176835,-6.8943336,0.0</coordinates>
            </LineString>
        </Placemark>
        <Placemark id="39500">
            <name>Jalan Dipatiukur</name>
            <styleUrl>#39501</styleUrl>
            <LineString id="39499">
                <coordinates>107.6137886,-6.8852066,0.0 107.6139251,-6.885243,0.0 107.6139482,-6.8852493,0.0 107.6140041,-6.8852714,0.0 107.6142554,-6.885351,0.0 107.6143025,-6.885397,0.0</coordinates>
            </LineString>
        </Placemark>
        <Placemark id="39504">
            <name>Jalan Penata Yudha</name>
            <styleUrl>#39505</styleUrl>
            <LineString id="39503">
                <coordinates>107.616019,-6.8975661,0.0 107.6160824,-6.8976971,0.0 107.6161206,-6.8977917,0.0 107.6161489,-6.8978851,0.0 107.6161542,-6.8979225,0.0 107.6161572,-6.8979434,0.0 107.6161675,-6.8980166,0.0 107.6161662,-6.8981131,0.0 107.6161577,-6.8981816,0.0 107.6161352,-6.898308,0.0</coordinates>
            </LineString>
        </Placemark>
        <Placemark id="39508">
            <name>Jalan Dipatiukur</name>
            <styleUrl>#39509</styleUrl>
            <LineString id="39507">
                <coordinates>107.6143025,-6.885397,0.0 107.6144095,-6.8854607,0.0 107.6144244,-6.8854715,0.0 107.6144864,-6.8855164,0.0 107.6145427,-6.885571,0.0 107.6146308,-6.8856691,0.0 107.6146614,-6.8857145,0.0 107.6147051,-6.8858155,0.0 107.6148464,-6.8862613,0.0 107.6148507,-6.8862747,0.0 107.6148713,-6.8863397,0.0 107.6149493,-6.8865743,0.0 107.6149671,-6.8866267,0.0 107.6150918,-6.8870114,0.0 107.6151092,-6.8870641,0.0 107.6152037,-6.8873511,0.0 107.6152406,-6.8874631,0.0 107.6152794,-6.8875681,0.0 107.6156977,-6.8886991,0.0</coordinates>
            </LineString>
        </Placemark>
        <Placemark id="39512">
            <name>Jalan H. Ibrahim Adjie</name>
            <styleUrl>#39513</styleUrl>
            <LineString id="39511">
                <coordinates>107.6439028,-6.93096,0.0 107.6438759,-6.9310003,0.0 107.6438506,-6.9310446,0.0 107.6432353,-6.9317493,0.0 107.6432062,-6.9317921,0.0</coordinates>
            </LineString>
        </Placemark>
        <Placemark id="39516">
            <name>Jalan Citarum</name>
            <styleUrl>#39517</styleUrl>
            <LineString id="39515">
                <coordinates>107.6251786,-6.9013399,0.0 107.6251085,-6.9014218,0.0 107.6250442,-6.9015028,0.0 107.6249331,-6.9016411,0.0</coordinates>
            </LineString>
        </Placemark>
        <Placemark id="39520">
            <name>Jalan Jenderal Ahmad Yani</name>
            <styleUrl>#39521</styleUrl>
            <LineString id="39519">
                <coordinates>107.6343755,-6.9133841,0.0 107.6344369,-6.9133475,0.0 107.6344903,-6.913351,0.0 107.6345359,-6.9133508,0.0 107.6346004,-6.9133622,0.0</coordinates>
            </LineString>
        </Placemark>
        <Placemark id="39524">
            <name>Jalan L.L. RE. Martadinata</name>
            <styleUrl>#39525</styleUrl>
            <LineString id="39523">
                <coordinates>107.6295758,-6.9147576,0.0 107.6296602,-6.9148398,0.0</coordinates>
            </LineString>
        </Placemark>
        <Placemark id="39528">
            <name>Jalan L.L. RE. Martadinata</name>
            <styleUrl>#39529</styleUrl>
            <LineString id="39527">
                <coordinates>107.6295758,-6.9147576,0.0 107.6294559,-6.914423,0.0 107.6292504,-6.9137992,0.0 107.6291718,-6.9135678,0.0 107.6291409,-6.913501,0.0 107.6291311,-6.9134798,0.0 107.6291076,-6.9134288,0.0 107.6290892,-6.913389,0.0 107.6290686,-6.9133503,0.0 107.6289845,-6.913192,0.0 107.6288644,-6.9130163,0.0 107.628731,-6.9128285,0.0 107.6286968,-6.9127848,0.0 107.6286154,-6.9126809,0.0</coordinates>
            </LineString>
        </Placemark>
        <Placemark id="39532">
            <name>Jalan Jenderal Ahmad Yani</name>
            <styleUrl>#39533</styleUrl>
            <LineString id="39531">
                <coordinates>107.6342542,-6.9134469,0.0 107.6342922,-6.9134291,0.0 107.6343755,-6.9133841,0.0</coordinates>
            </LineString>
        </Placemark>
        <Placemark id="39536">
            <name>Jalan Surapati</name>
            <styleUrl>#39537</styleUrl>
            <LineString id="39535">
                <coordinates>107.6160286,-6.8989397,0.0 107.6160918,-6.8989527,0.0 107.6161796,-6.8989698,0.0 107.6163593,-6.8990187,0.0 107.6164572,-6.8990452,0.0</coordinates>
            </LineString>
        </Placemark>
        <Placemark id="39540">
            <name>Route Segment</name>
            <styleUrl>#39541</styleUrl>
            <LineString id="39539">
                <coordinates>107.6881201,-6.9372915,0.0 107.6881483,-6.9373131,0.0 107.6881638,-6.9373448,0.0 107.6881636,-6.9373802,0.0 107.6881476,-6.9374117,0.0</coordinates>
            </LineString>
        </Placemark>
        <Placemark id="39544">
            <name>Jalan Soekarno-Hatta</name>
            <styleUrl>#39545</styleUrl>
            <LineString id="39543">
                <coordinates>107.6881476,-6.9374117,0.0 107.6872638,-6.9374723,0.0</coordinates>
            </LineString>
        </Placemark>
        <Placemark id="39548">
            <name>Jalan Cipamokolan</name>
            <styleUrl>#39549</styleUrl>
            <LineString id="39547">
                <coordinates>107.677192,-6.9416616,0.0 107.6772242,-6.9409563,0.0 107.6772327,-6.9407701,0.0 107.6772455,-6.9404904,0.0 107.6772511,-6.9403669,0.0 107.6772585,-6.9402045,0.0 107.677261,-6.9401488,0.0 107.6772716,-6.9399169,0.0 107.6772804,-6.9397242,0.0 107.6772888,-6.9395406,0.0 107.6772921,-6.9393925,0.0 107.6772935,-6.9393623,0.0 107.6772997,-6.9391553,0.0 107.6773057,-6.9389794,0.0</coordinates>
            </LineString>
        </Placemark>
        <Placemark id="39552">
            <name>Jalan Riung Hegar Raya</name>
            <styleUrl>#39553</styleUrl>
            <LineString id="39551">
                <coordinates>107.6792646,-6.9427221,0.0 107.6791957,-6.9427015,0.0 107.67913,-6.9426794,0.0 107.679036,-6.9426538,0.0 107.6788887,-6.9426017,0.0 107.6787101,-6.9424105,0.0 107.67862,-6.9422264,0.0 107.6785573,-6.9420378,0.0 107.6785551,-6.9419277,0.0 107.6785776,-6.9418388,0.0</coordinates>
            </LineString>
        </Placemark>
        <Placemark id="39556">
            <name>Jalan Riung Mungpulung Raya</name>
            <styleUrl>#39557</styleUrl>
            <LineString id="39555">
                <coordinates>107.6829443,-6.9452145,0.0 107.6829007,-6.9455341,0.0</coordinates>
            </LineString>
        </Placemark>
        <Placemark id="39560">
            <name>Jalan L.L. RE. Martadinata</name>
            <styleUrl>#39561</styleUrl>
            <LineString id="39559">
                <coordinates>107.6286154,-6.9126809,0.0 107.628535,-6.9125792,0.0 107.6283442,-6.9123228,0.0 107.6282645,-6.9122224,0.0 107.6281542,-6.9121048,0.0 107.6278567,-6.9118039,0.0 107.6278298,-6.9117777,0.0 107.6278029,-6.9117514,0.0 107.6276535,-6.9116065,0.0 107.6271705,-6.9111433,0.0 107.627074,-6.9110498,0.0</coordinates>
            </LineString>
        </Placemark>
        <Placemark id="39564">
            <name>Jalan Dipatiukur</name>
            <styleUrl>#39565</styleUrl>
            <LineString id="39563">
                <coordinates>107.6168823,-6.8955917,0.0 107.6166188,-6.8959561,0.0 107.6162817,-6.8963301,0.0 107.6159883,-6.8966062,0.0 107.6155865,-6.8969383,0.0</coordinates>
            </LineString>
        </Placemark>
        <Placemark id="39568">
            <name>Jalan Surapati</name>
            <styleUrl>#39569</styleUrl>
            <LineString id="39567">
                <coordinates>107.6184335,-6.8992562,0.0 107.6189635,-6.8992333,0.0 107.6190223,-6.899231,0.0 107.6190829,-6.8992313,0.0 107.6192777,-6.8992377,0.0 107.6193443,-6.89924,0.0</coordinates>
            </LineString>
        </Placemark>
        <Placemark id="39572">
            <name>Jalan Ir. H. Djuanda</name>
            <styleUrl>#39573</styleUrl>
            <LineString id="39571">
                <coordinates>107.6159191,-6.8816593,0.0 107.6158852,-6.8817296,0.0 107.6158704,-6.8817604,0.0 107.6158262,-6.8818469,0.0 107.6156301,-6.8821206,0.0 107.6154895,-6.8822866,0.0 107.6153236,-6.8825023,0.0 107.6150295,-6.8828849,0.0 107.6150052,-6.8829165,0.0 107.614544,-6.883455,0.0</coordinates>
            </LineString>
        </Placemark>
        <Placemark id="39576">
            <name>Jalan Jenderal Ahmad Yani</name>
            <styleUrl>#39577</styleUrl>
            <LineString id="39575">
                <coordinates>107.6374263,-6.9118346,0.0 107.6376746,-6.9117059,0.0 107.6380463,-6.9115125,0.0 107.6381052,-6.9114812,0.0 107.6384087,-6.9113142,0.0 107.6385292,-6.9112521,0.0 107.6386772,-6.911175,0.0 107.6388085,-6.9111044,0.0 107.6393511,-6.9108148,0.0 107.6394945,-6.9107372,0.0 107.6395509,-6.9107061,0.0 107.6397159,-6.9106143,0.0 107.6397829,-6.9105782,0.0 107.6399162,-6.9105033,0.0 107.6402409,-6.9103278,0.0 107.64053,-6.9101769,0.0 107.6407412,-6.9100688,0.0 107.641164,-6.9098457,0.0 107.641445,-6.9096983,0.0 107.6415409,-6.9096449,0.0 107.6416706,-6.9095775,0.0 107.6417659,-6.9095225,0.0 107.6418156,-6.9094919,0.0 107.641865,-6.9094557,0.0</coordinates>
            </LineString>
        </Placemark>
        <Placemark id="39580">
            <name>Jalan H. Ibrahim Adjie</name>
            <styleUrl>#39581</styleUrl>
            <LineString id="39579">
                <coordinates>107.6435055,-6.9113592,0.0 107.6435255,-6.9115834,0.0 107.6435572,-6.9119253,0.0 107.6435846,-6.9122429,0.0 107.6436146,-6.9125869,0.0 107.6436356,-6.9128822,0.0 107.6436422,-6.9130175,0.0</coordinates>
            </LineString>
        </Placemark>
        <Placemark id="39584">
            <name>Jalan Dipatiukur</name>
            <styleUrl>#39585</styleUrl>
            <LineString id="39583">
                <coordinates>107.6174318,-6.8947388,0.0 107.6172839,-6.8949841,0.0 107.617258,-6.8950233,0.0 107.6172155,-6.8950876,0.0 107.6168823,-6.8955917,0.0</coordinates>
            </LineString>
        </Placemark>
        <Placemark id="39588">
            <name>Jalan Dipatiukur</name>
            <styleUrl>#39589</styleUrl>
            <LineString id="39587">
                <coordinates>107.6178188,-6.8923923,0.0 107.6179955,-6.8925877,0.0</coordinates>
            </LineString>
        </Placemark>
        <Placemark id="39592">
            <name>Jalan Jenderal Ahmad Yani</name>
            <styleUrl>#39593</styleUrl>
            <LineString id="39591">
                <coordinates>107.641865,-6.9094557,0.0 107.641886,-6.9094523,0.0 107.6419246,-6.9094416,0.0 107.6420289,-6.9093976,0.0 107.6421602,-6.9093246,0.0 107.6427522,-6.9090058,0.0 107.6430381,-6.9088519,0.0</coordinates>
            </LineString>
        </Placemark>
        <Placemark id="39596">
            <name>Jalan Citarum</name>
            <styleUrl>#39597</styleUrl>
            <LineString id="39595">
                <coordinates>107.6253576,-6.9010411,0.0 107.6253574,-6.9011085,0.0</coordinates>
            </LineString>
        </Placemark>
        <Placemark id="39600">
            <name>Jalan L.L. RE. Martadinata</name>
            <styleUrl>#39601</styleUrl>
            <LineString id="39599">
                <coordinates>107.627074,-6.9110498,0.0 107.6269793,-6.9109538,0.0 107.6266345,-6.9106181,0.0 107.6265806,-6.9105638,0.0 107.6265596,-6.9105422,0.0 107.6265002,-6.9104819,0.0 107.6263409,-6.9103274,0.0 107.6262232,-6.9102114,0.0 107.6261674,-6.9101544,0.0 107.6260827,-6.9100761,0.0</coordinates>
            </LineString>
        </Placemark>
        <Placemark id="39604">
            <name>Jalan Soekarno-Hatta</name>
            <styleUrl>#39605</styleUrl>
            <LineString id="39603">
                <coordinates>107.6526343,-6.9418642,0.0 107.6528244,-6.9418009,0.0</coordinates>
            </LineString>
        </Placemark>
        <Placemark id="39608">
            <name>Jalan Soekarno-Hatta</name>
            <styleUrl>#39609</styleUrl>
            <LineString id="39607">
                <coordinates>107.6608909,-6.9394147,0.0 107.6611257,-6.9393605,0.0 107.6612045,-6.9393467,0.0 107.6613726,-6.9393143,0.0 107.6619723,-6.9392196,0.0 107.6620066,-6.9392142,0.0 107.6624766,-6.9391418,0.0 107.6629081,-6.9390878,0.0 107.6630544,-6.9390727,0.0 107.6635594,-6.9390207,0.0 107.6638937,-6.9389862,0.0 107.6648393,-6.9388924,0.0 107.6650947,-6.9388715,0.0 107.6656399,-6.9388388,0.0 107.6659038,-6.9388221,0.0 107.6664215,-6.9387937,0.0 107.6665285,-6.9387859,0.0 107.6667061,-6.9387731,0.0 107.6669354,-6.9387522,0.0 107.6672726,-6.938728,0.0 107.6676974,-6.9386975,0.0 107.6677908,-6.938693,0.0 107.6679806,-6.9386798,0.0 107.6682067,-6.9386642,0.0 107.6686684,-6.9386322,0.0 107.6690273,-6.9386024,0.0</coordinates>
            </LineString>
        </Placemark>
        <Placemark id="39612">
            <name>Jalan Soekarno-Hatta</name>
            <styleUrl>#39613</styleUrl>
            <LineString id="39611">
                <coordinates>107.6820516,-6.9376753,0.0 107.6829267,-6.9376226,0.0 107.6830504,-6.9376098,0.0 107.6836806,-6.9375672,0.0 107.6844521,-6.937515,0.0 107.6845012,-6.9375117,0.0</coordinates>
            </LineString>
        </Placemark>
        <Placemark id="39616">
            <name>Jalan Soekarno-Hatta</name>
            <styleUrl>#39617</styleUrl>
            <LineString id="39615">
                <coordinates>107.681487,-6.9379454,0.0 107.6796763,-6.9380746,0.0 107.6795217,-6.9380863,0.0 107.6794141,-6.9380944,0.0 107.6788018,-6.9381407,0.0 107.6782503,-6.9381806,0.0 107.6780501,-6.938193,0.0</coordinates>
            </LineString>
        </Placemark>
        <Placemark id="39620">
            <name>Jalan Soekarno-Hatta</name>
            <styleUrl>#39621</styleUrl>
            <LineString id="39619">
                <coordinates>107.6811571,-6.9377409,0.0 107.6816983,-6.9377012,0.0 107.6820516,-6.9376753,0.0</coordinates>
            </LineString>
        </Placemark>
        <Placemark id="39624">
            <name>Soekarno Hatta Frontage Boulevard</name>
            <styleUrl>#39625</styleUrl>
            <LineString id="39623">
                <coordinates>107.6773491,-6.9380105,0.0 107.6775994,-6.9379921,0.0 107.6778057,-6.9379781,0.0 107.6784424,-6.9379331,0.0 107.6787487,-6.9379114,0.0 107.6788956,-6.937901,0.0 107.679119,-6.9378852,0.0 107.6794352,-6.9378628,0.0 107.6796089,-6.9378505,0.0 107.6801479,-6.9378123,0.0 107.6803968,-6.9378003,0.0</coordinates>
            </LineString>
        </Placemark>
        <Placemark id="39628">
            <name>Jalan Soekarno-Hatta</name>
            <styleUrl>#39629</styleUrl>
            <LineString id="39627">
                <coordinates>107.6824446,-6.9378809,0.0 107.681487,-6.9379454,0.0</coordinates>
            </LineString>
        </Placemark>
        <Placemark id="39632">
            <name>Jalan Soekarno-Hatta</name>
            <styleUrl>#39633</styleUrl>
            <LineString id="39631">
                <coordinates>107.6871235,-6.937537,0.0 107.686101,-6.9376237,0.0 107.6860211,-6.9376297,0.0 107.6859043,-6.9376385,0.0 107.6852061,-6.9376909,0.0 107.6847875,-6.9377223,0.0</coordinates>
            </LineString>
        </Placemark>
        <Placemark id="39636">
            <name>Route Segment</name>
            <styleUrl>#39637</styleUrl>
            <LineString id="39635">
                <coordinates>107.6299139,-6.9154306,0.0 107.6299735,-6.9154961,0.0 107.6300481,-6.9155442,0.0 107.6300799,-6.9155545,0.0 107.6301326,-6.9155716,0.0 107.6302214,-6.9155765,0.0 107.6303085,-6.9155587,0.0</coordinates>
            </LineString>
        </Placemark>
        <Placemark id="39640">
            <name>Jalan H. Ibrahim Adjie</name>
            <styleUrl>#39641</styleUrl>
            <LineString id="39639">
                <coordinates>107.6438226,-6.9146708,0.0 107.6438437,-6.9147294,0.0 107.6438723,-6.914798,0.0 107.6438831,-6.9148336,0.0 107.6439045,-6.9150739,0.0 107.6440253,-6.916433,0.0 107.6440375,-6.9165764,0.0 107.6440449,-6.9166642,0.0 107.6441162,-6.9172833,0.0 107.644141,-6.9175403,0.0 107.6441549,-6.9176854,0.0 107.644212,-6.9182934,0.0 107.6442283,-6.9184491,0.0 107.6442687,-6.9190528,0.0 107.6442705,-6.9192677,0.0 107.6442746,-6.9193256,0.0</coordinates>
            </LineString>
        </Placemark>
        <Placemark id="39644">
            <name>Jalan H. Ibrahim Adjie</name>
            <styleUrl>#39645</styleUrl>
            <LineString id="39643">
                <coordinates>107.6445424,-6.9270467,0.0 107.6444912,-6.9272363,0.0 107.6444424,-6.9274017,0.0 107.6444279,-6.9274506,0.0 107.6444038,-6.9275926,0.0 107.644402,-6.927627,0.0 107.6443783,-6.9280916,0.0 107.64437,-6.9282935,0.0 107.6443634,-6.9285036,0.0 107.6443474,-6.928643,0.0 107.6443394,-6.9286861,0.0 107.6443233,-6.9287433,0.0 107.6442857,-6.9288498,0.0 107.6442384,-6.9289634,0.0 107.6441972,-6.9290624,0.0 107.6441596,-6.9291707,0.0 107.6441188,-6.9293169,0.0 107.6440799,-6.9296313,0.0</coordinates>
            </LineString>
        </Placemark>
        <Placemark id="39648">
            <name>Jalan H. Ibrahim Adjie</name>
            <styleUrl>#39649</styleUrl>
            <LineString id="39647">
                <coordinates>107.6440799,-6.9296313,0.0 107.6440629,-6.929751,0.0 107.6440564,-6.9298343,0.0 107.6440268,-6.9299221,0.0</coordinates>
            </LineString>
        </Placemark>
        <Placemark id="39652">
            <name>Jalan Diponegoro</name>
            <styleUrl>#39653</styleUrl>
            <LineString id="39651">
                <coordinates>107.6199195,-6.9011743,0.0 107.6208401,-6.9011493,0.0</coordinates>
            </LineString>
        </Placemark>
        <Placemark id="39656">
            <name>Jalan Jenderal Ahmad Yani</name>
            <styleUrl>#39657</styleUrl>
            <LineString id="39655">
                <coordinates>107.6311335,-6.9151604,0.0 107.6313219,-6.9150573,0.0 107.631392,-6.915019,0.0 107.6314854,-6.9149679,0.0 107.6316428,-6.9148818,0.0 107.6320747,-6.9146547,0.0 107.6322869,-6.9145432,0.0 107.6325601,-6.9143996,0.0 107.6327618,-6.9142935,0.0 107.6327884,-6.9142791,0.0 107.6328365,-6.9142566,0.0 107.6329881,-6.9141745,0.0 107.6332108,-6.9140574,0.0 107.6333413,-6.9139888,0.0</coordinates>
            </LineString>
        </Placemark>
        <Placemark id="39660">
            <name>Jalan H. Ibrahim Adjie</name>
            <styleUrl>#39661</styleUrl>
            <LineString id="39659">
                <coordinates>107.6437464,-6.9137765,0.0 107.6437495,-6.9138071,0.0 107.6437714,-6.9141195,0.0</coordinates>
            </LineString>
        </Placemark>
        <Placemark id="39664">
            <name>Jalan H. Ibrahim Adjie</name>
            <styleUrl>#39665</styleUrl>
            <LineString id="39663">
                <coordinates>107.6427137,-6.9344704,0.0 107.6427025,-6.9345445,0.0 107.642669,-6.9347772,0.0</coordinates>
            </LineString>
        </Placemark>
        <Placemark id="39668">
            <name>Jalan H. Ibrahim Adjie</name>
            <styleUrl>#39669</styleUrl>
            <LineString id="39667">
                <coordinates>107.6437162,-6.9134484,0.0 107.6437256,-6.9135412,0.0 107.6437311,-6.913624,0.0</coordinates>
            </LineString>
        </Placemark>
        <Placemark id="39672">
            <name>Jalan L.L. RE. Martadinata</name>
            <styleUrl>#39673</styleUrl>
            <LineString id="39671">
                <coordinates>107.6260827,-6.9100761,0.0 107.6259817,-6.9099872,0.0 107.6259487,-6.9099584,0.0 107.6259228,-6.9099338,0.0 107.6258394,-6.9098536,0.0 107.6257448,-6.9097632,0.0 107.6253641,-6.9093848,0.0 107.6253092,-6.9093323,0.0 107.6252606,-6.9092859,0.0 107.625168,-6.9091975,0.0 107.6251205,-6.9091522,0.0 107.6250665,-6.909101,0.0 107.6250037,-6.9090443,0.0 107.6249642,-6.9090084,0.0 107.6247925,-6.9088693,0.0 107.6246431,-6.9087403,0.0 107.624592,-6.9086974,0.0 107.624424,-6.908556,0.0 107.6243689,-6.9085138,0.0 107.6242946,-6.9084569,0.0 107.6242211,-6.9084007,0.0 107.6241725,-6.9083672,0.0 107.6240359,-6.9082553,0.0 107.6239406,-6.9081795,0.0 107.623898,-6.9081445,0.0 107.6237961,-6.9080605,0.0 107.6236954,-6.9079639,0.0 107.6236448,-6.9079144,0.0 107.6235783,-6.9078372,0.0 107.6234169,-6.907648,0.0 107.6233782,-6.9076007,0.0 107.6233239,-6.9075344,0.0 107.6233077,-6.9075143,0.0 107.6232802,-6.9074803,0.0 107.6232385,-6.907429,0.0 107.6232063,-6.9073895,0.0 107.6231474,-6.9073112,0.0 107.6230407,-6.9071734,0.0 107.6230069,-6.9071302,0.0 107.6229227,-6.9070232,0.0 107.6228683,-6.9069596,0.0 107.6228138,-6.906896,0.0 107.622767,-6.9068426,0.0 107.6227125,-6.9067946,0.0 107.622637,-6.9067316,0.0 107.6225154,-6.9066302,0.0 107.6224543,-6.9065793,0.0 107.6222395,-6.9064426,0.0 107.6221784,-6.9064038,0.0 107.6221309,-6.9063741,0.0 107.622066,-6.9063335,0.0 107.6220332,-6.9063102,0.0 107.6220004,-6.9062923,0.0 107.6218623,-6.9062167,0.0 107.6216984,-6.9061395,0.0 107.6215291,-6.9060859,0.0 107.6214607,-6.9060648,0.0 107.6213811,-6.9060399,0.0</coordinates>
            </LineString>
        </Placemark>
        <Placemark id="39676">
            <name>Jalan H. Ibrahim Adjie</name>
            <styleUrl>#39677</styleUrl>
            <LineString id="39675">
                <coordinates>107.6433703,-6.9099716,0.0 107.6434142,-6.9104391,0.0 107.6434287,-6.9105814,0.0 107.6434818,-6.9111241,0.0 107.6434906,-6.9112086,0.0 107.6435055,-6.9113592,0.0</coordinates>
            </LineString>
        </Placemark>
        <Placemark id="39680">
            <name>Jalan Dipatiukur</name>
            <styleUrl>#39681</styleUrl>
            <LineString id="39679">
                <coordinates>107.6180405,-6.8934568,0.0 107.6180406,-6.8934879,0.0 107.6180471,-6.8937485,0.0 107.6180433,-6.8938273,0.0 107.6180243,-6.8939028,0.0</coordinates>
            </LineString>
        </Placemark>
        <Placemark id="39684">
            <name>Jalan Sentot Alibasyah</name>
            <styleUrl>#39685</styleUrl>
            <LineString id="39683">
                <coordinates>107.6193536,-6.8995642,0.0 107.6193611,-6.8998371,0.0 107.6193648,-6.89993,0.0</coordinates>
            </LineString>
        </Placemark>
        <Placemark id="39688">
            <name>Jalan Sentot Alibasyah</name>
            <styleUrl>#39689</styleUrl>
            <LineString id="39687">
                <coordinates>107.6193648,-6.89993,0.0 107.6193767,-6.9002364,0.0 107.6194077,-6.9010307,0.0 107.6194103,-6.9010674,0.0 107.619419,-6.9011883,0.0</coordinates>
            </LineString>
        </Placemark>
        <Placemark id="39692">
            <name>Jalan Dipatiukur</name>
            <styleUrl>#39693</styleUrl>
            <LineString id="39691">
                <coordinates>107.6176835,-6.8943336,0.0 107.6175117,-6.8946008,0.0 107.6174318,-6.8947388,0.0</coordinates>
            </LineString>
        </Placemark>
        <Placemark id="39696">
            <name>Terminal Dago</name>
            <styleUrl>#39697</styleUrl>
            <LineString id="39695">
                <coordinates>107.6212119,-6.8670778,0.0 107.62112,-6.8672823,0.0 107.6208429,-6.8672088,0.0</coordinates>
            </LineString>
        </Placemark>
        <Placemark id="39700">
            <name>Jalan Soekarno-Hatta</name>
            <styleUrl>#39701</styleUrl>
            <LineString id="39699">
                <coordinates>107.6742862,-6.9382242,0.0 107.6744202,-6.9382178,0.0</coordinates>
            </LineString>
        </Placemark>
        <Placemark id="39704">
            <name>Jalan Soekarno-Hatta</name>
            <styleUrl>#39705</styleUrl>
            <LineString id="39703">
                <coordinates>107.6728746,-6.9383241,0.0 107.6735519,-6.9382758,0.0 107.673913,-6.9382504,0.0 107.6740809,-6.9382386,0.0 107.6742333,-6.9382279,0.0 107.6742862,-6.9382242,0.0</coordinates>
            </LineString>
        </Placemark>
        <Placemark id="39708">
            <name>Jalan Soekarno-Hatta</name>
            <styleUrl>#39709</styleUrl>
            <LineString id="39707">
                <coordinates>107.6696795,-6.9385517,0.0 107.6698031,-6.9385447,0.0</coordinates>
            </LineString>
        </Placemark>
        <Placemark id="39712">
            <name>Jalan Soekarno-Hatta</name>
            <styleUrl>#39713</styleUrl>
            <LineString id="39711">
                <coordinates>107.6698031,-6.9385447,0.0 107.6698055,-6.9385445,0.0 107.6706974,-6.9384772,0.0 107.6708415,-6.938467,0.0 107.6713626,-6.9384301,0.0 107.6717525,-6.9384018,0.0 107.6719529,-6.938388,0.0 107.6722412,-6.9383679,0.0 107.6725046,-6.9383493,0.0</coordinates>
            </LineString>
        </Placemark>
        <Placemark id="39716">
            <name>Soekarno Hatta Frontage Boulevard</name>
            <styleUrl>#39717</styleUrl>
            <LineString id="39715">
                <coordinates>107.6845012,-6.9375117,0.0 107.6847668,-6.9374899,0.0</coordinates>
            </LineString>
        </Placemark>
        <Placemark id="39720">
            <name>Soekarno Hatta Frontage Boulevard</name>
            <styleUrl>#39721</styleUrl>
            <LineString id="39719">
                <coordinates>107.6847875,-6.9377223,0.0 107.684578,-6.9377364,0.0</coordinates>
            </LineString>
        </Placemark>
        <Placemark id="39724">
            <name>Jalan Soekarno-Hatta</name>
            <styleUrl>#39725</styleUrl>
            <LineString id="39723">
                <coordinates>107.684578,-6.9377364,0.0 107.6845514,-6.9377377,0.0 107.6843619,-6.9377506,0.0 107.6824446,-6.9378809,0.0</coordinates>
            </LineString>
        </Placemark>
        <Placemark id="39728">
            <name>Jalan Citarum</name>
            <styleUrl>#39729</styleUrl>
            <LineString id="39727">
                <coordinates>107.622305,-6.9048505,0.0 107.6222569,-6.9049031,0.0 107.6221726,-6.904987,0.0</coordinates>
            </LineString>
        </Placemark>
        <Placemark id="39732">
            <name>Jalan Jenderal Ahmad Yani</name>
            <styleUrl>#39733</styleUrl>
            <LineString id="39731">
                <coordinates>107.6303085,-6.9155587,0.0 107.6310417,-6.9151604,0.0 107.6311335,-6.9151604,0.0</coordinates>
            </LineString>
        </Placemark>
        <Placemark id="39736">
            <name>Jalan H. Ibrahim Adjie</name>
            <styleUrl>#39737</styleUrl>
            <LineString id="39735">
                <coordinates>107.6436422,-6.9130175,0.0 107.6436753,-6.9130915,0.0 107.6437162,-6.9134484,0.0</coordinates>
            </LineString>
        </Placemark>
        <Placemark id="39740">
            <name>Jalan H. Ibrahim Adjie</name>
            <styleUrl>#39741</styleUrl>
            <LineString id="39739">
                <coordinates>107.6437311,-6.913624,0.0 107.6437464,-6.9137765,0.0</coordinates>
            </LineString>
        </Placemark>
        <Placemark id="39744">
            <name>Jalan Ir. H. Djuanda</name>
            <styleUrl>#39745</styleUrl>
            <LineString id="39743">
                <coordinates>107.6199983,-6.8719092,0.0 107.6199795,-6.8721593,0.0 107.6199654,-6.8722691,0.0 107.619948,-6.8723443,0.0 107.6198876,-6.8725481,0.0 107.6198713,-6.8726033,0.0 107.6198254,-6.8727448,0.0 107.6198038,-6.8728123,0.0 107.6197916,-6.8728486,0.0 107.6197552,-6.8729452,0.0 107.6196503,-6.8732035,0.0 107.6196077,-6.8733034,0.0 107.6195678,-6.8734013,0.0 107.6195237,-6.8735097,0.0 107.6194406,-6.8737125,0.0 107.6193653,-6.8738941,0.0 107.619258,-6.8741499,0.0 107.6192547,-6.8741558,0.0 107.6192025,-6.8742729,0.0</coordinates>
            </LineString>
        </Placemark>
        <Placemark id="39748">
            <name>Jalan Jenderal Ahmad Yani</name>
            <styleUrl>#39749</styleUrl>
            <LineString id="39747">
                <coordinates>107.6337931,-6.9136907,0.0 107.6341252,-6.9135115,0.0 107.6341698,-6.91349,0.0 107.6342542,-6.9134469,0.0</coordinates>
            </LineString>
        </Placemark>
        <Placemark id="39752">
            <name>Route Segment</name>
            <styleUrl>#39753</styleUrl>
            <LineString id="39751">
                <coordinates>107.6872638,-6.9374723,0.0 107.6871235,-6.937537,0.0</coordinates>
            </LineString>
        </Placemark>
        <Placemark id="39756">
            <name>Jalan Soekarno-Hatta</name>
            <styleUrl>#39757</styleUrl>
            <LineString id="39755">
                <coordinates>107.6558473,-6.9408628,0.0 107.6561907,-6.9407508,0.0</coordinates>
            </LineString>
        </Placemark>
        <Placemark id="39760">
            <name>Jalan Soekarno-Hatta</name>
            <styleUrl>#39761</styleUrl>
            <LineString id="39759">
                <coordinates>107.6528244,-6.9418009,0.0 107.6528692,-6.941787,0.0 107.6529599,-6.9417588,0.0 107.6531033,-6.9417143,0.0 107.6536022,-6.9415595,0.0 107.6539108,-6.9414637,0.0 107.6546859,-6.9412232,0.0 107.6548123,-6.941184,0.0 107.6550822,-6.9411002,0.0 107.6555631,-6.940951,0.0 107.6558473,-6.9408628,0.0</coordinates>
            </LineString>
        </Placemark>
        <Placemark id="39764">
            <name>Route Segment</name>
            <styleUrl>#39765</styleUrl>
            <LineString id="39763">
                <coordinates>107.6865016,-6.9373601,0.0 107.6866537,-6.9374047,0.0</coordinates>
            </LineString>
        </Placemark>
        <Placemark id="39768">
            <name>Jalan H. Ibrahim Adjie</name>
            <styleUrl>#39769</styleUrl>
            <LineString id="39767">
                <coordinates>107.6443896,-6.9217882,0.0 107.6443919,-6.9218887,0.0 107.6443943,-6.9219902,0.0 107.6444041,-6.9221685,0.0 107.6444121,-6.9223151,0.0 107.6444146,-6.9223743,0.0 107.6444283,-6.9226929,0.0 107.6444333,-6.9228101,0.0 107.6444683,-6.923615,0.0 107.6444747,-6.9237792,0.0 107.6444796,-6.9238675,0.0 107.6444839,-6.9239857,0.0 107.6444856,-6.9240344,0.0 107.644489,-6.9241129,0.0 107.6444912,-6.9241923,0.0 107.6444934,-6.9242551,0.0 107.6444962,-6.9243006,0.0 107.6444992,-6.9243583,0.0 107.6445077,-6.9245514,0.0</coordinates>
            </LineString>
        </Placemark>
        <Placemark id="39772">
            <name>Jalan Citarum</name>
            <styleUrl>#39773</styleUrl>
            <LineString id="39771">
                <coordinates>107.621483,-6.905745,0.0 107.6214436,-6.9058938,0.0 107.6213811,-6.9060399,0.0</coordinates>
            </LineString>
        </Placemark>
        <Placemark id="39776">
            <name>Jalan Dipatiukur</name>
            <styleUrl>#39777</styleUrl>
            <LineString id="39775">
                <coordinates>107.6168134,-6.8905914,0.0 107.6169111,-6.890724,0.0 107.6169359,-6.8907603,0.0 107.6170495,-6.8909264,0.0 107.61713,-6.8910441,0.0 107.617163,-6.8910925,0.0 107.6174351,-6.8916075,0.0 107.6174672,-6.8916726,0.0 107.6175776,-6.8918986,0.0 107.6177262,-6.8922028,0.0 107.6177764,-6.8923055,0.0</coordinates>
            </LineString>
        </Placemark>
        <Placemark id="39780">
            <name>Jalan Dipatiukur</name>
            <styleUrl>#39781</styleUrl>
            <LineString id="39779">
                <coordinates>107.6166228,-6.8903248,0.0 107.6166372,-6.8903228,0.0 107.6166517,-6.890328,0.0 107.6166706,-6.8903452,0.0 107.6167537,-6.8904642,0.0 107.6168098,-6.8905555,0.0 107.6168134,-6.8905914,0.0</coordinates>
            </LineString>
        </Placemark>
        <Placemark id="39784">
            <name>Jalan H. Ibrahim Adjie</name>
            <styleUrl>#39785</styleUrl>
            <LineString id="39783">
                <coordinates>107.6431681,-6.9319855,0.0 107.6431128,-6.9323147,0.0 107.6430129,-6.9328814,0.0 107.6429901,-6.9330002,0.0 107.642925,-6.9333619,0.0 107.642917,-6.9333993,0.0 107.6428038,-6.9339301,0.0 107.642777,-6.9341002,0.0 107.6427137,-6.9344704,0.0</coordinates>
            </LineString>
        </Placemark>
        <Placemark id="39788">
            <name>Jalan H. Ibrahim Adjie</name>
            <styleUrl>#39789</styleUrl>
            <LineString id="39787">
                <coordinates>107.6445077,-6.9245514,0.0 107.6445444,-6.9258791,0.0 107.6445485,-6.9264733,0.0 107.6445501,-6.92655,0.0</coordinates>
            </LineString>
        </Placemark>
        <Placemark id="39792">
            <name>Jalan H. Ibrahim Adjie</name>
            <styleUrl>#39793</styleUrl>
            <LineString id="39791">
                <coordinates>107.642669,-6.9347772,0.0 107.6426593,-6.9348787,0.0 107.6426205,-6.9352851,0.0 107.6425875,-6.9357551,0.0</coordinates>
            </LineString>
        </Placemark>
        <Placemark id="39796">
            <name>Jalan Soekarno-Hatta</name>
            <styleUrl>#39797</styleUrl>
            <LineString id="39795">
                <coordinates>107.6487109,-6.9431279,0.0 107.6489694,-6.9430456,0.0 107.6493101,-6.9429332,0.0 107.6495025,-6.9428706,0.0 107.6496409,-6.942824,0.0 107.6499821,-6.9427133,0.0 107.6505153,-6.9425403,0.0 107.6519647,-6.94207,0.0 107.6526343,-6.9418642,0.0</coordinates>
            </LineString>
        </Placemark>
        <Placemark id="39800">
            <name>Route Segment</name>
            <styleUrl>#39801</styleUrl>
            <LineString id="39799">
                <coordinates>107.6419467,-6.9449225,0.0 107.6419773,-6.9449712,0.0 107.6420158,-6.9450575,0.0 107.6420681,-6.9451287,0.0 107.6421727,-6.945184,0.0 107.6422973,-6.9452119,0.0</coordinates>
            </LineString>
        </Placemark>
        <Placemark id="39804">
            <name>Jalan Diponegoro</name>
            <styleUrl>#39805</styleUrl>
            <LineString id="39803">
                <coordinates>107.6249276,-6.9010477,0.0 107.6251195,-6.9010442,0.0 107.6252968,-6.9010429,0.0</coordinates>
            </LineString>
        </Placemark>
        <Placemark id="39808">
            <name>Jalan Sentot Alibasyah</name>
            <styleUrl>#39809</styleUrl>
            <LineString id="39807">
                <coordinates>107.6193467,-6.8993194,0.0 107.6193483,-6.8994321,0.0</coordinates>
            </LineString>
        </Placemark>
        <Placemark id="39812">
            <name>Jalan H. Ibrahim Adjie</name>
            <styleUrl>#39813</styleUrl>
            <LineString id="39811">
                <coordinates>107.6445501,-6.92655,0.0 107.6445534,-6.9267027,0.0 107.6445583,-6.9269338,0.0 107.6445578,-6.9269546,0.0</coordinates>
            </LineString>
        </Placemark>
        <Placemark id="39816">
            <name>Jalan Penata Yudha</name>
            <styleUrl>#39817</styleUrl>
            <LineString id="39815">
                <coordinates>107.6155865,-6.8969383,0.0 107.616019,-6.8975661,0.0</coordinates>
            </LineString>
        </Placemark>
        <Placemark id="39820">
            <name>Jalan Ir. H. Djuanda</name>
            <styleUrl>#39821</styleUrl>
            <LineString id="39819">
                <coordinates>107.6208429,-6.8672088,0.0 107.6207501,-6.8675619,0.0 107.6207137,-6.8676929,0.0 107.6206807,-6.8678426,0.0 107.6206511,-6.8680596,0.0</coordinates>
            </LineString>
        </Placemark>
        <Placemark id="39824">
            <name>Jalan Jenderal Ahmad Yani</name>
            <styleUrl>#39825</styleUrl>
            <LineString id="39823">
                <coordinates>107.6333413,-6.9139888,0.0 107.6333677,-6.9139334,0.0 107.6333958,-6.9139024,0.0 107.6334392,-6.9138763,0.0 107.6337931,-6.9136907,0.0</coordinates>
            </LineString>
        </Placemark>
        <Placemark id="39828">
            <name>Jalan H. Ibrahim Adjie</name>
            <styleUrl>#39829</styleUrl>
            <LineString id="39827">
                <coordinates>107.6433224,-6.9094595,0.0 107.6433364,-6.9096111,0.0 107.6433703,-6.9099716,0.0</coordinates>
            </LineString>
        </Placemark>
        <Placemark id="39832">
            <name>Jalan H. Ibrahim Adjie</name>
            <styleUrl>#39833</styleUrl>
            <LineString id="39831">
                <coordinates>107.6421836,-6.9418139,0.0 107.6421536,-6.9421887,0.0</coordinates>
            </LineString>
        </Placemark>
        <Placemark id="39836">
            <name>Jalan H. Ibrahim Adjie</name>
            <styleUrl>#39837</styleUrl>
            <LineString id="39835">
                <coordinates>107.6421536,-6.9421887,0.0 107.6421132,-6.9427551,0.0 107.6421057,-6.9428602,0.0 107.6420949,-6.9430108,0.0 107.6420912,-6.9430627,0.0 107.6420899,-6.9430811,0.0 107.6420483,-6.9436641,0.0 107.6420158,-6.9441191,0.0 107.642,-6.9443407,0.0 107.6419841,-6.9445623,0.0 107.6419467,-6.9449225,0.0</coordinates>
            </LineString>
        </Placemark>
        <Placemark id="39840">
            <name>Jalan L.L. RE. Martadinata</name>
            <styleUrl>#39841</styleUrl>
            <LineString id="39839">
                <coordinates>107.6296602,-6.9148398,0.0 107.6299139,-6.9154306,0.0</coordinates>
            </LineString>
        </Placemark>
        <Placemark id="39844">
            <name>Jalan Citarum</name>
            <styleUrl>#39845</styleUrl>
            <LineString id="39843">
                <coordinates>107.6253574,-6.9011085,0.0 107.625327,-6.90115,0.0 107.6251786,-6.9013399,0.0</coordinates>
            </LineString>
        </Placemark>
        <Placemark id="39848">
            <name>Jalan H. Ibrahim Adjie</name>
            <styleUrl>#39849</styleUrl>
            <LineString id="39847">
                <coordinates>107.6432062,-6.9317921,0.0 107.6431867,-6.9318739,0.0 107.6431681,-6.9319855,0.0</coordinates>
            </LineString>
        </Placemark>
        <Placemark id="39852">
            <name>Jalan H. Ibrahim Adjie</name>
            <styleUrl>#39853</styleUrl>
            <LineString id="39851">
                <coordinates>107.6440268,-6.9299221,0.0 107.6439942,-6.930364,0.0 107.6439839,-6.9305023,0.0 107.6439701,-6.93069,0.0 107.6439499,-6.9308422,0.0 107.6439028,-6.93096,0.0</coordinates>
            </LineString>
        </Placemark>
        <Placemark id="39856">
            <name>Jalan Ir. H. Djuanda</name>
            <styleUrl>#39857</styleUrl>
            <LineString id="39855">
                <coordinates>107.6201882,-6.8705599,0.0 107.6201463,-6.8707238,0.0</coordinates>
            </LineString>
        </Placemark>
        <Placemark id="39860">
            <name>Jalan Ir. H. Djuanda</name>
            <styleUrl>#39861</styleUrl>
            <LineString id="39859">
                <coordinates>107.6201463,-6.8707238,0.0 107.6201056,-6.870897,0.0 107.6200895,-6.8709736,0.0 107.6200821,-6.8710443,0.0 107.6200784,-6.8710758,0.0 107.6200722,-6.8711405,0.0 107.6199983,-6.8719092,0.0</coordinates>
            </LineString>
        </Placemark>
        <Placemark id="39864">
            <name>Jalan Ir. H. Djuanda</name>
            <styleUrl>#39865</styleUrl>
            <LineString id="39863">
                <coordinates>107.6192025,-6.8742729,0.0 107.6190947,-6.8745294,0.0 107.6187714,-6.8753042,0.0 107.6186574,-6.8755473,0.0 107.6185567,-6.8757269,0.0 107.6184188,-6.875975,0.0 107.6181983,-6.8763036,0.0 107.6181247,-6.8764036,0.0 107.6178937,-6.8767176,0.0 107.6178585,-6.8767684,0.0 107.6178022,-6.8768497,0.0 107.6174657,-6.8773191,0.0 107.6173296,-6.8774811,0.0 107.617015,-6.8778557,0.0 107.6169789,-6.8779148,0.0 107.6168786,-6.8781163,0.0 107.6168505,-6.878201,0.0 107.6167607,-6.8785482,0.0 107.6167343,-6.8786478,0.0 107.616662,-6.8789171,0.0 107.6164799,-6.8795713,0.0 107.6164021,-6.8798727,0.0 107.61635,-6.8800793,0.0 107.6162461,-6.8804798,0.0 107.6161028,-6.8810181,0.0 107.6160326,-6.8812603,0.0 107.6159337,-6.881602,0.0 107.6159191,-6.8816593,0.0</coordinates>
            </LineString>
        </Placemark>
        <Placemark id="39868">
            <name>Soekarno Hatta Frontage Boulevard</name>
            <styleUrl>#39869</styleUrl>
            <LineString id="39867">
                <coordinates>107.6780501,-6.938193,0.0 107.6773321,-6.938247,0.0</coordinates>
            </LineString>
        </Placemark>
        <Placemark id="39872">
            <name>Jalan Soekarno-Hatta</name>
            <styleUrl>#39873</styleUrl>
            <LineString id="39871">
                <coordinates>107.6744202,-6.9382178,0.0 107.6744746,-6.9382139,0.0 107.6747162,-6.9381971,0.0 107.6753034,-6.9381554,0.0 107.6758906,-6.9381137,0.0 107.6762965,-6.938085,0.0 107.6766901,-6.9380571,0.0 107.6773491,-6.9380105,0.0</coordinates>
            </LineString>
        </Placemark>
        <Placemark id="39876">
            <name>Soekarno Hatta Frontage Boulevard</name>
            <styleUrl>#39877</styleUrl>
            <LineString id="39875">
                <coordinates>107.6803968,-6.9378003,0.0 107.6811571,-6.9377409,0.0</coordinates>
            </LineString>
        </Placemark>
        <Placemark id="39880">
            <name>Soekarno Hatta Frontage Boulevard</name>
            <styleUrl>#39881</styleUrl>
            <LineString id="39879">
                <coordinates>107.6859393,-6.9374022,0.0 107.6862087,-6.937382,0.0 107.6865016,-6.9373601,0.0</coordinates>
            </LineString>
        </Placemark>
        <Placemark id="39884">
            <name>Jalan Soekarno-Hatta</name>
            <styleUrl>#39885</styleUrl>
            <LineString id="39883">
                <coordinates>107.6847668,-6.9374899,0.0 107.684843,-6.9374842,0.0 107.6852525,-6.9374536,0.0 107.6854404,-6.9374395,0.0 107.6857888,-6.9374134,0.0 107.6859053,-6.9374047,0.0 107.6859393,-6.9374022,0.0</coordinates>
            </LineString>
        </Placemark>
        <Placemark id="39888">
            <name>Jalan Soekarno-Hatta</name>
            <styleUrl>#39889</styleUrl>
            <LineString id="39887">
                <coordinates>107.6866537,-6.9374047,0.0 107.6881201,-6.9372915,0.0</coordinates>
            </LineString>
        </Placemark>
        <Placemark id="39892">
            <name>Jalan H. Ibrahim Adjie</name>
            <styleUrl>#39893</styleUrl>
            <LineString id="39891">
                <coordinates>107.6445578,-6.9269546,0.0 107.6445567,-6.926968,0.0 107.6445547,-6.9269854,0.0 107.6445424,-6.9270467,0.0</coordinates>
            </LineString>
        </Placemark>
        <Placemark id="39896">
            <name>Jalan Diponegoro</name>
            <styleUrl>#39897</styleUrl>
            <LineString id="39895">
                <coordinates>107.619419,-6.9011883,0.0 107.6195383,-6.9011835,0.0 107.6199195,-6.9011743,0.0</coordinates>
            </LineString>
        </Placemark>
        <Placemark id="39900">
            <name>Route Segment</name>
            <styleUrl>#39901</styleUrl>
            <LineString id="39899">
                <coordinates>107.6224003,-6.9047685,0.0 107.6223975,-6.904795,0.0 107.6223884,-6.9048153,0.0 107.622374,-6.9048323,0.0 107.6223554,-6.9048445,0.0 107.6223341,-6.9048512,0.0 107.6223195,-6.9048522,0.0 107.622305,-6.9048505,0.0</coordinates>
            </LineString>
        </Placemark>
        <Placemark id="39904">
            <name>Jalan Diponegoro</name>
            <styleUrl>#39905</styleUrl>
            <LineString id="39903">
                <coordinates>107.6252968,-6.9010429,0.0 107.6253576,-6.9010411,0.0</coordinates>
            </LineString>
        </Placemark>
        <Placemark id="39908">
            <name>Jalan Soekarno-Hatta</name>
            <styleUrl>#39909</styleUrl>
            <LineString id="39907">
                <coordinates>107.6690273,-6.9386024,0.0 107.6696239,-6.9385543,0.0 107.6696795,-6.9385517,0.0</coordinates>
            </LineString>
        </Placemark>
        <Placemark id="39912">
            <name>Jalan Soekarno-Hatta</name>
            <styleUrl>#39913</styleUrl>
            <LineString id="39911">
                <coordinates>107.6422973,-6.9452119,0.0 107.6424896,-6.9451552,0.0 107.6425544,-6.9451302,0.0</coordinates>
            </LineString>
        </Placemark>
        <Placemark id="39916">
            <name>Jalan Soekarno-Hatta</name>
            <styleUrl>#39917</styleUrl>
            <LineString id="39915">
                <coordinates>107.6725046,-6.9383493,0.0 107.6727325,-6.9383333,0.0 107.6728746,-6.9383241,0.0</coordinates>
            </LineString>
        </Placemark>
        <Placemark id="39920">
            <name>Jalan Penata Yudha</name>
            <styleUrl>#39921</styleUrl>
            <LineString id="39919">
                <coordinates>107.6161352,-6.898308,0.0 107.6160286,-6.8989397,0.0</coordinates>
            </LineString>
        </Placemark>
        <Placemark id="39924">
            <name>Jalan H. Ibrahim Adjie</name>
            <styleUrl>#39925</styleUrl>
            <LineString id="39923">
                <coordinates>107.6443516,-6.9207973,0.0 107.6443896,-6.9217882,0.0</coordinates>
            </LineString>
        </Placemark>
        <Placemark id="39928">
            <name>Jalan H. Ibrahim Adjie</name>
            <styleUrl>#39929</styleUrl>
            <LineString id="39927">
                <coordinates>107.6442841,-6.9195309,0.0 107.6442909,-6.9196178,0.0 107.6443002,-6.919736,0.0 107.6443116,-6.9199696,0.0 107.6443516,-6.9207973,0.0</coordinates>
            </LineString>
        </Placemark>
        <Placemark id="39932">
            <name>Jalan Soekarno-Hatta</name>
            <styleUrl>#39933</styleUrl>
            <LineString id="39931">
                <coordinates>107.6469908,-6.9436739,0.0 107.6470631,-6.9436511,0.0 107.6472285,-6.9436003,0.0 107.647308,-6.9435737,0.0 107.6474499,-6.9435262,0.0 107.6477158,-6.9434372,0.0 107.6478935,-6.9433774,0.0 107.6479368,-6.9433624,0.0 107.6480159,-6.9433388,0.0 107.6482339,-6.9432732,0.0 107.6483747,-6.9432308,0.0 107.6486436,-6.9431498,0.0 107.6487109,-6.9431279,0.0</coordinates>
            </LineString>
        </Placemark>
        <Placemark id="39936">
            <name>Jalan Soekarno-Hatta</name>
            <styleUrl>#39937</styleUrl>
            <LineString id="39935">
                <coordinates>107.6450949,-6.9442703,0.0 107.6463553,-6.9438668,0.0 107.6464874,-6.9438278,0.0 107.6467219,-6.9437585,0.0 107.6467855,-6.9437385,0.0 107.6469908,-6.9436739,0.0</coordinates>
            </LineString>
        </Placemark>
        <Placemark id="39940">
            <name>Jalan Soekarno-Hatta</name>
            <styleUrl>#39941</styleUrl>
            <LineString id="39939">
                <coordinates>107.6425544,-6.9451302,0.0 107.6427153,-6.9450569,0.0 107.6428119,-6.9450226,0.0 107.6430412,-6.9449411,0.0 107.6431766,-6.9448945,0.0 107.6433657,-6.9448279,0.0 107.6437224,-6.9447161,0.0 107.6438888,-6.944662,0.0 107.6440102,-6.9446226,0.0 107.644326,-6.94452,0.0 107.6450949,-6.9442703,0.0</coordinates>
            </LineString>
        </Placemark>
        <Placemark id="39944">
            <name>Jalan Soekarno-Hatta</name>
            <styleUrl>#39945</styleUrl>
            <LineString id="39943">
                <coordinates>107.6593041,-6.939778,0.0 107.659399,-6.9397509,0.0 107.6600931,-6.9395844,0.0 107.6601512,-6.9395718,0.0 107.6605856,-6.9394777,0.0 107.6606611,-6.93946,0.0 107.6608909,-6.9394147,0.0</coordinates>
            </LineString>
        </Placemark>
        <Placemark id="39948">
            <name>Jalan Soekarno-Hatta</name>
            <styleUrl>#39949</styleUrl>
            <LineString id="39947">
                <coordinates>107.6583101,-6.9400779,0.0 107.6584574,-6.9400339,0.0 107.6585694,-6.9399972,0.0 107.6588883,-6.9398952,0.0 107.6589472,-6.9398788,0.0 107.659028,-6.9398534,0.0 107.6591135,-6.9398278,0.0 107.6593041,-6.939778,0.0</coordinates>
            </LineString>
        </Placemark>
        <Placemark id="39952">
            <name>Jalan Soekarno-Hatta</name>
            <styleUrl>#39953</styleUrl>
            <LineString id="39951">
                <coordinates>107.6561907,-6.9407508,0.0 107.6567851,-6.9405596,0.0</coordinates>
            </LineString>
        </Placemark>
        <Placemark id="39956">
            <name>Jalan Soekarno-Hatta</name>
            <styleUrl>#39957</styleUrl>
            <LineString id="39955">
                <coordinates>107.6567851,-6.9405596,0.0 107.6569119,-6.9405212,0.0 107.6569958,-6.9404958,0.0 107.6571017,-6.9404592,0.0 107.6573469,-6.9403813,0.0 107.6575958,-6.9403023,0.0 107.6579317,-6.940197,0.0 107.6582639,-6.9400924,0.0 107.6583101,-6.9400779,0.0</coordinates>
            </LineString>
        </Placemark>
        <Placemark id="39960">
            <name>Jalan Dipatiukur</name>
            <styleUrl>#39961</styleUrl>
            <LineString id="39959">
                <coordinates>107.6177764,-6.8923055,0.0 107.6178188,-6.8923923,0.0</coordinates>
            </LineString>
        </Placemark>
        <Placemark id="39964">
            <name>Route Segment</name>
            <styleUrl>#39965</styleUrl>
            <LineString id="39963">
                <coordinates>107.6837893,-6.9456634,0.0 107.6837521,-6.9459801,0.0</coordinates>
            </LineString>
        </Placemark>
        <Placemark id="39968">
            <name>Jalan H. Ibrahim Adjie</name>
            <styleUrl>#39969</styleUrl>
            <LineString id="39967">
                <coordinates>107.6437714,-6.9141195,0.0 107.643797,-6.914395,0.0 107.6438226,-6.9146708,0.0</coordinates>
            </LineString>
        </Placemark>
        <Placemark id="39972">
            <name>Route Segment</name>
            <styleUrl>#39973</styleUrl>
            <LineString id="39971">
                <coordinates>107.6832703,-6.9493701,0.0 107.6832612,-6.9494339,0.0</coordinates>
            </LineString>
        </Placemark>
        <Placemark id="39976">
            <name>Route Segment</name>
            <styleUrl>#39977</styleUrl>
            <LineString id="39975">
                <coordinates>107.6833617,-6.9493086,0.0 107.6833458,-6.9494445,0.0</coordinates>
            </LineString>
        </Placemark>
        <Placemark id="39980">
            <name>Route Segment</name>
            <styleUrl>#39981</styleUrl>
            <LineString id="39979">
                <coordinates>107.6832612,-6.9494339,0.0 107.6833458,-6.9494445,0.0</coordinates>
            </LineString>
        </Placemark>
        <Placemark id="39984">
            <name>Jalan H. Ibrahim Adjie</name>
            <styleUrl>#39985</styleUrl>
            <LineString id="39983">
                <coordinates>107.6425875,-6.9357551,0.0 107.6425567,-6.9361925,0.0</coordinates>
            </LineString>
        </Placemark>
        <Placemark id="39988">
            <name>Jalan H. Ibrahim Adjie</name>
            <styleUrl>#39989</styleUrl>
            <LineString id="39987">
                <coordinates>107.6425567,-6.9361925,0.0 107.6425277,-6.9366887,0.0</coordinates>
            </LineString>
        </Placemark>
        <Placemark id="39992">
            <name>Jalan H. Ibrahim Adjie</name>
            <styleUrl>#39993</styleUrl>
            <LineString id="39991">
                <coordinates>107.6425277,-6.9366887,0.0 107.6425236,-6.9367591,0.0</coordinates>
            </LineString>
        </Placemark>
        <Placemark id="39996">
            <name>Jalan H. Ibrahim Adjie</name>
            <styleUrl>#39997</styleUrl>
            <LineString id="39995">
                <coordinates>107.6425236,-6.9367591,0.0 107.6425052,-6.9370363,0.0 107.6425031,-6.937068,0.0 107.6424944,-6.9371984,0.0</coordinates>
            </LineString>
        </Placemark>
        <Placemark id="40000">
            <name>Jalan H. Ibrahim Adjie</name>
            <styleUrl>#40001</styleUrl>
            <LineString id="39999">
                <coordinates>107.6424944,-6.9371984,0.0 107.6424637,-6.9376027,0.0</coordinates>
            </LineString>
        </Placemark>
        <Placemark id="40004">
            <name>Jalan H. Ibrahim Adjie</name>
            <styleUrl>#40005</styleUrl>
            <LineString id="40003">
                <coordinates>107.6424637,-6.9376027,0.0 107.6424362,-6.9380472,0.0 107.642413,-6.9384219,0.0</coordinates>
            </LineString>
        </Placemark>
        <Placemark id="40008">
            <name>Jalan H. Ibrahim Adjie</name>
            <styleUrl>#40009</styleUrl>
            <LineString id="40007">
                <coordinates>107.642413,-6.9384219,0.0 107.6424074,-6.9385136,0.0</coordinates>
            </LineString>
        </Placemark>
        <Placemark id="40012">
            <name>Jalan H. Ibrahim Adjie</name>
            <styleUrl>#40013</styleUrl>
            <LineString id="40011">
                <coordinates>107.6424074,-6.9385136,0.0 107.6423581,-6.9392541,0.0</coordinates>
            </LineString>
        </Placemark>
        <Placemark id="40016">
            <name>Jalan H. Ibrahim Adjie</name>
            <styleUrl>#40017</styleUrl>
            <LineString id="40015">
                <coordinates>107.6423581,-6.9392541,0.0 107.6423227,-6.9397848,0.0 107.6423152,-6.9398977,0.0 107.6423073,-6.9400168,0.0</coordinates>
            </LineString>
        </Placemark>
        <Placemark id="40020">
            <name>Jalan H. Ibrahim Adjie</name>
            <styleUrl>#40021</styleUrl>
            <LineString id="40019">
                <coordinates>107.6423073,-6.9400168,0.0 107.6422112,-6.9414609,0.0</coordinates>
            </LineString>
        </Placemark>
        <Placemark id="40024">
            <name>Jalan H. Ibrahim Adjie</name>
            <styleUrl>#40025</styleUrl>
            <LineString id="40023">
                <coordinates>107.6422112,-6.9414609,0.0 107.6422079,-6.9415102,0.0</coordinates>
            </LineString>
        </Placemark>
        <Placemark id="40028">
            <name>Jalan H. Ibrahim Adjie</name>
            <styleUrl>#40029</styleUrl>
            <LineString id="40027">
                <coordinates>107.6422079,-6.9415102,0.0 107.6421836,-6.9418139,0.0</coordinates>
            </LineString>
        </Placemark>
        <Placemark id="40032">
            <name>Jalan Sentot Alibasyah</name>
            <styleUrl>#40033</styleUrl>
            <LineString id="40031">
                <coordinates>107.6193483,-6.8994321,0.0 107.6193491,-6.8994587,0.0 107.6193536,-6.8995642,0.0</coordinates>
            </LineString>
        </Placemark>
        <Placemark id="40036">
            <name>Jalan Ir. H. Djuanda</name>
            <styleUrl>#40037</styleUrl>
            <LineString id="40035">
                <coordinates>107.6206511,-6.8680596,0.0 107.6206417,-6.8684727,0.0</coordinates>
            </LineString>
        </Placemark>
        <Placemark id="40040">
            <name>Jalan Dipatiukur</name>
            <styleUrl>#40041</styleUrl>
            <LineString id="40039">
                <coordinates>107.6156977,-6.8886991,0.0 107.6158021,-6.8889815,0.0 107.6158539,-6.889097,0.0 107.6158888,-6.8891749,0.0 107.6160343,-6.8894728,0.0</coordinates>
            </LineString>
        </Placemark>
        <Placemark id="40044">
            <name>Jalan Dipatiukur</name>
            <styleUrl>#40045</styleUrl>
            <LineString id="40043">
                <coordinates>107.6160343,-6.8894728,0.0 107.6165653,-6.8902412,0.0 107.616618,-6.8903175,0.0 107.6166228,-6.8903248,0.0</coordinates>
            </LineString>
        </Placemark>
        <Placemark id="40048">
            <name>Jalan Cipamokolan</name>
            <styleUrl>#40049</styleUrl>
            <LineString id="40047">
                <coordinates>107.6773057,-6.9389794,0.0 107.6773072,-6.9389357,0.0 107.677312,-6.9387582,0.0 107.6773321,-6.938247,0.0</coordinates>
            </LineString>
        </Placemark>
        <Placemark id="40052">
            <name>Jalan Diponegoro</name>
            <styleUrl>#40053</styleUrl>
            <LineString id="40051">
                <coordinates>107.6208401,-6.9011493,0.0 107.6213033,-6.9011378,0.0</coordinates>
            </LineString>
        </Placemark>
        <Placemark id="40056">
            <name>Jalan Diponegoro</name>
            <styleUrl>#40057</styleUrl>
            <LineString id="40055">
                <coordinates>107.6213033,-6.9011378,0.0 107.6216766,-6.9011285,0.0</coordinates>
            </LineString>
        </Placemark>
        <Placemark id="40060">
            <name>Jalan Diponegoro</name>
            <styleUrl>#40061</styleUrl>
            <LineString id="40059">
                <coordinates>107.6216766,-6.9011285,0.0 107.6221254,-6.9011174,0.0</coordinates>
            </LineString>
        </Placemark>
        <Placemark id="40064">
            <name>Jalan Diponegoro</name>
            <styleUrl>#40065</styleUrl>
            <LineString id="40063">
                <coordinates>107.6221254,-6.9011174,0.0 107.6224081,-6.9011103,0.0</coordinates>
            </LineString>
        </Placemark>
        <Placemark id="40068">
            <name>Jalan Diponegoro</name>
            <styleUrl>#40069</styleUrl>
            <LineString id="40067">
                <coordinates>107.6224081,-6.9011103,0.0 107.6234934,-6.9010834,0.0</coordinates>
            </LineString>
        </Placemark>
        <Placemark id="40072">
            <name>Jalan Diponegoro</name>
            <styleUrl>#40073</styleUrl>
            <LineString id="40071">
                <coordinates>107.6234934,-6.9010834,0.0 107.6236693,-6.901079,0.0</coordinates>
            </LineString>
        </Placemark>
        <Placemark id="40076">
            <name>Jalan Diponegoro</name>
            <styleUrl>#40077</styleUrl>
            <LineString id="40075">
                <coordinates>107.6236693,-6.901079,0.0 107.6238119,-6.9010754,0.0</coordinates>
            </LineString>
        </Placemark>
        <Placemark id="40080">
            <name>Jalan Diponegoro</name>
            <styleUrl>#40081</styleUrl>
            <LineString id="40079">
                <coordinates>107.6238119,-6.9010754,0.0 107.6241876,-6.9010661,0.0 107.6246942,-6.9010535,0.0</coordinates>
            </LineString>
        </Placemark>
        <Placemark id="40084">
            <name>Jalan Diponegoro</name>
            <styleUrl>#40085</styleUrl>
            <LineString id="40083">
                <coordinates>107.6246942,-6.9010535,0.0 107.6249276,-6.9010477,0.0</coordinates>
            </LineString>
        </Placemark>
        <Placemark id="40088">
            <name>Jalan Riung Tineung</name>
            <styleUrl>#40089</styleUrl>
            <LineString id="40087">
                <coordinates>107.682605,-6.9435781,0.0 107.6828611,-6.9435796,0.0</coordinates>
            </LineString>
        </Placemark>
        <Placemark id="40092">
            <name>Jalan Riung Tineung</name>
            <styleUrl>#40093</styleUrl>
            <LineString id="40091">
                <coordinates>107.6823032,-6.9436031,0.0 107.682605,-6.9435781,0.0</coordinates>
            </LineString>
        </Placemark>
        <Placemark id="40096">
            <name>Jalan Riung Tineung</name>
            <styleUrl>#40097</styleUrl>
            <LineString id="40095">
                <coordinates>107.6819663,-6.9436312,0.0 107.6823032,-6.9436031,0.0</coordinates>
            </LineString>
        </Placemark>
        <Placemark id="40100">
            <name>Jalan Riung Tineung</name>
            <styleUrl>#40101</styleUrl>
            <LineString id="40099">
                <coordinates>107.6828611,-6.9435796,0.0 107.6830616,-6.943586,0.0</coordinates>
            </LineString>
        </Placemark>
        <Placemark id="40104">
            <name>Jalan Riung Tineung</name>
            <styleUrl>#40105</styleUrl>
            <LineString id="40103">
                <coordinates>107.6830616,-6.943586,0.0 107.683135,-6.9435874,0.0</coordinates>
            </LineString>
        </Placemark>
        <Placemark id="40108">
            <name>Jalan H. Ibrahim Adjie</name>
            <styleUrl>#40109</styleUrl>
            <LineString id="40107">
                <coordinates>107.6442746,-6.9193256,0.0 107.6442841,-6.9195309,0.0</coordinates>
            </LineString>
        </Placemark>
        <Placemark id="40112">
            <name>Jalan Jenderal Ahmad Yani</name>
            <styleUrl>#40113</styleUrl>
            <LineString id="40111">
                <coordinates>107.6373187,-6.9118909,0.0 107.6374263,-6.9118346,0.0</coordinates>
            </LineString>
        </Placemark>
        <Placemark id="40116">
            <name>Jalan Jenderal Ahmad Yani</name>
            <styleUrl>#40117</styleUrl>
            <LineString id="40115">
                <coordinates>107.6346004,-6.9133622,0.0 107.6348701,-6.9132101,0.0 107.6350944,-6.9130848,0.0 107.6360221,-6.9125878,0.0 107.6362555,-6.9124665,0.0 107.6363636,-6.912405,0.0 107.6365694,-6.9123013,0.0 107.6367997,-6.9121741,0.0 107.6368611,-6.91214,0.0 107.6370716,-6.9120251,0.0 107.6372585,-6.9119218,0.0 107.6373187,-6.9118909,0.0</coordinates>
            </LineString>
        </Placemark>
    </Document>
</kml>
