<?xml version="1.0" encoding="UTF-8"?>
<kml xmlns="http://www.opengis.net/kml/2.2" xmlns:gx="http://www.google.com/kml/ext/2.2">
    <Document id="38762">
        <Style id="38768">
            <IconStyle id="38769">
                <colorMode>normal</colorMode>
                <scale>1</scale>
                <heading>0</heading>
                <Icon id="38770">
                    <href>http://maps.google.com/mapfiles/kml/pushpin/ylw-pushpin.png</href>
                </Icon>
            </IconStyle>
        </Style>
        <Style id="38773">
            <IconStyle id="38774">
                <colorMode>normal</colorMode>
                <scale>1</scale>
                <heading>0</heading>
                <Icon id="38775">
                    <href>http://maps.google.com/mapfiles/kml/pushpin/ylw-pushpin.png</href>
                </Icon>
            </IconStyle>
        </Style>
        <Style id="38778">
            <LineStyle id="38779">
                <color>ff386800</color>
                <colorMode>normal</colorMode>
                <width>4</width>
            </LineStyle>
        </Style>
        <Style id="38782">
            <LineStyle id="38783">
                <color>ff386800</color>
                <colorMode>normal</colorMode>
                <width>4</width>
            </LineStyle>
        </Style>
        <Style id="38786">
            <LineStyle id="38787">
                <color>ff386800</color>
                <colorMode>normal</colorMode>
                <width>4</width>
            </LineStyle>
        </Style>
        <Style id="38790">
            <LineStyle id="38791">
                <color>ff386800</color>
                <colorMode>normal</colorMode>
                <width>4</width>
            </LineStyle>
        </Style>
        <Style id="38794">
            <LineStyle id="38795">
                <color>ff386800</color>
                <colorMode>normal</colorMode>
                <width>4</width>
            </LineStyle>
        </Style>
        <Style id="38798">
            <LineStyle id="38799">
                <color>ff386800</color>
                <colorMode>normal</colorMode>
                <width>4</width>
            </LineStyle>
        </Style>
        <Style id="38802">
            <LineStyle id="38803">
                <color>ff386800</color>
                <colorMode>normal</colorMode>
                <width>4</width>
            </LineStyle>
        </Style>
        <Style id="38806">
            <LineStyle id="38807">
                <color>ff386800</color>
                <colorMode>normal</colorMode>
                <width>4</width>
            </LineStyle>
        </Style>
        <Style id="38810">
            <LineStyle id="38811">
                <color>ff386800</color>
                <colorMode>normal</colorMode>
                <width>4</width>
            </LineStyle>
        </Style>
        <Style id="38814">
            <LineStyle id="38815">
                <color>ff386800</color>
                <colorMode>normal</colorMode>
                <width>4</width>
            </LineStyle>
        </Style>
        <Style id="38818">
            <LineStyle id="38819">
                <color>ff386800</color>
                <colorMode>normal</colorMode>
                <width>4</width>
            </LineStyle>
        </Style>
        <Style id="38822">
            <LineStyle id="38823">
                <color>ff386800</color>
                <colorMode>normal</colorMode>
                <width>4</width>
            </LineStyle>
        </Style>
        <Style id="38826">
            <LineStyle id="38827">
                <color>ff386800</color>
                <colorMode>normal</colorMode>
                <width>4</width>
            </LineStyle>
        </Style>
        <Style id="38830">
            <LineStyle id="38831">
                <color>ff386800</color>
                <colorMode>normal</colorMode>
                <width>4</width>
            </LineStyle>
        </Style>
        <Style id="38834">
            <LineStyle id="38835">
                <color>ff386800</color>
                <colorMode>normal</colorMode>
                <width>4</width>
            </LineStyle>
        </Style>
        <Style id="38838">
            <LineStyle id="38839">
                <color>ff386800</color>
                <colorMode>normal</colorMode>
                <width>4</width>
            </LineStyle>
        </Style>
        <Style id="38842">
            <LineStyle id="38843">
                <color>ff386800</color>
                <colorMode>normal</colorMode>
                <width>4</width>
            </LineStyle>
        </Style>
        <Style id="38846">
            <LineStyle id="38847">
                <color>ff386800</color>
                <colorMode>normal</colorMode>
                <width>4</width>
            </LineStyle>
        </Style>
        <Style id="38850">
            <LineStyle id="38851">
                <color>ff386800</color>
                <colorMode>normal</colorMode>
                <width>4</width>
            </LineStyle>
        </Style>
        <Style id="38854">
            <LineStyle id="38855">
                <color>ff386800</color>
                <colorMode>normal</colorMode>
                <width>4</width>
            </LineStyle>
        </Style>
        <Style id="38858">
            <LineStyle id="38859">
                <color>ff386800</color>
                <colorMode>normal</colorMode>
                <width>4</width>
            </LineStyle>
        </Style>
        <Style id="38862">
            <LineStyle id="38863">
                <color>ff386800</color>
                <colorMode>normal</colorMode>
                <width>4</width>
            </LineStyle>
        </Style>
        <Style id="38866">
            <LineStyle id="38867">
                <color>ff386800</color>
                <colorMode>normal</colorMode>
                <width>4</width>
            </LineStyle>
        </Style>
        <Style id="38870">
            <LineStyle id="38871">
                <color>ff386800</color>
                <colorMode>normal</colorMode>
                <width>4</width>
            </LineStyle>
        </Style>
        <Style id="38874">
            <LineStyle id="38875">
                <color>ff386800</color>
                <colorMode>normal</colorMode>
                <width>4</width>
            </LineStyle>
        </Style>
        <Style id="38878">
            <LineStyle id="38879">
                <color>ff386800</color>
                <colorMode>normal</colorMode>
                <width>4</width>
            </LineStyle>
        </Style>
        <Style id="38882">
            <LineStyle id="38883">
                <color>ff386800</color>
                <colorMode>normal</colorMode>
                <width>4</width>
            </LineStyle>
        </Style>
        <Style id="38886">
            <LineStyle id="38887">
                <color>ff386800</color>
                <colorMode>normal</colorMode>
                <width>4</width>
            </LineStyle>
        </Style>
        <Style id="38890">
            <LineStyle id="38891">
                <color>ff386800</color>
                <colorMode>normal</colorMode>
                <width>4</width>
            </LineStyle>
        </Style>
        <Style id="38894">
            <LineStyle id="38895">
                <color>ff386800</color>
                <colorMode>normal</colorMode>
                <width>4</width>
            </LineStyle>
        </Style>
        <Style id="38898">
            <LineStyle id="38899">
                <color>ff386800</color>
                <colorMode>normal</colorMode>
                <width>4</width>
            </LineStyle>
        </Style>
        <Style id="38902">
            <LineStyle id="38903">
                <color>ff386800</color>
                <colorMode>normal</colorMode>
                <width>4</width>
            </LineStyle>
        </Style>
        <Style id="38906">
            <LineStyle id="38907">
                <color>ff386800</color>
                <colorMode>normal</colorMode>
                <width>4</width>
            </LineStyle>
        </Style>
        <Style id="38910">
            <LineStyle id="38911">
                <color>ff386800</color>
                <colorMode>normal</colorMode>
                <width>4</width>
            </LineStyle>
        </Style>
        <Style id="38914">
            <LineStyle id="38915">
                <color>ff386800</color>
                <colorMode>normal</colorMode>
                <width>4</width>
            </LineStyle>
        </Style>
        <Style id="38918">
            <LineStyle id="38919">
                <color>ff386800</color>
                <colorMode>normal</colorMode>
                <width>4</width>
            </LineStyle>
        </Style>
        <Style id="38922">
            <LineStyle id="38923">
                <color>ff386800</color>
                <colorMode>normal</colorMode>
                <width>4</width>
            </LineStyle>
        </Style>
        <Style id="38926">
            <LineStyle id="38927">
                <color>ff386800</color>
                <colorMode>normal</colorMode>
                <width>4</width>
            </LineStyle>
        </Style>
        <Style id="38930">
            <LineStyle id="38931">
                <color>ff386800</color>
                <colorMode>normal</colorMode>
                <width>4</width>
            </LineStyle>
        </Style>
        <Style id="38934">
            <LineStyle id="38935">
                <color>ff386800</color>
                <colorMode>normal</colorMode>
                <width>4</width>
            </LineStyle>
        </Style>
        <Style id="38938">
            <LineStyle id="38939">
                <color>ff386800</color>
                <colorMode>normal</colorMode>
                <width>4</width>
            </LineStyle>
        </Style>
        <Style id="38942">
            <LineStyle id="38943">
                <color>ff386800</color>
                <colorMode>normal</colorMode>
                <width>4</width>
            </LineStyle>
        </Style>
        <Style id="38946">
            <LineStyle id="38947">
                <color>ff386800</color>
                <colorMode>normal</colorMode>
                <width>4</width>
            </LineStyle>
        </Style>
        <Style id="38950">
            <LineStyle id="38951">
                <color>ff386800</color>
                <colorMode>normal</colorMode>
                <width>4</width>
            </LineStyle>
        </Style>
        <Style id="38954">
            <LineStyle id="38955">
                <color>ff386800</color>
                <colorMode>normal</colorMode>
                <width>4</width>
            </LineStyle>
        </Style>
        <Style id="38958">
            <LineStyle id="38959">
                <color>ff386800</color>
                <colorMode>normal</colorMode>
                <width>4</width>
            </LineStyle>
        </Style>
        <Style id="38962">
            <LineStyle id="38963">
                <color>ff386800</color>
                <colorMode>normal</colorMode>
                <width>4</width>
            </LineStyle>
        </Style>
        <Style id="38966">
            <LineStyle id="38967">
                <color>ff386800</color>
                <colorMode>normal</colorMode>
                <width>4</width>
            </LineStyle>
        </Style>
        <Style id="38970">
            <LineStyle id="38971">
                <color>ff386800</color>
                <colorMode>normal</colorMode>
                <width>4</width>
            </LineStyle>
        </Style>
        <Style id="38974">
            <LineStyle id="38975">
                <color>ff386800</color>
                <colorMode>normal</colorMode>
                <width>4</width>
            </LineStyle>
        </Style>
        <Style id="38978">
            <LineStyle id="38979">
                <color>ff386800</color>
                <colorMode>normal</colorMode>
                <width>4</width>
            </LineStyle>
        </Style>
        <Style id="38982">
            <LineStyle id="38983">
                <color>ff386800</color>
                <colorMode>normal</colorMode>
                <width>4</width>
            </LineStyle>
        </Style>
        <Style id="38986">
            <LineStyle id="38987">
                <color>ff386800</color>
                <colorMode>normal</colorMode>
                <width>4</width>
            </LineStyle>
        </Style>
        <Style id="38990">
            <LineStyle id="38991">
                <color>ff386800</color>
                <colorMode>normal</colorMode>
                <width>4</width>
            </LineStyle>
        </Style>
        <Style id="38994">
            <LineStyle id="38995">
                <color>ff386800</color>
                <colorMode>normal</colorMode>
                <width>4</width>
            </LineStyle>
        </Style>
        <Style id="38998">
            <LineStyle id="38999">
                <color>ff386800</color>
                <colorMode>normal</colorMode>
                <width>4</width>
            </LineStyle>
        </Style>
        <Style id="39002">
            <LineStyle id="39003">
                <color>ff386800</color>
                <colorMode>normal</colorMode>
                <width>4</width>
            </LineStyle>
        </Style>
        <Style id="39006">
            <LineStyle id="39007">
                <color>ff386800</color>
                <colorMode>normal</colorMode>
                <width>4</width>
            </LineStyle>
        </Style>
        <Style id="39010">
            <LineStyle id="39011">
                <color>ff386800</color>
                <colorMode>normal</colorMode>
                <width>4</width>
            </LineStyle>
        </Style>
        <Style id="39014">
            <LineStyle id="39015">
                <color>ff386800</color>
                <colorMode>normal</colorMode>
                <width>4</width>
            </LineStyle>
        </Style>
        <Style id="39018">
            <LineStyle id="39019">
                <color>ff386800</color>
                <colorMode>normal</colorMode>
                <width>4</width>
            </LineStyle>
        </Style>
        <Style id="39022">
            <LineStyle id="39023">
                <color>ff386800</color>
                <colorMode>normal</colorMode>
                <width>4</width>
            </LineStyle>
        </Style>
        <Style id="39026">
            <LineStyle id="39027">
                <color>ff386800</color>
                <colorMode>normal</colorMode>
                <width>4</width>
            </LineStyle>
        </Style>
        <Style id="39030">
            <LineStyle id="39031">
                <color>ff386800</color>
                <colorMode>normal</colorMode>
                <width>4</width>
            </LineStyle>
        </Style>
        <Style id="39034">
            <LineStyle id="39035">
                <color>ff386800</color>
                <colorMode>normal</colorMode>
                <width>4</width>
            </LineStyle>
        </Style>
        <Style id="39038">
            <LineStyle id="39039">
                <color>ff386800</color>
                <colorMode>normal</colorMode>
                <width>4</width>
            </LineStyle>
        </Style>
        <Style id="39042">
            <LineStyle id="39043">
                <color>ff386800</color>
                <colorMode>normal</colorMode>
                <width>4</width>
            </LineStyle>
        </Style>
        <Style id="39046">
            <LineStyle id="39047">
                <color>ff386800</color>
                <colorMode>normal</colorMode>
                <width>4</width>
            </LineStyle>
        </Style>
        <Style id="39050">
            <LineStyle id="39051">
                <color>ff386800</color>
                <colorMode>normal</colorMode>
                <width>4</width>
            </LineStyle>
        </Style>
        <Style id="39054">
            <LineStyle id="39055">
                <color>ff386800</color>
                <colorMode>normal</colorMode>
                <width>4</width>
            </LineStyle>
        </Style>
        <Style id="39058">
            <LineStyle id="39059">
                <color>ff386800</color>
                <colorMode>normal</colorMode>
                <width>4</width>
            </LineStyle>
        </Style>
        <Style id="39062">
            <LineStyle id="39063">
                <color>ff386800</color>
                <colorMode>normal</colorMode>
                <width>4</width>
            </LineStyle>
        </Style>
        <Style id="39066">
            <LineStyle id="39067">
                <color>ff386800</color>
                <colorMode>normal</colorMode>
                <width>4</width>
            </LineStyle>
        </Style>
        <Style id="39070">
            <LineStyle id="39071">
                <color>ff386800</color>
                <colorMode>normal</colorMode>
                <width>4</width>
            </LineStyle>
        </Style>
        <Style id="39074">
            <LineStyle id="39075">
                <color>ff386800</color>
                <colorMode>normal</colorMode>
                <width>4</width>
            </LineStyle>
        </Style>
        <Style id="39078">
            <LineStyle id="39079">
                <color>ff386800</color>
                <colorMode>normal</colorMode>
                <width>4</width>
            </LineStyle>
        </Style>
        <Style id="39082">
            <LineStyle id="39083">
                <color>ff386800</color>
                <colorMode>normal</colorMode>
                <width>4</width>
            </LineStyle>
        </Style>
        <Style id="39086">
            <LineStyle id="39087">
                <color>ff386800</color>
                <colorMode>normal</colorMode>
                <width>4</width>
            </LineStyle>
        </Style>
        <Style id="39090">
            <LineStyle id="39091">
                <color>ff386800</color>
                <colorMode>normal</colorMode>
                <width>4</width>
            </LineStyle>
        </Style>
        <Style id="39094">
            <LineStyle id="39095">
                <color>ff386800</color>
                <colorMode>normal</colorMode>
                <width>4</width>
            </LineStyle>
        </Style>
        <Style id="39098">
            <LineStyle id="39099">
                <color>ff386800</color>
                <colorMode>normal</colorMode>
                <width>4</width>
            </LineStyle>
        </Style>
        <Style id="39102">
            <LineStyle id="39103">
                <color>ff386800</color>
                <colorMode>normal</colorMode>
                <width>4</width>
            </LineStyle>
        </Style>
        <Style id="39106">
            <LineStyle id="39107">
                <color>ff386800</color>
                <colorMode>normal</colorMode>
                <width>4</width>
            </LineStyle>
        </Style>
        <Style id="39110">
            <LineStyle id="39111">
                <color>ff386800</color>
                <colorMode>normal</colorMode>
                <width>4</width>
            </LineStyle>
        </Style>
        <Style id="39114">
            <LineStyle id="39115">
                <color>ff386800</color>
                <colorMode>normal</colorMode>
                <width>4</width>
            </LineStyle>
        </Style>
        <Style id="39118">
            <LineStyle id="39119">
                <color>ff386800</color>
                <colorMode>normal</colorMode>
                <width>4</width>
            </LineStyle>
        </Style>
        <Style id="39122">
            <LineStyle id="39123">
                <color>ff386800</color>
                <colorMode>normal</colorMode>
                <width>4</width>
            </LineStyle>
        </Style>
        <Style id="39126">
            <LineStyle id="39127">
                <color>ff386800</color>
                <colorMode>normal</colorMode>
                <width>4</width>
            </LineStyle>
        </Style>
        <Style id="39130">
            <LineStyle id="39131">
                <color>ff386800</color>
                <colorMode>normal</colorMode>
                <width>4</width>
            </LineStyle>
        </Style>
        <Style id="39134">
            <LineStyle id="39135">
                <color>ff386800</color>
                <colorMode>normal</colorMode>
                <width>4</width>
            </LineStyle>
        </Style>
        <Style id="39138">
            <LineStyle id="39139">
                <color>ff386800</color>
                <colorMode>normal</colorMode>
                <width>4</width>
            </LineStyle>
        </Style>
        <Style id="39142">
            <LineStyle id="39143">
                <color>ff386800</color>
                <colorMode>normal</colorMode>
                <width>4</width>
            </LineStyle>
        </Style>
        <Style id="39146">
            <LineStyle id="39147">
                <color>ff386800</color>
                <colorMode>normal</colorMode>
                <width>4</width>
            </LineStyle>
        </Style>
        <Style id="39150">
            <LineStyle id="39151">
                <color>ff386800</color>
                <colorMode>normal</colorMode>
                <width>4</width>
            </LineStyle>
        </Style>
        <Style id="39154">
            <LineStyle id="39155">
                <color>ff386800</color>
                <colorMode>normal</colorMode>
                <width>4</width>
            </LineStyle>
        </Style>
        <Style id="39158">
            <LineStyle id="39159">
                <color>ff386800</color>
                <colorMode>normal</colorMode>
                <width>4</width>
            </LineStyle>
        </Style>
        <Style id="39162">
            <LineStyle id="39163">
                <color>ff386800</color>
                <colorMode>normal</colorMode>
                <width>4</width>
            </LineStyle>
        </Style>
        <Style id="39166">
            <LineStyle id="39167">
                <color>ff386800</color>
                <colorMode>normal</colorMode>
                <width>4</width>
            </LineStyle>
        </Style>
        <Style id="39170">
            <LineStyle id="39171">
                <color>ff386800</color>
                <colorMode>normal</colorMode>
                <width>4</width>
            </LineStyle>
        </Style>
        <Style id="39174">
            <LineStyle id="39175">
                <color>ff386800</color>
                <colorMode>normal</colorMode>
                <width>4</width>
            </LineStyle>
        </Style>
        <Style id="39178">
            <LineStyle id="39179">
                <color>ff386800</color>
                <colorMode>normal</colorMode>
                <width>4</width>
            </LineStyle>
        </Style>
        <Style id="39182">
            <LineStyle id="39183">
                <color>ff386800</color>
                <colorMode>normal</colorMode>
                <width>4</width>
            </LineStyle>
        </Style>
        <Style id="39186">
            <LineStyle id="39187">
                <color>ff386800</color>
                <colorMode>normal</colorMode>
                <width>4</width>
            </LineStyle>
        </Style>
        <Style id="39190">
            <LineStyle id="39191">
                <color>ff386800</color>
                <colorMode>normal</colorMode>
                <width>4</width>
            </LineStyle>
        </Style>
        <Style id="39194">
            <LineStyle id="39195">
                <color>ff386800</color>
                <colorMode>normal</colorMode>
                <width>4</width>
            </LineStyle>
        </Style>
        <Style id="39198">
            <LineStyle id="39199">
                <color>ff386800</color>
                <colorMode>normal</colorMode>
                <width>4</width>
            </LineStyle>
        </Style>
        <Style id="39202">
            <LineStyle id="39203">
                <color>ff386800</color>
                <colorMode>normal</colorMode>
                <width>4</width>
            </LineStyle>
        </Style>
        <Style id="39206">
            <LineStyle id="39207">
                <color>ff386800</color>
                <colorMode>normal</colorMode>
                <width>4</width>
            </LineStyle>
        </Style>
        <Style id="39210">
            <LineStyle id="39211">
                <color>ff386800</color>
                <colorMode>normal</colorMode>
                <width>4</width>
            </LineStyle>
        </Style>
        <Style id="39214">
            <LineStyle id="39215">
                <color>ff386800</color>
                <colorMode>normal</colorMode>
                <width>4</width>
            </LineStyle>
        </Style>
        <Style id="39218">
            <LineStyle id="39219">
                <color>ff386800</color>
                <colorMode>normal</colorMode>
                <width>4</width>
            </LineStyle>
        </Style>
        <Style id="39222">
            <LineStyle id="39223">
                <color>ff386800</color>
                <colorMode>normal</colorMode>
                <width>4</width>
            </LineStyle>
        </Style>
        <Style id="39226">
            <LineStyle id="39227">
                <color>ff386800</color>
                <colorMode>normal</colorMode>
                <width>4</width>
            </LineStyle>
        </Style>
        <Style id="39230">
            <LineStyle id="39231">
                <color>ff386800</color>
                <colorMode>normal</colorMode>
                <width>4</width>
            </LineStyle>
        </Style>
        <Style id="39234">
            <LineStyle id="39235">
                <color>ff386800</color>
                <colorMode>normal</colorMode>
                <width>4</width>
            </LineStyle>
        </Style>
        <Style id="39238">
            <LineStyle id="39239">
                <color>ff386800</color>
                <colorMode>normal</colorMode>
                <width>4</width>
            </LineStyle>
        </Style>
        <Style id="39242">
            <LineStyle id="39243">
                <color>ff386800</color>
                <colorMode>normal</colorMode>
                <width>4</width>
            </LineStyle>
        </Style>
        <Style id="39246">
            <LineStyle id="39247">
                <color>ff386800</color>
                <colorMode>normal</colorMode>
                <width>4</width>
            </LineStyle>
        </Style>
        <Style id="39250">
            <LineStyle id="39251">
                <color>ff386800</color>
                <colorMode>normal</colorMode>
                <width>4</width>
            </LineStyle>
        </Style>
        <Style id="39254">
            <LineStyle id="39255">
                <color>ff386800</color>
                <colorMode>normal</colorMode>
                <width>4</width>
            </LineStyle>
        </Style>
        <Style id="39258">
            <LineStyle id="39259">
                <color>ff386800</color>
                <colorMode>normal</colorMode>
                <width>4</width>
            </LineStyle>
        </Style>
        <Style id="39262">
            <LineStyle id="39263">
                <color>ff386800</color>
                <colorMode>normal</colorMode>
                <width>4</width>
            </LineStyle>
        </Style>
        <Style id="39266">
            <LineStyle id="39267">
                <color>ff386800</color>
                <colorMode>normal</colorMode>
                <width>4</width>
            </LineStyle>
        </Style>
        <Style id="39270">
            <LineStyle id="39271">
                <color>ff386800</color>
                <colorMode>normal</colorMode>
                <width>4</width>
            </LineStyle>
        </Style>
        <Style id="39274">
            <LineStyle id="39275">
                <color>ff386800</color>
                <colorMode>normal</colorMode>
                <width>4</width>
            </LineStyle>
        </Style>
        <Style id="39278">
            <LineStyle id="39279">
                <color>ff386800</color>
                <colorMode>normal</colorMode>
                <width>4</width>
            </LineStyle>
        </Style>
        <Style id="39282">
            <LineStyle id="39283">
                <color>ff386800</color>
                <colorMode>normal</colorMode>
                <width>4</width>
            </LineStyle>
        </Style>
        <Style id="39286">
            <LineStyle id="39287">
                <color>ff386800</color>
                <colorMode>normal</colorMode>
                <width>4</width>
            </LineStyle>
        </Style>
        <Style id="39290">
            <LineStyle id="39291">
                <color>ff386800</color>
                <colorMode>normal</colorMode>
                <width>4</width>
            </LineStyle>
        </Style>
        <Style id="39294">
            <LineStyle id="39295">
                <color>ff386800</color>
                <colorMode>normal</colorMode>
                <width>4</width>
            </LineStyle>
        </Style>
        <Style id="39298">
            <LineStyle id="39299">
                <color>ff386800</color>
                <colorMode>normal</colorMode>
                <width>4</width>
            </LineStyle>
        </Style>
        <Style id="39302">
            <LineStyle id="39303">
                <color>ff386800</color>
                <colorMode>normal</colorMode>
                <width>4</width>
            </LineStyle>
        </Style>
        <Style id="39306">
            <LineStyle id="39307">
                <color>ff386800</color>
                <colorMode>normal</colorMode>
                <width>4</width>
            </LineStyle>
        </Style>
        <Style id="39310">
            <LineStyle id="39311">
                <color>ff386800</color>
                <colorMode>normal</colorMode>
                <width>4</width>
            </LineStyle>
        </Style>
        <Style id="39314">
            <LineStyle id="39315">
                <color>ff386800</color>
                <colorMode>normal</colorMode>
                <width>4</width>
            </LineStyle>
        </Style>
        <Style id="39318">
            <LineStyle id="39319">
                <color>ff386800</color>
                <colorMode>normal</colorMode>
                <width>4</width>
            </LineStyle>
        </Style>
        <Style id="39322">
            <LineStyle id="39323">
                <color>ff386800</color>
                <colorMode>normal</colorMode>
                <width>4</width>
            </LineStyle>
        </Style>
        <Style id="39326">
            <LineStyle id="39327">
                <color>ff386800</color>
                <colorMode>normal</colorMode>
                <width>4</width>
            </LineStyle>
        </Style>
        <Style id="39330">
            <LineStyle id="39331">
                <color>ff386800</color>
                <colorMode>normal</colorMode>
                <width>4</width>
            </LineStyle>
        </Style>
        <Style id="39334">
            <LineStyle id="39335">
                <color>ff386800</color>
                <colorMode>normal</colorMode>
                <width>4</width>
            </LineStyle>
        </Style>
        <Style id="39338">
            <LineStyle id="39339">
                <color>ff386800</color>
                <colorMode>normal</colorMode>
                <width>4</width>
            </LineStyle>
        </Style>
        <Style id="39342">
            <LineStyle id="39343">
                <color>ff386800</color>
                <colorMode>normal</colorMode>
                <width>4</width>
            </LineStyle>
        </Style>
        <Style id="39346">
            <LineStyle id="39347">
                <color>ff386800</color>
                <colorMode>normal</colorMode>
                <width>4</width>
            </LineStyle>
        </Style>
        <Style id="39350">
            <LineStyle id="39351">
                <color>ff386800</color>
                <colorMode>normal</colorMode>
                <width>4</width>
            </LineStyle>
        </Style>
        <Style id="39354">
            <LineStyle id="39355">
                <color>ff386800</color>
                <colorMode>normal</colorMode>
                <width>4</width>
            </LineStyle>
        </Style>
        <Style id="39358">
            <LineStyle id="39359">
                <color>ff386800</color>
                <colorMode>normal</colorMode>
                <width>4</width>
            </LineStyle>
        </Style>
        <Style id="39362">
            <LineStyle id="39363">
                <color>ff386800</color>
                <colorMode>normal</colorMode>
                <width>4</width>
            </LineStyle>
        </Style>
        <Style id="39366">
            <LineStyle id="39367">
                <color>ff386800</color>
                <colorMode>normal</colorMode>
                <width>4</width>
            </LineStyle>
        </Style>
        <Style id="39370">
            <LineStyle id="39371">
                <color>ff386800</color>
                <colorMode>normal</colorMode>
                <width>4</width>
            </LineStyle>
        </Style>
        <Style id="39374">
            <LineStyle id="39375">
                <color>ff386800</color>
                <colorMode>normal</colorMode>
                <width>4</width>
            </LineStyle>
        </Style>
        <Style id="39378">
            <LineStyle id="39379">
                <color>ff386800</color>
                <colorMode>normal</colorMode>
                <width>4</width>
            </LineStyle>
        </Style>
        <Style id="39382">
            <LineStyle id="39383">
                <color>ff386800</color>
                <colorMode>normal</colorMode>
                <width>4</width>
            </LineStyle>
        </Style>
        <Style id="39386">
            <LineStyle id="39387">
                <color>ff386800</color>
                <colorMode>normal</colorMode>
                <width>4</width>
            </LineStyle>
        </Style>
        <Style id="39390">
            <LineStyle id="39391">
                <color>ff386800</color>
                <colorMode>normal</colorMode>
                <width>4</width>
            </LineStyle>
        </Style>
        <Style id="39394">
            <LineStyle id="39395">
                <color>ff386800</color>
                <colorMode>normal</colorMode>
                <width>4</width>
            </LineStyle>
        </Style>
        <Style id="39398">
            <LineStyle id="39399">
                <color>ff386800</color>
                <colorMode>normal</colorMode>
                <width>4</width>
            </LineStyle>
        </Style>
        <Style id="39402">
            <LineStyle id="39403">
                <color>ff386800</color>
                <colorMode>normal</colorMode>
                <width>4</width>
            </LineStyle>
        </Style>
        <Style id="39406">
            <LineStyle id="39407">
                <color>ff386800</color>
                <colorMode>normal</colorMode>
                <width>4</width>
            </LineStyle>
        </Style>
        <Style id="39410">
            <LineStyle id="39411">
                <color>ff386800</color>
                <colorMode>normal</colorMode>
                <width>4</width>
            </LineStyle>
        </Style>
        <Style id="39414">
            <LineStyle id="39415">
                <color>ff386800</color>
                <colorMode>normal</colorMode>
                <width>4</width>
            </LineStyle>
        </Style>
        <ExtendedData>
            <Data name="route-name">
                <value>16: Riung Bandung → Dago</value>
            </Data>
            <Data name="source">
                <value>Transport for Bandung</value>
            </Data>
        </ExtendedData>
        <Placemark id="38767">
            <name>Terminal Riung Bandung</name>
            <styleUrl>#38768</styleUrl>
            <Point id="38766">
                <coordinates>107.6832703,-6.9493701,0.0</coordinates>
            </Point>
        </Placemark>
        <Placemark id="38772">
            <name>Terminal Dago</name>
            <styleUrl>#38773</styleUrl>
            <Point id="38771">
                <coordinates>107.6212119,-6.8670778,0.0</coordinates>
            </Point>
        </Placemark>
        <Placemark id="38777">
            <name>Jalan L.L. RE. Martadinata</name>
            <styleUrl>#38778</styleUrl>
            <LineString id="38776">
                <coordinates>107.629839,-6.9154679,0.0 107.629593,-6.9148704,0.0</coordinates>
            </LineString>
        </Placemark>
        <Placemark id="38781">
            <name>Jalan Surapati</name>
            <styleUrl>#38782</styleUrl>
            <LineString id="38780">
                <coordinates>107.6132841,-6.8988423,0.0 107.6135004,-6.898852,0.0 107.6140011,-6.8988575,0.0 107.6147331,-6.8988511,0.0 107.615213,-6.8988527,0.0 107.6156959,-6.8989008,0.0 107.6158827,-6.8989216,0.0 107.6160286,-6.8989397,0.0</coordinates>
            </LineString>
        </Placemark>
        <Placemark id="38785">
            <name>Jalan Aria Jipang</name>
            <styleUrl>#38786</styleUrl>
            <LineString id="38784">
                <coordinates>107.6162456,-6.8994129,0.0 107.6162311,-6.8992765,0.0 107.616211,-6.89922,0.0 107.6161677,-6.8991816,0.0 107.6158534,-6.8991356,0.0</coordinates>
            </LineString>
        </Placemark>
        <Placemark id="38789">
            <name>Route Segment</name>
            <styleUrl>#38790</styleUrl>
            <LineString id="38788">
                <coordinates>107.677192,-6.9416616,0.0 107.6782266,-6.9417703,0.0 107.6785776,-6.9418388,0.0</coordinates>
            </LineString>
        </Placemark>
        <Placemark id="38793">
            <name>Jalan Riung Hegar Raya</name>
            <styleUrl>#38794</styleUrl>
            <LineString id="38792">
                <coordinates>107.6792646,-6.9427221,0.0 107.6797581,-6.9428597,0.0 107.6803622,-6.9430091,0.0 107.6815966,-6.943348,0.0</coordinates>
            </LineString>
        </Placemark>
        <Placemark id="38797">
            <name>Route Segment</name>
            <styleUrl>#38798</styleUrl>
            <LineString id="38796">
                <coordinates>107.6837521,-6.9459801,0.0 107.6837165,-6.9462838,0.0 107.6837125,-6.9463178,0.0 107.6836756,-6.9466331,0.0 107.6836432,-6.9469092,0.0 107.683611,-6.947184,0.0 107.6835798,-6.9474498,0.0 107.6835467,-6.9477319,0.0 107.6835105,-6.9480408,0.0 107.6834795,-6.9483048,0.0 107.6834453,-6.9485962,0.0 107.6834124,-6.9488768,0.0 107.6833792,-6.9491598,0.0 107.6833617,-6.9493086,0.0</coordinates>
            </LineString>
        </Placemark>
        <Placemark id="38801">
            <name>Jalan Riung Arum</name>
            <styleUrl>#38802</styleUrl>
            <LineString id="38800">
                <coordinates>107.6815966,-6.943348,0.0 107.6816066,-6.9434115,0.0 107.68161,-6.9434388,0.0 107.6815761,-6.9436359,0.0</coordinates>
            </LineString>
        </Placemark>
        <Placemark id="38805">
            <name>Jalan Riung Tineung</name>
            <styleUrl>#38806</styleUrl>
            <LineString id="38804">
                <coordinates>107.6815761,-6.9436359,0.0 107.6819663,-6.9436312,0.0</coordinates>
            </LineString>
        </Placemark>
        <Placemark id="38809">
            <name>Jalan Riung Subur</name>
            <styleUrl>#38810</styleUrl>
            <LineString id="38808">
                <coordinates>107.6826775,-6.9451829,0.0 107.6827714,-6.9443687,0.0 107.6828611,-6.9435796,0.0</coordinates>
            </LineString>
        </Placemark>
        <Placemark id="38813">
            <name>Jalan Menado</name>
            <styleUrl>#38814</styleUrl>
            <LineString id="38812">
                <coordinates>107.6206308,-6.9114044,0.0 107.6205353,-6.9114297,0.0 107.620429,-6.9114781,0.0 107.6203316,-6.9115426,0.0 107.6202457,-6.9116215,0.0 107.6201734,-6.9117128,0.0 107.6201165,-6.9118143,0.0 107.6200763,-6.9119234,0.0</coordinates>
            </LineString>
        </Placemark>
        <Placemark id="38817">
            <name>Jalan Anggrek</name>
            <styleUrl>#38818</styleUrl>
            <LineString id="38816">
                <coordinates>107.6276409,-6.9133915,0.0 107.62749,-6.9135012,0.0 107.627082,-6.91382,0.0</coordinates>
            </LineString>
        </Placemark>
        <Placemark id="38821">
            <name>Jalan Patrakomala</name>
            <styleUrl>#38822</styleUrl>
            <LineString id="38820">
                <coordinates>107.6206308,-6.9114044,0.0 107.6214129,-6.911649,0.0 107.6214507,-6.9116716,0.0 107.6214775,-6.9116969,0.0 107.6215084,-6.9117582,0.0 107.6215272,-6.9118008,0.0 107.6215473,-6.91185,0.0 107.6215838,-6.9119057,0.0 107.6216157,-6.9119339,0.0 107.6216623,-6.9119501,0.0 107.6230669,-6.912295,0.0 107.6237531,-6.9124638,0.0 107.6239395,-6.9125098,0.0 107.6257882,-6.9129582,0.0 107.626394,-6.9131135,0.0 107.6267142,-6.9132049,0.0</coordinates>
            </LineString>
        </Placemark>
        <Placemark id="38825">
            <name>Jalan Banda</name>
            <styleUrl>#38826</styleUrl>
            <LineString id="38824">
                <coordinates>107.6174121,-6.9091524,0.0 107.6174191,-6.9091885,0.0 107.6175806,-6.9100152,0.0 107.6176084,-6.9105947,0.0 107.6176179,-6.9109987,0.0 107.617621,-6.9111089,0.0 107.6176121,-6.9113263,0.0 107.6175997,-6.9114,0.0 107.6175864,-6.9114556,0.0 107.6175732,-6.9115105,0.0</coordinates>
            </LineString>
        </Placemark>
        <Placemark id="38829">
            <name>Jalan Penata Yudha</name>
            <styleUrl>#38830</styleUrl>
            <LineString id="38828">
                <coordinates>107.616019,-6.8975661,0.0 107.6160824,-6.8976971,0.0 107.6161206,-6.8977917,0.0 107.6161489,-6.8978851,0.0 107.6161542,-6.8979225,0.0 107.6161572,-6.8979434,0.0 107.6161675,-6.8980166,0.0 107.6161662,-6.8981131,0.0 107.6161577,-6.8981816,0.0 107.6161352,-6.898308,0.0</coordinates>
            </LineString>
        </Placemark>
        <Placemark id="38833">
            <name>Jalan Dipatiukur</name>
            <styleUrl>#38834</styleUrl>
            <LineString id="38832">
                <coordinates>107.6143025,-6.885397,0.0 107.6144095,-6.8854607,0.0 107.6144244,-6.8854715,0.0 107.6144864,-6.8855164,0.0 107.6145427,-6.885571,0.0 107.6146308,-6.8856691,0.0 107.6146614,-6.8857145,0.0 107.6147051,-6.8858155,0.0 107.6148464,-6.8862613,0.0 107.6148507,-6.8862747,0.0 107.6148713,-6.8863397,0.0 107.6149493,-6.8865743,0.0 107.6149671,-6.8866267,0.0 107.6150918,-6.8870114,0.0 107.6151092,-6.8870641,0.0 107.6152037,-6.8873511,0.0 107.6152406,-6.8874631,0.0 107.6152794,-6.8875681,0.0 107.6156977,-6.8886991,0.0</coordinates>
            </LineString>
        </Placemark>
        <Placemark id="38837">
            <name>Jalan Anggrek</name>
            <styleUrl>#38838</styleUrl>
            <LineString id="38836">
                <coordinates>107.6276409,-6.9133915,0.0 107.6278171,-6.913287,0.0 107.6280006,-6.9131527,0.0 107.6284968,-6.9127644,0.0 107.6286154,-6.9126809,0.0</coordinates>
            </LineString>
        </Placemark>
        <Placemark id="38841">
            <name>Jalan Banda</name>
            <styleUrl>#38842</styleUrl>
            <LineString id="38840">
                <coordinates>107.6165969,-6.9051579,0.0 107.6165924,-6.9050355,0.0 107.6165897,-6.9049615,0.0 107.6165878,-6.9048284,0.0 107.6165959,-6.9046607,0.0 107.616616,-6.9045169,0.0 107.6166415,-6.9043891,0.0 107.6166779,-6.9042651,0.0 107.6167329,-6.9041285,0.0 107.6167925,-6.9040062,0.0 107.6168345,-6.9039336,0.0 107.6168812,-6.903853,0.0 107.6169413,-6.903757,0.0 107.6170079,-6.9036643,0.0 107.6170696,-6.9035832,0.0 107.6171189,-6.903519,0.0 107.6171748,-6.9034463,0.0</coordinates>
            </LineString>
        </Placemark>
        <Placemark id="38845">
            <name>Jalan Sukabumi</name>
            <styleUrl>#38846</styleUrl>
            <LineString id="38844">
                <coordinates>107.6348552,-6.9143329,0.0 107.6348313,-6.9143399,0.0 107.6347873,-6.9143636,0.0 107.6347627,-6.9143996,0.0 107.6347483,-6.9144516,0.0 107.6347173,-6.914512,0.0</coordinates>
            </LineString>
        </Placemark>
        <Placemark id="38849">
            <name>Jalan L.L. RE. Martadinata</name>
            <styleUrl>#38850</styleUrl>
            <LineString id="38848">
                <coordinates>107.6295758,-6.9147576,0.0 107.6294559,-6.914423,0.0 107.6292504,-6.9137992,0.0 107.6291718,-6.9135678,0.0 107.6291409,-6.913501,0.0 107.6291311,-6.9134798,0.0 107.6291076,-6.9134288,0.0 107.6290892,-6.913389,0.0 107.6290686,-6.9133503,0.0 107.6289845,-6.913192,0.0 107.6288644,-6.9130163,0.0 107.628731,-6.9128285,0.0 107.6286968,-6.9127848,0.0 107.6286154,-6.9126809,0.0</coordinates>
            </LineString>
        </Placemark>
        <Placemark id="38853">
            <name>Jalan L.L. RE. Martadinata</name>
            <styleUrl>#38854</styleUrl>
            <LineString id="38852">
                <coordinates>107.629593,-6.9148704,0.0 107.6295758,-6.9147576,0.0</coordinates>
            </LineString>
        </Placemark>
        <Placemark id="38857">
            <name>Jalan Banda</name>
            <styleUrl>#38858</styleUrl>
            <LineString id="38856">
                <coordinates>107.6170441,-6.9074272,0.0 107.6169984,-6.9072231,0.0 107.6169383,-6.9069549,0.0 107.6169289,-6.9069128,0.0 107.6168804,-6.9066956,0.0 107.6168148,-6.9064212,0.0 107.6168082,-6.9063958,0.0 107.6167834,-6.9062973,0.0 107.6167588,-6.9062016,0.0</coordinates>
            </LineString>
        </Placemark>
        <Placemark id="38861">
            <name>Jalan Sukabumi</name>
            <styleUrl>#38862</styleUrl>
            <LineString id="38860">
                <coordinates>107.634419,-6.9161223,0.0 107.6344004,-6.9162388,0.0 107.6343511,-6.9164827,0.0 107.6342682,-6.916856,0.0 107.634252,-6.9169288,0.0 107.6342422,-6.9169744,0.0 107.6342207,-6.9170356,0.0 107.6341961,-6.9170831,0.0</coordinates>
            </LineString>
        </Placemark>
        <Placemark id="38865">
            <name>Jalan Cipamokolan</name>
            <styleUrl>#38866</styleUrl>
            <LineString id="38864">
                <coordinates>107.677192,-6.9416616,0.0 107.6772242,-6.9409563,0.0 107.6772327,-6.9407701,0.0 107.6772455,-6.9404904,0.0 107.6772511,-6.9403669,0.0 107.6772585,-6.9402045,0.0 107.677261,-6.9401488,0.0 107.6772716,-6.9399169,0.0 107.6772804,-6.9397242,0.0 107.6772888,-6.9395406,0.0 107.6772921,-6.9393925,0.0 107.6772935,-6.9393623,0.0 107.6772997,-6.9391553,0.0 107.6773057,-6.9389794,0.0</coordinates>
            </LineString>
        </Placemark>
        <Placemark id="38869">
            <name>Jalan Riung Hegar Raya</name>
            <styleUrl>#38870</styleUrl>
            <LineString id="38868">
                <coordinates>107.6792646,-6.9427221,0.0 107.6791957,-6.9427015,0.0 107.67913,-6.9426794,0.0 107.679036,-6.9426538,0.0 107.6788887,-6.9426017,0.0 107.6787101,-6.9424105,0.0 107.67862,-6.9422264,0.0 107.6785573,-6.9420378,0.0 107.6785551,-6.9419277,0.0 107.6785776,-6.9418388,0.0</coordinates>
            </LineString>
        </Placemark>
        <Placemark id="38873">
            <name>Jalan Riung Mungpulung Raya</name>
            <styleUrl>#38874</styleUrl>
            <LineString id="38872">
                <coordinates>107.6829443,-6.9452145,0.0 107.6829007,-6.9455341,0.0</coordinates>
            </LineString>
        </Placemark>
        <Placemark id="38877">
            <name>Jalan Belitung</name>
            <styleUrl>#38878</styleUrl>
            <LineString id="38876">
                <coordinates>107.6175732,-6.9115105,0.0 107.617735,-6.9114851,0.0 107.6179079,-6.9114701,0.0 107.6180518,-6.9114643,0.0 107.6182447,-6.9114798,0.0 107.6183415,-6.911498,0.0</coordinates>
            </LineString>
        </Placemark>
        <Placemark id="38881">
            <name>Jalan Diponegoro</name>
            <styleUrl>#38882</styleUrl>
            <LineString id="38880">
                <coordinates>107.6150711,-6.9006334,0.0 107.6154093,-6.900922,0.0</coordinates>
            </LineString>
        </Placemark>
        <Placemark id="38885">
            <name>Jalan Laswi</name>
            <styleUrl>#38886</styleUrl>
            <LineString id="38884">
                <coordinates>107.6313458,-6.9186198,0.0 107.6312891,-6.9184991,0.0 107.6312618,-6.9184409,0.0 107.6312506,-6.9184177,0.0 107.6307984,-6.9174779,0.0 107.6307188,-6.9173125,0.0</coordinates>
            </LineString>
        </Placemark>
        <Placemark id="38889">
            <name>Jalan Prabu Dimuntur</name>
            <styleUrl>#38890</styleUrl>
            <LineString id="38888">
                <coordinates>107.6158534,-6.8991356,0.0 107.6148451,-6.8991266,0.0 107.6136829,-6.8990999,0.0 107.6131076,-6.8990838,0.0 107.6130507,-6.8990822,0.0</coordinates>
            </LineString>
        </Placemark>
        <Placemark id="38893">
            <name>Jalan Dipatiukur</name>
            <styleUrl>#38894</styleUrl>
            <LineString id="38892">
                <coordinates>107.6168823,-6.8955917,0.0 107.6166188,-6.8959561,0.0 107.6162817,-6.8963301,0.0 107.6159883,-6.8966062,0.0 107.6155865,-6.8969383,0.0</coordinates>
            </LineString>
        </Placemark>
        <Placemark id="38897">
            <name>Jalan Belitung</name>
            <styleUrl>#38898</styleUrl>
            <LineString id="38896">
                <coordinates>107.6183415,-6.911498,0.0 107.6186071,-6.9115608,0.0 107.6193124,-6.9117349,0.0 107.6200763,-6.9119234,0.0</coordinates>
            </LineString>
        </Placemark>
        <Placemark id="38901">
            <name>Jalan Dipatiukur</name>
            <styleUrl>#38902</styleUrl>
            <LineString id="38900">
                <coordinates>107.6174318,-6.8947388,0.0 107.6172839,-6.8949841,0.0 107.617258,-6.8950233,0.0 107.6172155,-6.8950876,0.0 107.6168823,-6.8955917,0.0</coordinates>
            </LineString>
        </Placemark>
        <Placemark id="38905">
            <name>Jalan Diponegoro</name>
            <styleUrl>#38906</styleUrl>
            <LineString id="38904">
                <coordinates>107.6159798,-6.9013693,0.0 107.6163648,-6.901357,0.0</coordinates>
            </LineString>
        </Placemark>
        <Placemark id="38909">
            <name>Jalan Jakarta</name>
            <styleUrl>#38910</styleUrl>
            <LineString id="38908">
                <coordinates>107.6374221,-6.9145133,0.0 107.6374071,-6.9145151,0.0 107.6373588,-6.9145209,0.0</coordinates>
            </LineString>
        </Placemark>
        <Placemark id="38913">
            <name>Jalan Jakarta</name>
            <styleUrl>#38914</styleUrl>
            <LineString id="38912">
                <coordinates>107.6375505,-6.9144979,0.0 107.6374221,-6.9145133,0.0</coordinates>
            </LineString>
        </Placemark>
        <Placemark id="38917">
            <name>Route Segment</name>
            <styleUrl>#38918</styleUrl>
            <LineString id="38916">
                <coordinates>107.6437064,-6.9141291,0.0 107.64364,-6.9139376,0.0 107.6436192,-6.9139023,0.0 107.6436004,-6.9138803,0.0 107.6435804,-6.9138673,0.0 107.6435595,-6.9138537,0.0 107.6434317,-6.9138202,0.0</coordinates>
            </LineString>
        </Placemark>
        <Placemark id="38921">
            <name>Jalan Soekarno-Hatta</name>
            <styleUrl>#38922</styleUrl>
            <LineString id="38920">
                <coordinates>107.6741648,-6.9384751,0.0 107.674107,-6.9384791,0.0 107.6737845,-6.9385017,0.0 107.6729122,-6.9385626,0.0 107.672835,-6.938568,0.0 107.6727474,-6.9385742,0.0 107.672515,-6.9385833,0.0 107.6716586,-6.9386448,0.0</coordinates>
            </LineString>
        </Placemark>
        <Placemark id="38925">
            <name>Jalan Soekarno-Hatta</name>
            <styleUrl>#38926</styleUrl>
            <LineString id="38924">
                <coordinates>107.6528653,-6.94202,0.0 107.652718,-6.9420676,0.0</coordinates>
            </LineString>
        </Placemark>
        <Placemark id="38929">
            <name>Jalan Aria Jipang</name>
            <styleUrl>#38930</styleUrl>
            <LineString id="38928">
                <coordinates>107.6162456,-6.8994129,0.0 107.6162134,-6.8994493,0.0 107.6160568,-6.8995735,0.0 107.615847,-6.8997551,0.0 107.6156875,-6.8999054,0.0 107.6154024,-6.9002108,0.0 107.6153734,-6.9002409,0.0 107.6150711,-6.9006334,0.0</coordinates>
            </LineString>
        </Placemark>
        <Placemark id="38933">
            <name>Jalan H. Ibrahim Adjie</name>
            <styleUrl>#38934</styleUrl>
            <LineString id="38932">
                <coordinates>107.6444657,-6.9265517,0.0 107.6444244,-6.9252812,0.0 107.6444061,-6.9246399,0.0 107.6443982,-6.9245298,0.0 107.6443956,-6.9244413,0.0 107.6443928,-6.9243799,0.0 107.6443899,-6.9243186,0.0 107.644388,-6.924264,0.0 107.6443857,-6.9242173,0.0 107.6443827,-6.9241638,0.0 107.6443757,-6.9240244,0.0 107.6443679,-6.9238694,0.0 107.6443617,-6.9237462,0.0 107.6443436,-6.9232255,0.0 107.6443266,-6.9228161,0.0 107.6443166,-6.9225944,0.0 107.6442979,-6.9222722,0.0 107.6442877,-6.9220961,0.0 107.6442701,-6.9217938,0.0</coordinates>
            </LineString>
        </Placemark>
        <Placemark id="38937">
            <name>Jalan Jakarta</name>
            <styleUrl>#38938</styleUrl>
            <LineString id="38936">
                <coordinates>107.6417884,-6.9139622,0.0 107.641697,-6.9139738,0.0 107.6414919,-6.9139937,0.0 107.641334,-6.9140119,0.0 107.6412274,-6.9140241,0.0 107.6410877,-6.9140393,0.0 107.6409956,-6.9140515,0.0 107.6405312,-6.9141105,0.0 107.6404431,-6.9141209,0.0 107.6403048,-6.9141385,0.0 107.6402144,-6.914148,0.0 107.6399554,-6.914178,0.0 107.6398939,-6.914186,0.0 107.6397497,-6.9142026,0.0 107.6394855,-6.9142369,0.0 107.6393217,-6.9142593,0.0 107.6391686,-6.914281,0.0 107.6390956,-6.9142912,0.0 107.6389363,-6.9143117,0.0 107.6388474,-6.9143228,0.0 107.6386441,-6.9143525,0.0 107.6385822,-6.9143614,0.0 107.6385215,-6.9143724,0.0 107.6384678,-6.9143807,0.0 107.6381956,-6.9144188,0.0 107.6379503,-6.9144499,0.0 107.6378321,-6.9144641,0.0 107.6377113,-6.9144786,0.0 107.6376149,-6.9144902,0.0 107.6375655,-6.9144961,0.0 107.6375505,-6.9144979,0.0</coordinates>
            </LineString>
        </Placemark>
        <Placemark id="38941">
            <name>Jalan Jakarta</name>
            <styleUrl>#38942</styleUrl>
            <LineString id="38940">
                <coordinates>107.6373588,-6.9145209,0.0 107.6371438,-6.9145467,0.0 107.6369043,-6.9145755,0.0 107.6368147,-6.9145887,0.0 107.636513,-6.914633,0.0 107.6362469,-6.9146627,0.0 107.6362076,-6.9146671,0.0 107.6361335,-6.9146647,0.0 107.6360082,-6.9146453,0.0 107.6357903,-6.914575,0.0</coordinates>
            </LineString>
        </Placemark>
        <Placemark id="38945">
            <name>Jalan Laswi</name>
            <styleUrl>#38946</styleUrl>
            <LineString id="38944">
                <coordinates>107.6300893,-6.9160089,0.0 107.6300294,-6.9158899,0.0 107.6299922,-6.9158161,0.0</coordinates>
            </LineString>
        </Placemark>
        <Placemark id="38949">
            <name>Jalan Soekarno-Hatta</name>
            <styleUrl>#38950</styleUrl>
            <LineString id="38948">
                <coordinates>107.6638999,-6.9392127,0.0 107.6633094,-6.9392635,0.0 107.6632438,-6.9392691,0.0 107.6629584,-6.9393017,0.0 107.6628909,-6.9393103,0.0 107.662636,-6.9393368,0.0 107.6624379,-6.9393635,0.0 107.662399,-6.9393684,0.0 107.6619105,-6.9394464,0.0 107.6617801,-6.9394686,0.0 107.6614189,-6.9395381,0.0 107.6608708,-6.9396579,0.0 107.6607458,-6.9396857,0.0 107.6603815,-6.9397667,0.0 107.6601823,-6.9398122,0.0 107.6600955,-6.939832,0.0 107.6599232,-6.9398697,0.0 107.6598099,-6.939893,0.0 107.6596714,-6.9399267,0.0 107.659479,-6.9399734,0.0 107.6593929,-6.9399935,0.0 107.6591964,-6.9400441,0.0 107.6590642,-6.9400797,0.0 107.6583047,-6.9403106,0.0 107.6581816,-6.9403488,0.0</coordinates>
            </LineString>
        </Placemark>
        <Placemark id="38953">
            <name>Jalan Soekarno-Hatta</name>
            <styleUrl>#38954</styleUrl>
            <LineString id="38952">
                <coordinates>107.6644206,-6.9391582,0.0 107.6638999,-6.9392127,0.0</coordinates>
            </LineString>
        </Placemark>
        <Placemark id="38957">
            <name>Jalan H. Ibrahim Adjie</name>
            <styleUrl>#38958</styleUrl>
            <LineString id="38956">
                <coordinates>107.6420981,-6.9411497,0.0 107.6421015,-6.9410976,0.0</coordinates>
            </LineString>
        </Placemark>
        <Placemark id="38961">
            <name>Jalan Dipatiukur</name>
            <styleUrl>#38962</styleUrl>
            <LineString id="38960">
                <coordinates>107.6176835,-6.8943336,0.0 107.6177104,-6.8942378,0.0 107.6177564,-6.8941579,0.0 107.6178531,-6.8940151,0.0 107.6178962,-6.8939401,0.0 107.6179191,-6.893871,0.0 107.6179139,-6.8934868,0.0 107.6179108,-6.8934136,0.0 107.6179071,-6.8932726,0.0 107.6178942,-6.8927885,0.0 107.6178794,-6.8926864,0.0 107.6178188,-6.8923923,0.0</coordinates>
            </LineString>
        </Placemark>
        <Placemark id="38965">
            <name>Jalan Dipatiukur</name>
            <styleUrl>#38966</styleUrl>
            <LineString id="38964">
                <coordinates>107.6176835,-6.8943336,0.0 107.6175117,-6.8946008,0.0 107.6174318,-6.8947388,0.0</coordinates>
            </LineString>
        </Placemark>
        <Placemark id="38969">
            <name>Soekarno Hatta Frontage Boulevard</name>
            <styleUrl>#38970</styleUrl>
            <LineString id="38968">
                <coordinates>107.6743512,-6.9384618,0.0 107.6741648,-6.9384751,0.0</coordinates>
            </LineString>
        </Placemark>
        <Placemark id="38973">
            <name>Jalan Soekarno-Hatta</name>
            <styleUrl>#38974</styleUrl>
            <LineString id="38972">
                <coordinates>107.6697839,-6.9387813,0.0 107.6697193,-6.9387856,0.0 107.6695923,-6.9387942,0.0</coordinates>
            </LineString>
        </Placemark>
        <Placemark id="38977">
            <name>Jalan Soekarno-Hatta</name>
            <styleUrl>#38978</styleUrl>
            <LineString id="38976">
                <coordinates>107.6661888,-6.9390351,0.0 107.6660894,-6.9390435,0.0 107.6659791,-6.9390528,0.0 107.6657041,-6.9390692,0.0 107.665207,-6.939108,0.0 107.6650224,-6.9391212,0.0 107.664853,-6.9391334,0.0 107.66465,-6.9391438,0.0 107.6644206,-6.9391582,0.0</coordinates>
            </LineString>
        </Placemark>
        <Placemark id="38981">
            <name>Jalan Jakarta</name>
            <styleUrl>#38982</styleUrl>
            <LineString id="38980">
                <coordinates>107.6422876,-6.9139498,0.0 107.6421252,-6.9139589,0.0 107.6417884,-6.9139622,0.0</coordinates>
            </LineString>
        </Placemark>
        <Placemark id="38985">
            <name>Jalan Ir. H. Djuanda</name>
            <styleUrl>#38986</styleUrl>
            <LineString id="38984">
                <coordinates>107.6137119,-6.8851905,0.0 107.6137266,-6.8850771,0.0 107.6137322,-6.8850395,0.0 107.6137459,-6.8849567,0.0 107.6138089,-6.884725,0.0 107.6138679,-6.8845059,0.0 107.613882,-6.8844449,0.0</coordinates>
            </LineString>
        </Placemark>
        <Placemark id="38989">
            <name>Jalan Ir. H. Djuanda</name>
            <styleUrl>#38990</styleUrl>
            <LineString id="38988">
                <coordinates>107.6158143,-6.8816134,0.0 107.615901,-6.8813322,0.0 107.6159307,-6.8812332,0.0 107.6159569,-6.8811413,0.0 107.6159994,-6.8809912,0.0 107.6161219,-6.8805516,0.0 107.6161668,-6.8803793,0.0 107.6162759,-6.8800049,0.0 107.6163156,-6.8798494,0.0 107.6164246,-6.8794377,0.0 107.6165054,-6.8791283,0.0 107.6165531,-6.8789436,0.0 107.6165935,-6.8787871,0.0 107.6166093,-6.878728,0.0 107.6166707,-6.8785163,0.0 107.6167998,-6.8780829,0.0 107.6168402,-6.8779952,0.0 107.6168774,-6.8779264,0.0 107.6169544,-6.8778124,0.0 107.6170262,-6.8777247,0.0 107.6171251,-6.8775949,0.0 107.6172852,-6.8773874,0.0 107.6173071,-6.8773552,0.0 107.6173842,-6.8772498,0.0 107.6178533,-6.8766301,0.0 107.6178704,-6.8766086,0.0 107.6180347,-6.8763814,0.0 107.6181264,-6.8762622,0.0 107.6182425,-6.8761012,0.0 107.6183604,-6.8759161,0.0 107.6184672,-6.8757254,0.0 107.6184938,-6.8756737,0.0 107.6185822,-6.8755055,0.0 107.6186615,-6.8753453,0.0 107.6188141,-6.8749961,0.0 107.6188846,-6.874828,0.0 107.6190216,-6.8745002,0.0 107.619128,-6.8742454,0.0</coordinates>
            </LineString>
        </Placemark>
        <Placemark id="38993">
            <name>Jalan Ir. H. Djuanda</name>
            <styleUrl>#38994</styleUrl>
            <LineString id="38992">
                <coordinates>107.6199224,-6.8719041,0.0 107.6199571,-6.8715521,0.0 107.6199613,-6.8714974,0.0 107.6199693,-6.8713535,0.0 107.6200017,-6.8710233,0.0 107.6200117,-6.870949,0.0 107.6200253,-6.8708815,0.0 107.6200394,-6.8708195,0.0 107.6200659,-6.8707046,0.0</coordinates>
            </LineString>
        </Placemark>
        <Placemark id="38997">
            <name>Jalan Dipatiukur</name>
            <styleUrl>#38998</styleUrl>
            <LineString id="38996">
                <coordinates>107.6143025,-6.885397,0.0 107.614244,-6.8854002,0.0 107.6141397,-6.8853692,0.0</coordinates>
            </LineString>
        </Placemark>
        <Placemark id="39001">
            <name>Jalan Banda</name>
            <styleUrl>#39002</styleUrl>
            <LineString id="39000">
                <coordinates>107.6170441,-6.9074272,0.0 107.617382,-6.9090114,0.0 107.6174034,-6.9091114,0.0 107.6174121,-6.9091524,0.0</coordinates>
            </LineString>
        </Placemark>
        <Placemark id="39005">
            <name>Jalan H. Ibrahim Adjie</name>
            <styleUrl>#39006</styleUrl>
            <LineString id="39004">
                <coordinates>107.6441408,-6.9193272,0.0 107.6441381,-6.9192711,0.0 107.644128,-6.9190672,0.0 107.6440855,-6.9185996,0.0 107.6440727,-6.9184616,0.0 107.6440177,-6.9178882,0.0 107.6438994,-6.916833,0.0 107.6438819,-6.9165842,0.0 107.6438696,-6.9164357,0.0 107.6438628,-6.916367,0.0 107.6438444,-6.9161586,0.0 107.6438277,-6.9159687,0.0 107.6438209,-6.9158898,0.0 107.6437252,-6.9148646,0.0 107.6437224,-6.9148349,0.0 107.6437294,-6.9147964,0.0 107.6437472,-6.9147194,0.0 107.643757,-6.9146763,0.0</coordinates>
            </LineString>
        </Placemark>
        <Placemark id="39009">
            <name>Jalan H. Ibrahim Adjie</name>
            <styleUrl>#39010</styleUrl>
            <LineString id="39008">
                <coordinates>107.6431304,-6.9317573,0.0 107.6431586,-6.9317203,0.0 107.6435367,-6.9312959,0.0 107.6437964,-6.9309966,0.0 107.6438483,-6.9308789,0.0 107.643882,-6.9307183,0.0 107.6439463,-6.9299218,0.0</coordinates>
            </LineString>
        </Placemark>
        <Placemark id="39013">
            <name>Jalan Dipatiukur</name>
            <styleUrl>#39014</styleUrl>
            <LineString id="39012">
                <coordinates>107.6168134,-6.8905914,0.0 107.6167811,-6.8905771,0.0 107.6166296,-6.8903696,0.0 107.6166223,-6.8903544,0.0 107.6166188,-6.8903399,0.0 107.6166228,-6.8903248,0.0</coordinates>
            </LineString>
        </Placemark>
        <Placemark id="39017">
            <name>Jalan Dipatiukur</name>
            <styleUrl>#39018</styleUrl>
            <LineString id="39016">
                <coordinates>107.6168134,-6.8905914,0.0 107.6169111,-6.890724,0.0 107.6169359,-6.8907603,0.0 107.6170495,-6.8909264,0.0 107.61713,-6.8910441,0.0 107.617163,-6.8910925,0.0 107.6174351,-6.8916075,0.0 107.6174672,-6.8916726,0.0 107.6175776,-6.8918986,0.0 107.6177262,-6.8922028,0.0 107.6177764,-6.8923055,0.0</coordinates>
            </LineString>
        </Placemark>
        <Placemark id="39021">
            <name>Jalan H. Ibrahim Adjie</name>
            <styleUrl>#39022</styleUrl>
            <LineString id="39020">
                <coordinates>107.6425801,-6.9344518,0.0 107.6426419,-6.934114,0.0 107.6427034,-6.9338245,0.0 107.6427458,-6.9336408,0.0 107.6428114,-6.9333527,0.0 107.6428453,-6.9332036,0.0 107.6429329,-6.9327429,0.0 107.6429396,-6.932706,0.0 107.6430775,-6.9319479,0.0</coordinates>
            </LineString>
        </Placemark>
        <Placemark id="39025">
            <name>Jalan Siliwangi</name>
            <styleUrl>#39026</styleUrl>
            <LineString id="39024">
                <coordinates>107.6137795,-6.8852589,0.0 107.6137073,-6.8852448,0.0</coordinates>
            </LineString>
        </Placemark>
        <Placemark id="39029">
            <name>Jalan H. Ibrahim Adjie</name>
            <styleUrl>#39030</styleUrl>
            <LineString id="39028">
                <coordinates>107.6439463,-6.9299218,0.0 107.6439317,-6.9298097,0.0 107.6439344,-6.929653,0.0 107.6439464,-6.9294702,0.0 107.6439645,-6.9293351,0.0 107.6439922,-6.9291998,0.0 107.6440965,-6.9289532,0.0 107.6441455,-6.9288288,0.0 107.64417,-6.9287415,0.0 107.6442064,-6.9286091,0.0 107.6442254,-6.9284438,0.0 107.6442374,-6.9283107,0.0 107.6442459,-6.9279591,0.0 107.6442567,-6.9277157,0.0 107.6442828,-6.9275461,0.0 107.6443294,-6.9273645,0.0 107.644384,-6.9272085,0.0 107.6444091,-6.9271102,0.0 107.6444251,-6.9270482,0.0 107.6444287,-6.9270343,0.0</coordinates>
            </LineString>
        </Placemark>
        <Placemark id="39033">
            <name>Jalan Jakarta</name>
            <styleUrl>#39034</styleUrl>
            <LineString id="39032">
                <coordinates>107.6429791,-6.9138756,0.0 107.6422876,-6.9139498,0.0</coordinates>
            </LineString>
        </Placemark>
        <Placemark id="39037">
            <name>Jalan Laswi</name>
            <styleUrl>#39038</styleUrl>
            <LineString id="39036">
                <coordinates>107.6307188,-6.9173125,0.0 107.6306282,-6.9171247,0.0 107.6301434,-6.916119,0.0 107.6300893,-6.9160089,0.0</coordinates>
            </LineString>
        </Placemark>
        <Placemark id="39041">
            <name>Jalan Jakarta</name>
            <styleUrl>#39042</styleUrl>
            <LineString id="39040">
                <coordinates>107.6357903,-6.914575,0.0 107.6357337,-6.9145811,0.0 107.6356898,-6.9145768,0.0 107.6356137,-6.9145582,0.0 107.6354322,-6.914512,0.0 107.6352266,-6.9144508,0.0 107.6348552,-6.9143329,0.0</coordinates>
            </LineString>
        </Placemark>
        <Placemark id="39045">
            <name>Jalan Soekarno-Hatta</name>
            <styleUrl>#39046</styleUrl>
            <LineString id="39044">
                <coordinates>107.652718,-6.9420676,0.0 107.6526919,-6.9420765,0.0 107.6517577,-6.9423758,0.0 107.6516814,-6.9423995,0.0 107.6512581,-6.9425328,0.0 107.6511346,-6.9425676,0.0 107.6509225,-6.942639,0.0 107.6507484,-6.9426922,0.0 107.6506763,-6.9427159,0.0 107.6504686,-6.942788,0.0 107.6503749,-6.9428159,0.0 107.6502455,-6.9428592,0.0 107.6500236,-6.9429302,0.0 107.6497773,-6.9430058,0.0 107.6494863,-6.9431026,0.0 107.6493065,-6.9431604,0.0 107.648989,-6.9432624,0.0 107.6486814,-6.9433594,0.0 107.6484748,-6.9434245,0.0</coordinates>
            </LineString>
        </Placemark>
        <Placemark id="39049">
            <name>Jalan Ir. H. Djuanda</name>
            <styleUrl>#39050</styleUrl>
            <LineString id="39048">
                <coordinates>107.619128,-6.8742454,0.0 107.6191643,-6.8741571,0.0 107.6191817,-6.874115,0.0 107.6193538,-6.8737093,0.0 107.6193995,-6.8735894,0.0 107.6194689,-6.873427,0.0 107.6195839,-6.8731592,0.0 107.6197015,-6.8728401,0.0 107.6197219,-6.8727859,0.0 107.6197462,-6.8727215,0.0 107.6197938,-6.8725787,0.0 107.6198709,-6.8723137,0.0 107.6198864,-6.87224,0.0 107.6198987,-6.872166,0.0 107.6199035,-6.8721317,0.0 107.6199224,-6.8719041,0.0</coordinates>
            </LineString>
        </Placemark>
        <Placemark id="39053">
            <name>Jalan H. Ibrahim Adjie</name>
            <styleUrl>#39054</styleUrl>
            <LineString id="39052">
                <coordinates>107.641837,-6.9453875,0.0 107.6418425,-6.9452679,0.0 107.6418558,-6.9449238,0.0</coordinates>
            </LineString>
        </Placemark>
        <Placemark id="39057">
            <name>Jalan Soekarno-Hatta</name>
            <styleUrl>#39058</styleUrl>
            <LineString id="39056">
                <coordinates>107.6423431,-6.9453982,0.0 107.6420622,-6.9455002,0.0 107.6419711,-6.9455318,0.0 107.6419126,-6.9455527,0.0</coordinates>
            </LineString>
        </Placemark>
        <Placemark id="39061">
            <name>Jalan Soekarno-Hatta</name>
            <styleUrl>#39062</styleUrl>
            <LineString id="39060">
                <coordinates>107.6419126,-6.9455527,0.0 107.6418208,-6.9455841,0.0</coordinates>
            </LineString>
        </Placemark>
        <Placemark id="39065">
            <name>Jalan Sukabumi</name>
            <styleUrl>#39066</styleUrl>
            <LineString id="39064">
                <coordinates>107.6347173,-6.914512,0.0 107.634483,-6.9157469,0.0 107.6344729,-6.9158077,0.0 107.634447,-6.9159625,0.0</coordinates>
            </LineString>
        </Placemark>
        <Placemark id="39069">
            <name>Soekarno Hatta Frontage Boulevard</name>
            <styleUrl>#39070</styleUrl>
            <LineString id="39068">
                <coordinates>107.6758204,-6.9383501,0.0 107.6756654,-6.9383636,0.0 107.6754266,-6.9383807,0.0 107.6744722,-6.9384488,0.0 107.6743512,-6.9384618,0.0</coordinates>
            </LineString>
        </Placemark>
        <Placemark id="39073">
            <name>Jalan Cilamaya</name>
            <styleUrl>#39074</styleUrl>
            <LineString id="39072">
                <coordinates>107.6170291,-6.9032627,0.0 107.6170003,-6.9032181,0.0 107.6169661,-6.9031402,0.0 107.6169446,-6.9030523,0.0 107.6169308,-6.9028954,0.0</coordinates>
            </LineString>
        </Placemark>
        <Placemark id="39077">
            <name>Jalan Sukabumi</name>
            <styleUrl>#39078</styleUrl>
            <LineString id="39076">
                <coordinates>107.6339445,-6.9173179,0.0 107.6337948,-6.9174252,0.0</coordinates>
            </LineString>
        </Placemark>
        <Placemark id="39081">
            <name>Jalan Sukabumi</name>
            <styleUrl>#39082</styleUrl>
            <LineString id="39080">
                <coordinates>107.634447,-6.9159625,0.0 107.634419,-6.9161223,0.0</coordinates>
            </LineString>
        </Placemark>
        <Placemark id="39085">
            <name>Jalan Ir. H. Djuanda</name>
            <styleUrl>#39086</styleUrl>
            <LineString id="39084">
                <coordinates>107.6137073,-6.8852448,0.0 107.6137119,-6.8851905,0.0</coordinates>
            </LineString>
        </Placemark>
        <Placemark id="39089">
            <name>Jalan Ir. H. Djuanda</name>
            <styleUrl>#39090</styleUrl>
            <LineString id="39088">
                <coordinates>107.6209442,-6.866704,0.0 107.6209483,-6.8668113,0.0 107.6209351,-6.8668623,0.0</coordinates>
            </LineString>
        </Placemark>
        <Placemark id="39093">
            <name>Route Segment</name>
            <styleUrl>#39094</styleUrl>
            <LineString id="39092">
                <coordinates>107.6832794,-6.9493063,0.0 107.6832703,-6.9493701,0.0</coordinates>
            </LineString>
        </Placemark>
        <Placemark id="39097">
            <name>Jalan Penata Yudha</name>
            <styleUrl>#39098</styleUrl>
            <LineString id="39096">
                <coordinates>107.6155865,-6.8969383,0.0 107.616019,-6.8975661,0.0</coordinates>
            </LineString>
        </Placemark>
        <Placemark id="39101">
            <name>Route Segment</name>
            <styleUrl>#39102</styleUrl>
            <LineString id="39100">
                <coordinates>107.6130507,-6.8990822,0.0 107.6129909,-6.8990718,0.0 107.6129463,-6.8990311,0.0 107.6129308,-6.8989728,0.0 107.6129556,-6.8989156,0.0 107.6129902,-6.89889,0.0 107.6130429,-6.8988772,0.0 107.6131341,-6.8988745,0.0 107.6131975,-6.8988744,0.0 107.6132233,-6.8988692,0.0 107.6132555,-6.8988522,0.0 107.6132841,-6.8988423,0.0</coordinates>
            </LineString>
        </Placemark>
        <Placemark id="39105">
            <name>Jalan Ir. H. Djuanda</name>
            <styleUrl>#39106</styleUrl>
            <LineString id="39104">
                <coordinates>107.620569,-6.8684751,0.0 107.6205719,-6.8682321,0.0 107.6205739,-6.8680595,0.0</coordinates>
            </LineString>
        </Placemark>
        <Placemark id="39109">
            <name>Jalan H. Ibrahim Adjie</name>
            <styleUrl>#39110</styleUrl>
            <LineString id="39108">
                <coordinates>107.643757,-6.9146763,0.0 107.6437064,-6.9141291,0.0</coordinates>
            </LineString>
        </Placemark>
        <Placemark id="39113">
            <name>Jalan H. Ibrahim Adjie</name>
            <styleUrl>#39114</styleUrl>
            <LineString id="39112">
                <coordinates>107.6430775,-6.9319479,0.0 107.6431304,-6.9317573,0.0</coordinates>
            </LineString>
        </Placemark>
        <Placemark id="39117">
            <name>Jalan Sukabumi</name>
            <styleUrl>#39118</styleUrl>
            <LineString id="39116">
                <coordinates>107.6341961,-6.9170831,0.0 107.6340932,-6.917204,0.0 107.6339445,-6.9173179,0.0</coordinates>
            </LineString>
        </Placemark>
        <Placemark id="39121">
            <name>Jalan Cilamaya</name>
            <styleUrl>#39122</styleUrl>
            <LineString id="39120">
                <coordinates>107.6171748,-6.9034463,0.0 107.6170291,-6.9032627,0.0</coordinates>
            </LineString>
        </Placemark>
        <Placemark id="39125">
            <name>Jalan Cilamaya</name>
            <styleUrl>#39126</styleUrl>
            <LineString id="39124">
                <coordinates>107.6169308,-6.9028954,0.0 107.6169204,-6.9026169,0.0</coordinates>
            </LineString>
        </Placemark>
        <Placemark id="39129">
            <name>Jalan Cilamaya</name>
            <styleUrl>#39130</styleUrl>
            <LineString id="39128">
                <coordinates>107.6169204,-6.9026169,0.0 107.6169036,-6.9020191,0.0 107.6168987,-6.9017889,0.0 107.6168927,-6.9015054,0.0 107.6168907,-6.9013406,0.0</coordinates>
            </LineString>
        </Placemark>
        <Placemark id="39133">
            <name>Jalan Dipatiukur</name>
            <styleUrl>#39134</styleUrl>
            <LineString id="39132">
                <coordinates>107.6141397,-6.8853692,0.0 107.6139313,-6.8853133,0.0 107.6139191,-6.88531,0.0 107.6137795,-6.8852589,0.0</coordinates>
            </LineString>
        </Placemark>
        <Placemark id="39137">
            <name>Jalan Kamuning</name>
            <styleUrl>#39138</styleUrl>
            <LineString id="39136">
                <coordinates>107.627082,-6.91382,0.0 107.6267213,-6.9133198,0.0 107.6267078,-6.9132642,0.0 107.6267142,-6.9132049,0.0</coordinates>
            </LineString>
        </Placemark>
        <Placemark id="39141">
            <name>Jalan Laswi</name>
            <styleUrl>#39142</styleUrl>
            <LineString id="39140">
                <coordinates>107.6299922,-6.9158161,0.0 107.6299627,-6.9157488,0.0</coordinates>
            </LineString>
        </Placemark>
        <Placemark id="39145">
            <name>Jalan Soekarno-Hatta</name>
            <styleUrl>#39146</styleUrl>
            <LineString id="39144">
                <coordinates>107.6425818,-6.9453091,0.0 107.6425069,-6.9453371,0.0 107.6424447,-6.9453603,0.0 107.6423431,-6.9453982,0.0</coordinates>
            </LineString>
        </Placemark>
        <Placemark id="39149">
            <name>Jalan Letnan Jenderal Ibrahim Adjie</name>
            <styleUrl>#39150</styleUrl>
            <LineString id="39148">
                <coordinates>107.6418208,-6.9455841,0.0 107.641837,-6.9453875,0.0</coordinates>
            </LineString>
        </Placemark>
        <Placemark id="39153">
            <name>Jalan Ir. H. Djuanda</name>
            <styleUrl>#39154</styleUrl>
            <LineString id="39152">
                <coordinates>107.6200659,-6.8707046,0.0 107.6201119,-6.8705153,0.0</coordinates>
            </LineString>
        </Placemark>
        <Placemark id="39157">
            <name>Jalan Ir. H. Djuanda</name>
            <styleUrl>#39158</styleUrl>
            <LineString id="39156">
                <coordinates>107.6201119,-6.8705153,0.0 107.6201919,-6.8702373,0.0 107.6202138,-6.8701726,0.0 107.620227,-6.8701301,0.0 107.6202478,-6.8700662,0.0 107.6202853,-6.8699517,0.0 107.6203081,-6.8698878,0.0 107.6203459,-6.8697953,0.0 107.6203864,-6.8696825,0.0 107.6204978,-6.8693725,0.0 107.620524,-6.8692766,0.0 107.6205569,-6.8691528,0.0 107.6205668,-6.8690885,0.0 107.6205683,-6.8690243,0.0 107.6205723,-6.8689584,0.0 107.6205696,-6.8688931,0.0 107.620569,-6.8684751,0.0</coordinates>
            </LineString>
        </Placemark>
        <Placemark id="39161">
            <name>Jalan Soekarno-Hatta</name>
            <styleUrl>#39162</styleUrl>
            <LineString id="39160">
                <coordinates>107.6674513,-6.9389439,0.0 107.6670598,-6.9389755,0.0</coordinates>
            </LineString>
        </Placemark>
        <Placemark id="39165">
            <name>Jalan Soekarno-Hatta</name>
            <styleUrl>#39166</styleUrl>
            <LineString id="39164">
                <coordinates>107.6670598,-6.9389755,0.0 107.6669878,-6.9389807,0.0 107.6667412,-6.9389975,0.0 107.6666545,-6.9390034,0.0 107.6661888,-6.9390351,0.0</coordinates>
            </LineString>
        </Placemark>
        <Placemark id="39169">
            <name>Jalan Soekarno-Hatta</name>
            <styleUrl>#39170</styleUrl>
            <LineString id="39168">
                <coordinates>107.6695923,-6.9387942,0.0 107.6695635,-6.9387964,0.0 107.6693301,-6.9388162,0.0 107.6691592,-6.9388254,0.0 107.668446,-6.9388764,0.0 107.6674513,-6.9389439,0.0</coordinates>
            </LineString>
        </Placemark>
        <Placemark id="39173">
            <name>Jalan Soekarno-Hatta</name>
            <styleUrl>#39174</styleUrl>
            <LineString id="39172">
                <coordinates>107.6712568,-6.9386784,0.0 107.6711633,-6.9386849,0.0 107.6710428,-6.9386933,0.0 107.6702958,-6.9387456,0.0 107.6701179,-6.938758,0.0 107.6698405,-6.9387773,0.0 107.6697839,-6.9387813,0.0</coordinates>
            </LineString>
        </Placemark>
        <Placemark id="39177">
            <name>Jalan Soekarno-Hatta</name>
            <styleUrl>#39178</styleUrl>
            <LineString id="39176">
                <coordinates>107.6716586,-6.9386448,0.0 107.6712568,-6.9386784,0.0</coordinates>
            </LineString>
        </Placemark>
        <Placemark id="39181">
            <name>Jalan Soekarno-Hatta</name>
            <styleUrl>#39182</styleUrl>
            <LineString id="39180">
                <coordinates>107.6773321,-6.938247,0.0 107.6768401,-6.9382789,0.0 107.6758204,-6.9383501,0.0</coordinates>
            </LineString>
        </Placemark>
        <Placemark id="39185">
            <name>Jalan Soekarno-Hatta</name>
            <styleUrl>#39186</styleUrl>
            <LineString id="39184">
                <coordinates>107.6484748,-6.9434245,0.0 107.6481243,-6.9435349,0.0 107.6478515,-6.9436201,0.0 107.6470185,-6.9438874,0.0 107.6467958,-6.9439589,0.0</coordinates>
            </LineString>
        </Placemark>
        <Placemark id="39189">
            <name>Jalan Soekarno-Hatta</name>
            <styleUrl>#39190</styleUrl>
            <LineString id="39188">
                <coordinates>107.6467958,-6.9439589,0.0 107.6467103,-6.9439855,0.0 107.646481,-6.944058,0.0 107.6462516,-6.9441305,0.0 107.6457814,-6.9442984,0.0 107.6456229,-6.9443522,0.0 107.6443264,-6.944777,0.0 107.6441008,-6.9448492,0.0 107.6430334,-6.9451909,0.0 107.6430108,-6.9451987,0.0 107.6428275,-6.9452621,0.0 107.6427636,-6.9452838,0.0 107.6425818,-6.9453091,0.0</coordinates>
            </LineString>
        </Placemark>
        <Placemark id="39193">
            <name>Jalan H. Ibrahim Adjie</name>
            <styleUrl>#39194</styleUrl>
            <LineString id="39192">
                <coordinates>107.6420316,-6.942186,0.0 107.6420981,-6.9411497,0.0</coordinates>
            </LineString>
        </Placemark>
        <Placemark id="39197">
            <name>Jalan H. Ibrahim Adjie</name>
            <styleUrl>#39198</styleUrl>
            <LineString id="39196">
                <coordinates>107.6418558,-6.9449238,0.0 107.6418826,-6.9445066,0.0 107.6418944,-6.9443088,0.0 107.641916,-6.9439862,0.0 107.6419543,-6.9433902,0.0 107.6419747,-6.943072,0.0 107.6419842,-6.9429242,0.0 107.6419879,-6.9428669,0.0 107.6419915,-6.9428096,0.0 107.641994,-6.9427705,0.0 107.6420316,-6.942186,0.0</coordinates>
            </LineString>
        </Placemark>
        <Placemark id="39201">
            <name>Jalan H. Ibrahim Adjie</name>
            <styleUrl>#39202</styleUrl>
            <LineString id="39200">
                <coordinates>107.6444287,-6.9270343,0.0 107.6444385,-6.9269855,0.0 107.6444491,-6.9269381,0.0</coordinates>
            </LineString>
        </Placemark>
        <Placemark id="39205">
            <name>Jalan H. Ibrahim Adjie</name>
            <styleUrl>#39206</styleUrl>
            <LineString id="39204">
                <coordinates>107.6441491,-6.9195253,0.0 107.6441456,-6.9194414,0.0 107.6441408,-6.9193272,0.0</coordinates>
            </LineString>
        </Placemark>
        <Placemark id="39209">
            <name>Jalan Penata Yudha</name>
            <styleUrl>#39210</styleUrl>
            <LineString id="39208">
                <coordinates>107.6161352,-6.898308,0.0 107.6160286,-6.8989397,0.0</coordinates>
            </LineString>
        </Placemark>
        <Placemark id="39213">
            <name>Jalan Ir. H. Djuanda</name>
            <styleUrl>#39214</styleUrl>
            <LineString id="39212">
                <coordinates>107.6141003,-6.8837869,0.0 107.6141339,-6.8837382,0.0 107.6141748,-6.8836814,0.0 107.614271,-6.8835894,0.0 107.6145333,-6.8833182,0.0 107.6149531,-6.8828137,0.0 107.6151252,-6.8825877,0.0 107.6153854,-6.8822612,0.0 107.6156462,-6.8818987,0.0 107.6157866,-6.8816978,0.0 107.6158143,-6.8816134,0.0</coordinates>
            </LineString>
        </Placemark>
        <Placemark id="39217">
            <name>Jalan H. Ibrahim Adjie</name>
            <styleUrl>#39218</styleUrl>
            <LineString id="39216">
                <coordinates>107.6442126,-6.9206082,0.0 107.6441491,-6.9195253,0.0</coordinates>
            </LineString>
        </Placemark>
        <Placemark id="39221">
            <name>Jalan H. Ibrahim Adjie</name>
            <styleUrl>#39222</styleUrl>
            <LineString id="39220">
                <coordinates>107.6442701,-6.9217938,0.0 107.6442126,-6.9206082,0.0</coordinates>
            </LineString>
        </Placemark>
        <Placemark id="39225">
            <name>Jalan H. Ibrahim Adjie</name>
            <styleUrl>#39226</styleUrl>
            <LineString id="39224">
                <coordinates>107.6444491,-6.9269381,0.0 107.6444587,-6.9268515,0.0 107.6444641,-6.9267038,0.0 107.6444657,-6.9265517,0.0</coordinates>
            </LineString>
        </Placemark>
        <Placemark id="39229">
            <name>Jalan Laswi</name>
            <styleUrl>#39230</styleUrl>
            <LineString id="39228">
                <coordinates>107.6313572,-6.9186866,0.0 107.6313458,-6.9186198,0.0</coordinates>
            </LineString>
        </Placemark>
        <Placemark id="39233">
            <name>Jalan Sukabumi</name>
            <styleUrl>#39234</styleUrl>
            <LineString id="39232">
                <coordinates>107.6314582,-6.9186505,0.0 107.6313572,-6.9186866,0.0</coordinates>
            </LineString>
        </Placemark>
        <Placemark id="39237">
            <name>Jalan Sukabumi</name>
            <styleUrl>#39238</styleUrl>
            <LineString id="39236">
                <coordinates>107.6320827,-6.9183023,0.0 107.6320334,-6.9183683,0.0 107.6315787,-6.9185925,0.0 107.6314582,-6.9186505,0.0</coordinates>
            </LineString>
        </Placemark>
        <Placemark id="39241">
            <name>Jalan Sukabumi</name>
            <styleUrl>#39242</styleUrl>
            <LineString id="39240">
                <coordinates>107.6337948,-6.9174252,0.0 107.6337656,-6.9174454,0.0 107.6330451,-6.9178143,0.0 107.6324739,-6.9181019,0.0</coordinates>
            </LineString>
        </Placemark>
        <Placemark id="39245">
            <name>Jalan Banda</name>
            <styleUrl>#39246</styleUrl>
            <LineString id="39244">
                <coordinates>107.6167588,-6.9062016,0.0 107.616684,-6.9060651,0.0 107.616622,-6.905419,0.0 107.6165969,-6.9051579,0.0</coordinates>
            </LineString>
        </Placemark>
        <Placemark id="39249">
            <name>Jalan Soekarno-Hatta</name>
            <styleUrl>#39250</styleUrl>
            <LineString id="39248">
                <coordinates>107.6581816,-6.9403488,0.0 107.6580268,-6.9403972,0.0 107.6574144,-6.9405885,0.0 107.6570876,-6.9406892,0.0 107.6569693,-6.9407256,0.0</coordinates>
            </LineString>
        </Placemark>
        <Placemark id="39253">
            <name>Jalan Soekarno-Hatta</name>
            <styleUrl>#39254</styleUrl>
            <LineString id="39252">
                <coordinates>107.6569693,-6.9407256,0.0 107.656476,-6.9408865,0.0 107.6553771,-6.9412355,0.0 107.6552333,-6.9412812,0.0 107.6550225,-6.9413467,0.0 107.6549551,-6.9413695,0.0 107.6545674,-6.9414926,0.0 107.6543541,-6.9415587,0.0 107.6540745,-6.9416413,0.0 107.6538424,-6.9417141,0.0 107.653803,-6.9417283,0.0 107.6533322,-6.9418748,0.0 107.6529256,-6.9420012,0.0 107.6528653,-6.94202,0.0</coordinates>
            </LineString>
        </Placemark>
        <Placemark id="39257">
            <name>Jalan Riung Mungpulung Raya</name>
            <styleUrl>#39258</styleUrl>
            <LineString id="39256">
                <coordinates>107.6828602,-6.94586,0.0 107.6829007,-6.9455341,0.0</coordinates>
            </LineString>
        </Placemark>
        <Placemark id="39261">
            <name>Jalan Riung Mulya I</name>
            <styleUrl>#39262</styleUrl>
            <LineString id="39260">
                <coordinates>107.6837521,-6.9459801,0.0 107.6836004,-6.94596,0.0 107.6828602,-6.94586,0.0</coordinates>
            </LineString>
        </Placemark>
        <Placemark id="39265">
            <name>Jalan Dipatiukur</name>
            <styleUrl>#39266</styleUrl>
            <LineString id="39264">
                <coordinates>107.6177764,-6.8923055,0.0 107.6178188,-6.8923923,0.0</coordinates>
            </LineString>
        </Placemark>
        <Placemark id="39269">
            <name>Jalan Jakarta</name>
            <styleUrl>#39270</styleUrl>
            <LineString id="39268">
                <coordinates>107.6434317,-6.9138202,0.0 107.6429791,-6.9138756,0.0</coordinates>
            </LineString>
        </Placemark>
        <Placemark id="39273">
            <name>Route Segment</name>
            <styleUrl>#39274</styleUrl>
            <LineString id="39272">
                <coordinates>107.6829443,-6.9452145,0.0 107.6826775,-6.9451829,0.0</coordinates>
            </LineString>
        </Placemark>
        <Placemark id="39277">
            <name>Route Segment</name>
            <styleUrl>#39278</styleUrl>
            <LineString id="39276">
                <coordinates>107.6833617,-6.9493086,0.0 107.6832794,-6.9493063,0.0</coordinates>
            </LineString>
        </Placemark>
        <Placemark id="39281">
            <name>Jalan H. Ibrahim Adjie</name>
            <styleUrl>#39282</styleUrl>
            <LineString id="39280">
                <coordinates>107.6422207,-6.9392406,0.0 107.6422369,-6.9389882,0.0</coordinates>
            </LineString>
        </Placemark>
        <Placemark id="39285">
            <name>Jalan H. Ibrahim Adjie</name>
            <styleUrl>#39286</styleUrl>
            <LineString id="39284">
                <coordinates>107.6422369,-6.9389882,0.0 107.642268,-6.9385032,0.0</coordinates>
            </LineString>
        </Placemark>
        <Placemark id="39289">
            <name>Jalan H. Ibrahim Adjie</name>
            <styleUrl>#39290</styleUrl>
            <LineString id="39288">
                <coordinates>107.642268,-6.9385032,0.0 107.6422737,-6.9384148,0.0</coordinates>
            </LineString>
        </Placemark>
        <Placemark id="39293">
            <name>Jalan H. Ibrahim Adjie</name>
            <styleUrl>#39294</styleUrl>
            <LineString id="39292">
                <coordinates>107.6422737,-6.9384148,0.0 107.6422771,-6.9383619,0.0 107.6422805,-6.938309,0.0</coordinates>
            </LineString>
        </Placemark>
        <Placemark id="39297">
            <name>Jalan H. Ibrahim Adjie</name>
            <styleUrl>#39298</styleUrl>
            <LineString id="39296">
                <coordinates>107.6422805,-6.938309,0.0 107.6423103,-6.9378452,0.0</coordinates>
            </LineString>
        </Placemark>
        <Placemark id="39301">
            <name>Jalan H. Ibrahim Adjie</name>
            <styleUrl>#39302</styleUrl>
            <LineString id="39300">
                <coordinates>107.6423103,-6.9378452,0.0 107.6423303,-6.9375325,0.0</coordinates>
            </LineString>
        </Placemark>
        <Placemark id="39305">
            <name>Jalan H. Ibrahim Adjie</name>
            <styleUrl>#39306</styleUrl>
            <LineString id="39304">
                <coordinates>107.6423303,-6.9375325,0.0 107.6423524,-6.9371895,0.0</coordinates>
            </LineString>
        </Placemark>
        <Placemark id="39309">
            <name>Jalan H. Ibrahim Adjie</name>
            <styleUrl>#39310</styleUrl>
            <LineString id="39308">
                <coordinates>107.6423524,-6.9371895,0.0 107.6423606,-6.9370607,0.0 107.6423875,-6.9366422,0.0</coordinates>
            </LineString>
        </Placemark>
        <Placemark id="39313">
            <name>Jalan H. Ibrahim Adjie</name>
            <styleUrl>#39314</styleUrl>
            <LineString id="39312">
                <coordinates>107.6423875,-6.9366422,0.0 107.6424206,-6.9362218,0.0</coordinates>
            </LineString>
        </Placemark>
        <Placemark id="39317">
            <name>Jalan H. Ibrahim Adjie</name>
            <styleUrl>#39318</styleUrl>
            <LineString id="39316">
                <coordinates>107.6424206,-6.9362218,0.0 107.642469,-6.9354704,0.0 107.6424796,-6.9353265,0.0</coordinates>
            </LineString>
        </Placemark>
        <Placemark id="39321">
            <name>Jalan H. Ibrahim Adjie</name>
            <styleUrl>#39322</styleUrl>
            <LineString id="39320">
                <coordinates>107.6424796,-6.9353265,0.0 107.6424964,-6.9351047,0.0</coordinates>
            </LineString>
        </Placemark>
        <Placemark id="39325">
            <name>Jalan H. Ibrahim Adjie</name>
            <styleUrl>#39326</styleUrl>
            <LineString id="39324">
                <coordinates>107.6424964,-6.9351047,0.0 107.6425262,-6.9348226,0.0 107.6425372,-6.9347467,0.0</coordinates>
            </LineString>
        </Placemark>
        <Placemark id="39329">
            <name>Jalan H. Ibrahim Adjie</name>
            <styleUrl>#39330</styleUrl>
            <LineString id="39328">
                <coordinates>107.6425372,-6.9347467,0.0 107.6425801,-6.9344518,0.0</coordinates>
            </LineString>
        </Placemark>
        <Placemark id="39333">
            <name>Jalan H. Ibrahim Adjie</name>
            <styleUrl>#39334</styleUrl>
            <LineString id="39332">
                <coordinates>107.6421015,-6.9410976,0.0 107.6421202,-6.9408049,0.0</coordinates>
            </LineString>
        </Placemark>
        <Placemark id="39337">
            <name>Jalan H. Ibrahim Adjie</name>
            <styleUrl>#39338</styleUrl>
            <LineString id="39336">
                <coordinates>107.6421202,-6.9408049,0.0 107.6421234,-6.9407557,0.0</coordinates>
            </LineString>
        </Placemark>
        <Placemark id="39341">
            <name>Jalan H. Ibrahim Adjie</name>
            <styleUrl>#39342</styleUrl>
            <LineString id="39340">
                <coordinates>107.6421234,-6.9407557,0.0 107.6421688,-6.9400483,0.0</coordinates>
            </LineString>
        </Placemark>
        <Placemark id="39345">
            <name>Jalan H. Ibrahim Adjie</name>
            <styleUrl>#39346</styleUrl>
            <LineString id="39344">
                <coordinates>107.6421688,-6.9400483,0.0 107.6421744,-6.9399607,0.0 107.6421789,-6.9398908,0.0 107.6422207,-6.9392406,0.0</coordinates>
            </LineString>
        </Placemark>
        <Placemark id="39349">
            <name>Jalan Diponegoro</name>
            <styleUrl>#39350</styleUrl>
            <LineString id="39348">
                <coordinates>107.6164318,-6.9013546,0.0 107.6167683,-6.9013466,0.0 107.6168907,-6.9013406,0.0</coordinates>
            </LineString>
        </Placemark>
        <Placemark id="39353">
            <name>Jalan Diponegoro</name>
            <styleUrl>#39354</styleUrl>
            <LineString id="39352">
                <coordinates>107.6163648,-6.901357,0.0 107.6164318,-6.9013546,0.0</coordinates>
            </LineString>
        </Placemark>
        <Placemark id="39357">
            <name>Terminal Dago</name>
            <styleUrl>#39358</styleUrl>
            <LineString id="39356">
                <coordinates>107.6209351,-6.8668623,0.0 107.6212402,-6.8669638,0.0 107.6212512,-6.8669765,0.0 107.6212498,-6.8669935,0.0 107.6212119,-6.8670778,0.0</coordinates>
            </LineString>
        </Placemark>
        <Placemark id="39361">
            <name>Jalan Ir. H. Djuanda</name>
            <styleUrl>#39362</styleUrl>
            <LineString id="39360">
                <coordinates>107.6205739,-6.8680595,0.0 107.6206005,-6.867828,0.0 107.6206139,-6.8677494,0.0 107.6206394,-6.8676482,0.0 107.6208039,-6.867019,0.0</coordinates>
            </LineString>
        </Placemark>
        <Placemark id="39365">
            <name>Jalan Ir. H. Djuanda</name>
            <styleUrl>#39366</styleUrl>
            <LineString id="39364">
                <coordinates>107.6208039,-6.867019,0.0 107.6208337,-6.8669052,0.0 107.6208647,-6.8667867,0.0</coordinates>
            </LineString>
        </Placemark>
        <Placemark id="39369">
            <name>Jalan Ir. H. Djuanda</name>
            <styleUrl>#39370</styleUrl>
            <LineString id="39368">
                <coordinates>107.6208647,-6.8667867,0.0 107.6209156,-6.8667269,0.0 107.6209442,-6.866704,0.0</coordinates>
            </LineString>
        </Placemark>
        <Placemark id="39373">
            <name>Jalan Dipatiukur</name>
            <styleUrl>#39374</styleUrl>
            <LineString id="39372">
                <coordinates>107.6156977,-6.8886991,0.0 107.6158021,-6.8889815,0.0 107.6158539,-6.889097,0.0 107.6158888,-6.8891749,0.0 107.6160343,-6.8894728,0.0</coordinates>
            </LineString>
        </Placemark>
        <Placemark id="39377">
            <name>Jalan Dipatiukur</name>
            <styleUrl>#39378</styleUrl>
            <LineString id="39376">
                <coordinates>107.6160343,-6.8894728,0.0 107.6165653,-6.8902412,0.0 107.616618,-6.8903175,0.0 107.6166228,-6.8903248,0.0</coordinates>
            </LineString>
        </Placemark>
        <Placemark id="39381">
            <name>Jalan Ir. H. Djuanda</name>
            <styleUrl>#39382</styleUrl>
            <LineString id="39380">
                <coordinates>107.613882,-6.8844449,0.0 107.6138984,-6.8843845,0.0 107.6139865,-6.884078,0.0 107.6140439,-6.8838946,0.0 107.6140576,-6.8838685,0.0 107.614076,-6.8838333,0.0 107.6141003,-6.8837869,0.0</coordinates>
            </LineString>
        </Placemark>
        <Placemark id="39385">
            <name>Jalan Cipamokolan</name>
            <styleUrl>#39386</styleUrl>
            <LineString id="39384">
                <coordinates>107.6773057,-6.9389794,0.0 107.6773072,-6.9389357,0.0 107.677312,-6.9387582,0.0 107.6773321,-6.938247,0.0</coordinates>
            </LineString>
        </Placemark>
        <Placemark id="39389">
            <name>Jalan Riung Tineung</name>
            <styleUrl>#39390</styleUrl>
            <LineString id="39388">
                <coordinates>107.682605,-6.9435781,0.0 107.6828611,-6.9435796,0.0</coordinates>
            </LineString>
        </Placemark>
        <Placemark id="39393">
            <name>Jalan Riung Tineung</name>
            <styleUrl>#39394</styleUrl>
            <LineString id="39392">
                <coordinates>107.6823032,-6.9436031,0.0 107.682605,-6.9435781,0.0</coordinates>
            </LineString>
        </Placemark>
        <Placemark id="39397">
            <name>Jalan Riung Tineung</name>
            <styleUrl>#39398</styleUrl>
            <LineString id="39396">
                <coordinates>107.6819663,-6.9436312,0.0 107.6823032,-6.9436031,0.0</coordinates>
            </LineString>
        </Placemark>
        <Placemark id="39401">
            <name>Jalan Diponegoro</name>
            <styleUrl>#39402</styleUrl>
            <LineString id="39400">
                <coordinates>107.6154093,-6.900922,0.0 107.6155959,-6.9010813,0.0</coordinates>
            </LineString>
        </Placemark>
        <Placemark id="39405">
            <name>Jalan Diponegoro</name>
            <styleUrl>#39406</styleUrl>
            <LineString id="39404">
                <coordinates>107.6155959,-6.9010813,0.0 107.6159798,-6.9013693,0.0</coordinates>
            </LineString>
        </Placemark>
        <Placemark id="39409">
            <name>Jalan L.L. RE. Martadinata</name>
            <styleUrl>#39410</styleUrl>
            <LineString id="39408">
                <coordinates>107.6299627,-6.9157488,0.0 107.629917,-6.9156449,0.0 107.629839,-6.9154679,0.0</coordinates>
            </LineString>
        </Placemark>
        <Placemark id="39413">
            <name>Jalan Sukabumi</name>
            <styleUrl>#39414</styleUrl>
            <LineString id="39412">
                <coordinates>107.6324739,-6.9181019,0.0 107.6322059,-6.9182368,0.0 107.6321219,-6.9182791,0.0 107.6320827,-6.9183023,0.0</coordinates>
            </LineString>
        </Placemark>
    </Document>
</kml>
