<?xml version="1.0" encoding="UTF-8"?>
<kml xmlns="http://www.opengis.net/kml/2.2" xmlns:gx="http://www.google.com/kml/ext/2.2">
    <Document id="40675">
        <Style id="40681">
            <IconStyle id="40682">
                <colorMode>normal</colorMode>
                <scale>1</scale>
                <heading>0</heading>
                <Icon id="40683">
                    <href>http://maps.google.com/mapfiles/kml/pushpin/ylw-pushpin.png</href>
                </Icon>
            </IconStyle>
        </Style>
        <Style id="40686">
            <IconStyle id="40687">
                <colorMode>normal</colorMode>
                <scale>1</scale>
                <heading>0</heading>
                <Icon id="40688">
                    <href>http://maps.google.com/mapfiles/kml/pushpin/ylw-pushpin.png</href>
                </Icon>
            </IconStyle>
        </Style>
        <Style id="40691">
            <IconStyle id="40692">
                <colorMode>normal</colorMode>
                <scale>1</scale>
                <heading>0</heading>
                <Icon id="40693">
                    <href>http://maps.google.com/mapfiles/kml/pushpin/ylw-pushpin.png</href>
                </Icon>
            </IconStyle>
        </Style>
        <Style id="40696">
            <LineStyle id="40697">
                <color>ff295AF1</color>
                <colorMode>normal</colorMode>
                <width>4</width>
            </LineStyle>
        </Style>
        <Style id="40700">
            <LineStyle id="40701">
                <color>ff295AF1</color>
                <colorMode>normal</colorMode>
                <width>4</width>
            </LineStyle>
        </Style>
        <Style id="40704">
            <LineStyle id="40705">
                <color>ff295AF1</color>
                <colorMode>normal</colorMode>
                <width>4</width>
            </LineStyle>
        </Style>
        <Style id="40708">
            <LineStyle id="40709">
                <color>ff295AF1</color>
                <colorMode>normal</colorMode>
                <width>4</width>
            </LineStyle>
        </Style>
        <Style id="40712">
            <LineStyle id="40713">
                <color>ff295AF1</color>
                <colorMode>normal</colorMode>
                <width>4</width>
            </LineStyle>
        </Style>
        <Style id="40716">
            <LineStyle id="40717">
                <color>ff295AF1</color>
                <colorMode>normal</colorMode>
                <width>4</width>
            </LineStyle>
        </Style>
        <Style id="40720">
            <LineStyle id="40721">
                <color>ff295AF1</color>
                <colorMode>normal</colorMode>
                <width>4</width>
            </LineStyle>
        </Style>
        <Style id="40724">
            <LineStyle id="40725">
                <color>ff295AF1</color>
                <colorMode>normal</colorMode>
                <width>4</width>
            </LineStyle>
        </Style>
        <Style id="40728">
            <LineStyle id="40729">
                <color>ff295AF1</color>
                <colorMode>normal</colorMode>
                <width>4</width>
            </LineStyle>
        </Style>
        <Style id="40732">
            <LineStyle id="40733">
                <color>ff295AF1</color>
                <colorMode>normal</colorMode>
                <width>4</width>
            </LineStyle>
        </Style>
        <Style id="40736">
            <LineStyle id="40737">
                <color>ff295AF1</color>
                <colorMode>normal</colorMode>
                <width>4</width>
            </LineStyle>
        </Style>
        <Style id="40740">
            <LineStyle id="40741">
                <color>ff295AF1</color>
                <colorMode>normal</colorMode>
                <width>4</width>
            </LineStyle>
        </Style>
        <Style id="40744">
            <LineStyle id="40745">
                <color>ff295AF1</color>
                <colorMode>normal</colorMode>
                <width>4</width>
            </LineStyle>
        </Style>
        <Style id="40748">
            <LineStyle id="40749">
                <color>ff295AF1</color>
                <colorMode>normal</colorMode>
                <width>4</width>
            </LineStyle>
        </Style>
        <Style id="40752">
            <LineStyle id="40753">
                <color>ff295AF1</color>
                <colorMode>normal</colorMode>
                <width>4</width>
            </LineStyle>
        </Style>
        <Style id="40756">
            <LineStyle id="40757">
                <color>ff295AF1</color>
                <colorMode>normal</colorMode>
                <width>4</width>
            </LineStyle>
        </Style>
        <Style id="40760">
            <LineStyle id="40761">
                <color>ff295AF1</color>
                <colorMode>normal</colorMode>
                <width>4</width>
            </LineStyle>
        </Style>
        <Style id="40764">
            <LineStyle id="40765">
                <color>ff295AF1</color>
                <colorMode>normal</colorMode>
                <width>4</width>
            </LineStyle>
        </Style>
        <Style id="40768">
            <LineStyle id="40769">
                <color>ff295AF1</color>
                <colorMode>normal</colorMode>
                <width>4</width>
            </LineStyle>
        </Style>
        <Style id="40772">
            <LineStyle id="40773">
                <color>ff295AF1</color>
                <colorMode>normal</colorMode>
                <width>4</width>
            </LineStyle>
        </Style>
        <Style id="40776">
            <LineStyle id="40777">
                <color>ff295AF1</color>
                <colorMode>normal</colorMode>
                <width>4</width>
            </LineStyle>
        </Style>
        <Style id="40780">
            <LineStyle id="40781">
                <color>ff295AF1</color>
                <colorMode>normal</colorMode>
                <width>4</width>
            </LineStyle>
        </Style>
        <Style id="40784">
            <LineStyle id="40785">
                <color>ff295AF1</color>
                <colorMode>normal</colorMode>
                <width>4</width>
            </LineStyle>
        </Style>
        <Style id="40788">
            <LineStyle id="40789">
                <color>ff295AF1</color>
                <colorMode>normal</colorMode>
                <width>4</width>
            </LineStyle>
        </Style>
        <Style id="40792">
            <LineStyle id="40793">
                <color>ff295AF1</color>
                <colorMode>normal</colorMode>
                <width>4</width>
            </LineStyle>
        </Style>
        <Style id="40796">
            <LineStyle id="40797">
                <color>ff295AF1</color>
                <colorMode>normal</colorMode>
                <width>4</width>
            </LineStyle>
        </Style>
        <Style id="40800">
            <LineStyle id="40801">
                <color>ff295AF1</color>
                <colorMode>normal</colorMode>
                <width>4</width>
            </LineStyle>
        </Style>
        <Style id="40804">
            <LineStyle id="40805">
                <color>ff295AF1</color>
                <colorMode>normal</colorMode>
                <width>4</width>
            </LineStyle>
        </Style>
        <Style id="40808">
            <LineStyle id="40809">
                <color>ff295AF1</color>
                <colorMode>normal</colorMode>
                <width>4</width>
            </LineStyle>
        </Style>
        <Style id="40812">
            <LineStyle id="40813">
                <color>ff295AF1</color>
                <colorMode>normal</colorMode>
                <width>4</width>
            </LineStyle>
        </Style>
        <Style id="40816">
            <LineStyle id="40817">
                <color>ff295AF1</color>
                <colorMode>normal</colorMode>
                <width>4</width>
            </LineStyle>
        </Style>
        <Style id="40820">
            <LineStyle id="40821">
                <color>ff295AF1</color>
                <colorMode>normal</colorMode>
                <width>4</width>
            </LineStyle>
        </Style>
        <Style id="40824">
            <LineStyle id="40825">
                <color>ff295AF1</color>
                <colorMode>normal</colorMode>
                <width>4</width>
            </LineStyle>
        </Style>
        <Style id="40828">
            <LineStyle id="40829">
                <color>ff295AF1</color>
                <colorMode>normal</colorMode>
                <width>4</width>
            </LineStyle>
        </Style>
        <Style id="40832">
            <LineStyle id="40833">
                <color>ff295AF1</color>
                <colorMode>normal</colorMode>
                <width>4</width>
            </LineStyle>
        </Style>
        <Style id="40836">
            <LineStyle id="40837">
                <color>ff295AF1</color>
                <colorMode>normal</colorMode>
                <width>4</width>
            </LineStyle>
        </Style>
        <Style id="40840">
            <LineStyle id="40841">
                <color>ff295AF1</color>
                <colorMode>normal</colorMode>
                <width>4</width>
            </LineStyle>
        </Style>
        <Style id="40844">
            <LineStyle id="40845">
                <color>ff295AF1</color>
                <colorMode>normal</colorMode>
                <width>4</width>
            </LineStyle>
        </Style>
        <Style id="40848">
            <LineStyle id="40849">
                <color>ff295AF1</color>
                <colorMode>normal</colorMode>
                <width>4</width>
            </LineStyle>
        </Style>
        <Style id="40852">
            <LineStyle id="40853">
                <color>ff295AF1</color>
                <colorMode>normal</colorMode>
                <width>4</width>
            </LineStyle>
        </Style>
        <Style id="40856">
            <LineStyle id="40857">
                <color>ff295AF1</color>
                <colorMode>normal</colorMode>
                <width>4</width>
            </LineStyle>
        </Style>
        <Style id="40860">
            <LineStyle id="40861">
                <color>ff295AF1</color>
                <colorMode>normal</colorMode>
                <width>4</width>
            </LineStyle>
        </Style>
        <Style id="40864">
            <LineStyle id="40865">
                <color>ff295AF1</color>
                <colorMode>normal</colorMode>
                <width>4</width>
            </LineStyle>
        </Style>
        <Style id="40868">
            <LineStyle id="40869">
                <color>ff295AF1</color>
                <colorMode>normal</colorMode>
                <width>4</width>
            </LineStyle>
        </Style>
        <Style id="40872">
            <LineStyle id="40873">
                <color>ff295AF1</color>
                <colorMode>normal</colorMode>
                <width>4</width>
            </LineStyle>
        </Style>
        <Style id="40876">
            <LineStyle id="40877">
                <color>ff295AF1</color>
                <colorMode>normal</colorMode>
                <width>4</width>
            </LineStyle>
        </Style>
        <Style id="40880">
            <LineStyle id="40881">
                <color>ff295AF1</color>
                <colorMode>normal</colorMode>
                <width>4</width>
            </LineStyle>
        </Style>
        <Style id="40884">
            <LineStyle id="40885">
                <color>ff295AF1</color>
                <colorMode>normal</colorMode>
                <width>4</width>
            </LineStyle>
        </Style>
        <Style id="40888">
            <LineStyle id="40889">
                <color>ff295AF1</color>
                <colorMode>normal</colorMode>
                <width>4</width>
            </LineStyle>
        </Style>
        <Style id="40892">
            <LineStyle id="40893">
                <color>ff295AF1</color>
                <colorMode>normal</colorMode>
                <width>4</width>
            </LineStyle>
        </Style>
        <Style id="40896">
            <LineStyle id="40897">
                <color>ff295AF1</color>
                <colorMode>normal</colorMode>
                <width>4</width>
            </LineStyle>
        </Style>
        <Style id="40900">
            <LineStyle id="40901">
                <color>ff295AF1</color>
                <colorMode>normal</colorMode>
                <width>4</width>
            </LineStyle>
        </Style>
        <Style id="40904">
            <LineStyle id="40905">
                <color>ff295AF1</color>
                <colorMode>normal</colorMode>
                <width>4</width>
            </LineStyle>
        </Style>
        <Style id="40908">
            <LineStyle id="40909">
                <color>ff295AF1</color>
                <colorMode>normal</colorMode>
                <width>4</width>
            </LineStyle>
        </Style>
        <Style id="40912">
            <LineStyle id="40913">
                <color>ff295AF1</color>
                <colorMode>normal</colorMode>
                <width>4</width>
            </LineStyle>
        </Style>
        <Style id="40916">
            <LineStyle id="40917">
                <color>ff295AF1</color>
                <colorMode>normal</colorMode>
                <width>4</width>
            </LineStyle>
        </Style>
        <Style id="40920">
            <LineStyle id="40921">
                <color>ff295AF1</color>
                <colorMode>normal</colorMode>
                <width>4</width>
            </LineStyle>
        </Style>
        <Style id="40924">
            <LineStyle id="40925">
                <color>ff295AF1</color>
                <colorMode>normal</colorMode>
                <width>4</width>
            </LineStyle>
        </Style>
        <Style id="40928">
            <LineStyle id="40929">
                <color>ff295AF1</color>
                <colorMode>normal</colorMode>
                <width>4</width>
            </LineStyle>
        </Style>
        <Style id="40932">
            <LineStyle id="40933">
                <color>ff295AF1</color>
                <colorMode>normal</colorMode>
                <width>4</width>
            </LineStyle>
        </Style>
        <Style id="40936">
            <LineStyle id="40937">
                <color>ff295AF1</color>
                <colorMode>normal</colorMode>
                <width>4</width>
            </LineStyle>
        </Style>
        <Style id="40940">
            <LineStyle id="40941">
                <color>ff295AF1</color>
                <colorMode>normal</colorMode>
                <width>4</width>
            </LineStyle>
        </Style>
        <Style id="40944">
            <LineStyle id="40945">
                <color>ff295AF1</color>
                <colorMode>normal</colorMode>
                <width>4</width>
            </LineStyle>
        </Style>
        <Style id="40948">
            <LineStyle id="40949">
                <color>ff295AF1</color>
                <colorMode>normal</colorMode>
                <width>4</width>
            </LineStyle>
        </Style>
        <Style id="40952">
            <LineStyle id="40953">
                <color>ff295AF1</color>
                <colorMode>normal</colorMode>
                <width>4</width>
            </LineStyle>
        </Style>
        <Style id="40956">
            <LineStyle id="40957">
                <color>ff295AF1</color>
                <colorMode>normal</colorMode>
                <width>4</width>
            </LineStyle>
        </Style>
        <Style id="40960">
            <LineStyle id="40961">
                <color>ff295AF1</color>
                <colorMode>normal</colorMode>
                <width>4</width>
            </LineStyle>
        </Style>
        <Style id="40964">
            <LineStyle id="40965">
                <color>ff295AF1</color>
                <colorMode>normal</colorMode>
                <width>4</width>
            </LineStyle>
        </Style>
        <Style id="40968">
            <LineStyle id="40969">
                <color>ff295AF1</color>
                <colorMode>normal</colorMode>
                <width>4</width>
            </LineStyle>
        </Style>
        <Style id="40972">
            <LineStyle id="40973">
                <color>ff295AF1</color>
                <colorMode>normal</colorMode>
                <width>4</width>
            </LineStyle>
        </Style>
        <Style id="40976">
            <LineStyle id="40977">
                <color>ff295AF1</color>
                <colorMode>normal</colorMode>
                <width>4</width>
            </LineStyle>
        </Style>
        <Style id="40980">
            <LineStyle id="40981">
                <color>ff295AF1</color>
                <colorMode>normal</colorMode>
                <width>4</width>
            </LineStyle>
        </Style>
        <Style id="40984">
            <LineStyle id="40985">
                <color>ff295AF1</color>
                <colorMode>normal</colorMode>
                <width>4</width>
            </LineStyle>
        </Style>
        <Style id="40988">
            <LineStyle id="40989">
                <color>ff295AF1</color>
                <colorMode>normal</colorMode>
                <width>4</width>
            </LineStyle>
        </Style>
        <Style id="40992">
            <LineStyle id="40993">
                <color>ff295AF1</color>
                <colorMode>normal</colorMode>
                <width>4</width>
            </LineStyle>
        </Style>
        <Style id="40996">
            <LineStyle id="40997">
                <color>ff295AF1</color>
                <colorMode>normal</colorMode>
                <width>4</width>
            </LineStyle>
        </Style>
        <Style id="41000">
            <LineStyle id="41001">
                <color>ff295AF1</color>
                <colorMode>normal</colorMode>
                <width>4</width>
            </LineStyle>
        </Style>
        <Style id="41004">
            <LineStyle id="41005">
                <color>ff295AF1</color>
                <colorMode>normal</colorMode>
                <width>4</width>
            </LineStyle>
        </Style>
        <Style id="41008">
            <LineStyle id="41009">
                <color>ff295AF1</color>
                <colorMode>normal</colorMode>
                <width>4</width>
            </LineStyle>
        </Style>
        <Style id="41012">
            <LineStyle id="41013">
                <color>ff295AF1</color>
                <colorMode>normal</colorMode>
                <width>4</width>
            </LineStyle>
        </Style>
        <Style id="41016">
            <LineStyle id="41017">
                <color>ff295AF1</color>
                <colorMode>normal</colorMode>
                <width>4</width>
            </LineStyle>
        </Style>
        <Style id="41020">
            <LineStyle id="41021">
                <color>ff295AF1</color>
                <colorMode>normal</colorMode>
                <width>4</width>
            </LineStyle>
        </Style>
        <Style id="41024">
            <LineStyle id="41025">
                <color>ff295AF1</color>
                <colorMode>normal</colorMode>
                <width>4</width>
            </LineStyle>
        </Style>
        <Style id="41028">
            <LineStyle id="41029">
                <color>ff295AF1</color>
                <colorMode>normal</colorMode>
                <width>4</width>
            </LineStyle>
        </Style>
        <Style id="41032">
            <LineStyle id="41033">
                <color>ff295AF1</color>
                <colorMode>normal</colorMode>
                <width>4</width>
            </LineStyle>
        </Style>
        <Style id="41036">
            <LineStyle id="41037">
                <color>ff295AF1</color>
                <colorMode>normal</colorMode>
                <width>4</width>
            </LineStyle>
        </Style>
        <Style id="41040">
            <LineStyle id="41041">
                <color>ff295AF1</color>
                <colorMode>normal</colorMode>
                <width>4</width>
            </LineStyle>
        </Style>
        <Style id="41044">
            <LineStyle id="41045">
                <color>ff295AF1</color>
                <colorMode>normal</colorMode>
                <width>4</width>
            </LineStyle>
        </Style>
        <Style id="41048">
            <LineStyle id="41049">
                <color>ff295AF1</color>
                <colorMode>normal</colorMode>
                <width>4</width>
            </LineStyle>
        </Style>
        <Style id="41052">
            <LineStyle id="41053">
                <color>ff295AF1</color>
                <colorMode>normal</colorMode>
                <width>4</width>
            </LineStyle>
        </Style>
        <Style id="41056">
            <LineStyle id="41057">
                <color>ff295AF1</color>
                <colorMode>normal</colorMode>
                <width>4</width>
            </LineStyle>
        </Style>
        <Style id="41060">
            <LineStyle id="41061">
                <color>ff295AF1</color>
                <colorMode>normal</colorMode>
                <width>4</width>
            </LineStyle>
        </Style>
        <Style id="41064">
            <LineStyle id="41065">
                <color>ff295AF1</color>
                <colorMode>normal</colorMode>
                <width>4</width>
            </LineStyle>
        </Style>
        <Style id="41068">
            <LineStyle id="41069">
                <color>ff295AF1</color>
                <colorMode>normal</colorMode>
                <width>4</width>
            </LineStyle>
        </Style>
        <Style id="41072">
            <LineStyle id="41073">
                <color>ff295AF1</color>
                <colorMode>normal</colorMode>
                <width>4</width>
            </LineStyle>
        </Style>
        <Style id="41076">
            <LineStyle id="41077">
                <color>ff295AF1</color>
                <colorMode>normal</colorMode>
                <width>4</width>
            </LineStyle>
        </Style>
        <Style id="41080">
            <LineStyle id="41081">
                <color>ff295AF1</color>
                <colorMode>normal</colorMode>
                <width>4</width>
            </LineStyle>
        </Style>
        <Style id="41084">
            <LineStyle id="41085">
                <color>ff295AF1</color>
                <colorMode>normal</colorMode>
                <width>4</width>
            </LineStyle>
        </Style>
        <Style id="41088">
            <LineStyle id="41089">
                <color>ff295AF1</color>
                <colorMode>normal</colorMode>
                <width>4</width>
            </LineStyle>
        </Style>
        <Style id="41092">
            <LineStyle id="41093">
                <color>ff295AF1</color>
                <colorMode>normal</colorMode>
                <width>4</width>
            </LineStyle>
        </Style>
        <Style id="41096">
            <LineStyle id="41097">
                <color>ff295AF1</color>
                <colorMode>normal</colorMode>
                <width>4</width>
            </LineStyle>
        </Style>
        <Style id="41100">
            <LineStyle id="41101">
                <color>ff295AF1</color>
                <colorMode>normal</colorMode>
                <width>4</width>
            </LineStyle>
        </Style>
        <Style id="41104">
            <LineStyle id="41105">
                <color>ff295AF1</color>
                <colorMode>normal</colorMode>
                <width>4</width>
            </LineStyle>
        </Style>
        <Style id="41108">
            <LineStyle id="41109">
                <color>ff295AF1</color>
                <colorMode>normal</colorMode>
                <width>4</width>
            </LineStyle>
        </Style>
        <Style id="41112">
            <LineStyle id="41113">
                <color>ff295AF1</color>
                <colorMode>normal</colorMode>
                <width>4</width>
            </LineStyle>
        </Style>
        <Style id="41116">
            <LineStyle id="41117">
                <color>ff295AF1</color>
                <colorMode>normal</colorMode>
                <width>4</width>
            </LineStyle>
        </Style>
        <Style id="41120">
            <LineStyle id="41121">
                <color>ff295AF1</color>
                <colorMode>normal</colorMode>
                <width>4</width>
            </LineStyle>
        </Style>
        <Style id="41124">
            <LineStyle id="41125">
                <color>ff295AF1</color>
                <colorMode>normal</colorMode>
                <width>4</width>
            </LineStyle>
        </Style>
        <Style id="41128">
            <LineStyle id="41129">
                <color>ff295AF1</color>
                <colorMode>normal</colorMode>
                <width>4</width>
            </LineStyle>
        </Style>
        <Style id="41132">
            <LineStyle id="41133">
                <color>ff295AF1</color>
                <colorMode>normal</colorMode>
                <width>4</width>
            </LineStyle>
        </Style>
        <Style id="41136">
            <LineStyle id="41137">
                <color>ff295AF1</color>
                <colorMode>normal</colorMode>
                <width>4</width>
            </LineStyle>
        </Style>
        <Style id="41140">
            <LineStyle id="41141">
                <color>ff295AF1</color>
                <colorMode>normal</colorMode>
                <width>4</width>
            </LineStyle>
        </Style>
        <Style id="41144">
            <LineStyle id="41145">
                <color>ff295AF1</color>
                <colorMode>normal</colorMode>
                <width>4</width>
            </LineStyle>
        </Style>
        <Style id="41148">
            <LineStyle id="41149">
                <color>ff295AF1</color>
                <colorMode>normal</colorMode>
                <width>4</width>
            </LineStyle>
        </Style>
        <Style id="41152">
            <LineStyle id="41153">
                <color>ff295AF1</color>
                <colorMode>normal</colorMode>
                <width>4</width>
            </LineStyle>
        </Style>
        <Style id="41156">
            <LineStyle id="41157">
                <color>ff295AF1</color>
                <colorMode>normal</colorMode>
                <width>4</width>
            </LineStyle>
        </Style>
        <Style id="41160">
            <LineStyle id="41161">
                <color>ff295AF1</color>
                <colorMode>normal</colorMode>
                <width>4</width>
            </LineStyle>
        </Style>
        <Style id="41164">
            <LineStyle id="41165">
                <color>ff295AF1</color>
                <colorMode>normal</colorMode>
                <width>4</width>
            </LineStyle>
        </Style>
        <Style id="41168">
            <LineStyle id="41169">
                <color>ff295AF1</color>
                <colorMode>normal</colorMode>
                <width>4</width>
            </LineStyle>
        </Style>
        <Style id="41172">
            <LineStyle id="41173">
                <color>ff295AF1</color>
                <colorMode>normal</colorMode>
                <width>4</width>
            </LineStyle>
        </Style>
        <Style id="41176">
            <LineStyle id="41177">
                <color>ff295AF1</color>
                <colorMode>normal</colorMode>
                <width>4</width>
            </LineStyle>
        </Style>
        <Style id="41180">
            <LineStyle id="41181">
                <color>ff295AF1</color>
                <colorMode>normal</colorMode>
                <width>4</width>
            </LineStyle>
        </Style>
        <Style id="41184">
            <LineStyle id="41185">
                <color>ff295AF1</color>
                <colorMode>normal</colorMode>
                <width>4</width>
            </LineStyle>
        </Style>
        <Style id="41188">
            <LineStyle id="41189">
                <color>ff295AF1</color>
                <colorMode>normal</colorMode>
                <width>4</width>
            </LineStyle>
        </Style>
        <Style id="41192">
            <LineStyle id="41193">
                <color>ff295AF1</color>
                <colorMode>normal</colorMode>
                <width>4</width>
            </LineStyle>
        </Style>
        <Style id="41196">
            <LineStyle id="41197">
                <color>ff295AF1</color>
                <colorMode>normal</colorMode>
                <width>4</width>
            </LineStyle>
        </Style>
        <Style id="41200">
            <LineStyle id="41201">
                <color>ff295AF1</color>
                <colorMode>normal</colorMode>
                <width>4</width>
            </LineStyle>
        </Style>
        <Style id="41204">
            <LineStyle id="41205">
                <color>ff295AF1</color>
                <colorMode>normal</colorMode>
                <width>4</width>
            </LineStyle>
        </Style>
        <Style id="41208">
            <LineStyle id="41209">
                <color>ff295AF1</color>
                <colorMode>normal</colorMode>
                <width>4</width>
            </LineStyle>
        </Style>
        <Style id="41212">
            <LineStyle id="41213">
                <color>ff295AF1</color>
                <colorMode>normal</colorMode>
                <width>4</width>
            </LineStyle>
        </Style>
        <Style id="41216">
            <LineStyle id="41217">
                <color>ff295AF1</color>
                <colorMode>normal</colorMode>
                <width>4</width>
            </LineStyle>
        </Style>
        <Style id="41220">
            <LineStyle id="41221">
                <color>ff295AF1</color>
                <colorMode>normal</colorMode>
                <width>4</width>
            </LineStyle>
        </Style>
        <Style id="41224">
            <LineStyle id="41225">
                <color>ff295AF1</color>
                <colorMode>normal</colorMode>
                <width>4</width>
            </LineStyle>
        </Style>
        <Style id="41228">
            <LineStyle id="41229">
                <color>ff295AF1</color>
                <colorMode>normal</colorMode>
                <width>4</width>
            </LineStyle>
        </Style>
        <Style id="41232">
            <LineStyle id="41233">
                <color>ff295AF1</color>
                <colorMode>normal</colorMode>
                <width>4</width>
            </LineStyle>
        </Style>
        <Style id="41236">
            <LineStyle id="41237">
                <color>ff295AF1</color>
                <colorMode>normal</colorMode>
                <width>4</width>
            </LineStyle>
        </Style>
        <Style id="41240">
            <LineStyle id="41241">
                <color>ff295AF1</color>
                <colorMode>normal</colorMode>
                <width>4</width>
            </LineStyle>
        </Style>
        <Style id="41244">
            <LineStyle id="41245">
                <color>ff295AF1</color>
                <colorMode>normal</colorMode>
                <width>4</width>
            </LineStyle>
        </Style>
        <Style id="41248">
            <LineStyle id="41249">
                <color>ff295AF1</color>
                <colorMode>normal</colorMode>
                <width>4</width>
            </LineStyle>
        </Style>
        <Style id="41252">
            <LineStyle id="41253">
                <color>ff295AF1</color>
                <colorMode>normal</colorMode>
                <width>4</width>
            </LineStyle>
        </Style>
        <Style id="41256">
            <LineStyle id="41257">
                <color>ff295AF1</color>
                <colorMode>normal</colorMode>
                <width>4</width>
            </LineStyle>
        </Style>
        <Style id="41260">
            <LineStyle id="41261">
                <color>ff295AF1</color>
                <colorMode>normal</colorMode>
                <width>4</width>
            </LineStyle>
        </Style>
        <Style id="41264">
            <LineStyle id="41265">
                <color>ff295AF1</color>
                <colorMode>normal</colorMode>
                <width>4</width>
            </LineStyle>
        </Style>
        <Style id="41268">
            <LineStyle id="41269">
                <color>ff295AF1</color>
                <colorMode>normal</colorMode>
                <width>4</width>
            </LineStyle>
        </Style>
        <Style id="41272">
            <LineStyle id="41273">
                <color>ff295AF1</color>
                <colorMode>normal</colorMode>
                <width>4</width>
            </LineStyle>
        </Style>
        <Style id="41276">
            <LineStyle id="41277">
                <color>ff295AF1</color>
                <colorMode>normal</colorMode>
                <width>4</width>
            </LineStyle>
        </Style>
        <Style id="41280">
            <LineStyle id="41281">
                <color>ff295AF1</color>
                <colorMode>normal</colorMode>
                <width>4</width>
            </LineStyle>
        </Style>
        <Style id="41284">
            <LineStyle id="41285">
                <color>ff295AF1</color>
                <colorMode>normal</colorMode>
                <width>4</width>
            </LineStyle>
        </Style>
        <Style id="41288">
            <LineStyle id="41289">
                <color>ff295AF1</color>
                <colorMode>normal</colorMode>
                <width>4</width>
            </LineStyle>
        </Style>
        <Style id="41292">
            <LineStyle id="41293">
                <color>ff295AF1</color>
                <colorMode>normal</colorMode>
                <width>4</width>
            </LineStyle>
        </Style>
        <Style id="41296">
            <LineStyle id="41297">
                <color>ff295AF1</color>
                <colorMode>normal</colorMode>
                <width>4</width>
            </LineStyle>
        </Style>
        <Style id="41300">
            <LineStyle id="41301">
                <color>ff295AF1</color>
                <colorMode>normal</colorMode>
                <width>4</width>
            </LineStyle>
        </Style>
        <Style id="41304">
            <LineStyle id="41305">
                <color>ff295AF1</color>
                <colorMode>normal</colorMode>
                <width>4</width>
            </LineStyle>
        </Style>
        <Style id="41308">
            <LineStyle id="41309">
                <color>ff295AF1</color>
                <colorMode>normal</colorMode>
                <width>4</width>
            </LineStyle>
        </Style>
        <Style id="41312">
            <LineStyle id="41313">
                <color>ff295AF1</color>
                <colorMode>normal</colorMode>
                <width>4</width>
            </LineStyle>
        </Style>
        <Style id="41316">
            <LineStyle id="41317">
                <color>ff295AF1</color>
                <colorMode>normal</colorMode>
                <width>4</width>
            </LineStyle>
        </Style>
        <Style id="41320">
            <LineStyle id="41321">
                <color>ff295AF1</color>
                <colorMode>normal</colorMode>
                <width>4</width>
            </LineStyle>
        </Style>
        <Style id="41324">
            <LineStyle id="41325">
                <color>ff295AF1</color>
                <colorMode>normal</colorMode>
                <width>4</width>
            </LineStyle>
        </Style>
        <Style id="41328">
            <LineStyle id="41329">
                <color>ff295AF1</color>
                <colorMode>normal</colorMode>
                <width>4</width>
            </LineStyle>
        </Style>
        <Style id="41332">
            <LineStyle id="41333">
                <color>ff295AF1</color>
                <colorMode>normal</colorMode>
                <width>4</width>
            </LineStyle>
        </Style>
        <Style id="41336">
            <LineStyle id="41337">
                <color>ff295AF1</color>
                <colorMode>normal</colorMode>
                <width>4</width>
            </LineStyle>
        </Style>
        <Style id="41340">
            <LineStyle id="41341">
                <color>ff295AF1</color>
                <colorMode>normal</colorMode>
                <width>4</width>
            </LineStyle>
        </Style>
        <Style id="41344">
            <LineStyle id="41345">
                <color>ff295AF1</color>
                <colorMode>normal</colorMode>
                <width>4</width>
            </LineStyle>
        </Style>
        <ExtendedData>
            <Data name="route-name">
                <value>17: Dago → Pasar Induk Caringin</value>
            </Data>
            <Data name="source">
                <value>Transport for Bandung</value>
            </Data>
        </ExtendedData>
        <Placemark id="40680">
            <name>Terminal Dago</name>
            <styleUrl>#40681</styleUrl>
            <Point id="40679">
                <coordinates>107.6212119,-6.8670778,0.0</coordinates>
            </Point>
        </Placemark>
        <Placemark id="40685">
            <name>Pasar Induk Caringin</name>
            <styleUrl>#40686</styleUrl>
            <Point id="40684">
                <coordinates>107.5831212,-6.9419015,0.0</coordinates>
            </Point>
        </Placemark>
        <Placemark id="40690">
            <name>Pasar Caringin</name>
            <styleUrl>#40691</styleUrl>
            <Point id="40689">
                <coordinates>107.5829792,-6.9419021,0.0</coordinates>
            </Point>
        </Placemark>
        <Placemark id="40695">
            <name>Jalan Cicendo</name>
            <styleUrl>#40696</styleUrl>
            <LineString id="40694">
                <coordinates>107.6044417,-6.9072201,0.0 107.6044521,-6.9072879,0.0 107.604458,-6.9073889,0.0 107.6044748,-6.9078654,0.0 107.6044776,-6.9079587,0.0 107.6044909,-6.9084617,0.0 107.6044917,-6.9087943,0.0 107.6044683,-6.9089756,0.0 107.6044333,-6.9091247,0.0 107.6043797,-6.9092856,0.0 107.6043042,-6.9094657,0.0 107.6042851,-6.9095101,0.0 107.6042598,-6.9095715,0.0 107.6042199,-6.9096823,0.0 107.6041664,-6.9098645,0.0 107.60413,-6.9100304,0.0 107.6041131,-6.910177,0.0 107.604095,-6.9104032,0.0 107.6040795,-6.910612,0.0 107.6040749,-6.9106747,0.0 107.6040736,-6.9106984,0.0 107.6040635,-6.9108642,0.0 107.6040608,-6.9109088,0.0 107.6039986,-6.911908,0.0 107.6039597,-6.9124977,0.0 107.6039561,-6.9125447,0.0</coordinates>
            </LineString>
        </Placemark>
        <Placemark id="40699">
            <name>Jalan Tamansari</name>
            <styleUrl>#40700</styleUrl>
            <LineString id="40698">
                <coordinates>107.6078452,-6.905436,0.0 107.6077876,-6.9055553,0.0 107.6077675,-6.9055968,0.0 107.6077286,-6.9056942,0.0 107.6076853,-6.905845,0.0</coordinates>
            </LineString>
        </Placemark>
        <Placemark id="40703">
            <name>Jalan L.L. RE. Martadinata</name>
            <styleUrl>#40704</styleUrl>
            <LineString id="40702">
                <coordinates>107.6079412,-6.9065104,0.0 107.6081981,-6.9065975,0.0 107.6083321,-6.9066257,0.0 107.6092299,-6.9067838,0.0 107.6093359,-6.9068089,0.0</coordinates>
            </LineString>
        </Placemark>
        <Placemark id="40707">
            <name>Jalan Purnawarman</name>
            <styleUrl>#40708</styleUrl>
            <LineString id="40706">
                <coordinates>107.6093744,-6.9081456,0.0 107.6093775,-6.9084083,0.0 107.6093813,-6.9085187,0.0 107.6093815,-6.908544,0.0 107.6093824,-6.9086525,0.0 107.6093841,-6.9088591,0.0 107.6093842,-6.9088763,0.0 107.6093811,-6.9088995,0.0 107.6093747,-6.9089464,0.0 107.6093527,-6.9090316,0.0 107.6092981,-6.9091183,0.0 107.6092179,-6.9091598,0.0 107.6091211,-6.9091702,0.0 107.6090771,-6.9091668,0.0 107.608636,-6.9091325,0.0 107.6085607,-6.9091266,0.0</coordinates>
            </LineString>
        </Placemark>
        <Placemark id="40711">
            <name>Jalan Pajajaran</name>
            <styleUrl>#40712</styleUrl>
            <LineString id="40710">
                <coordinates>107.6073865,-6.9076628,0.0 107.6073442,-6.9076324,0.0 107.6072754,-6.9075859,0.0 107.6071035,-6.9074752,0.0 107.6070242,-6.9074318,0.0 107.6068765,-6.907351,0.0 107.6066403,-6.907244,0.0 107.6065225,-6.9072053,0.0 107.6064209,-6.9071852,0.0 107.6062761,-6.9071663,0.0 107.6061572,-6.9071583,0.0 107.6058415,-6.9071486,0.0 107.6055894,-6.9071347,0.0</coordinates>
            </LineString>
        </Placemark>
        <Placemark id="40715">
            <name>Jalan Kebon Kawung</name>
            <styleUrl>#40716</styleUrl>
            <LineString id="40714">
                <coordinates>107.5982527,-6.912368,0.0 107.5981735,-6.9123668,0.0 107.5980964,-6.9123486,0.0 107.5980334,-6.9123085,0.0 107.5979805,-6.912262,0.0</coordinates>
            </LineString>
        </Placemark>
        <Placemark id="40719">
            <name>Jalan Kebon Kawung</name>
            <styleUrl>#40720</styleUrl>
            <LineString id="40718">
                <coordinates>107.6019305,-6.9125353,0.0 107.601745,-6.9125245,0.0</coordinates>
            </LineString>
        </Placemark>
        <Placemark id="40723">
            <name>Jalan Arjuna</name>
            <styleUrl>#40724</styleUrl>
            <LineString id="40722">
                <coordinates>107.5894771,-6.9112533,0.0 107.589637,-6.9111417,0.0 107.5896485,-6.9111321,0.0 107.5896621,-6.9111206,0.0 107.5897685,-6.9110326,0.0 107.5901279,-6.9106741,0.0 107.590669,-6.9100086,0.0 107.5908452,-6.9098054,0.0 107.5908573,-6.9097914,0.0 107.591241,-6.909349,0.0 107.5914503,-6.90912,0.0</coordinates>
            </LineString>
        </Placemark>
        <Placemark id="40727">
            <name>Jalan Andir</name>
            <styleUrl>#40728</styleUrl>
            <LineString id="40726">
                <coordinates>107.5834264,-6.911033,0.0 107.5832185,-6.9114573,0.0 107.5831708,-6.9115789,0.0 107.5828799,-6.9123206,0.0 107.5827181,-6.9128099,0.0 107.5826844,-6.9129382,0.0 107.5826203,-6.9131705,0.0 107.5825501,-6.9134115,0.0 107.5824879,-6.9136247,0.0 107.5824654,-6.9136893,0.0 107.5825828,-6.9137325,0.0 107.5830951,-6.9138431,0.0 107.5834946,-6.9139232,0.0 107.5835343,-6.9139303,0.0 107.5836061,-6.9139393,0.0</coordinates>
            </LineString>
        </Placemark>
        <Placemark id="40731">
            <name>Jalan Cikondang</name>
            <styleUrl>#40732</styleUrl>
            <LineString id="40730">
                <coordinates>107.6306643,-6.8918391,0.0 107.6305783,-6.8915677,0.0 107.6304562,-6.8912601,0.0 107.6303999,-6.891111,0.0 107.6303731,-6.8910152,0.0 107.6303288,-6.8908381,0.0 107.630298,-6.890653,0.0 107.6302718,-6.8903593,0.0 107.6302592,-6.8902907,0.0</coordinates>
            </LineString>
        </Placemark>
        <Placemark id="40735">
            <name>Jalan Purnawarman</name>
            <styleUrl>#40736</styleUrl>
            <LineString id="40734">
                <coordinates>107.6085607,-6.9091266,0.0 107.6084378,-6.9091059,0.0 107.6083701,-6.9090975,0.0 107.6082831,-6.909076,0.0 107.608135,-6.9090242,0.0</coordinates>
            </LineString>
        </Placemark>
        <Placemark id="40739">
            <name>Jalan Surapati</name>
            <styleUrl>#40740</styleUrl>
            <LineString id="40738">
                <coordinates>107.6167125,-6.8991863,0.0 107.6166576,-6.8991786,0.0</coordinates>
            </LineString>
        </Placemark>
        <Placemark id="40743">
            <name>Jalan Surapati</name>
            <styleUrl>#40744</styleUrl>
            <LineString id="40742">
                <coordinates>107.6199187,-6.8992847,0.0 107.6198037,-6.8993127,0.0</coordinates>
            </LineString>
        </Placemark>
        <Placemark id="40747">
            <name>Jalan Surapati</name>
            <styleUrl>#40748</styleUrl>
            <LineString id="40746">
                <coordinates>107.6272181,-6.8994982,0.0 107.6276128,-6.8995937,0.0 107.6279771,-6.8996818,0.0 107.62811,-6.8997221,0.0 107.6284084,-6.8998071,0.0 107.6284753,-6.8998262,0.0 107.6285873,-6.8998503,0.0 107.6287094,-6.8998644,0.0 107.6289085,-6.8998766,0.0 107.6292369,-6.8998595,0.0 107.6293496,-6.8998537,0.0 107.6294234,-6.8998417,0.0 107.6294905,-6.8998265,0.0 107.629705,-6.8997733,0.0 107.6298923,-6.8997215,0.0 107.6301923,-6.8996062,0.0 107.6303142,-6.8995517,0.0 107.6305872,-6.8993785,0.0 107.6307582,-6.8992701,0.0</coordinates>
            </LineString>
        </Placemark>
        <Placemark id="40751">
            <name>Jalan Prabudimuntur</name>
            <styleUrl>#40752</styleUrl>
            <LineString id="40750">
                <coordinates>107.6161849,-6.8991228,0.0 107.6158534,-6.8991356,0.0</coordinates>
            </LineString>
        </Placemark>
        <Placemark id="40755">
            <name>Jalan Pajajaran</name>
            <styleUrl>#40756</styleUrl>
            <LineString id="40754">
                <coordinates>107.6055894,-6.9071347,0.0 107.6053829,-6.907135,0.0</coordinates>
            </LineString>
        </Placemark>
        <Placemark id="40759">
            <name>Jalan Cigadung Raya Tengah</name>
            <styleUrl>#40760</styleUrl>
            <LineString id="40758">
                <coordinates>107.626616,-6.8833921,0.0 107.6268257,-6.8831758,0.0 107.6270484,-6.8829202,0.0 107.627169,-6.8827737,0.0 107.6271974,-6.8827376,0.0 107.6272643,-6.8826525,0.0 107.6273206,-6.882586,0.0 107.6274131,-6.8824382,0.0 107.6274525,-6.8823628,0.0 107.6274702,-6.8823222,0.0 107.627524,-6.8821709,0.0 107.6276716,-6.8822145,0.0 107.6277459,-6.8822384,0.0 107.6278979,-6.8822818,0.0 107.6279524,-6.882297,0.0 107.628073,-6.8823364,0.0 107.6281661,-6.8823883,0.0 107.6281837,-6.8824048,0.0 107.6282025,-6.8824328,0.0 107.628287,-6.8826272,0.0 107.6283078,-6.8826485,0.0 107.628331,-6.8826586,0.0 107.6283755,-6.8826744,0.0 107.6288224,-6.8827995,0.0 107.6288727,-6.8828104,0.0 107.6293215,-6.8829075,0.0 107.6293471,-6.8829154,0.0 107.6293592,-6.8829264,0.0 107.6293658,-6.8829428,0.0 107.6293716,-6.8832296,0.0 107.6293776,-6.8835282,0.0 107.6293597,-6.8836798,0.0 107.6292986,-6.8839018,0.0 107.6291961,-6.8842737,0.0 107.6291424,-6.8845399,0.0 107.6291223,-6.8845979,0.0 107.6291786,-6.8847796,0.0 107.6292996,-6.8850038,0.0 107.629478,-6.8852039,0.0 107.6296166,-6.8853593,0.0 107.6296574,-6.8853841,0.0 107.6299134,-6.8855858,0.0 107.630027,-6.8856667,0.0 107.6303543,-6.8859118,0.0</coordinates>
            </LineString>
        </Placemark>
        <Placemark id="40763">
            <name>Jalan Sawunggaling</name>
            <styleUrl>#40764</styleUrl>
            <LineString id="40762">
                <coordinates>107.6093662,-6.9001279,0.0 107.6094627,-6.9004538,0.0 107.6095765,-6.9008166,0.0 107.6097892,-6.9015071,0.0</coordinates>
            </LineString>
        </Placemark>
        <Placemark id="40767">
            <name>Jalan Tamansari</name>
            <styleUrl>#40768</styleUrl>
            <LineString id="40766">
                <coordinates>107.609463,-6.8995343,0.0 107.6094378,-6.8996708,0.0 107.6094246,-6.899734,0.0 107.6094023,-6.899871,0.0 107.6093662,-6.9001279,0.0</coordinates>
            </LineString>
        </Placemark>
        <Placemark id="40771">
            <name>Jalan Harian Banga</name>
            <styleUrl>#40772</styleUrl>
            <LineString id="40770">
                <coordinates>107.6090375,-6.9026143,0.0 107.6088443,-6.9027781,0.0 107.6087064,-6.9029289,0.0 107.6086131,-6.9030825,0.0 107.6085563,-6.903176,0.0</coordinates>
            </LineString>
        </Placemark>
        <Placemark id="40775">
            <name>Jalan Rangga Gadang</name>
            <styleUrl>#40776</styleUrl>
            <LineString id="40774">
                <coordinates>107.6101267,-6.9025859,0.0 107.6097888,-6.9026023,0.0</coordinates>
            </LineString>
        </Placemark>
        <Placemark id="40779">
            <name>Jalan Tamansari</name>
            <styleUrl>#40780</styleUrl>
            <LineString id="40778">
                <coordinates>107.6094395,-6.8994003,0.0 107.6094525,-6.8993899,0.0 107.6094682,-6.8993816,0.0 107.6094942,-6.8993742,0.0 107.6095212,-6.8993751,0.0 107.6095466,-6.8993843,0.0 107.6095679,-6.8994007,0.0 107.609583,-6.899423,0.0 107.6095905,-6.8994487,0.0 107.6095896,-6.8994756,0.0</coordinates>
            </LineString>
        </Placemark>
        <Placemark id="40783">
            <name>Jalan Pajajaran</name>
            <styleUrl>#40784</styleUrl>
            <LineString id="40782">
                <coordinates>107.5975328,-6.9064531,0.0 107.5972812,-6.9064634,0.0 107.5971648,-6.9064676,0.0 107.5970224,-6.9064779,0.0 107.5968205,-6.9064928,0.0</coordinates>
            </LineString>
        </Placemark>
        <Placemark id="40787">
            <name>Jalan HOS. Cokroaminoto</name>
            <styleUrl>#40788</styleUrl>
            <LineString id="40786">
                <coordinates>107.5976288,-6.9073749,0.0 107.5975909,-6.9072507,0.0 107.597581,-6.9071682,0.0 107.5975322,-6.9065723,0.0 107.5975328,-6.9064531,0.0</coordinates>
            </LineString>
        </Placemark>
        <Placemark id="40791">
            <name>Jalan Jamika</name>
            <styleUrl>#40792</styleUrl>
            <LineString id="40790">
                <coordinates>107.5865637,-6.9189871,0.0 107.586427,-6.9198273,0.0 107.5862144,-6.9209176,0.0</coordinates>
            </LineString>
        </Placemark>
        <Placemark id="40795">
            <name>Jalan Surapati</name>
            <styleUrl>#40796</styleUrl>
            <LineString id="40794">
                <coordinates>107.6271231,-6.8994764,0.0 107.6270152,-6.8994551,0.0</coordinates>
            </LineString>
        </Placemark>
        <Placemark id="40799">
            <name>Jalan Cikutra Barat</name>
            <styleUrl>#40800</styleUrl>
            <LineString id="40798">
                <coordinates>107.6354403,-6.8927469,0.0 107.6353255,-6.8926636,0.0</coordinates>
            </LineString>
        </Placemark>
        <Placemark id="40803">
            <name>Jalan HOS. Cokroaminoto</name>
            <styleUrl>#40804</styleUrl>
            <LineString id="40802">
                <coordinates>107.5979469,-6.9117824,0.0 107.5979313,-6.9116207,0.0</coordinates>
            </LineString>
        </Placemark>
        <Placemark id="40807">
            <name>Jalan Cikapayang</name>
            <styleUrl>#40808</styleUrl>
            <LineString id="40806">
                <coordinates>107.6116004,-6.8989618,0.0 107.6114407,-6.898925,0.0 107.6107648,-6.8987087,0.0 107.6103138,-6.8985301,0.0 107.6097817,-6.8983302,0.0 107.6096355,-6.8982983,0.0 107.6096257,-6.8982964,0.0 107.609539,-6.8982797,0.0</coordinates>
            </LineString>
        </Placemark>
        <Placemark id="40811">
            <name>Jalan Sawunggaling</name>
            <styleUrl>#40812</styleUrl>
            <LineString id="40810">
                <coordinates>107.6097892,-6.9015071,0.0 107.6100998,-6.9024998,0.0 107.6101267,-6.9025859,0.0</coordinates>
            </LineString>
        </Placemark>
        <Placemark id="40815">
            <name>Jalan Babakan Ciparay</name>
            <styleUrl>#40816</styleUrl>
            <LineString id="40814">
                <coordinates>107.5841436,-6.945791,0.0 107.5841947,-6.9452789,0.0 107.584199,-6.9452362,0.0 107.5842011,-6.945207,0.0 107.5842077,-6.9451521,0.0 107.5842101,-6.9451285,0.0 107.5842417,-6.9448211,0.0 107.584247,-6.9447692,0.0 107.5842565,-6.944676,0.0 107.5842703,-6.9445418,0.0 107.5842927,-6.944338,0.0 107.5842977,-6.9442754,0.0 107.5843556,-6.9437109,0.0</coordinates>
            </LineString>
        </Placemark>
        <Placemark id="40819">
            <name>Jalan Prabu Dimuntur</name>
            <styleUrl>#40820</styleUrl>
            <LineString id="40818">
                <coordinates>107.6158534,-6.8991356,0.0 107.6148451,-6.8991266,0.0 107.6136829,-6.8990999,0.0 107.6131076,-6.8990838,0.0 107.6130507,-6.8990822,0.0</coordinates>
            </LineString>
        </Placemark>
        <Placemark id="40823">
            <name>Jalan Tamansari</name>
            <styleUrl>#40824</styleUrl>
            <LineString id="40822">
                <coordinates>107.6084828,-6.903297,0.0 107.60825,-6.9039031,0.0 107.608236,-6.9039395,0.0 107.6082182,-6.903986,0.0 107.6081494,-6.9042152,0.0 107.6081315,-6.9043332,0.0 107.6081018,-6.9044925,0.0 107.6080917,-6.9045711,0.0 107.6080478,-6.904885,0.0 107.6080324,-6.9049528,0.0 107.6079073,-6.9053019,0.0 107.6078452,-6.905436,0.0</coordinates>
            </LineString>
        </Placemark>
        <Placemark id="40827">
            <name>Jalan Soekarno-Hatta</name>
            <styleUrl>#40828</styleUrl>
            <LineString id="40826">
                <coordinates>107.5863956,-6.9441848,0.0 107.5868373,-6.9443439,0.0 107.5870102,-6.9443993,0.0 107.5876247,-6.9446579,0.0 107.5878344,-6.9447464,0.0 107.5880579,-6.9448406,0.0 107.5883073,-6.9449457,0.0 107.5888658,-6.9451811,0.0</coordinates>
            </LineString>
        </Placemark>
        <Placemark id="40831">
            <name>Jalan Wastukancana</name>
            <styleUrl>#40832</styleUrl>
            <LineString id="40830">
                <coordinates>107.608135,-6.9090242,0.0 107.6079856,-6.9088682,0.0 107.6079388,-6.9087953,0.0 107.6078779,-6.9086773,0.0 107.6078276,-6.9085634,0.0 107.6077911,-6.9084463,0.0 107.6076596,-6.9080052,0.0</coordinates>
            </LineString>
        </Placemark>
        <Placemark id="40835">
            <name>Jalan Wastukancana</name>
            <styleUrl>#40836</styleUrl>
            <LineString id="40834">
                <coordinates>107.6077246,-6.9060495,0.0 107.6077494,-6.9061802,0.0 107.6077784,-6.906285,0.0 107.6078246,-6.906372,0.0 107.607872,-6.9064327,0.0 107.6079412,-6.9065104,0.0</coordinates>
            </LineString>
        </Placemark>
        <Placemark id="40839">
            <name>Jalan Cigadung Raya Barat</name>
            <styleUrl>#40840</styleUrl>
            <LineString id="40838">
                <coordinates>107.626616,-6.8833921,0.0 107.6265798,-6.8833228,0.0 107.6265455,-6.8832597,0.0 107.6264425,-6.8830772,0.0 107.6263229,-6.8828675,0.0 107.6262347,-6.8827029,0.0 107.6261759,-6.8826124,0.0 107.6260679,-6.8824305,0.0 107.6259609,-6.8822696,0.0 107.6256656,-6.8817907,0.0 107.6255692,-6.8816465,0.0 107.6253907,-6.881344,0.0 107.6252018,-6.8810041,0.0 107.6251295,-6.8808881,0.0 107.6248493,-6.8804388,0.0 107.6248279,-6.8803841,0.0 107.6247733,-6.8802625,0.0 107.6242299,-6.8792841,0.0 107.6240459,-6.8789528,0.0 107.6240149,-6.8788978,0.0 107.6239894,-6.8788405,0.0 107.6239116,-6.8786395,0.0 107.6238709,-6.8785247,0.0 107.6236902,-6.8780245,0.0 107.6236548,-6.8779331,0.0 107.6236414,-6.8778865,0.0 107.623632,-6.8778393,0.0 107.6236233,-6.8777867,0.0 107.6236146,-6.8777168,0.0 107.6236139,-6.8776555,0.0 107.6236386,-6.877348,0.0 107.6236526,-6.8769751,0.0 107.6236488,-6.8769065,0.0 107.6236387,-6.8768646,0.0 107.6236081,-6.876733,0.0 107.6235359,-6.8765547,0.0 107.6235007,-6.8764789,0.0 107.6233216,-6.8762042,0.0 107.6232802,-6.876134,0.0 107.6232017,-6.8760158,0.0 107.6230326,-6.8757529,0.0 107.6227516,-6.8753315,0.0 107.6226269,-6.8751178,0.0 107.6225954,-6.8750371,0.0 107.6225917,-6.874962,0.0 107.62259,-6.8749431,0.0 107.6225697,-6.8746743,0.0 107.6225463,-6.874175,0.0 107.6225419,-6.8740808,0.0 107.6225067,-6.8735757,0.0 107.6224874,-6.8732388,0.0 107.6224681,-6.8730352,0.0 107.622458,-6.8727663,0.0 107.6224569,-6.8727508,0.0 107.6224572,-6.8727305,0.0 107.6224572,-6.8725724,0.0 107.6224596,-6.8724441,0.0 107.6224647,-6.8721764,0.0 107.6224855,-6.8720303,0.0 107.6224959,-6.8719861,0.0 107.6225345,-6.871703,0.0 107.622543,-6.8716795,0.0 107.6226033,-6.8714915,0.0 107.622758,-6.8710906,0.0 107.623074,-6.8705122,0.0 107.6231253,-6.8703996,0.0 107.6233873,-6.8698105,0.0 107.6234315,-6.8697067,0.0 107.6236485,-6.8690747,0.0 107.6236974,-6.8689638,0.0 107.6239224,-6.8682394,0.0 107.6239586,-6.8681349,0.0 107.6240511,-6.8678496,0.0 107.6241098,-6.8677577,0.0 107.6242358,-6.8675751,0.0 107.6242697,-6.8675397,0.0 107.624322,-6.8674924,0.0 107.624498,-6.8673221,0.0</coordinates>
            </LineString>
        </Placemark>
        <Placemark id="40843">
            <name>Jalan Cigadung Raya Timur</name>
            <styleUrl>#40844</styleUrl>
            <LineString id="40842">
                <coordinates>107.6302592,-6.8902907,0.0 107.6302913,-6.8900805,0.0 107.630294,-6.8899607,0.0 107.6302846,-6.8898635,0.0 107.6302631,-6.8897876,0.0 107.6301639,-6.8895453,0.0 107.6301397,-6.8894627,0.0 107.6300861,-6.8892284,0.0 107.6300606,-6.889022,0.0 107.630048,-6.8888408,0.0 107.6300459,-6.8887957,0.0 107.6300606,-6.8884841,0.0 107.6300217,-6.888319,0.0 107.63,-6.888245,0.0 107.6299922,-6.8882185,0.0 107.6299728,-6.8881206,0.0 107.6299728,-6.8880168,0.0 107.6299815,-6.8879043,0.0 107.6300214,-6.8877207,0.0 107.6300324,-6.88767,0.0 107.6300646,-6.8875281,0.0 107.6300915,-6.8873591,0.0 107.6301116,-6.8871973,0.0 107.6301463,-6.8870352,0.0 107.6301961,-6.8868025,0.0 107.6302092,-6.8867188,0.0 107.6302218,-6.8866373,0.0 107.6302377,-6.8865544,0.0 107.6302779,-6.886344,0.0 107.6303147,-6.8861248,0.0 107.6303447,-6.8859635,0.0 107.6303543,-6.8859118,0.0</coordinates>
            </LineString>
        </Placemark>
        <Placemark id="40847">
            <name>Jalan Arjuna</name>
            <styleUrl>#40848</styleUrl>
            <LineString id="40846">
                <coordinates>107.5930436,-6.9070358,0.0 107.5928021,-6.907358,0.0 107.592661,-6.9075525,0.0 107.5926308,-6.9075901,0.0</coordinates>
            </LineString>
        </Placemark>
        <Placemark id="40851">
            <name>Jalan Andir</name>
            <styleUrl>#40852</styleUrl>
            <LineString id="40850">
                <coordinates>107.5836061,-6.9139393,0.0 107.5835939,-6.9139881,0.0 107.5834714,-6.9144995,0.0 107.5833358,-6.915074,0.0</coordinates>
            </LineString>
        </Placemark>
        <Placemark id="40855">
            <name>Jalan Rajawali Timur</name>
            <styleUrl>#40856</styleUrl>
            <LineString id="40854">
                <coordinates>107.5833358,-6.915074,0.0 107.5835594,-6.9151467,0.0 107.5840232,-6.9153004,0.0 107.5842925,-6.915391,0.0 107.5852149,-6.9157051,0.0</coordinates>
            </LineString>
        </Placemark>
        <Placemark id="40859">
            <name>Jalan Jendral Sudirman</name>
            <styleUrl>#40860</styleUrl>
            <LineString id="40858">
                <coordinates>107.5901619,-6.9191118,0.0 107.5899941,-6.9190912,0.0 107.5890027,-6.9189756,0.0 107.588854,-6.9189576,0.0 107.5883961,-6.918904,0.0 107.5882748,-6.9188882,0.0 107.5879832,-6.9188506,0.0 107.5875374,-6.9188022,0.0 107.5874461,-6.9187925,0.0 107.5872972,-6.9187784,0.0 107.5871809,-6.9187671,0.0 107.5871599,-6.9187651,0.0 107.5869453,-6.9187438,0.0</coordinates>
            </LineString>
        </Placemark>
        <Placemark id="40863">
            <name>Jalan Rajawali Timur</name>
            <styleUrl>#40864</styleUrl>
            <LineString id="40862">
                <coordinates>107.5858278,-6.9159293,0.0 107.586207,-6.9160255,0.0 107.5867681,-6.9161031,0.0 107.5869736,-6.9161257,0.0 107.5871337,-6.9161429,0.0 107.5875979,-6.916198,0.0 107.5884061,-6.9162871,0.0 107.5887476,-6.9163221,0.0 107.5891041,-6.9163648,0.0 107.5895676,-6.9164212,0.0 107.5900717,-6.9164757,0.0 107.5904668,-6.9165055,0.0</coordinates>
            </LineString>
        </Placemark>
        <Placemark id="40867">
            <name>Jalan Rajawali Timur</name>
            <styleUrl>#40868</styleUrl>
            <LineString id="40866">
                <coordinates>107.5852149,-6.9157051,0.0 107.5853724,-6.9157654,0.0 107.5855994,-6.9158493,0.0 107.5858278,-6.9159293,0.0</coordinates>
            </LineString>
        </Placemark>
        <Placemark id="40871">
            <name>Jalan Ciroyom</name>
            <styleUrl>#40872</styleUrl>
            <LineString id="40870">
                <coordinates>107.5858255,-6.912692,0.0 107.5857994,-6.912677,0.0 107.5857541,-6.912651,0.0 107.5857253,-6.9126318,0.0 107.584839,-6.912027,0.0 107.5845003,-6.911786,0.0 107.5839364,-6.9113821,0.0 107.5838485,-6.9113187,0.0 107.5834264,-6.911033,0.0</coordinates>
            </LineString>
        </Placemark>
        <Placemark id="40875">
            <name>Jalan Peta</name>
            <styleUrl>#40876</styleUrl>
            <LineString id="40874">
                <coordinates>107.5855544,-6.9267155,0.0 107.5855884,-6.9268123,0.0</coordinates>
            </LineString>
        </Placemark>
        <Placemark id="40879">
            <name>Jalan Terusan Pasir Koja</name>
            <styleUrl>#40880</styleUrl>
            <LineString id="40878">
                <coordinates>107.5816898,-6.9282976,0.0 107.5807152,-6.928674,0.0 107.5799204,-6.928981,0.0 107.5795877,-6.9291095,0.0 107.5794257,-6.929172,0.0 107.5793217,-6.9292122,0.0 107.5785692,-6.9295028,0.0 107.5783628,-6.9295826,0.0</coordinates>
            </LineString>
        </Placemark>
        <Placemark id="40883">
            <name>Jalan Soekarno-Hatta</name>
            <styleUrl>#40884</styleUrl>
            <LineString id="40882">
                <coordinates>107.584417,-6.9431127,0.0 107.584274,-6.9430061,0.0</coordinates>
            </LineString>
        </Placemark>
        <Placemark id="40887">
            <name>Jalan Raya Golf</name>
            <styleUrl>#40888</styleUrl>
            <LineString id="40886">
                <coordinates>107.624498,-6.8673221,0.0 107.6245552,-6.8672698,0.0 107.6247306,-6.8671252,0.0 107.6249029,-6.8669984,0.0 107.6250794,-6.8668751,0.0 107.6252588,-6.8667184,0.0 107.6254114,-6.8665768,0.0 107.6254995,-6.8664818,0.0 107.6255182,-6.8664591,0.0 107.6257047,-6.8662648,0.0 107.6257476,-6.8662169,0.0 107.6257905,-6.8661689,0.0 107.6258871,-6.8660232,0.0 107.6259236,-6.8659675,0.0 107.6260061,-6.8658332,0.0 107.6260236,-6.8657976,0.0 107.6260473,-6.865749,0.0 107.6260806,-6.8656234,0.0 107.6260926,-6.8655728,0.0 107.626101,-6.8655445,0.0 107.6261542,-6.8653994,0.0 107.6261813,-6.8653262,0.0 107.6262217,-6.8652261,0.0 107.6262609,-6.865122,0.0</coordinates>
            </LineString>
        </Placemark>
        <Placemark id="40891">
            <name>Jalan Cikapayang</name>
            <styleUrl>#40892</styleUrl>
            <LineString id="40890">
                <coordinates>107.6128191,-6.899075,0.0 107.6127289,-6.8990723,0.0</coordinates>
            </LineString>
        </Placemark>
        <Placemark id="40895">
            <name>Jalan Pahlawan</name>
            <styleUrl>#40896</styleUrl>
            <LineString id="40894">
                <coordinates>107.6355463,-6.8928327,0.0 107.6354602,-6.8931739,0.0 107.6354258,-6.8933137,0.0 107.6353388,-6.893703,0.0 107.6353178,-6.8937938,0.0 107.6352099,-6.8942649,0.0 107.6351452,-6.8945475,0.0 107.6350337,-6.8949709,0.0 107.6349426,-6.8953783,0.0 107.6348789,-6.8956164,0.0 107.6347529,-6.8961255,0.0 107.6345969,-6.8966637,0.0 107.634576,-6.8967506,0.0 107.6344418,-6.8973156,0.0 107.6343816,-6.8976003,0.0 107.6341816,-6.8977908,0.0</coordinates>
            </LineString>
        </Placemark>
        <Placemark id="40899">
            <name>Jalan HOS. Cokroaminoto</name>
            <styleUrl>#40900</styleUrl>
            <LineString id="40898">
                <coordinates>107.5979313,-6.9116207,0.0 107.5979188,-6.9114098,0.0 107.5978086,-6.909947,0.0 107.5978015,-6.9098566,0.0 107.5977774,-6.9094546,0.0 107.5977427,-6.9089045,0.0 107.5976909,-6.9082042,0.0 107.5976849,-6.9081059,0.0 107.5976772,-6.9080121,0.0 107.5976288,-6.9073749,0.0</coordinates>
            </LineString>
        </Placemark>
        <Placemark id="40903">
            <name>Jalan HOS. Cokroaminoto</name>
            <styleUrl>#40904</styleUrl>
            <LineString id="40902">
                <coordinates>107.5979805,-6.912262,0.0 107.5979469,-6.9117824,0.0</coordinates>
            </LineString>
        </Placemark>
        <Placemark id="40907">
            <name>Jalan Cikutra Barat</name>
            <styleUrl>#40908</styleUrl>
            <LineString id="40906">
                <coordinates>107.6345337,-6.8924399,0.0 107.6344477,-6.8924268,0.0 107.6342792,-6.8924016,0.0 107.6339487,-6.8923617,0.0 107.6332532,-6.8922846,0.0 107.6326048,-6.8922337,0.0 107.6322674,-6.8922234,0.0 107.6318758,-6.8922202,0.0 107.6311643,-6.8922471,0.0 107.6310061,-6.8922374,0.0 107.6309022,-6.8922127,0.0 107.6308369,-6.8921917,0.0 107.6307496,-6.8921635,0.0</coordinates>
            </LineString>
        </Placemark>
        <Placemark id="40911">
            <name>Jalan Surapati</name>
            <styleUrl>#40912</styleUrl>
            <LineString id="40910">
                <coordinates>107.6317478,-6.89851,0.0 107.6317973,-6.8984824,0.0 107.6318468,-6.8984548,0.0 107.6318874,-6.8984409,0.0 107.6321413,-6.8983546,0.0 107.6322627,-6.8983133,0.0 107.6323113,-6.8982992,0.0 107.6323546,-6.8982866,0.0 107.6324173,-6.8982682,0.0 107.6324886,-6.8982473,0.0 107.6326134,-6.8982107,0.0 107.632649,-6.8982011,0.0 107.6328162,-6.8981559,0.0 107.6328451,-6.8981481,0.0 107.6329499,-6.8981174,0.0 107.6330521,-6.8980875,0.0 107.6332834,-6.8980179,0.0 107.6336231,-6.897911,0.0 107.6336669,-6.8978975,0.0 107.633968,-6.8978245,0.0 107.6341816,-6.8977908,0.0</coordinates>
            </LineString>
        </Placemark>
        <Placemark id="40915">
            <name>Jalan Rangga Gadang</name>
            <styleUrl>#40916</styleUrl>
            <LineString id="40914">
                <coordinates>107.6097888,-6.9026023,0.0 107.6090375,-6.9026143,0.0</coordinates>
            </LineString>
        </Placemark>
        <Placemark id="40919">
            <name>Jalan Soekarno-Hatta</name>
            <styleUrl>#40920</styleUrl>
            <LineString id="40918">
                <coordinates>107.5761295,-6.9307327,0.0 107.5762615,-6.9311707,0.0 107.5763049,-6.9313117,0.0 107.5764914,-6.9319172,0.0 107.5765033,-6.9319558,0.0 107.5765867,-6.9321758,0.0 107.5766269,-6.9322818,0.0 107.576671,-6.9323901,0.0 107.5767329,-6.9325425,0.0 107.576819,-6.9327555,0.0 107.576953,-6.9330874,0.0 107.5770589,-6.933306,0.0 107.5771271,-6.9334469,0.0 107.5773591,-6.9339262,0.0 107.5774678,-6.9341351,0.0 107.577519,-6.9342396,0.0 107.5778296,-6.9347499,0.0 107.5783524,-6.9355244,0.0 107.578457,-6.9356736,0.0 107.5788041,-6.9361935,0.0 107.5788416,-6.9362517,0.0 107.5795763,-6.937339,0.0 107.5796223,-6.9374056,0.0 107.5796859,-6.937498,0.0 107.5797906,-6.9376502,0.0 107.579936,-6.937863,0.0 107.5802287,-6.9382866,0.0 107.5803153,-6.9384059,0.0 107.5803728,-6.9384851,0.0 107.5804612,-6.9386169,0.0 107.5805598,-6.9387753,0.0 107.5806433,-6.9388996,0.0 107.5807733,-6.9390932,0.0 107.5807999,-6.9391335,0.0 107.5808244,-6.9391671,0.0 107.580938,-6.9393311,0.0 107.5810191,-6.9394536,0.0 107.5812002,-6.9397265,0.0 107.5815443,-6.9401906,0.0 107.5815743,-6.9402311,0.0 107.5817044,-6.9404068,0.0 107.5818291,-6.9405652,0.0 107.5820397,-6.9408049,0.0 107.5823106,-6.941111,0.0</coordinates>
            </LineString>
        </Placemark>
        <Placemark id="40923">
            <name>Jalan Surapati</name>
            <styleUrl>#40924</styleUrl>
            <LineString id="40922">
                <coordinates>107.6271231,-6.8994764,0.0 107.6271702,-6.8994872,0.0</coordinates>
            </LineString>
        </Placemark>
        <Placemark id="40927">
            <name>Jalan Surapati</name>
            <styleUrl>#40928</styleUrl>
            <LineString id="40926">
                <coordinates>107.6196186,-6.8993139,0.0 107.6195284,-6.899317,0.0 107.6193467,-6.8993194,0.0</coordinates>
            </LineString>
        </Placemark>
        <Placemark id="40931">
            <name>Jalan Kyai Haji Wahid Hasyim</name>
            <styleUrl>#40932</styleUrl>
            <LineString id="40930">
                <coordinates>107.5892156,-6.9462748,0.0 107.5891756,-6.9463347,0.0 107.5887787,-6.9469287,0.0</coordinates>
            </LineString>
        </Placemark>
        <Placemark id="40935">
            <name>Jalan Pajajaran</name>
            <styleUrl>#40936</styleUrl>
            <LineString id="40934">
                <coordinates>107.6076596,-6.9080052,0.0 107.607602,-6.9079117,0.0 107.607563,-6.9078579,0.0 107.607537,-6.907823,0.0 107.607465,-6.9077399,0.0 107.6073865,-6.9076628,0.0</coordinates>
            </LineString>
        </Placemark>
        <Placemark id="40939">
            <name>Jalan Surapati</name>
            <styleUrl>#40940</styleUrl>
            <LineString id="40938">
                <coordinates>107.6191372,-6.8993236,0.0 107.6190846,-6.8993251,0.0 107.618152,-6.8993732,0.0 107.6180165,-6.8993687,0.0 107.6176554,-6.8993298,0.0 107.6168232,-6.8991861,0.0 107.6167125,-6.8991863,0.0</coordinates>
            </LineString>
        </Placemark>
        <Placemark id="40943">
            <name>Jalan Ir. H. Djuanda</name>
            <styleUrl>#40944</styleUrl>
            <LineString id="40942">
                <coordinates>107.6258308,-6.8633515,0.0 107.6257288,-6.8633156,0.0 107.6254359,-6.863256,0.0 107.6253225,-6.8632383,0.0 107.6252469,-6.863233,0.0 107.62521,-6.8632302,0.0 107.6251572,-6.8632365,0.0 107.6251102,-6.8632411,0.0 107.6250315,-6.863261,0.0 107.6249591,-6.86329,0.0 107.6249041,-6.8633221,0.0 107.6248069,-6.8633788,0.0 107.6246534,-6.8634784,0.0 107.6245821,-6.8635247,0.0 107.6243344,-6.8637055,0.0 107.6242332,-6.8637903,0.0 107.6241992,-6.8638187,0.0 107.6241423,-6.8638781,0.0 107.624106,-6.8639295,0.0 107.624031,-6.8640482,0.0 107.6239435,-6.8642353,0.0 107.6238875,-6.8643595,0.0 107.623866,-6.8643922,0.0 107.6238634,-6.8643961,0.0 107.6238384,-6.8644167,0.0</coordinates>
            </LineString>
        </Placemark>
        <Placemark id="40947">
            <name>Jalan Waringin</name>
            <styleUrl>#40948</styleUrl>
            <LineString id="40946">
                <coordinates>107.5910563,-6.9165402,0.0 107.5910536,-6.9168729,0.0 107.5910124,-6.9175282,0.0 107.5909607,-6.9178884,0.0 107.5909486,-6.9179876,0.0 107.5909124,-6.9180474,0.0 107.5907461,-6.9181822,0.0 107.5904657,-6.9183674,0.0 107.5903014,-6.9184759,0.0 107.5902547,-6.9185067,0.0 107.5902107,-6.9185633,0.0 107.5901863,-6.9186612,0.0 107.5901619,-6.9191118,0.0</coordinates>
            </LineString>
        </Placemark>
        <Placemark id="40951">
            <name>Terminal Dago</name>
            <styleUrl>#40952</styleUrl>
            <LineString id="40950">
                <coordinates>107.6212119,-6.8670778,0.0 107.62112,-6.8672823,0.0 107.6208429,-6.8672088,0.0</coordinates>
            </LineString>
        </Placemark>
        <Placemark id="40955">
            <name>Jalan Pajajaran</name>
            <styleUrl>#40956</styleUrl>
            <LineString id="40954">
                <coordinates>107.6053829,-6.907135,0.0 107.6051824,-6.9071438,0.0 107.6051387,-6.9071446,0.0 107.6045501,-6.9071569,0.0 107.6045,-6.907158,0.0</coordinates>
            </LineString>
        </Placemark>
        <Placemark id="40959">
            <name>Route Segment</name>
            <styleUrl>#40960</styleUrl>
            <LineString id="40958">
                <coordinates>107.5869453,-6.9187438,0.0 107.5868574,-6.918765,0.0 107.5867875,-6.9187896,0.0 107.5867442,-6.9188053,0.0 107.5867226,-6.9188188,0.0 107.5866461,-6.9188668,0.0 107.5866156,-6.918897,0.0 107.5865637,-6.9189871,0.0</coordinates>
            </LineString>
        </Placemark>
        <Placemark id="40963">
            <name>Jalan Surapati</name>
            <styleUrl>#40964</styleUrl>
            <LineString id="40962">
                <coordinates>107.6307582,-6.8992701,0.0 107.6308381,-6.8992037,0.0</coordinates>
            </LineString>
        </Placemark>
        <Placemark id="40967">
            <name>Jalan Surapati</name>
            <styleUrl>#40968</styleUrl>
            <LineString id="40966">
                <coordinates>107.6308381,-6.8992037,0.0 107.6311531,-6.8989603,0.0 107.6312287,-6.8989035,0.0 107.6312754,-6.8988684,0.0 107.6313109,-6.8988418,0.0 107.6313558,-6.8988028,0.0 107.631476,-6.8987124,0.0 107.6317478,-6.89851,0.0</coordinates>
            </LineString>
        </Placemark>
        <Placemark id="40971">
            <name>Jalan Arjuna</name>
            <styleUrl>#40972</styleUrl>
            <LineString id="40970">
                <coordinates>107.591537,-6.9090238,0.0 107.5917513,-6.9087742,0.0</coordinates>
            </LineString>
        </Placemark>
        <Placemark id="40975">
            <name>Jalan Arjuna</name>
            <styleUrl>#40976</styleUrl>
            <LineString id="40974">
                <coordinates>107.5914503,-6.90912,0.0 107.591537,-6.9090238,0.0</coordinates>
            </LineString>
        </Placemark>
        <Placemark id="40979">
            <name>Jalan Pajajaran</name>
            <styleUrl>#40980</styleUrl>
            <LineString id="40978">
                <coordinates>107.5959262,-6.9065893,0.0 107.5952568,-6.9066609,0.0 107.595037,-6.9066943,0.0 107.5945793,-6.9067595,0.0 107.5945435,-6.9067649,0.0 107.5942472,-6.906822,0.0 107.5941987,-6.9068309,0.0 107.594084,-6.9068527,0.0 107.5937537,-6.9069123,0.0 107.5936226,-6.9069359,0.0 107.5930436,-6.9070358,0.0</coordinates>
            </LineString>
        </Placemark>
        <Placemark id="40983">
            <name>Jalan Ir. H. Djuanda</name>
            <styleUrl>#40984</styleUrl>
            <LineString id="40982">
                <coordinates>107.6210315,-6.8664175,0.0 107.6209571,-6.8666587,0.0 107.6209442,-6.866704,0.0</coordinates>
            </LineString>
        </Placemark>
        <Placemark id="40987">
            <name>Jalan Ir. H. Djuanda</name>
            <styleUrl>#40988</styleUrl>
            <LineString id="40986">
                <coordinates>107.6221956,-6.8652281,0.0 107.6219105,-6.8654294,0.0 107.6216825,-6.8655422,0.0 107.6214718,-6.8656235,0.0 107.6213783,-6.8656843,0.0 107.6213318,-6.8657216,0.0 107.6212724,-6.8657895,0.0 107.6212138,-6.8658951,0.0 107.6211687,-6.8659986,0.0 107.6211032,-6.8661989,0.0 107.6210315,-6.8664175,0.0</coordinates>
            </LineString>
        </Placemark>
        <Placemark id="40991">
            <name>Jalan Ir. H. Djuanda</name>
            <styleUrl>#40992</styleUrl>
            <LineString id="40990">
                <coordinates>107.6221956,-6.8652281,0.0 107.6223016,-6.8651835,0.0 107.6225451,-6.8650353,0.0 107.6230386,-6.8647116,0.0 107.6231641,-6.8646661,0.0 107.6233288,-6.8645823,0.0 107.6234072,-6.8645128,0.0 107.6234335,-6.8644926,0.0 107.6235083,-6.8644733,0.0 107.623615,-6.864456,0.0 107.6236863,-6.86445,0.0 107.6237802,-6.8644351,0.0 107.6238384,-6.8644167,0.0</coordinates>
            </LineString>
        </Placemark>
        <Placemark id="40995">
            <name>Jalan Soekarno-Hatta</name>
            <styleUrl>#40996</styleUrl>
            <LineString id="40994">
                <coordinates>107.5831212,-6.9419015,0.0 107.5831836,-6.9419591,0.0 107.5834599,-6.9422141,0.0 107.5835578,-6.942293,0.0 107.583608,-6.942339,0.0 107.5838985,-6.9425994,0.0 107.5842331,-6.9428621,0.0 107.5842817,-6.9429003,0.0 107.5844282,-6.9430135,0.0</coordinates>
            </LineString>
        </Placemark>
        <Placemark id="40999">
            <name>Jalan Soekarno-Hatta</name>
            <styleUrl>#41000</styleUrl>
            <LineString id="40998">
                <coordinates>107.584274,-6.9430061,0.0 107.5841772,-6.942931,0.0 107.5839709,-6.9427711,0.0 107.5834854,-6.9423721,0.0</coordinates>
            </LineString>
        </Placemark>
        <Placemark id="41003">
            <name>Jalan Terusan Pasir Koja</name>
            <styleUrl>#41004</styleUrl>
            <LineString id="41002">
                <coordinates>107.5842232,-6.9273144,0.0 107.5840952,-6.927361,0.0</coordinates>
            </LineString>
        </Placemark>
        <Placemark id="41007">
            <name>Jalan Terusan Pasir Koja</name>
            <styleUrl>#41008</styleUrl>
            <LineString id="41006">
                <coordinates>107.5852085,-6.9269571,0.0 107.5849563,-6.9270511,0.0 107.584617,-6.9271777,0.0 107.5842232,-6.9273144,0.0</coordinates>
            </LineString>
        </Placemark>
        <Placemark id="41011">
            <name>Jalan Terusan Pasir Koja</name>
            <styleUrl>#41012</styleUrl>
            <LineString id="41010">
                <coordinates>107.5819475,-6.9282057,0.0 107.5816898,-6.9282976,0.0</coordinates>
            </LineString>
        </Placemark>
        <Placemark id="41015">
            <name>Jalan Terusan Pasir Koja</name>
            <styleUrl>#41016</styleUrl>
            <LineString id="41014">
                <coordinates>107.5840952,-6.927361,0.0 107.5837804,-6.9274848,0.0 107.5828888,-6.9278355,0.0 107.5821832,-6.928113,0.0 107.5819475,-6.9282057,0.0</coordinates>
            </LineString>
        </Placemark>
        <Placemark id="41019">
            <name>Jalan Jamika</name>
            <styleUrl>#41020</styleUrl>
            <LineString id="41018">
                <coordinates>107.5860074,-6.9222428,0.0 107.5858937,-6.9228972,0.0 107.5858209,-6.9235226,0.0 107.5858172,-6.9235544,0.0 107.5857993,-6.9237081,0.0 107.5857538,-6.9243078,0.0 107.5856919,-6.9250277,0.0 107.5856441,-6.9255835,0.0 107.5856161,-6.9259096,0.0</coordinates>
            </LineString>
        </Placemark>
        <Placemark id="41023">
            <name>Jalan Cicendo</name>
            <styleUrl>#41024</styleUrl>
            <LineString id="41022">
                <coordinates>107.6039561,-6.9125447,0.0 107.603934,-6.912602,0.0 107.6039133,-6.9126367,0.0 107.603885,-6.9126611,0.0</coordinates>
            </LineString>
        </Placemark>
        <Placemark id="41027">
            <name>Jalan Pajajaran</name>
            <styleUrl>#41028</styleUrl>
            <LineString id="41026">
                <coordinates>107.5968205,-6.9064928,0.0 107.5966166,-6.906518,0.0 107.5964032,-6.9065473,0.0 107.5961119,-6.9066005,0.0 107.5960526,-6.9066041,0.0 107.5959951,-6.9065992,0.0 107.5959262,-6.9065893,0.0</coordinates>
            </LineString>
        </Placemark>
        <Placemark id="41031">
            <name>Jalan Caringin</name>
            <styleUrl>#41032</styleUrl>
            <LineString id="41030">
                <coordinates>107.5860591,-6.9463521,0.0 107.5860161,-6.9463406,0.0 107.58576,-6.9462721,0.0 107.5857209,-6.9462616,0.0 107.5855655,-6.9462201,0.0 107.5854608,-6.9461921,0.0 107.5853214,-6.9461542,0.0 107.585238,-6.9461305,0.0 107.5851148,-6.946098,0.0 107.5850822,-6.946091,0.0 107.5846307,-6.9459596,0.0 107.5844601,-6.9458999,0.0 107.5844085,-6.9458827,0.0 107.584196,-6.9458091,0.0 107.5841436,-6.945791,0.0</coordinates>
            </LineString>
        </Placemark>
        <Placemark id="41035">
            <name>Jalan Surapati</name>
            <styleUrl>#41036</styleUrl>
            <LineString id="41034">
                <coordinates>107.6271702,-6.8994872,0.0 107.6272181,-6.8994982,0.0</coordinates>
            </LineString>
        </Placemark>
        <Placemark id="41039">
            <name>Jalan Tamansari</name>
            <styleUrl>#41040</styleUrl>
            <LineString id="41038">
                <coordinates>107.6093542,-6.8987039,0.0 107.6093403,-6.8987437,0.0 107.6093287,-6.8987769,0.0 107.6093124,-6.8988238,0.0 107.6093049,-6.898862,0.0</coordinates>
            </LineString>
        </Placemark>
        <Placemark id="41043">
            <name>Jalan Harian Banga</name>
            <styleUrl>#41044</styleUrl>
            <LineString id="41042">
                <coordinates>107.6085563,-6.903176,0.0 107.6084828,-6.903297,0.0</coordinates>
            </LineString>
        </Placemark>
        <Placemark id="41047">
            <name>Jalan Pajajaran</name>
            <styleUrl>#41048</styleUrl>
            <LineString id="41046">
                <coordinates>107.6045,-6.907158,0.0 107.6044996,-6.907174,0.0 107.6044946,-6.9071893,0.0 107.6044854,-6.9072025,0.0 107.6044728,-6.9072125,0.0 107.6044578,-6.9072185,0.0 107.6044417,-6.9072201,0.0</coordinates>
            </LineString>
        </Placemark>
        <Placemark id="41051">
            <name>Jalan Jamika</name>
            <styleUrl>#41052</styleUrl>
            <LineString id="41050">
                <coordinates>107.5856161,-6.9259096,0.0 107.5855781,-6.9264302,0.0</coordinates>
            </LineString>
        </Placemark>
        <Placemark id="41055">
            <name>Jalan Jamika</name>
            <styleUrl>#41056</styleUrl>
            <LineString id="41054">
                <coordinates>107.5855781,-6.9264302,0.0 107.5855544,-6.9267155,0.0</coordinates>
            </LineString>
        </Placemark>
        <Placemark id="41059">
            <name>Jalan Surapati</name>
            <styleUrl>#41060</styleUrl>
            <LineString id="41058">
                <coordinates>107.6203167,-6.899282,0.0 107.6200546,-6.8992858,0.0 107.6199728,-6.8992862,0.0 107.6199187,-6.8992847,0.0</coordinates>
            </LineString>
        </Placemark>
        <Placemark id="41063">
            <name>Jalan Surapati</name>
            <styleUrl>#41064</styleUrl>
            <LineString id="41062">
                <coordinates>107.6193467,-6.8993194,0.0 107.6191372,-6.8993236,0.0</coordinates>
            </LineString>
        </Placemark>
        <Placemark id="41067">
            <name>Jalan Prabu Dimuntur</name>
            <styleUrl>#41068</styleUrl>
            <LineString id="41066">
                <coordinates>107.6130507,-6.8990822,0.0 107.6129037,-6.8990787,0.0 107.6128833,-6.8990781,0.0 107.6128191,-6.899075,0.0</coordinates>
            </LineString>
        </Placemark>
        <Placemark id="41071">
            <name>Jalan Pasir Koja</name>
            <styleUrl>#41072</styleUrl>
            <LineString id="41070">
                <coordinates>107.5855884,-6.9268123,0.0 107.5855099,-6.9268473,0.0</coordinates>
            </LineString>
        </Placemark>
        <Placemark id="41075">
            <name>Jalan Soekarno-Hatta</name>
            <styleUrl>#41076</styleUrl>
            <LineString id="41074">
                <coordinates>107.5894219,-6.9454078,0.0 107.5896531,-6.9454988,0.0 107.5897088,-6.945521,0.0</coordinates>
            </LineString>
        </Placemark>
        <Placemark id="41079">
            <name>Jalan Ir. H. Djuanda</name>
            <styleUrl>#41080</styleUrl>
            <LineString id="41078">
                <coordinates>107.6208429,-6.8672088,0.0 107.6207501,-6.8675619,0.0 107.6207137,-6.8676929,0.0 107.6206807,-6.8678426,0.0 107.6206511,-6.8680596,0.0</coordinates>
            </LineString>
        </Placemark>
        <Placemark id="41083">
            <name>Jalan Jamika</name>
            <styleUrl>#41084</styleUrl>
            <LineString id="41082">
                <coordinates>107.5862144,-6.9209176,0.0 107.5860687,-6.9217892,0.0</coordinates>
            </LineString>
        </Placemark>
        <Placemark id="41087">
            <name>Jalan Jamika</name>
            <styleUrl>#41088</styleUrl>
            <LineString id="41086">
                <coordinates>107.5860687,-6.9217892,0.0 107.5860408,-6.9219918,0.0</coordinates>
            </LineString>
        </Placemark>
        <Placemark id="41091">
            <name>Jalan Surapati</name>
            <styleUrl>#41092</styleUrl>
            <LineString id="41090">
                <coordinates>107.6198037,-6.8993127,0.0 107.6196186,-6.8993139,0.0</coordinates>
            </LineString>
        </Placemark>
        <Placemark id="41095">
            <name>Jalan Tamansari</name>
            <styleUrl>#41096</styleUrl>
            <LineString id="41094">
                <coordinates>107.609539,-6.8982797,0.0 107.6095278,-6.898317,0.0 107.6095258,-6.8983236,0.0 107.6093542,-6.8987039,0.0</coordinates>
            </LineString>
        </Placemark>
        <Placemark id="41099">
            <name>Jalan Cikondang</name>
            <styleUrl>#41100</styleUrl>
            <LineString id="41098">
                <coordinates>107.6307496,-6.8921635,0.0 107.6307475,-6.8921556,0.0 107.6306643,-6.8918391,0.0</coordinates>
            </LineString>
        </Placemark>
        <Placemark id="41103">
            <name>Jalan Soekarno-Hatta</name>
            <styleUrl>#41104</styleUrl>
            <LineString id="41102">
                <coordinates>107.5849105,-6.9433545,0.0 107.5850407,-6.9434372,0.0 107.5853375,-6.9436258,0.0 107.58577,-6.9438614,0.0 107.5860174,-6.9439945,0.0 107.586299,-6.9441384,0.0 107.5863956,-6.9441848,0.0</coordinates>
            </LineString>
        </Placemark>
        <Placemark id="41107">
            <name>Jalan Cikapayang</name>
            <styleUrl>#41108</styleUrl>
            <LineString id="41106">
                <coordinates>107.6127289,-6.8990723,0.0 107.6125878,-6.8990687,0.0 107.6124834,-6.8990635,0.0 107.6121445,-6.8990467,0.0 107.6120546,-6.8990335,0.0 107.6117344,-6.8989863,0.0 107.6116004,-6.8989618,0.0</coordinates>
            </LineString>
        </Placemark>
        <Placemark id="41111">
            <name>Jalan Tamansari</name>
            <styleUrl>#41112</styleUrl>
            <LineString id="41110">
                <coordinates>107.6095896,-6.8994756,0.0 107.6095803,-6.8995008,0.0 107.6095637,-6.8995219,0.0 107.6095413,-6.8995369,0.0 107.6095154,-6.8995444,0.0 107.6094884,-6.8995434,0.0 107.609463,-6.8995343,0.0</coordinates>
            </LineString>
        </Placemark>
        <Placemark id="41115">
            <name>Jalan Tamansari</name>
            <styleUrl>#41116</styleUrl>
            <LineString id="41114">
                <coordinates>107.6093049,-6.898862,0.0 107.6093013,-6.8989051,0.0 107.6092963,-6.8989949,0.0 107.609301,-6.8990722,0.0 107.6093117,-6.8991401,0.0 107.6093337,-6.899255,0.0</coordinates>
            </LineString>
        </Placemark>
        <Placemark id="41119">
            <name>Jalan Tamansari</name>
            <styleUrl>#41120</styleUrl>
            <LineString id="41118">
                <coordinates>107.6093337,-6.899255,0.0 107.6093456,-6.8992955,0.0 107.6093737,-6.8993458,0.0 107.6094395,-6.8994003,0.0</coordinates>
            </LineString>
        </Placemark>
        <Placemark id="41123">
            <name>Jalan Kebon Kawung</name>
            <styleUrl>#41124</styleUrl>
            <LineString id="41122">
                <coordinates>107.603885,-6.9126611,0.0 107.6038515,-6.9126567,0.0 107.6036069,-6.9126444,0.0 107.6032433,-6.9126176,0.0 107.6029824,-6.9125986,0.0 107.6029303,-6.9125954,0.0 107.6027169,-6.9125813,0.0 107.6024779,-6.9125651,0.0 107.6023535,-6.9125612,0.0 107.6022742,-6.9125566,0.0 107.6020122,-6.91254,0.0</coordinates>
            </LineString>
        </Placemark>
        <Placemark id="41127">
            <name>Jalan Kebon Kawung</name>
            <styleUrl>#41128</styleUrl>
            <LineString id="41126">
                <coordinates>107.6020122,-6.91254,0.0 107.6019305,-6.9125353,0.0</coordinates>
            </LineString>
        </Placemark>
        <Placemark id="41131">
            <name>Jalan Soekarno-Hatta</name>
            <styleUrl>#41132</styleUrl>
            <LineString id="41130">
                <coordinates>107.5888658,-6.9451811,0.0 107.5890571,-6.9452671,0.0 107.5891029,-6.9452877,0.0 107.5891731,-6.9453141,0.0 107.5893173,-6.9453679,0.0 107.5894219,-6.9454078,0.0</coordinates>
            </LineString>
        </Placemark>
        <Placemark id="41135">
            <name>Route Segment</name>
            <styleUrl>#41136</styleUrl>
            <LineString id="41134">
                <coordinates>107.5763738,-6.9303407,0.0 107.5762494,-6.9304078,0.0 107.5762129,-6.9304386,0.0 107.5761816,-6.9304746,0.0 107.5761563,-6.930515,0.0 107.5761383,-6.9305564,0.0 107.5761267,-6.9306,0.0 107.5761216,-6.9306449,0.0 107.5761232,-6.9306899,0.0 107.5761295,-6.9307327,0.0</coordinates>
            </LineString>
        </Placemark>
        <Placemark id="41139">
            <name>Jalan Babakan Ciparay</name>
            <styleUrl>#41140</styleUrl>
            <LineString id="41138">
                <coordinates>107.5843556,-6.9437109,0.0 107.5843986,-6.9432923,0.0 107.5844023,-6.9432563,0.0 107.584417,-6.9431127,0.0</coordinates>
            </LineString>
        </Placemark>
        <Placemark id="41143">
            <name>Jalan Dago Elos III</name>
            <styleUrl>#41144</styleUrl>
            <LineString id="41142">
                <coordinates>107.6205739,-6.8680595,0.0 107.6206511,-6.8680596,0.0</coordinates>
            </LineString>
        </Placemark>
        <Placemark id="41147">
            <name>Jalan Terusan Pasir Koja</name>
            <styleUrl>#41148</styleUrl>
            <LineString id="41146">
                <coordinates>107.5855099,-6.9268473,0.0 107.5852085,-6.9269571,0.0</coordinates>
            </LineString>
        </Placemark>
        <Placemark id="41151">
            <name>Jalan Cikutra</name>
            <styleUrl>#41152</styleUrl>
            <LineString id="41150">
                <coordinates>107.6355463,-6.8928327,0.0 107.6354403,-6.8927469,0.0</coordinates>
            </LineString>
        </Placemark>
        <Placemark id="41155">
            <name>Jalan Arjuna</name>
            <styleUrl>#41156</styleUrl>
            <LineString id="41154">
                <coordinates>107.5894771,-6.9112533,0.0 107.5894865,-6.9112733,0.0 107.5894871,-6.9112953,0.0 107.5894789,-6.9113158,0.0 107.5894633,-6.9113314,0.0</coordinates>
            </LineString>
        </Placemark>
        <Placemark id="41159">
            <name>Jalan Layang Ciroyom</name>
            <styleUrl>#41160</styleUrl>
            <LineString id="41158">
                <coordinates>107.5869574,-6.9132909,0.0 107.587254,-6.913434,0.0</coordinates>
            </LineString>
        </Placemark>
        <Placemark id="41163">
            <name>Jalan Layang Ciroyom</name>
            <styleUrl>#41164</styleUrl>
            <LineString id="41162">
                <coordinates>107.5893166,-6.9121005,0.0 107.5893455,-6.911919,0.0</coordinates>
            </LineString>
        </Placemark>
        <Placemark id="41167">
            <name>Jalan Layang Ciroyom</name>
            <styleUrl>#41168</styleUrl>
            <LineString id="41166">
                <coordinates>107.587254,-6.913434,0.0 107.588191,-6.9137939,0.0 107.588437,-6.9138722,0.0 107.5885401,-6.9138874,0.0 107.5886196,-6.9138868,0.0 107.588728,-6.9138625,0.0 107.5888188,-6.9138239,0.0 107.588893,-6.9137668,0.0 107.5889601,-6.9136911,0.0 107.5890025,-6.9136299,0.0 107.5890418,-6.9135555,0.0 107.5890796,-6.9134472,0.0 107.5890983,-6.9133449,0.0 107.5891155,-6.9132456,0.0 107.5893166,-6.9121005,0.0</coordinates>
            </LineString>
        </Placemark>
        <Placemark id="41171">
            <name>Jalan Kebon Jati</name>
            <styleUrl>#41172</styleUrl>
            <LineString id="41170">
                <coordinates>107.5904668,-6.9165055,0.0 107.5910563,-6.9165402,0.0</coordinates>
            </LineString>
        </Placemark>
        <Placemark id="41175">
            <name>Jalan Wastukancana</name>
            <styleUrl>#41176</styleUrl>
            <LineString id="41174">
                <coordinates>107.6076853,-6.905845,0.0 107.6077246,-6.9060495,0.0</coordinates>
            </LineString>
        </Placemark>
        <Placemark id="41179">
            <name>Jalan Surapati</name>
            <styleUrl>#41180</styleUrl>
            <LineString id="41178">
                <coordinates>107.6223481,-6.8992387,0.0 107.6222912,-6.89924,0.0 107.6219809,-6.8992472,0.0 107.621918,-6.8992487,0.0 107.6217223,-6.8992532,0.0 107.6214704,-6.899259,0.0 107.6211738,-6.8992659,0.0 107.6211439,-6.8992666,0.0 107.6209968,-6.89927,0.0 107.6208185,-6.8992742,0.0 107.6207835,-6.8992747,0.0 107.6206166,-6.8992773,0.0 107.6204436,-6.89928,0.0 107.6203701,-6.8992825,0.0 107.6203167,-6.899282,0.0</coordinates>
            </LineString>
        </Placemark>
        <Placemark id="41183">
            <name>Jalan Caringin</name>
            <styleUrl>#41184</styleUrl>
            <LineString id="41182">
                <coordinates>107.5887787,-6.9469287,0.0 107.5887556,-6.9469221,0.0 107.5887425,-6.946918,0.0 107.5884884,-6.9468382,0.0 107.5882168,-6.9467643,0.0 107.5880465,-6.9467243,0.0 107.5879339,-6.9467105,0.0</coordinates>
            </LineString>
        </Placemark>
        <Placemark id="41187">
            <name>Jalan Kyai Haji Wahid Hasyim</name>
            <styleUrl>#41188</styleUrl>
            <LineString id="41186">
                <coordinates>107.5896397,-6.9457186,0.0 107.5896071,-6.9457603,0.0 107.5894961,-6.9459067,0.0</coordinates>
            </LineString>
        </Placemark>
        <Placemark id="41191">
            <name>Jalan Kyai Haji Wahid Hasyim</name>
            <styleUrl>#41192</styleUrl>
            <LineString id="41190">
                <coordinates>107.5897693,-6.9455492,0.0 107.5896397,-6.9457186,0.0</coordinates>
            </LineString>
        </Placemark>
        <Placemark id="41195">
            <name>Jalan Soekarno-Hatta</name>
            <styleUrl>#41196</styleUrl>
            <LineString id="41194">
                <coordinates>107.5897088,-6.945521,0.0 107.5897693,-6.9455492,0.0</coordinates>
            </LineString>
        </Placemark>
        <Placemark id="41199">
            <name>Jalan Soekarno-Hatta</name>
            <styleUrl>#41200</styleUrl>
            <LineString id="41198">
                <coordinates>107.5844282,-6.9430135,0.0 107.584573,-6.9431186,0.0 107.584642,-6.9431671,0.0 107.5847245,-6.9432291,0.0 107.5848895,-6.9433396,0.0 107.5849105,-6.9433545,0.0</coordinates>
            </LineString>
        </Placemark>
        <Placemark id="41203">
            <name>Jalan Terusan Pasir Koja</name>
            <styleUrl>#41204</styleUrl>
            <LineString id="41202">
                <coordinates>107.5783628,-6.9295826,0.0 107.5777554,-6.9298172,0.0 107.5775658,-6.9298904,0.0 107.5774475,-6.9299361,0.0 107.5766146,-6.93025,0.0 107.5763738,-6.9303407,0.0</coordinates>
            </LineString>
        </Placemark>
        <Placemark id="41207">
            <name>Jalan Layang Ciroyom</name>
            <styleUrl>#41208</styleUrl>
            <LineString id="41206">
                <coordinates>107.5869574,-6.9132909,0.0 107.5867121,-6.9132166,0.0</coordinates>
            </LineString>
        </Placemark>
        <Placemark id="41211">
            <name>Jalan Layang Ciroyom</name>
            <styleUrl>#41212</styleUrl>
            <LineString id="41210">
                <coordinates>107.5894064,-6.9117422,0.0 107.5893455,-6.911919,0.0</coordinates>
            </LineString>
        </Placemark>
        <Placemark id="41215">
            <name>Jalan Arjuna</name>
            <styleUrl>#41216</styleUrl>
            <LineString id="41214">
                <coordinates>107.5894633,-6.9113314,0.0 107.5894584,-6.9114138,0.0 107.5894414,-6.9115309,0.0 107.5894278,-6.9116169,0.0 107.5894064,-6.9117422,0.0</coordinates>
            </LineString>
        </Placemark>
        <Placemark id="41219">
            <name>Jalan Kyai Haji Wahid Hasyim</name>
            <styleUrl>#41220</styleUrl>
            <LineString id="41218">
                <coordinates>107.5894961,-6.9459067,0.0 107.5894312,-6.9459422,0.0</coordinates>
            </LineString>
        </Placemark>
        <Placemark id="41223">
            <name>Jalan Caringin</name>
            <styleUrl>#41224</styleUrl>
            <LineString id="41222">
                <coordinates>107.5879339,-6.9467105,0.0 107.5878145,-6.9466985,0.0 107.5876442,-6.9466779,0.0 107.5873538,-6.946648,0.0 107.5872231,-6.9466332,0.0 107.5869092,-6.9465759,0.0 107.5866933,-6.9465307,0.0 107.5864184,-6.9464481,0.0 107.5863678,-6.9464346,0.0 107.5861181,-6.9463679,0.0</coordinates>
            </LineString>
        </Placemark>
        <Placemark id="41227">
            <name>Jalan Caringin</name>
            <styleUrl>#41228</styleUrl>
            <LineString id="41226">
                <coordinates>107.5861181,-6.9463679,0.0 107.5860591,-6.9463521,0.0</coordinates>
            </LineString>
        </Placemark>
        <Placemark id="41231">
            <name>Jalan Ciroyom</name>
            <styleUrl>#41232</styleUrl>
            <LineString id="41230">
                <coordinates>107.5860843,-6.9128486,0.0 107.5860324,-6.912814,0.0 107.5858255,-6.912692,0.0</coordinates>
            </LineString>
        </Placemark>
        <Placemark id="41235">
            <name>Jalan Purnawarman</name>
            <styleUrl>#41236</styleUrl>
            <LineString id="41234">
                <coordinates>107.6093359,-6.9068089,0.0 107.6093419,-6.9069882,0.0 107.6093518,-6.9074781,0.0 107.6093559,-6.9075881,0.0 107.609369,-6.9079424,0.0 107.6093694,-6.90798,0.0 107.6093716,-6.9080529,0.0 107.6093728,-6.9080931,0.0 107.6093744,-6.9081456,0.0</coordinates>
            </LineString>
        </Placemark>
        <Placemark id="41239">
            <name>Jalan Soekarno-Hatta</name>
            <styleUrl>#41240</styleUrl>
            <LineString id="41238">
                <coordinates>107.5834854,-6.9423721,0.0 107.5830509,-6.941969,0.0 107.5829792,-6.9419021,0.0</coordinates>
            </LineString>
        </Placemark>
        <Placemark id="41243">
            <name>Jalan Soekarno-Hatta</name>
            <styleUrl>#41244</styleUrl>
            <LineString id="41242">
                <coordinates>107.5823106,-6.941111,0.0 107.582497,-6.9413067,0.0 107.5826593,-6.9414771,0.0 107.5828645,-6.9416649,0.0 107.5831212,-6.9419015,0.0</coordinates>
            </LineString>
        </Placemark>
        <Placemark id="41247">
            <name>Jalan Surapati</name>
            <styleUrl>#41248</styleUrl>
            <LineString id="41246">
                <coordinates>107.6270152,-6.8994551,0.0 107.6266471,-6.8993704,0.0 107.6263009,-6.8992772,0.0 107.6261407,-6.8992562,0.0 107.6259835,-6.8992435,0.0 107.6249087,-6.8992398,0.0 107.6247134,-6.899237,0.0 107.6246032,-6.8992359,0.0 107.6245252,-6.8992351,0.0 107.6244668,-6.8992345,0.0 107.6240029,-6.8992263,0.0 107.6238928,-6.8992271,0.0 107.623733,-6.8992253,0.0 107.623673,-6.8992256,0.0 107.6236214,-6.8992259,0.0 107.6234921,-6.8992266,0.0 107.6232693,-6.8992279,0.0 107.6232237,-6.8992281,0.0 107.6228751,-6.89923,0.0 107.6227599,-6.8992307,0.0 107.6226727,-6.8992312,0.0 107.6225131,-6.8992349,0.0 107.6224238,-6.899237,0.0 107.6223481,-6.8992387,0.0</coordinates>
            </LineString>
        </Placemark>
        <Placemark id="41251">
            <name>Jalan Ir. H. Djuanda</name>
            <styleUrl>#41252</styleUrl>
            <LineString id="41250">
                <coordinates>107.6205739,-6.8680595,0.0 107.6206005,-6.867828,0.0 107.6206139,-6.8677494,0.0 107.6206394,-6.8676482,0.0 107.6208039,-6.867019,0.0</coordinates>
            </LineString>
        </Placemark>
        <Placemark id="41255">
            <name>Jalan Ir. H. Djuanda</name>
            <styleUrl>#41256</styleUrl>
            <LineString id="41254">
                <coordinates>107.6208039,-6.867019,0.0 107.6208337,-6.8669052,0.0 107.6208647,-6.8667867,0.0</coordinates>
            </LineString>
        </Placemark>
        <Placemark id="41259">
            <name>Jalan Ir. H. Djuanda</name>
            <styleUrl>#41260</styleUrl>
            <LineString id="41258">
                <coordinates>107.6208647,-6.8667867,0.0 107.6209156,-6.8667269,0.0 107.6209442,-6.866704,0.0</coordinates>
            </LineString>
        </Placemark>
        <Placemark id="41263">
            <name>Jalan Cikutra Barat</name>
            <styleUrl>#41264</styleUrl>
            <LineString id="41262">
                <coordinates>107.6353255,-6.8926636,0.0 107.6350707,-6.8925301,0.0 107.6350048,-6.892515,0.0 107.6347957,-6.892481,0.0 107.6345702,-6.8924443,0.0 107.6345337,-6.8924399,0.0</coordinates>
            </LineString>
        </Placemark>
        <Placemark id="41267">
            <name>Jalan Arjuna</name>
            <styleUrl>#41268</styleUrl>
            <LineString id="41266">
                <coordinates>107.5917513,-6.9087742,0.0 107.5917888,-6.9087296,0.0</coordinates>
            </LineString>
        </Placemark>
        <Placemark id="41271">
            <name>Jalan Arjuna</name>
            <styleUrl>#41272</styleUrl>
            <LineString id="41270">
                <coordinates>107.5917888,-6.9087296,0.0 107.5919303,-6.908541,0.0 107.5923855,-6.9079342,0.0</coordinates>
            </LineString>
        </Placemark>
        <Placemark id="41275">
            <name>Jalan Arjuna</name>
            <styleUrl>#41276</styleUrl>
            <LineString id="41274">
                <coordinates>107.5923855,-6.9079342,0.0 107.5924594,-6.9078306,0.0</coordinates>
            </LineString>
        </Placemark>
        <Placemark id="41279">
            <name>Jalan Arjuna</name>
            <styleUrl>#41280</styleUrl>
            <LineString id="41278">
                <coordinates>107.5924594,-6.9078306,0.0 107.5926308,-6.9075901,0.0</coordinates>
            </LineString>
        </Placemark>
        <Placemark id="41283">
            <name>Jalan Ciroyom</name>
            <styleUrl>#41284</styleUrl>
            <LineString id="41282">
                <coordinates>107.5867121,-6.9132166,0.0 107.586425,-6.9130541,0.0</coordinates>
            </LineString>
        </Placemark>
        <Placemark id="41287">
            <name>Jalan Ciroyom</name>
            <styleUrl>#41288</styleUrl>
            <LineString id="41286">
                <coordinates>107.586425,-6.9130541,0.0 107.5860843,-6.9128486,0.0</coordinates>
            </LineString>
        </Placemark>
        <Placemark id="41291">
            <name>Jalan Kebon Kawung</name>
            <styleUrl>#41292</styleUrl>
            <LineString id="41290">
                <coordinates>107.6006435,-6.9124749,0.0 107.6002224,-6.9124495,0.0</coordinates>
            </LineString>
        </Placemark>
        <Placemark id="41295">
            <name>Jalan Kebon Kawung</name>
            <styleUrl>#41296</styleUrl>
            <LineString id="41294">
                <coordinates>107.6002224,-6.9124495,0.0 107.6000202,-6.912439,0.0</coordinates>
            </LineString>
        </Placemark>
        <Placemark id="41299">
            <name>Jalan Kebon Kawung</name>
            <styleUrl>#41300</styleUrl>
            <LineString id="41298">
                <coordinates>107.6000202,-6.912439,0.0 107.5993874,-6.9123994,0.0</coordinates>
            </LineString>
        </Placemark>
        <Placemark id="41303">
            <name>Jalan Kebon Kawung</name>
            <styleUrl>#41304</styleUrl>
            <LineString id="41302">
                <coordinates>107.5993874,-6.9123994,0.0 107.5990408,-6.912374,0.0 107.5990132,-6.912372,0.0</coordinates>
            </LineString>
        </Placemark>
        <Placemark id="41307">
            <name>Jalan Kebon Kawung</name>
            <styleUrl>#41308</styleUrl>
            <LineString id="41306">
                <coordinates>107.5990132,-6.912372,0.0 107.5982527,-6.912368,0.0</coordinates>
            </LineString>
        </Placemark>
        <Placemark id="41311">
            <name>Jalan Kebon Kawung</name>
            <styleUrl>#41312</styleUrl>
            <LineString id="41310">
                <coordinates>107.601745,-6.9125245,0.0 107.601624,-6.9125174,0.0</coordinates>
            </LineString>
        </Placemark>
        <Placemark id="41315">
            <name>Jalan Kebon Kawung</name>
            <styleUrl>#41316</styleUrl>
            <LineString id="41314">
                <coordinates>107.601624,-6.9125174,0.0 107.6015636,-6.9125139,0.0</coordinates>
            </LineString>
        </Placemark>
        <Placemark id="41319">
            <name>Jalan Kebon Kawung</name>
            <styleUrl>#41320</styleUrl>
            <LineString id="41318">
                <coordinates>107.6015636,-6.9125139,0.0 107.6010547,-6.9124917,0.0</coordinates>
            </LineString>
        </Placemark>
        <Placemark id="41323">
            <name>Jalan Kebon Kawung</name>
            <styleUrl>#41324</styleUrl>
            <LineString id="41322">
                <coordinates>107.6010547,-6.9124917,0.0 107.6009674,-6.9124878,0.0</coordinates>
            </LineString>
        </Placemark>
        <Placemark id="41327">
            <name>Jalan Kebon Kawung</name>
            <styleUrl>#41328</styleUrl>
            <LineString id="41326">
                <coordinates>107.6009674,-6.9124878,0.0 107.6007223,-6.9124771,0.0 107.6006435,-6.9124749,0.0</coordinates>
            </LineString>
        </Placemark>
        <Placemark id="41331">
            <name>Jalan Raya Golf</name>
            <styleUrl>#41332</styleUrl>
            <LineString id="41330">
                <coordinates>107.6262609,-6.865122,0.0 107.6262916,-6.8650403,0.0 107.6263111,-6.8649746,0.0 107.6263279,-6.8649158,0.0 107.6263417,-6.8648466,0.0 107.626382,-6.8646377,0.0 107.6264262,-6.8642856,0.0 107.626435,-6.8642052,0.0 107.6264343,-6.8641271,0.0 107.6264245,-6.8640062,0.0 107.6264061,-6.8639,0.0 107.6263699,-6.8638378,0.0 107.6263361,-6.8637902,0.0 107.6261766,-6.8636324,0.0 107.6259528,-6.8634381,0.0 107.6258308,-6.8633515,0.0</coordinates>
            </LineString>
        </Placemark>
        <Placemark id="41335">
            <name>Jalan Kyai Haji Wahid Hasyim</name>
            <styleUrl>#41336</styleUrl>
            <LineString id="41334">
                <coordinates>107.5894312,-6.9459422,0.0 107.5893766,-6.9460274,0.0 107.5892156,-6.9462748,0.0</coordinates>
            </LineString>
        </Placemark>
        <Placemark id="41339">
            <name>Jalan Jamika</name>
            <styleUrl>#41340</styleUrl>
            <LineString id="41338">
                <coordinates>107.5860408,-6.9219918,0.0 107.5860074,-6.9222428,0.0</coordinates>
            </LineString>
        </Placemark>
        <Placemark id="41343">
            <name>Jalan Surapati</name>
            <styleUrl>#41344</styleUrl>
            <LineString id="41342">
                <coordinates>107.6166576,-6.8991786,0.0 107.616386,-6.8991446,0.0 107.6161849,-6.8991228,0.0</coordinates>
            </LineString>
        </Placemark>
    </Document>
</kml>
