<?xml version="1.0" encoding="UTF-8"?>
<kml xmlns="http://www.opengis.net/kml/2.2" xmlns:gx="http://www.google.com/kml/ext/2.2">
    <Document id="2074">
        <Style id="2080">
            <IconStyle id="2081">
                <colorMode>normal</colorMode>
                <scale>1</scale>
                <heading>0</heading>
                <Icon id="2082">
                    <href>http://maps.google.com/mapfiles/kml/pushpin/ylw-pushpin.png</href>
                </Icon>
            </IconStyle>
        </Style>
        <Style id="2085">
            <IconStyle id="2086">
                <colorMode>normal</colorMode>
                <scale>1</scale>
                <heading>0</heading>
                <Icon id="2087">
                    <href>http://maps.google.com/mapfiles/kml/pushpin/ylw-pushpin.png</href>
                </Icon>
            </IconStyle>
        </Style>
        <Style id="2090">
            <IconStyle id="2091">
                <colorMode>normal</colorMode>
                <scale>1</scale>
                <heading>0</heading>
                <Icon id="2092">
                    <href>http://maps.google.com/mapfiles/kml/pushpin/ylw-pushpin.png</href>
                </Icon>
            </IconStyle>
        </Style>
        <Style id="2095">
            <IconStyle id="2096">
                <colorMode>normal</colorMode>
                <scale>1</scale>
                <heading>0</heading>
                <Icon id="2097">
                    <href>http://maps.google.com/mapfiles/kml/pushpin/ylw-pushpin.png</href>
                </Icon>
            </IconStyle>
        </Style>
        <Style id="2100">
            <IconStyle id="2101">
                <colorMode>normal</colorMode>
                <scale>1</scale>
                <heading>0</heading>
                <Icon id="2102">
                    <href>http://maps.google.com/mapfiles/kml/pushpin/ylw-pushpin.png</href>
                </Icon>
            </IconStyle>
        </Style>
        <Style id="2105">
            <IconStyle id="2106">
                <colorMode>normal</colorMode>
                <scale>1</scale>
                <heading>0</heading>
                <Icon id="2107">
                    <href>http://maps.google.com/mapfiles/kml/pushpin/ylw-pushpin.png</href>
                </Icon>
            </IconStyle>
        </Style>
        <Style id="2110">
            <IconStyle id="2111">
                <colorMode>normal</colorMode>
                <scale>1</scale>
                <heading>0</heading>
                <Icon id="2112">
                    <href>http://maps.google.com/mapfiles/kml/pushpin/ylw-pushpin.png</href>
                </Icon>
            </IconStyle>
        </Style>
        <Style id="2115">
            <IconStyle id="2116">
                <colorMode>normal</colorMode>
                <scale>1</scale>
                <heading>0</heading>
                <Icon id="2117">
                    <href>http://maps.google.com/mapfiles/kml/pushpin/ylw-pushpin.png</href>
                </Icon>
            </IconStyle>
        </Style>
        <Style id="2120">
            <IconStyle id="2121">
                <colorMode>normal</colorMode>
                <scale>1</scale>
                <heading>0</heading>
                <Icon id="2122">
                    <href>http://maps.google.com/mapfiles/kml/pushpin/ylw-pushpin.png</href>
                </Icon>
            </IconStyle>
        </Style>
        <Style id="2125">
            <IconStyle id="2126">
                <colorMode>normal</colorMode>
                <scale>1</scale>
                <heading>0</heading>
                <Icon id="2127">
                    <href>http://maps.google.com/mapfiles/kml/pushpin/ylw-pushpin.png</href>
                </Icon>
            </IconStyle>
        </Style>
        <Style id="2130">
            <IconStyle id="2131">
                <colorMode>normal</colorMode>
                <scale>1</scale>
                <heading>0</heading>
                <Icon id="2132">
                    <href>http://maps.google.com/mapfiles/kml/pushpin/ylw-pushpin.png</href>
                </Icon>
            </IconStyle>
        </Style>
        <Style id="2135">
            <IconStyle id="2136">
                <colorMode>normal</colorMode>
                <scale>1</scale>
                <heading>0</heading>
                <Icon id="2137">
                    <href>http://maps.google.com/mapfiles/kml/pushpin/ylw-pushpin.png</href>
                </Icon>
            </IconStyle>
        </Style>
        <Style id="2140">
            <IconStyle id="2141">
                <colorMode>normal</colorMode>
                <scale>1</scale>
                <heading>0</heading>
                <Icon id="2142">
                    <href>http://maps.google.com/mapfiles/kml/pushpin/ylw-pushpin.png</href>
                </Icon>
            </IconStyle>
        </Style>
        <Style id="2145">
            <IconStyle id="2146">
                <colorMode>normal</colorMode>
                <scale>1</scale>
                <heading>0</heading>
                <Icon id="2147">
                    <href>http://maps.google.com/mapfiles/kml/pushpin/ylw-pushpin.png</href>
                </Icon>
            </IconStyle>
        </Style>
        <Style id="2150">
            <IconStyle id="2151">
                <colorMode>normal</colorMode>
                <scale>1</scale>
                <heading>0</heading>
                <Icon id="2152">
                    <href>http://maps.google.com/mapfiles/kml/pushpin/ylw-pushpin.png</href>
                </Icon>
            </IconStyle>
        </Style>
        <Style id="2155">
            <IconStyle id="2156">
                <colorMode>normal</colorMode>
                <scale>1</scale>
                <heading>0</heading>
                <Icon id="2157">
                    <href>http://maps.google.com/mapfiles/kml/pushpin/ylw-pushpin.png</href>
                </Icon>
            </IconStyle>
        </Style>
        <Style id="2160">
            <IconStyle id="2161">
                <colorMode>normal</colorMode>
                <scale>1</scale>
                <heading>0</heading>
                <Icon id="2162">
                    <href>http://maps.google.com/mapfiles/kml/pushpin/ylw-pushpin.png</href>
                </Icon>
            </IconStyle>
        </Style>
        <Style id="2165">
            <IconStyle id="2166">
                <colorMode>normal</colorMode>
                <scale>1</scale>
                <heading>0</heading>
                <Icon id="2167">
                    <href>http://maps.google.com/mapfiles/kml/pushpin/ylw-pushpin.png</href>
                </Icon>
            </IconStyle>
        </Style>
        <Style id="2170">
            <IconStyle id="2171">
                <colorMode>normal</colorMode>
                <scale>1</scale>
                <heading>0</heading>
                <Icon id="2172">
                    <href>http://maps.google.com/mapfiles/kml/pushpin/ylw-pushpin.png</href>
                </Icon>
            </IconStyle>
        </Style>
        <Style id="2175">
            <IconStyle id="2176">
                <colorMode>normal</colorMode>
                <scale>1</scale>
                <heading>0</heading>
                <Icon id="2177">
                    <href>http://maps.google.com/mapfiles/kml/pushpin/ylw-pushpin.png</href>
                </Icon>
            </IconStyle>
        </Style>
        <Style id="2180">
            <IconStyle id="2181">
                <colorMode>normal</colorMode>
                <scale>1</scale>
                <heading>0</heading>
                <Icon id="2182">
                    <href>http://maps.google.com/mapfiles/kml/pushpin/ylw-pushpin.png</href>
                </Icon>
            </IconStyle>
        </Style>
        <Style id="2185">
            <IconStyle id="2186">
                <colorMode>normal</colorMode>
                <scale>1</scale>
                <heading>0</heading>
                <Icon id="2187">
                    <href>http://maps.google.com/mapfiles/kml/pushpin/ylw-pushpin.png</href>
                </Icon>
            </IconStyle>
        </Style>
        <Style id="2190">
            <IconStyle id="2191">
                <colorMode>normal</colorMode>
                <scale>1</scale>
                <heading>0</heading>
                <Icon id="2192">
                    <href>http://maps.google.com/mapfiles/kml/pushpin/ylw-pushpin.png</href>
                </Icon>
            </IconStyle>
        </Style>
        <Style id="2195">
            <IconStyle id="2196">
                <colorMode>normal</colorMode>
                <scale>1</scale>
                <heading>0</heading>
                <Icon id="2197">
                    <href>http://maps.google.com/mapfiles/kml/pushpin/ylw-pushpin.png</href>
                </Icon>
            </IconStyle>
        </Style>
        <Style id="2200">
            <IconStyle id="2201">
                <colorMode>normal</colorMode>
                <scale>1</scale>
                <heading>0</heading>
                <Icon id="2202">
                    <href>http://maps.google.com/mapfiles/kml/pushpin/ylw-pushpin.png</href>
                </Icon>
            </IconStyle>
        </Style>
        <Style id="2205">
            <IconStyle id="2206">
                <colorMode>normal</colorMode>
                <scale>1</scale>
                <heading>0</heading>
                <Icon id="2207">
                    <href>http://maps.google.com/mapfiles/kml/pushpin/ylw-pushpin.png</href>
                </Icon>
            </IconStyle>
        </Style>
        <Style id="2210">
            <IconStyle id="2211">
                <colorMode>normal</colorMode>
                <scale>1</scale>
                <heading>0</heading>
                <Icon id="2212">
                    <href>http://maps.google.com/mapfiles/kml/pushpin/ylw-pushpin.png</href>
                </Icon>
            </IconStyle>
        </Style>
        <Style id="2215">
            <IconStyle id="2216">
                <colorMode>normal</colorMode>
                <scale>1</scale>
                <heading>0</heading>
                <Icon id="2217">
                    <href>http://maps.google.com/mapfiles/kml/pushpin/ylw-pushpin.png</href>
                </Icon>
            </IconStyle>
        </Style>
        <Style id="2220">
            <IconStyle id="2221">
                <colorMode>normal</colorMode>
                <scale>1</scale>
                <heading>0</heading>
                <Icon id="2222">
                    <href>http://maps.google.com/mapfiles/kml/pushpin/ylw-pushpin.png</href>
                </Icon>
            </IconStyle>
        </Style>
        <Style id="2225">
            <IconStyle id="2226">
                <colorMode>normal</colorMode>
                <scale>1</scale>
                <heading>0</heading>
                <Icon id="2227">
                    <href>http://maps.google.com/mapfiles/kml/pushpin/ylw-pushpin.png</href>
                </Icon>
            </IconStyle>
        </Style>
        <Style id="2230">
            <LineStyle id="2231">
                <color>ffBC751C</color>
                <colorMode>normal</colorMode>
                <width>4</width>
            </LineStyle>
        </Style>
        <Style id="2234">
            <LineStyle id="2235">
                <color>ffBC751C</color>
                <colorMode>normal</colorMode>
                <width>4</width>
            </LineStyle>
        </Style>
        <Style id="2238">
            <LineStyle id="2239">
                <color>ffBC751C</color>
                <colorMode>normal</colorMode>
                <width>4</width>
            </LineStyle>
        </Style>
        <Style id="2242">
            <LineStyle id="2243">
                <color>ffBC751C</color>
                <colorMode>normal</colorMode>
                <width>4</width>
            </LineStyle>
        </Style>
        <Style id="2246">
            <LineStyle id="2247">
                <color>ffBC751C</color>
                <colorMode>normal</colorMode>
                <width>4</width>
            </LineStyle>
        </Style>
        <Style id="2250">
            <LineStyle id="2251">
                <color>ffBC751C</color>
                <colorMode>normal</colorMode>
                <width>4</width>
            </LineStyle>
        </Style>
        <Style id="2254">
            <LineStyle id="2255">
                <color>ffBC751C</color>
                <colorMode>normal</colorMode>
                <width>4</width>
            </LineStyle>
        </Style>
        <Style id="2258">
            <LineStyle id="2259">
                <color>ffBC751C</color>
                <colorMode>normal</colorMode>
                <width>4</width>
            </LineStyle>
        </Style>
        <Style id="2262">
            <LineStyle id="2263">
                <color>ffBC751C</color>
                <colorMode>normal</colorMode>
                <width>4</width>
            </LineStyle>
        </Style>
        <Style id="2266">
            <LineStyle id="2267">
                <color>ffBC751C</color>
                <colorMode>normal</colorMode>
                <width>4</width>
            </LineStyle>
        </Style>
        <Style id="2270">
            <LineStyle id="2271">
                <color>ffBC751C</color>
                <colorMode>normal</colorMode>
                <width>4</width>
            </LineStyle>
        </Style>
        <Style id="2274">
            <LineStyle id="2275">
                <color>ffBC751C</color>
                <colorMode>normal</colorMode>
                <width>4</width>
            </LineStyle>
        </Style>
        <Style id="2278">
            <LineStyle id="2279">
                <color>ffBC751C</color>
                <colorMode>normal</colorMode>
                <width>4</width>
            </LineStyle>
        </Style>
        <Style id="2282">
            <LineStyle id="2283">
                <color>ffBC751C</color>
                <colorMode>normal</colorMode>
                <width>4</width>
            </LineStyle>
        </Style>
        <Style id="2286">
            <LineStyle id="2287">
                <color>ffBC751C</color>
                <colorMode>normal</colorMode>
                <width>4</width>
            </LineStyle>
        </Style>
        <Style id="2290">
            <LineStyle id="2291">
                <color>ffBC751C</color>
                <colorMode>normal</colorMode>
                <width>4</width>
            </LineStyle>
        </Style>
        <Style id="2294">
            <LineStyle id="2295">
                <color>ffBC751C</color>
                <colorMode>normal</colorMode>
                <width>4</width>
            </LineStyle>
        </Style>
        <Style id="2298">
            <LineStyle id="2299">
                <color>ffBC751C</color>
                <colorMode>normal</colorMode>
                <width>4</width>
            </LineStyle>
        </Style>
        <Style id="2302">
            <LineStyle id="2303">
                <color>ffBC751C</color>
                <colorMode>normal</colorMode>
                <width>4</width>
            </LineStyle>
        </Style>
        <Style id="2306">
            <LineStyle id="2307">
                <color>ffBC751C</color>
                <colorMode>normal</colorMode>
                <width>4</width>
            </LineStyle>
        </Style>
        <Style id="2310">
            <LineStyle id="2311">
                <color>ffBC751C</color>
                <colorMode>normal</colorMode>
                <width>4</width>
            </LineStyle>
        </Style>
        <Style id="2314">
            <LineStyle id="2315">
                <color>ffBC751C</color>
                <colorMode>normal</colorMode>
                <width>4</width>
            </LineStyle>
        </Style>
        <Style id="2318">
            <LineStyle id="2319">
                <color>ffBC751C</color>
                <colorMode>normal</colorMode>
                <width>4</width>
            </LineStyle>
        </Style>
        <Style id="2322">
            <LineStyle id="2323">
                <color>ffBC751C</color>
                <colorMode>normal</colorMode>
                <width>4</width>
            </LineStyle>
        </Style>
        <Style id="2326">
            <LineStyle id="2327">
                <color>ffBC751C</color>
                <colorMode>normal</colorMode>
                <width>4</width>
            </LineStyle>
        </Style>
        <Style id="2330">
            <LineStyle id="2331">
                <color>ffBC751C</color>
                <colorMode>normal</colorMode>
                <width>4</width>
            </LineStyle>
        </Style>
        <Style id="2334">
            <LineStyle id="2335">
                <color>ffBC751C</color>
                <colorMode>normal</colorMode>
                <width>4</width>
            </LineStyle>
        </Style>
        <Style id="2338">
            <LineStyle id="2339">
                <color>ffBC751C</color>
                <colorMode>normal</colorMode>
                <width>4</width>
            </LineStyle>
        </Style>
        <Style id="2342">
            <LineStyle id="2343">
                <color>ffBC751C</color>
                <colorMode>normal</colorMode>
                <width>4</width>
            </LineStyle>
        </Style>
        <Style id="2346">
            <LineStyle id="2347">
                <color>ffBC751C</color>
                <colorMode>normal</colorMode>
                <width>4</width>
            </LineStyle>
        </Style>
        <Style id="2350">
            <LineStyle id="2351">
                <color>ffBC751C</color>
                <colorMode>normal</colorMode>
                <width>4</width>
            </LineStyle>
        </Style>
        <Style id="2354">
            <LineStyle id="2355">
                <color>ffBC751C</color>
                <colorMode>normal</colorMode>
                <width>4</width>
            </LineStyle>
        </Style>
        <Style id="2358">
            <LineStyle id="2359">
                <color>ffBC751C</color>
                <colorMode>normal</colorMode>
                <width>4</width>
            </LineStyle>
        </Style>
        <Style id="2362">
            <LineStyle id="2363">
                <color>ffBC751C</color>
                <colorMode>normal</colorMode>
                <width>4</width>
            </LineStyle>
        </Style>
        <Style id="2366">
            <LineStyle id="2367">
                <color>ffBC751C</color>
                <colorMode>normal</colorMode>
                <width>4</width>
            </LineStyle>
        </Style>
        <Style id="2370">
            <LineStyle id="2371">
                <color>ffBC751C</color>
                <colorMode>normal</colorMode>
                <width>4</width>
            </LineStyle>
        </Style>
        <Style id="2374">
            <LineStyle id="2375">
                <color>ffBC751C</color>
                <colorMode>normal</colorMode>
                <width>4</width>
            </LineStyle>
        </Style>
        <Style id="2378">
            <LineStyle id="2379">
                <color>ffBC751C</color>
                <colorMode>normal</colorMode>
                <width>4</width>
            </LineStyle>
        </Style>
        <Style id="2382">
            <LineStyle id="2383">
                <color>ffBC751C</color>
                <colorMode>normal</colorMode>
                <width>4</width>
            </LineStyle>
        </Style>
        <Style id="2386">
            <LineStyle id="2387">
                <color>ffBC751C</color>
                <colorMode>normal</colorMode>
                <width>4</width>
            </LineStyle>
        </Style>
        <Style id="2390">
            <LineStyle id="2391">
                <color>ffBC751C</color>
                <colorMode>normal</colorMode>
                <width>4</width>
            </LineStyle>
        </Style>
        <Style id="2394">
            <LineStyle id="2395">
                <color>ffBC751C</color>
                <colorMode>normal</colorMode>
                <width>4</width>
            </LineStyle>
        </Style>
        <Style id="2398">
            <LineStyle id="2399">
                <color>ffBC751C</color>
                <colorMode>normal</colorMode>
                <width>4</width>
            </LineStyle>
        </Style>
        <Style id="2402">
            <LineStyle id="2403">
                <color>ffBC751C</color>
                <colorMode>normal</colorMode>
                <width>4</width>
            </LineStyle>
        </Style>
        <Style id="2406">
            <LineStyle id="2407">
                <color>ffBC751C</color>
                <colorMode>normal</colorMode>
                <width>4</width>
            </LineStyle>
        </Style>
        <Style id="2410">
            <LineStyle id="2411">
                <color>ffBC751C</color>
                <colorMode>normal</colorMode>
                <width>4</width>
            </LineStyle>
        </Style>
        <Style id="2414">
            <LineStyle id="2415">
                <color>ffBC751C</color>
                <colorMode>normal</colorMode>
                <width>4</width>
            </LineStyle>
        </Style>
        <Style id="2418">
            <LineStyle id="2419">
                <color>ffBC751C</color>
                <colorMode>normal</colorMode>
                <width>4</width>
            </LineStyle>
        </Style>
        <Style id="2422">
            <LineStyle id="2423">
                <color>ffBC751C</color>
                <colorMode>normal</colorMode>
                <width>4</width>
            </LineStyle>
        </Style>
        <Style id="2426">
            <LineStyle id="2427">
                <color>ffBC751C</color>
                <colorMode>normal</colorMode>
                <width>4</width>
            </LineStyle>
        </Style>
        <Style id="2430">
            <LineStyle id="2431">
                <color>ffBC751C</color>
                <colorMode>normal</colorMode>
                <width>4</width>
            </LineStyle>
        </Style>
        <Style id="2434">
            <LineStyle id="2435">
                <color>ffBC751C</color>
                <colorMode>normal</colorMode>
                <width>4</width>
            </LineStyle>
        </Style>
        <Style id="2438">
            <LineStyle id="2439">
                <color>ffBC751C</color>
                <colorMode>normal</colorMode>
                <width>4</width>
            </LineStyle>
        </Style>
        <Style id="2442">
            <LineStyle id="2443">
                <color>ffBC751C</color>
                <colorMode>normal</colorMode>
                <width>4</width>
            </LineStyle>
        </Style>
        <Style id="2446">
            <LineStyle id="2447">
                <color>ffBC751C</color>
                <colorMode>normal</colorMode>
                <width>4</width>
            </LineStyle>
        </Style>
        <Style id="2450">
            <LineStyle id="2451">
                <color>ffBC751C</color>
                <colorMode>normal</colorMode>
                <width>4</width>
            </LineStyle>
        </Style>
        <Style id="2454">
            <LineStyle id="2455">
                <color>ffBC751C</color>
                <colorMode>normal</colorMode>
                <width>4</width>
            </LineStyle>
        </Style>
        <Style id="2458">
            <LineStyle id="2459">
                <color>ffBC751C</color>
                <colorMode>normal</colorMode>
                <width>4</width>
            </LineStyle>
        </Style>
        <Style id="2462">
            <LineStyle id="2463">
                <color>ffBC751C</color>
                <colorMode>normal</colorMode>
                <width>4</width>
            </LineStyle>
        </Style>
        <Style id="2466">
            <LineStyle id="2467">
                <color>ffBC751C</color>
                <colorMode>normal</colorMode>
                <width>4</width>
            </LineStyle>
        </Style>
        <Style id="2470">
            <LineStyle id="2471">
                <color>ffBC751C</color>
                <colorMode>normal</colorMode>
                <width>4</width>
            </LineStyle>
        </Style>
        <Style id="2474">
            <LineStyle id="2475">
                <color>ffBC751C</color>
                <colorMode>normal</colorMode>
                <width>4</width>
            </LineStyle>
        </Style>
        <Style id="2478">
            <LineStyle id="2479">
                <color>ffBC751C</color>
                <colorMode>normal</colorMode>
                <width>4</width>
            </LineStyle>
        </Style>
        <Style id="2482">
            <LineStyle id="2483">
                <color>ffBC751C</color>
                <colorMode>normal</colorMode>
                <width>4</width>
            </LineStyle>
        </Style>
        <Style id="2486">
            <LineStyle id="2487">
                <color>ffBC751C</color>
                <colorMode>normal</colorMode>
                <width>4</width>
            </LineStyle>
        </Style>
        <Style id="2490">
            <LineStyle id="2491">
                <color>ffBC751C</color>
                <colorMode>normal</colorMode>
                <width>4</width>
            </LineStyle>
        </Style>
        <Style id="2494">
            <LineStyle id="2495">
                <color>ffBC751C</color>
                <colorMode>normal</colorMode>
                <width>4</width>
            </LineStyle>
        </Style>
        <Style id="2498">
            <LineStyle id="2499">
                <color>ffBC751C</color>
                <colorMode>normal</colorMode>
                <width>4</width>
            </LineStyle>
        </Style>
        <Style id="2502">
            <LineStyle id="2503">
                <color>ffBC751C</color>
                <colorMode>normal</colorMode>
                <width>4</width>
            </LineStyle>
        </Style>
        <Style id="2506">
            <LineStyle id="2507">
                <color>ffBC751C</color>
                <colorMode>normal</colorMode>
                <width>4</width>
            </LineStyle>
        </Style>
        <Style id="2510">
            <LineStyle id="2511">
                <color>ffBC751C</color>
                <colorMode>normal</colorMode>
                <width>4</width>
            </LineStyle>
        </Style>
        <Style id="2514">
            <LineStyle id="2515">
                <color>ffBC751C</color>
                <colorMode>normal</colorMode>
                <width>4</width>
            </LineStyle>
        </Style>
        <Style id="2518">
            <LineStyle id="2519">
                <color>ffBC751C</color>
                <colorMode>normal</colorMode>
                <width>4</width>
            </LineStyle>
        </Style>
        <Style id="2522">
            <LineStyle id="2523">
                <color>ffBC751C</color>
                <colorMode>normal</colorMode>
                <width>4</width>
            </LineStyle>
        </Style>
        <Style id="2526">
            <LineStyle id="2527">
                <color>ffBC751C</color>
                <colorMode>normal</colorMode>
                <width>4</width>
            </LineStyle>
        </Style>
        <Style id="2530">
            <LineStyle id="2531">
                <color>ffBC751C</color>
                <colorMode>normal</colorMode>
                <width>4</width>
            </LineStyle>
        </Style>
        <Style id="2534">
            <LineStyle id="2535">
                <color>ffBC751C</color>
                <colorMode>normal</colorMode>
                <width>4</width>
            </LineStyle>
        </Style>
        <Style id="2538">
            <LineStyle id="2539">
                <color>ffBC751C</color>
                <colorMode>normal</colorMode>
                <width>4</width>
            </LineStyle>
        </Style>
        <Style id="2542">
            <LineStyle id="2543">
                <color>ffBC751C</color>
                <colorMode>normal</colorMode>
                <width>4</width>
            </LineStyle>
        </Style>
        <Style id="2546">
            <LineStyle id="2547">
                <color>ffBC751C</color>
                <colorMode>normal</colorMode>
                <width>4</width>
            </LineStyle>
        </Style>
        <Style id="2550">
            <LineStyle id="2551">
                <color>ffBC751C</color>
                <colorMode>normal</colorMode>
                <width>4</width>
            </LineStyle>
        </Style>
        <Style id="2554">
            <LineStyle id="2555">
                <color>ffBC751C</color>
                <colorMode>normal</colorMode>
                <width>4</width>
            </LineStyle>
        </Style>
        <Style id="2558">
            <LineStyle id="2559">
                <color>ffBC751C</color>
                <colorMode>normal</colorMode>
                <width>4</width>
            </LineStyle>
        </Style>
        <Style id="2562">
            <LineStyle id="2563">
                <color>ffBC751C</color>
                <colorMode>normal</colorMode>
                <width>4</width>
            </LineStyle>
        </Style>
        <Style id="2566">
            <LineStyle id="2567">
                <color>ffBC751C</color>
                <colorMode>normal</colorMode>
                <width>4</width>
            </LineStyle>
        </Style>
        <Style id="2570">
            <LineStyle id="2571">
                <color>ffBC751C</color>
                <colorMode>normal</colorMode>
                <width>4</width>
            </LineStyle>
        </Style>
        <Style id="2574">
            <LineStyle id="2575">
                <color>ffBC751C</color>
                <colorMode>normal</colorMode>
                <width>4</width>
            </LineStyle>
        </Style>
        <Style id="2578">
            <LineStyle id="2579">
                <color>ffBC751C</color>
                <colorMode>normal</colorMode>
                <width>4</width>
            </LineStyle>
        </Style>
        <Style id="2582">
            <LineStyle id="2583">
                <color>ffBC751C</color>
                <colorMode>normal</colorMode>
                <width>4</width>
            </LineStyle>
        </Style>
        <Style id="2586">
            <LineStyle id="2587">
                <color>ffBC751C</color>
                <colorMode>normal</colorMode>
                <width>4</width>
            </LineStyle>
        </Style>
        <Style id="2590">
            <LineStyle id="2591">
                <color>ffBC751C</color>
                <colorMode>normal</colorMode>
                <width>4</width>
            </LineStyle>
        </Style>
        <Style id="2594">
            <LineStyle id="2595">
                <color>ffBC751C</color>
                <colorMode>normal</colorMode>
                <width>4</width>
            </LineStyle>
        </Style>
        <Style id="2598">
            <LineStyle id="2599">
                <color>ffBC751C</color>
                <colorMode>normal</colorMode>
                <width>4</width>
            </LineStyle>
        </Style>
        <Style id="2602">
            <LineStyle id="2603">
                <color>ffBC751C</color>
                <colorMode>normal</colorMode>
                <width>4</width>
            </LineStyle>
        </Style>
        <Style id="2606">
            <LineStyle id="2607">
                <color>ffBC751C</color>
                <colorMode>normal</colorMode>
                <width>4</width>
            </LineStyle>
        </Style>
        <Style id="2610">
            <LineStyle id="2611">
                <color>ffBC751C</color>
                <colorMode>normal</colorMode>
                <width>4</width>
            </LineStyle>
        </Style>
        <Style id="2614">
            <LineStyle id="2615">
                <color>ffBC751C</color>
                <colorMode>normal</colorMode>
                <width>4</width>
            </LineStyle>
        </Style>
        <Style id="2618">
            <LineStyle id="2619">
                <color>ffBC751C</color>
                <colorMode>normal</colorMode>
                <width>4</width>
            </LineStyle>
        </Style>
        <Style id="2622">
            <LineStyle id="2623">
                <color>ffBC751C</color>
                <colorMode>normal</colorMode>
                <width>4</width>
            </LineStyle>
        </Style>
        <Style id="2626">
            <LineStyle id="2627">
                <color>ffBC751C</color>
                <colorMode>normal</colorMode>
                <width>4</width>
            </LineStyle>
        </Style>
        <Style id="2630">
            <LineStyle id="2631">
                <color>ffBC751C</color>
                <colorMode>normal</colorMode>
                <width>4</width>
            </LineStyle>
        </Style>
        <Style id="2634">
            <LineStyle id="2635">
                <color>ffBC751C</color>
                <colorMode>normal</colorMode>
                <width>4</width>
            </LineStyle>
        </Style>
        <Style id="2638">
            <LineStyle id="2639">
                <color>ffBC751C</color>
                <colorMode>normal</colorMode>
                <width>4</width>
            </LineStyle>
        </Style>
        <Style id="2642">
            <LineStyle id="2643">
                <color>ffBC751C</color>
                <colorMode>normal</colorMode>
                <width>4</width>
            </LineStyle>
        </Style>
        <Style id="2646">
            <LineStyle id="2647">
                <color>ffBC751C</color>
                <colorMode>normal</colorMode>
                <width>4</width>
            </LineStyle>
        </Style>
        <Style id="2650">
            <LineStyle id="2651">
                <color>ffBC751C</color>
                <colorMode>normal</colorMode>
                <width>4</width>
            </LineStyle>
        </Style>
        <Style id="2654">
            <LineStyle id="2655">
                <color>ffBC751C</color>
                <colorMode>normal</colorMode>
                <width>4</width>
            </LineStyle>
        </Style>
        <Style id="2658">
            <LineStyle id="2659">
                <color>ffBC751C</color>
                <colorMode>normal</colorMode>
                <width>4</width>
            </LineStyle>
        </Style>
        <Style id="2662">
            <LineStyle id="2663">
                <color>ffBC751C</color>
                <colorMode>normal</colorMode>
                <width>4</width>
            </LineStyle>
        </Style>
        <Style id="2666">
            <LineStyle id="2667">
                <color>ffBC751C</color>
                <colorMode>normal</colorMode>
                <width>4</width>
            </LineStyle>
        </Style>
        <Style id="2670">
            <LineStyle id="2671">
                <color>ffBC751C</color>
                <colorMode>normal</colorMode>
                <width>4</width>
            </LineStyle>
        </Style>
        <Style id="2674">
            <LineStyle id="2675">
                <color>ffBC751C</color>
                <colorMode>normal</colorMode>
                <width>4</width>
            </LineStyle>
        </Style>
        <Style id="2678">
            <LineStyle id="2679">
                <color>ffBC751C</color>
                <colorMode>normal</colorMode>
                <width>4</width>
            </LineStyle>
        </Style>
        <Style id="2682">
            <LineStyle id="2683">
                <color>ffBC751C</color>
                <colorMode>normal</colorMode>
                <width>4</width>
            </LineStyle>
        </Style>
        <Style id="2686">
            <LineStyle id="2687">
                <color>ffBC751C</color>
                <colorMode>normal</colorMode>
                <width>4</width>
            </LineStyle>
        </Style>
        <Style id="2690">
            <LineStyle id="2691">
                <color>ffBC751C</color>
                <colorMode>normal</colorMode>
                <width>4</width>
            </LineStyle>
        </Style>
        <Style id="2694">
            <LineStyle id="2695">
                <color>ffBC751C</color>
                <colorMode>normal</colorMode>
                <width>4</width>
            </LineStyle>
        </Style>
        <Style id="2698">
            <LineStyle id="2699">
                <color>ffBC751C</color>
                <colorMode>normal</colorMode>
                <width>4</width>
            </LineStyle>
        </Style>
        <Style id="2702">
            <LineStyle id="2703">
                <color>ffBC751C</color>
                <colorMode>normal</colorMode>
                <width>4</width>
            </LineStyle>
        </Style>
        <Style id="2706">
            <LineStyle id="2707">
                <color>ffBC751C</color>
                <colorMode>normal</colorMode>
                <width>4</width>
            </LineStyle>
        </Style>
        <Style id="2710">
            <LineStyle id="2711">
                <color>ffBC751C</color>
                <colorMode>normal</colorMode>
                <width>4</width>
            </LineStyle>
        </Style>
        <Style id="2714">
            <LineStyle id="2715">
                <color>ffBC751C</color>
                <colorMode>normal</colorMode>
                <width>4</width>
            </LineStyle>
        </Style>
        <Style id="2718">
            <LineStyle id="2719">
                <color>ffBC751C</color>
                <colorMode>normal</colorMode>
                <width>4</width>
            </LineStyle>
        </Style>
        <Style id="2722">
            <LineStyle id="2723">
                <color>ffBC751C</color>
                <colorMode>normal</colorMode>
                <width>4</width>
            </LineStyle>
        </Style>
        <Style id="2726">
            <LineStyle id="2727">
                <color>ffBC751C</color>
                <colorMode>normal</colorMode>
                <width>4</width>
            </LineStyle>
        </Style>
        <Style id="2730">
            <LineStyle id="2731">
                <color>ffBC751C</color>
                <colorMode>normal</colorMode>
                <width>4</width>
            </LineStyle>
        </Style>
        <Style id="2734">
            <LineStyle id="2735">
                <color>ffBC751C</color>
                <colorMode>normal</colorMode>
                <width>4</width>
            </LineStyle>
        </Style>
        <Style id="2738">
            <LineStyle id="2739">
                <color>ffBC751C</color>
                <colorMode>normal</colorMode>
                <width>4</width>
            </LineStyle>
        </Style>
        <Style id="2742">
            <LineStyle id="2743">
                <color>ffBC751C</color>
                <colorMode>normal</colorMode>
                <width>4</width>
            </LineStyle>
        </Style>
        <Style id="2746">
            <LineStyle id="2747">
                <color>ffBC751C</color>
                <colorMode>normal</colorMode>
                <width>4</width>
            </LineStyle>
        </Style>
        <Style id="2750">
            <LineStyle id="2751">
                <color>ffBC751C</color>
                <colorMode>normal</colorMode>
                <width>4</width>
            </LineStyle>
        </Style>
        <Style id="2754">
            <LineStyle id="2755">
                <color>ffBC751C</color>
                <colorMode>normal</colorMode>
                <width>4</width>
            </LineStyle>
        </Style>
        <Style id="2758">
            <LineStyle id="2759">
                <color>ffBC751C</color>
                <colorMode>normal</colorMode>
                <width>4</width>
            </LineStyle>
        </Style>
        <Style id="2762">
            <LineStyle id="2763">
                <color>ffBC751C</color>
                <colorMode>normal</colorMode>
                <width>4</width>
            </LineStyle>
        </Style>
        <Style id="2766">
            <LineStyle id="2767">
                <color>ffBC751C</color>
                <colorMode>normal</colorMode>
                <width>4</width>
            </LineStyle>
        </Style>
        <Style id="2770">
            <LineStyle id="2771">
                <color>ffBC751C</color>
                <colorMode>normal</colorMode>
                <width>4</width>
            </LineStyle>
        </Style>
        <Style id="2774">
            <LineStyle id="2775">
                <color>ffBC751C</color>
                <colorMode>normal</colorMode>
                <width>4</width>
            </LineStyle>
        </Style>
        <Style id="2778">
            <LineStyle id="2779">
                <color>ffBC751C</color>
                <colorMode>normal</colorMode>
                <width>4</width>
            </LineStyle>
        </Style>
        <Style id="2782">
            <LineStyle id="2783">
                <color>ffBC751C</color>
                <colorMode>normal</colorMode>
                <width>4</width>
            </LineStyle>
        </Style>
        <Style id="2786">
            <LineStyle id="2787">
                <color>ffBC751C</color>
                <colorMode>normal</colorMode>
                <width>4</width>
            </LineStyle>
        </Style>
        <Style id="2790">
            <LineStyle id="2791">
                <color>ffBC751C</color>
                <colorMode>normal</colorMode>
                <width>4</width>
            </LineStyle>
        </Style>
        <Style id="2794">
            <LineStyle id="2795">
                <color>ffBC751C</color>
                <colorMode>normal</colorMode>
                <width>4</width>
            </LineStyle>
        </Style>
        <Style id="2798">
            <LineStyle id="2799">
                <color>ffBC751C</color>
                <colorMode>normal</colorMode>
                <width>4</width>
            </LineStyle>
        </Style>
        <Style id="2802">
            <LineStyle id="2803">
                <color>ffBC751C</color>
                <colorMode>normal</colorMode>
                <width>4</width>
            </LineStyle>
        </Style>
        <Style id="2806">
            <LineStyle id="2807">
                <color>ffBC751C</color>
                <colorMode>normal</colorMode>
                <width>4</width>
            </LineStyle>
        </Style>
        <Style id="2810">
            <LineStyle id="2811">
                <color>ffBC751C</color>
                <colorMode>normal</colorMode>
                <width>4</width>
            </LineStyle>
        </Style>
        <Style id="2814">
            <LineStyle id="2815">
                <color>ffBC751C</color>
                <colorMode>normal</colorMode>
                <width>4</width>
            </LineStyle>
        </Style>
        <Style id="2818">
            <LineStyle id="2819">
                <color>ffBC751C</color>
                <colorMode>normal</colorMode>
                <width>4</width>
            </LineStyle>
        </Style>
        <Style id="2822">
            <LineStyle id="2823">
                <color>ffBC751C</color>
                <colorMode>normal</colorMode>
                <width>4</width>
            </LineStyle>
        </Style>
        <Style id="2826">
            <LineStyle id="2827">
                <color>ffBC751C</color>
                <colorMode>normal</colorMode>
                <width>4</width>
            </LineStyle>
        </Style>
        <Style id="2830">
            <LineStyle id="2831">
                <color>ffBC751C</color>
                <colorMode>normal</colorMode>
                <width>4</width>
            </LineStyle>
        </Style>
        <Style id="2834">
            <LineStyle id="2835">
                <color>ffBC751C</color>
                <colorMode>normal</colorMode>
                <width>4</width>
            </LineStyle>
        </Style>
        <Style id="2838">
            <LineStyle id="2839">
                <color>ffBC751C</color>
                <colorMode>normal</colorMode>
                <width>4</width>
            </LineStyle>
        </Style>
        <Style id="2842">
            <LineStyle id="2843">
                <color>ffBC751C</color>
                <colorMode>normal</colorMode>
                <width>4</width>
            </LineStyle>
        </Style>
        <Style id="2846">
            <LineStyle id="2847">
                <color>ffBC751C</color>
                <colorMode>normal</colorMode>
                <width>4</width>
            </LineStyle>
        </Style>
        <Style id="2850">
            <LineStyle id="2851">
                <color>ffBC751C</color>
                <colorMode>normal</colorMode>
                <width>4</width>
            </LineStyle>
        </Style>
        <Style id="2854">
            <LineStyle id="2855">
                <color>ffBC751C</color>
                <colorMode>normal</colorMode>
                <width>4</width>
            </LineStyle>
        </Style>
        <Style id="2858">
            <LineStyle id="2859">
                <color>ffBC751C</color>
                <colorMode>normal</colorMode>
                <width>4</width>
            </LineStyle>
        </Style>
        <Style id="2862">
            <LineStyle id="2863">
                <color>ffBC751C</color>
                <colorMode>normal</colorMode>
                <width>4</width>
            </LineStyle>
        </Style>
        <Style id="2866">
            <LineStyle id="2867">
                <color>ffBC751C</color>
                <colorMode>normal</colorMode>
                <width>4</width>
            </LineStyle>
        </Style>
        <Style id="2870">
            <LineStyle id="2871">
                <color>ffBC751C</color>
                <colorMode>normal</colorMode>
                <width>4</width>
            </LineStyle>
        </Style>
        <Style id="2874">
            <LineStyle id="2875">
                <color>ffBC751C</color>
                <colorMode>normal</colorMode>
                <width>4</width>
            </LineStyle>
        </Style>
        <Style id="2878">
            <LineStyle id="2879">
                <color>ffBC751C</color>
                <colorMode>normal</colorMode>
                <width>4</width>
            </LineStyle>
        </Style>
        <Style id="2882">
            <LineStyle id="2883">
                <color>ffBC751C</color>
                <colorMode>normal</colorMode>
                <width>4</width>
            </LineStyle>
        </Style>
        <Style id="2886">
            <LineStyle id="2887">
                <color>ffBC751C</color>
                <colorMode>normal</colorMode>
                <width>4</width>
            </LineStyle>
        </Style>
        <Style id="2890">
            <LineStyle id="2891">
                <color>ffBC751C</color>
                <colorMode>normal</colorMode>
                <width>4</width>
            </LineStyle>
        </Style>
        <Style id="2894">
            <LineStyle id="2895">
                <color>ffBC751C</color>
                <colorMode>normal</colorMode>
                <width>4</width>
            </LineStyle>
        </Style>
        <Style id="2898">
            <LineStyle id="2899">
                <color>ffBC751C</color>
                <colorMode>normal</colorMode>
                <width>4</width>
            </LineStyle>
        </Style>
        <Style id="2902">
            <LineStyle id="2903">
                <color>ffBC751C</color>
                <colorMode>normal</colorMode>
                <width>4</width>
            </LineStyle>
        </Style>
        <Style id="2906">
            <LineStyle id="2907">
                <color>ffBC751C</color>
                <colorMode>normal</colorMode>
                <width>4</width>
            </LineStyle>
        </Style>
        <Style id="2910">
            <LineStyle id="2911">
                <color>ffBC751C</color>
                <colorMode>normal</colorMode>
                <width>4</width>
            </LineStyle>
        </Style>
        <Style id="2914">
            <LineStyle id="2915">
                <color>ffBC751C</color>
                <colorMode>normal</colorMode>
                <width>4</width>
            </LineStyle>
        </Style>
        <Style id="2918">
            <LineStyle id="2919">
                <color>ffBC751C</color>
                <colorMode>normal</colorMode>
                <width>4</width>
            </LineStyle>
        </Style>
        <Style id="2922">
            <LineStyle id="2923">
                <color>ffBC751C</color>
                <colorMode>normal</colorMode>
                <width>4</width>
            </LineStyle>
        </Style>
        <Style id="2926">
            <LineStyle id="2927">
                <color>ffBC751C</color>
                <colorMode>normal</colorMode>
                <width>4</width>
            </LineStyle>
        </Style>
        <Style id="2930">
            <LineStyle id="2931">
                <color>ffBC751C</color>
                <colorMode>normal</colorMode>
                <width>4</width>
            </LineStyle>
        </Style>
        <Style id="2934">
            <LineStyle id="2935">
                <color>ffBC751C</color>
                <colorMode>normal</colorMode>
                <width>4</width>
            </LineStyle>
        </Style>
        <Style id="2938">
            <LineStyle id="2939">
                <color>ffBC751C</color>
                <colorMode>normal</colorMode>
                <width>4</width>
            </LineStyle>
        </Style>
        <Style id="2942">
            <LineStyle id="2943">
                <color>ffBC751C</color>
                <colorMode>normal</colorMode>
                <width>4</width>
            </LineStyle>
        </Style>
        <Style id="2946">
            <LineStyle id="2947">
                <color>ffBC751C</color>
                <colorMode>normal</colorMode>
                <width>4</width>
            </LineStyle>
        </Style>
        <Style id="2950">
            <LineStyle id="2951">
                <color>ffBC751C</color>
                <colorMode>normal</colorMode>
                <width>4</width>
            </LineStyle>
        </Style>
        <Style id="2954">
            <LineStyle id="2955">
                <color>ffBC751C</color>
                <colorMode>normal</colorMode>
                <width>4</width>
            </LineStyle>
        </Style>
        <Style id="2958">
            <LineStyle id="2959">
                <color>ffBC751C</color>
                <colorMode>normal</colorMode>
                <width>4</width>
            </LineStyle>
        </Style>
        <Style id="2962">
            <LineStyle id="2963">
                <color>ffBC751C</color>
                <colorMode>normal</colorMode>
                <width>4</width>
            </LineStyle>
        </Style>
        <Style id="2966">
            <LineStyle id="2967">
                <color>ffBC751C</color>
                <colorMode>normal</colorMode>
                <width>4</width>
            </LineStyle>
        </Style>
        <Style id="2970">
            <LineStyle id="2971">
                <color>ffBC751C</color>
                <colorMode>normal</colorMode>
                <width>4</width>
            </LineStyle>
        </Style>
        <Style id="2974">
            <LineStyle id="2975">
                <color>ffBC751C</color>
                <colorMode>normal</colorMode>
                <width>4</width>
            </LineStyle>
        </Style>
        <Style id="2978">
            <LineStyle id="2979">
                <color>ffBC751C</color>
                <colorMode>normal</colorMode>
                <width>4</width>
            </LineStyle>
        </Style>
        <Style id="2982">
            <LineStyle id="2983">
                <color>ffBC751C</color>
                <colorMode>normal</colorMode>
                <width>4</width>
            </LineStyle>
        </Style>
        <Style id="2986">
            <LineStyle id="2987">
                <color>ffBC751C</color>
                <colorMode>normal</colorMode>
                <width>4</width>
            </LineStyle>
        </Style>
        <Style id="2990">
            <LineStyle id="2991">
                <color>ffBC751C</color>
                <colorMode>normal</colorMode>
                <width>4</width>
            </LineStyle>
        </Style>
        <Style id="2994">
            <LineStyle id="2995">
                <color>ffBC751C</color>
                <colorMode>normal</colorMode>
                <width>4</width>
            </LineStyle>
        </Style>
        <Style id="2998">
            <LineStyle id="2999">
                <color>ffBC751C</color>
                <colorMode>normal</colorMode>
                <width>4</width>
            </LineStyle>
        </Style>
        <Style id="3002">
            <LineStyle id="3003">
                <color>ffBC751C</color>
                <colorMode>normal</colorMode>
                <width>4</width>
            </LineStyle>
        </Style>
        <Style id="3006">
            <LineStyle id="3007">
                <color>ffBC751C</color>
                <colorMode>normal</colorMode>
                <width>4</width>
            </LineStyle>
        </Style>
        <Style id="3010">
            <LineStyle id="3011">
                <color>ffBC751C</color>
                <colorMode>normal</colorMode>
                <width>4</width>
            </LineStyle>
        </Style>
        <Style id="3014">
            <LineStyle id="3015">
                <color>ffBC751C</color>
                <colorMode>normal</colorMode>
                <width>4</width>
            </LineStyle>
        </Style>
        <Style id="3018">
            <LineStyle id="3019">
                <color>ffBC751C</color>
                <colorMode>normal</colorMode>
                <width>4</width>
            </LineStyle>
        </Style>
        <Style id="3022">
            <LineStyle id="3023">
                <color>ffBC751C</color>
                <colorMode>normal</colorMode>
                <width>4</width>
            </LineStyle>
        </Style>
        <Style id="3026">
            <LineStyle id="3027">
                <color>ffBC751C</color>
                <colorMode>normal</colorMode>
                <width>4</width>
            </LineStyle>
        </Style>
        <Style id="3030">
            <LineStyle id="3031">
                <color>ffBC751C</color>
                <colorMode>normal</colorMode>
                <width>4</width>
            </LineStyle>
        </Style>
        <Style id="3034">
            <LineStyle id="3035">
                <color>ffBC751C</color>
                <colorMode>normal</colorMode>
                <width>4</width>
            </LineStyle>
        </Style>
        <Style id="3038">
            <LineStyle id="3039">
                <color>ffBC751C</color>
                <colorMode>normal</colorMode>
                <width>4</width>
            </LineStyle>
        </Style>
        <Style id="3042">
            <LineStyle id="3043">
                <color>ffBC751C</color>
                <colorMode>normal</colorMode>
                <width>4</width>
            </LineStyle>
        </Style>
        <Style id="3046">
            <LineStyle id="3047">
                <color>ffBC751C</color>
                <colorMode>normal</colorMode>
                <width>4</width>
            </LineStyle>
        </Style>
        <Style id="3050">
            <LineStyle id="3051">
                <color>ffBC751C</color>
                <colorMode>normal</colorMode>
                <width>4</width>
            </LineStyle>
        </Style>
        <Style id="3054">
            <LineStyle id="3055">
                <color>ffBC751C</color>
                <colorMode>normal</colorMode>
                <width>4</width>
            </LineStyle>
        </Style>
        <Style id="3058">
            <LineStyle id="3059">
                <color>ffBC751C</color>
                <colorMode>normal</colorMode>
                <width>4</width>
            </LineStyle>
        </Style>
        <Style id="3062">
            <LineStyle id="3063">
                <color>ffBC751C</color>
                <colorMode>normal</colorMode>
                <width>4</width>
            </LineStyle>
        </Style>
        <Style id="3066">
            <LineStyle id="3067">
                <color>ffBC751C</color>
                <colorMode>normal</colorMode>
                <width>4</width>
            </LineStyle>
        </Style>
        <Style id="3070">
            <LineStyle id="3071">
                <color>ffBC751C</color>
                <colorMode>normal</colorMode>
                <width>4</width>
            </LineStyle>
        </Style>
        <Style id="3074">
            <LineStyle id="3075">
                <color>ffBC751C</color>
                <colorMode>normal</colorMode>
                <width>4</width>
            </LineStyle>
        </Style>
        <Style id="3078">
            <LineStyle id="3079">
                <color>ffBC751C</color>
                <colorMode>normal</colorMode>
                <width>4</width>
            </LineStyle>
        </Style>
        <Style id="3082">
            <LineStyle id="3083">
                <color>ffBC751C</color>
                <colorMode>normal</colorMode>
                <width>4</width>
            </LineStyle>
        </Style>
        <Style id="3086">
            <LineStyle id="3087">
                <color>ffBC751C</color>
                <colorMode>normal</colorMode>
                <width>4</width>
            </LineStyle>
        </Style>
        <Style id="3090">
            <LineStyle id="3091">
                <color>ffBC751C</color>
                <colorMode>normal</colorMode>
                <width>4</width>
            </LineStyle>
        </Style>
        <Style id="3094">
            <LineStyle id="3095">
                <color>ffBC751C</color>
                <colorMode>normal</colorMode>
                <width>4</width>
            </LineStyle>
        </Style>
        <Style id="3098">
            <LineStyle id="3099">
                <color>ffBC751C</color>
                <colorMode>normal</colorMode>
                <width>4</width>
            </LineStyle>
        </Style>
        <Style id="3102">
            <LineStyle id="3103">
                <color>ffBC751C</color>
                <colorMode>normal</colorMode>
                <width>4</width>
            </LineStyle>
        </Style>
        <Style id="3106">
            <LineStyle id="3107">
                <color>ffBC751C</color>
                <colorMode>normal</colorMode>
                <width>4</width>
            </LineStyle>
        </Style>
        <Style id="3110">
            <LineStyle id="3111">
                <color>ffBC751C</color>
                <colorMode>normal</colorMode>
                <width>4</width>
            </LineStyle>
        </Style>
        <Style id="3114">
            <LineStyle id="3115">
                <color>ffBC751C</color>
                <colorMode>normal</colorMode>
                <width>4</width>
            </LineStyle>
        </Style>
        <Style id="3118">
            <LineStyle id="3119">
                <color>ffBC751C</color>
                <colorMode>normal</colorMode>
                <width>4</width>
            </LineStyle>
        </Style>
        <Style id="3122">
            <LineStyle id="3123">
                <color>ffBC751C</color>
                <colorMode>normal</colorMode>
                <width>4</width>
            </LineStyle>
        </Style>
        <Style id="3126">
            <LineStyle id="3127">
                <color>ffBC751C</color>
                <colorMode>normal</colorMode>
                <width>4</width>
            </LineStyle>
        </Style>
        <Style id="3130">
            <LineStyle id="3131">
                <color>ffBC751C</color>
                <colorMode>normal</colorMode>
                <width>4</width>
            </LineStyle>
        </Style>
        <Style id="3134">
            <LineStyle id="3135">
                <color>ffBC751C</color>
                <colorMode>normal</colorMode>
                <width>4</width>
            </LineStyle>
        </Style>
        <Style id="3138">
            <LineStyle id="3139">
                <color>ffBC751C</color>
                <colorMode>normal</colorMode>
                <width>4</width>
            </LineStyle>
        </Style>
        <Style id="3142">
            <LineStyle id="3143">
                <color>ffBC751C</color>
                <colorMode>normal</colorMode>
                <width>4</width>
            </LineStyle>
        </Style>
        <Style id="3146">
            <LineStyle id="3147">
                <color>ffBC751C</color>
                <colorMode>normal</colorMode>
                <width>4</width>
            </LineStyle>
        </Style>
        <Style id="3150">
            <LineStyle id="3151">
                <color>ffBC751C</color>
                <colorMode>normal</colorMode>
                <width>4</width>
            </LineStyle>
        </Style>
        <Style id="3154">
            <LineStyle id="3155">
                <color>ffBC751C</color>
                <colorMode>normal</colorMode>
                <width>4</width>
            </LineStyle>
        </Style>
        <Style id="3158">
            <LineStyle id="3159">
                <color>ffBC751C</color>
                <colorMode>normal</colorMode>
                <width>4</width>
            </LineStyle>
        </Style>
        <Style id="3162">
            <LineStyle id="3163">
                <color>ffBC751C</color>
                <colorMode>normal</colorMode>
                <width>4</width>
            </LineStyle>
        </Style>
        <Style id="3166">
            <LineStyle id="3167">
                <color>ffBC751C</color>
                <colorMode>normal</colorMode>
                <width>4</width>
            </LineStyle>
        </Style>
        <Style id="3170">
            <LineStyle id="3171">
                <color>ffBC751C</color>
                <colorMode>normal</colorMode>
                <width>4</width>
            </LineStyle>
        </Style>
        <Style id="3174">
            <LineStyle id="3175">
                <color>ffBC751C</color>
                <colorMode>normal</colorMode>
                <width>4</width>
            </LineStyle>
        </Style>
        <Style id="3178">
            <LineStyle id="3179">
                <color>ffBC751C</color>
                <colorMode>normal</colorMode>
                <width>4</width>
            </LineStyle>
        </Style>
        <Style id="3182">
            <LineStyle id="3183">
                <color>ffBC751C</color>
                <colorMode>normal</colorMode>
                <width>4</width>
            </LineStyle>
        </Style>
        <Style id="3186">
            <LineStyle id="3187">
                <color>ffBC751C</color>
                <colorMode>normal</colorMode>
                <width>4</width>
            </LineStyle>
        </Style>
        <Style id="3190">
            <LineStyle id="3191">
                <color>ffBC751C</color>
                <colorMode>normal</colorMode>
                <width>4</width>
            </LineStyle>
        </Style>
        <Style id="3194">
            <LineStyle id="3195">
                <color>ffBC751C</color>
                <colorMode>normal</colorMode>
                <width>4</width>
            </LineStyle>
        </Style>
        <Style id="3198">
            <LineStyle id="3199">
                <color>ffBC751C</color>
                <colorMode>normal</colorMode>
                <width>4</width>
            </LineStyle>
        </Style>
        <Style id="3202">
            <LineStyle id="3203">
                <color>ffBC751C</color>
                <colorMode>normal</colorMode>
                <width>4</width>
            </LineStyle>
        </Style>
        <Style id="3206">
            <LineStyle id="3207">
                <color>ffBC751C</color>
                <colorMode>normal</colorMode>
                <width>4</width>
            </LineStyle>
        </Style>
        <Style id="3210">
            <LineStyle id="3211">
                <color>ffBC751C</color>
                <colorMode>normal</colorMode>
                <width>4</width>
            </LineStyle>
        </Style>
        <Style id="3214">
            <LineStyle id="3215">
                <color>ffBC751C</color>
                <colorMode>normal</colorMode>
                <width>4</width>
            </LineStyle>
        </Style>
        <Style id="3218">
            <LineStyle id="3219">
                <color>ffBC751C</color>
                <colorMode>normal</colorMode>
                <width>4</width>
            </LineStyle>
        </Style>
        <Style id="3222">
            <LineStyle id="3223">
                <color>ffBC751C</color>
                <colorMode>normal</colorMode>
                <width>4</width>
            </LineStyle>
        </Style>
        <Style id="3226">
            <LineStyle id="3227">
                <color>ffBC751C</color>
                <colorMode>normal</colorMode>
                <width>4</width>
            </LineStyle>
        </Style>
        <Style id="3230">
            <LineStyle id="3231">
                <color>ffBC751C</color>
                <colorMode>normal</colorMode>
                <width>4</width>
            </LineStyle>
        </Style>
        <Style id="3234">
            <LineStyle id="3235">
                <color>ffBC751C</color>
                <colorMode>normal</colorMode>
                <width>4</width>
            </LineStyle>
        </Style>
        <Style id="3238">
            <LineStyle id="3239">
                <color>ffBC751C</color>
                <colorMode>normal</colorMode>
                <width>4</width>
            </LineStyle>
        </Style>
        <Style id="3242">
            <LineStyle id="3243">
                <color>ffBC751C</color>
                <colorMode>normal</colorMode>
                <width>4</width>
            </LineStyle>
        </Style>
        <Style id="3246">
            <LineStyle id="3247">
                <color>ffBC751C</color>
                <colorMode>normal</colorMode>
                <width>4</width>
            </LineStyle>
        </Style>
        <Style id="3250">
            <LineStyle id="3251">
                <color>ffBC751C</color>
                <colorMode>normal</colorMode>
                <width>4</width>
            </LineStyle>
        </Style>
        <Style id="3254">
            <LineStyle id="3255">
                <color>ffBC751C</color>
                <colorMode>normal</colorMode>
                <width>4</width>
            </LineStyle>
        </Style>
        <Style id="3258">
            <LineStyle id="3259">
                <color>ffBC751C</color>
                <colorMode>normal</colorMode>
                <width>4</width>
            </LineStyle>
        </Style>
        <Style id="3262">
            <LineStyle id="3263">
                <color>ffBC751C</color>
                <colorMode>normal</colorMode>
                <width>4</width>
            </LineStyle>
        </Style>
        <Style id="3266">
            <LineStyle id="3267">
                <color>ffBC751C</color>
                <colorMode>normal</colorMode>
                <width>4</width>
            </LineStyle>
        </Style>
        <Style id="3270">
            <LineStyle id="3271">
                <color>ffBC751C</color>
                <colorMode>normal</colorMode>
                <width>4</width>
            </LineStyle>
        </Style>
        <Style id="3274">
            <LineStyle id="3275">
                <color>ffBC751C</color>
                <colorMode>normal</colorMode>
                <width>4</width>
            </LineStyle>
        </Style>
        <Style id="3278">
            <LineStyle id="3279">
                <color>ffBC751C</color>
                <colorMode>normal</colorMode>
                <width>4</width>
            </LineStyle>
        </Style>
        <Style id="3282">
            <LineStyle id="3283">
                <color>ffBC751C</color>
                <colorMode>normal</colorMode>
                <width>4</width>
            </LineStyle>
        </Style>
        <Style id="3286">
            <LineStyle id="3287">
                <color>ffBC751C</color>
                <colorMode>normal</colorMode>
                <width>4</width>
            </LineStyle>
        </Style>
        <Style id="3290">
            <LineStyle id="3291">
                <color>ffBC751C</color>
                <colorMode>normal</colorMode>
                <width>4</width>
            </LineStyle>
        </Style>
        <Style id="3294">
            <LineStyle id="3295">
                <color>ffBC751C</color>
                <colorMode>normal</colorMode>
                <width>4</width>
            </LineStyle>
        </Style>
        <Style id="3298">
            <LineStyle id="3299">
                <color>ffBC751C</color>
                <colorMode>normal</colorMode>
                <width>4</width>
            </LineStyle>
        </Style>
        <Style id="3302">
            <LineStyle id="3303">
                <color>ffBC751C</color>
                <colorMode>normal</colorMode>
                <width>4</width>
            </LineStyle>
        </Style>
        <Style id="3306">
            <LineStyle id="3307">
                <color>ffBC751C</color>
                <colorMode>normal</colorMode>
                <width>4</width>
            </LineStyle>
        </Style>
        <Style id="3310">
            <LineStyle id="3311">
                <color>ffBC751C</color>
                <colorMode>normal</colorMode>
                <width>4</width>
            </LineStyle>
        </Style>
        <Style id="3314">
            <LineStyle id="3315">
                <color>ffBC751C</color>
                <colorMode>normal</colorMode>
                <width>4</width>
            </LineStyle>
        </Style>
        <Style id="3318">
            <LineStyle id="3319">
                <color>ffBC751C</color>
                <colorMode>normal</colorMode>
                <width>4</width>
            </LineStyle>
        </Style>
        <Style id="3322">
            <LineStyle id="3323">
                <color>ffBC751C</color>
                <colorMode>normal</colorMode>
                <width>4</width>
            </LineStyle>
        </Style>
        <Style id="3326">
            <LineStyle id="3327">
                <color>ffBC751C</color>
                <colorMode>normal</colorMode>
                <width>4</width>
            </LineStyle>
        </Style>
        <Style id="3330">
            <LineStyle id="3331">
                <color>ffBC751C</color>
                <colorMode>normal</colorMode>
                <width>4</width>
            </LineStyle>
        </Style>
        <Style id="3334">
            <LineStyle id="3335">
                <color>ffBC751C</color>
                <colorMode>normal</colorMode>
                <width>4</width>
            </LineStyle>
        </Style>
        <Style id="3338">
            <LineStyle id="3339">
                <color>ffBC751C</color>
                <colorMode>normal</colorMode>
                <width>4</width>
            </LineStyle>
        </Style>
        <Style id="3342">
            <LineStyle id="3343">
                <color>ffBC751C</color>
                <colorMode>normal</colorMode>
                <width>4</width>
            </LineStyle>
        </Style>
        <Style id="3346">
            <LineStyle id="3347">
                <color>ffBC751C</color>
                <colorMode>normal</colorMode>
                <width>4</width>
            </LineStyle>
        </Style>
        <Style id="3350">
            <LineStyle id="3351">
                <color>ffBC751C</color>
                <colorMode>normal</colorMode>
                <width>4</width>
            </LineStyle>
        </Style>
        <Style id="3354">
            <LineStyle id="3355">
                <color>ffBC751C</color>
                <colorMode>normal</colorMode>
                <width>4</width>
            </LineStyle>
        </Style>
        <Style id="3358">
            <LineStyle id="3359">
                <color>ffBC751C</color>
                <colorMode>normal</colorMode>
                <width>4</width>
            </LineStyle>
        </Style>
        <Style id="3362">
            <LineStyle id="3363">
                <color>ffBC751C</color>
                <colorMode>normal</colorMode>
                <width>4</width>
            </LineStyle>
        </Style>
        <Style id="3366">
            <LineStyle id="3367">
                <color>ffBC751C</color>
                <colorMode>normal</colorMode>
                <width>4</width>
            </LineStyle>
        </Style>
        <Style id="3370">
            <LineStyle id="3371">
                <color>ffBC751C</color>
                <colorMode>normal</colorMode>
                <width>4</width>
            </LineStyle>
        </Style>
        <Style id="3374">
            <LineStyle id="3375">
                <color>ffBC751C</color>
                <colorMode>normal</colorMode>
                <width>4</width>
            </LineStyle>
        </Style>
        <Style id="3378">
            <LineStyle id="3379">
                <color>ffBC751C</color>
                <colorMode>normal</colorMode>
                <width>4</width>
            </LineStyle>
        </Style>
        <Style id="3382">
            <LineStyle id="3383">
                <color>ffBC751C</color>
                <colorMode>normal</colorMode>
                <width>4</width>
            </LineStyle>
        </Style>
        <Style id="3386">
            <LineStyle id="3387">
                <color>ffBC751C</color>
                <colorMode>normal</colorMode>
                <width>4</width>
            </LineStyle>
        </Style>
        <Style id="3390">
            <LineStyle id="3391">
                <color>ffBC751C</color>
                <colorMode>normal</colorMode>
                <width>4</width>
            </LineStyle>
        </Style>
        <Style id="3394">
            <LineStyle id="3395">
                <color>ffBC751C</color>
                <colorMode>normal</colorMode>
                <width>4</width>
            </LineStyle>
        </Style>
        <Style id="3398">
            <LineStyle id="3399">
                <color>ffBC751C</color>
                <colorMode>normal</colorMode>
                <width>4</width>
            </LineStyle>
        </Style>
        <Style id="3402">
            <LineStyle id="3403">
                <color>ffBC751C</color>
                <colorMode>normal</colorMode>
                <width>4</width>
            </LineStyle>
        </Style>
        <Style id="3406">
            <LineStyle id="3407">
                <color>ffBC751C</color>
                <colorMode>normal</colorMode>
                <width>4</width>
            </LineStyle>
        </Style>
        <Style id="3410">
            <LineStyle id="3411">
                <color>ffBC751C</color>
                <colorMode>normal</colorMode>
                <width>4</width>
            </LineStyle>
        </Style>
        <Style id="3414">
            <LineStyle id="3415">
                <color>ffBC751C</color>
                <colorMode>normal</colorMode>
                <width>4</width>
            </LineStyle>
        </Style>
        <Style id="3418">
            <LineStyle id="3419">
                <color>ffBC751C</color>
                <colorMode>normal</colorMode>
                <width>4</width>
            </LineStyle>
        </Style>
        <Style id="3422">
            <LineStyle id="3423">
                <color>ffBC751C</color>
                <colorMode>normal</colorMode>
                <width>4</width>
            </LineStyle>
        </Style>
        <Style id="3426">
            <LineStyle id="3427">
                <color>ffBC751C</color>
                <colorMode>normal</colorMode>
                <width>4</width>
            </LineStyle>
        </Style>
        <Style id="3430">
            <LineStyle id="3431">
                <color>ffBC751C</color>
                <colorMode>normal</colorMode>
                <width>4</width>
            </LineStyle>
        </Style>
        <Style id="3434">
            <LineStyle id="3435">
                <color>ffBC751C</color>
                <colorMode>normal</colorMode>
                <width>4</width>
            </LineStyle>
        </Style>
        <Style id="3438">
            <LineStyle id="3439">
                <color>ffBC751C</color>
                <colorMode>normal</colorMode>
                <width>4</width>
            </LineStyle>
        </Style>
        <Style id="3442">
            <LineStyle id="3443">
                <color>ffBC751C</color>
                <colorMode>normal</colorMode>
                <width>4</width>
            </LineStyle>
        </Style>
        <Style id="3446">
            <LineStyle id="3447">
                <color>ffBC751C</color>
                <colorMode>normal</colorMode>
                <width>4</width>
            </LineStyle>
        </Style>
        <Style id="3450">
            <LineStyle id="3451">
                <color>ffBC751C</color>
                <colorMode>normal</colorMode>
                <width>4</width>
            </LineStyle>
        </Style>
        <Style id="3454">
            <LineStyle id="3455">
                <color>ffBC751C</color>
                <colorMode>normal</colorMode>
                <width>4</width>
            </LineStyle>
        </Style>
        <Style id="3458">
            <LineStyle id="3459">
                <color>ffBC751C</color>
                <colorMode>normal</colorMode>
                <width>4</width>
            </LineStyle>
        </Style>
        <Style id="3462">
            <LineStyle id="3463">
                <color>ffBC751C</color>
                <colorMode>normal</colorMode>
                <width>4</width>
            </LineStyle>
        </Style>
        <Style id="3466">
            <LineStyle id="3467">
                <color>ffBC751C</color>
                <colorMode>normal</colorMode>
                <width>4</width>
            </LineStyle>
        </Style>
        <ExtendedData>
            <Data name="route-name">
                <value>Commuter Line Garut: Purwakarta → Garut</value>
            </Data>
            <Data name="source">
                <value>Transport for Bandung</value>
            </Data>
        </ExtendedData>
        <Placemark id="2079">
            <name>Leles</name>
            <styleUrl>#2080</styleUrl>
            <Point id="2078">
                <coordinates>107.8998026,-7.0849825,0.0</coordinates>
            </Point>
        </Placemark>
        <Placemark id="2084">
            <name>Cikudapateuh</name>
            <styleUrl>#2085</styleUrl>
            <Point id="2083">
                <coordinates>107.6270969,-6.9190593,0.0</coordinates>
            </Point>
        </Placemark>
        <Placemark id="2089">
            <name>Cimahi</name>
            <styleUrl>#2090</styleUrl>
            <Point id="2088">
                <coordinates>107.5366917,-6.8865292,0.0</coordinates>
            </Point>
        </Placemark>
        <Placemark id="2094">
            <name>Cimindi</name>
            <styleUrl>#2095</styleUrl>
            <Point id="2093">
                <coordinates>107.5626233,-6.8970948,0.0</coordinates>
            </Point>
        </Placemark>
        <Placemark id="2099">
            <name>Ciroyom</name>
            <styleUrl>#2100</styleUrl>
            <Point id="2098">
                <coordinates>107.5913559,-6.9140705,0.0</coordinates>
            </Point>
        </Placemark>
        <Placemark id="2104">
            <name>Rendeh</name>
            <styleUrl>#2105</styleUrl>
            <Point id="2103">
                <coordinates>107.3993095,-6.7365152,0.0</coordinates>
            </Point>
        </Placemark>
        <Placemark id="2109">
            <name>Karangsari</name>
            <styleUrl>#2110</styleUrl>
            <Point id="2108">
                <coordinates>107.931297,-7.0988099,0.0</coordinates>
            </Point>
        </Placemark>
        <Placemark id="2114">
            <name>Gadobangkong</name>
            <styleUrl>#2115</styleUrl>
            <Point id="2113">
                <coordinates>107.5154533,-6.8652868,0.0</coordinates>
            </Point>
        </Placemark>
        <Placemark id="2119">
            <name>Pasirjengkol</name>
            <styleUrl>#2120</styleUrl>
            <Point id="2118">
                <coordinates>107.9922967,-7.1291772,0.0</coordinates>
            </Point>
        </Placemark>
        <Placemark id="2124">
            <name>Wanaraja</name>
            <styleUrl>#2125</styleUrl>
            <Point id="2123">
                <coordinates>107.9762771,-7.1658406,0.0</coordinates>
            </Point>
        </Placemark>
        <Placemark id="2129">
            <name>Nagreg</name>
            <styleUrl>#2130</styleUrl>
            <Point id="2128">
                <coordinates>107.8869857,-7.0186209,0.0</coordinates>
            </Point>
        </Placemark>
        <Placemark id="2134">
            <name>Bandung</name>
            <styleUrl>#2135</styleUrl>
            <Point id="2133">
                <coordinates>107.6031495,-6.9145291,0.0</coordinates>
            </Point>
        </Placemark>
        <Placemark id="2139">
            <name>Padalarang</name>
            <styleUrl>#2140</styleUrl>
            <Point id="2138">
                <coordinates>107.4980668,-6.8435633,0.0</coordinates>
            </Point>
        </Placemark>
        <Placemark id="2144">
            <name>Cibatu</name>
            <styleUrl>#2145</styleUrl>
            <Point id="2143">
                <coordinates>107.9803328,-7.0997162,0.0</coordinates>
            </Point>
        </Placemark>
        <Placemark id="2149">
            <name>Plered</name>
            <styleUrl>#2150</styleUrl>
            <Point id="2148">
                <coordinates>107.3912649,-6.6416537,0.0</coordinates>
            </Point>
        </Placemark>
        <Placemark id="2154">
            <name>Cikadongdong</name>
            <styleUrl>#2155</styleUrl>
            <Point id="2153">
                <coordinates>107.3913369,-6.715896,0.0</coordinates>
            </Point>
        </Placemark>
        <Placemark id="2159">
            <name>Rancaekek</name>
            <styleUrl>#2160</styleUrl>
            <Point id="2158">
                <coordinates>107.7564505,-6.965122,0.0</coordinates>
            </Point>
        </Placemark>
        <Placemark id="2164">
            <name>Haurpugur</name>
            <styleUrl>#2165</styleUrl>
            <Point id="2163">
                <coordinates>107.7998788,-6.9808307,0.0</coordinates>
            </Point>
        </Placemark>
        <Placemark id="2169">
            <name>Cimekar</name>
            <styleUrl>#2170</styleUrl>
            <Point id="2168">
                <coordinates>107.7129517,-6.9492508,0.0</coordinates>
            </Point>
        </Placemark>
        <Placemark id="2174">
            <name>Leuwigoong</name>
            <styleUrl>#2175</styleUrl>
            <Point id="2173">
                <coordinates>107.9587146,-7.1028395,0.0</coordinates>
            </Point>
        </Placemark>
        <Placemark id="2179">
            <name>Sasaksaat</name>
            <styleUrl>#2180</styleUrl>
            <Point id="2178">
                <coordinates>107.4321188,-6.78052,0.0</coordinates>
            </Point>
        </Placemark>
        <Placemark id="2184">
            <name>Maswati</name>
            <styleUrl>#2185</styleUrl>
            <Point id="2183">
                <coordinates>107.4093454,-6.760778,0.0</coordinates>
            </Point>
        </Placemark>
        <Placemark id="2189">
            <name>Sukatani</name>
            <styleUrl>#2190</styleUrl>
            <Point id="2188">
                <coordinates>107.4083066,-6.6111493,0.0</coordinates>
            </Point>
        </Placemark>
        <Placemark id="2194">
            <name>Ciganea</name>
            <styleUrl>#2195</styleUrl>
            <Point id="2193">
                <coordinates>107.4301051,-6.5729485,0.0</coordinates>
            </Point>
        </Placemark>
        <Placemark id="2199">
            <name>Cilame</name>
            <styleUrl>#2200</styleUrl>
            <Point id="2198">
                <coordinates>107.4645349,-6.8036184,0.0</coordinates>
            </Point>
        </Placemark>
        <Placemark id="2204">
            <name>Kiaracondong</name>
            <styleUrl>#2205</styleUrl>
            <Point id="2203">
                <coordinates>107.6474897,-6.9254525,0.0</coordinates>
            </Point>
        </Placemark>
        <Placemark id="2209">
            <name>Gedebage</name>
            <styleUrl>#2210</styleUrl>
            <Point id="2208">
                <coordinates>107.6905026,-6.9411251,0.0</coordinates>
            </Point>
        </Placemark>
        <Placemark id="2214">
            <name>Cicalengka</name>
            <styleUrl>#2215</styleUrl>
            <Point id="2213">
                <coordinates>107.8331538,-6.9821056,0.0</coordinates>
            </Point>
        </Placemark>
        <Placemark id="2219">
            <name>Purwakarta</name>
            <styleUrl>#2220</styleUrl>
            <Point id="2218">
                <coordinates>107.4472627,-6.554094,0.0</coordinates>
            </Point>
        </Placemark>
        <Placemark id="2224">
            <name>Garut</name>
            <styleUrl>#2225</styleUrl>
            <Point id="2223">
                <coordinates>107.9023246,-7.213396,0.0</coordinates>
            </Point>
        </Placemark>
        <Placemark id="2229">
            <name>Jalur Kereta Api Padalarang–Kasugihan</name>
            <styleUrl>#2230</styleUrl>
            <LineString id="2228">
                <coordinates>107.6070136,-6.9149092,0.0 107.6075265,-6.9149725,0.0</coordinates>
            </LineString>
        </Placemark>
        <Placemark id="2233">
            <name>Jalur Kereta Api Cikampek–Padalarang</name>
            <styleUrl>#2234</styleUrl>
            <LineString id="2232">
                <coordinates>107.4288326,-6.7782672,0.0 107.4294946,-6.7781325,0.0 107.4295116,-6.7781291,0.0 107.4297205,-6.7781054,0.0 107.4299147,-6.778092,0.0 107.4300451,-6.7780911,0.0 107.4302367,-6.7781175,0.0 107.430412,-6.7781616,0.0 107.4306014,-6.7782295,0.0 107.4307664,-6.778311,0.0 107.4309172,-6.7784083,0.0 107.4310287,-6.7784962,0.0 107.4311505,-6.7786048,0.0 107.4312421,-6.7787048,0.0 107.4312678,-6.7787382,0.0 107.4313641,-6.7788637,0.0 107.4314942,-6.7790843,0.0 107.4319082,-6.7799989,0.0 107.4321142,-6.7804779,0.0 107.4321721,-6.7806117,0.0 107.4323756,-6.7810819,0.0</coordinates>
            </LineString>
        </Placemark>
        <Placemark id="2237">
            <name>Jalur Kereta Api Cikampek–Padalarang</name>
            <styleUrl>#2238</styleUrl>
            <LineString id="2236">
                <coordinates>107.3998665,-6.7366928,0.0 107.4004005,-6.7369017,0.0 107.4005788,-6.7370088,0.0 107.4007459,-6.7371312,0.0 107.4009896,-6.7373808,0.0 107.4011417,-6.7375856,0.0 107.4012655,-6.7378346,0.0 107.4013514,-6.7380912,0.0 107.4013754,-6.7382625,0.0 107.4013925,-6.7384349,0.0 107.4013879,-6.7387032,0.0 107.4013813,-6.7387978,0.0 107.4013741,-6.7389025,0.0 107.4013351,-6.7392969,0.0 107.4013265,-6.7393992,0.0 107.4013196,-6.7396966,0.0 107.401328,-6.7398647,0.0 107.4013926,-6.7402112,0.0 107.4015094,-6.7404847,0.0 107.4016321,-6.7407025,0.0 107.4018122,-6.7409102,0.0 107.4019297,-6.741029,0.0 107.4021108,-6.7411515,0.0 107.4023625,-6.7412984,0.0 107.4026165,-6.7414242,0.0 107.4030302,-6.7416103,0.0 107.4043187,-6.7421819,0.0 107.4046796,-6.7423305,0.0 107.4049375,-6.7423987,0.0 107.4051115,-6.7424133,0.0 107.4071452,-6.7424692,0.0 107.4074785,-6.7424894,0.0 107.4077611,-6.7425345,0.0 107.4080101,-6.7426339,0.0 107.4082826,-6.7428002,0.0 107.4085306,-6.7430086,0.0 107.4086925,-6.7431944,0.0 107.4088009,-6.7433591,0.0 107.4089205,-6.7436072,0.0 107.409009,-6.7438896,0.0 107.4090439,-6.7442092,0.0 107.4090284,-6.7445638,0.0 107.4089581,-6.744832,0.0 107.4088042,-6.7451668,0.0 107.4085769,-6.7454564,0.0 107.4082546,-6.7457241,0.0 107.4073154,-6.7463069,0.0 107.4070307,-6.7465381,0.0 107.406798,-6.7468269,0.0 107.4065982,-6.7471645,0.0 107.4064566,-6.7475464,0.0 107.406443,-6.7478834,0.0 107.4065177,-6.7482927,0.0 107.4066631,-6.7486358,0.0 107.4068798,-6.74894,0.0 107.4070172,-6.7490936,0.0 107.4071676,-6.7492255,0.0 107.4071861,-6.7492391,0.0 107.4073525,-6.749361,0.0 107.4075934,-6.7495019,0.0 107.4078142,-6.749634,0.0 107.4080475,-6.7498043,0.0 107.4082756,-6.7500268,0.0 107.4084784,-6.7503144,0.0 107.4085933,-6.7506233,0.0 107.4086352,-6.7508006,0.0 107.408659,-6.7509569,0.0 107.4086704,-6.7511909,0.0 107.4086634,-6.7513678,0.0 107.4086134,-6.7516509,0.0 107.4085889,-6.7517334,0.0 107.4084393,-6.7520771,0.0 107.4080904,-6.7527351,0.0 107.4079742,-6.7530283,0.0 107.4079245,-6.7533276,0.0 107.4079226,-6.7536434,0.0 107.4080319,-6.7542434,0.0 107.4080855,-6.7545415,0.0 107.4081252,-6.7548829,0.0 107.4081276,-6.7550194,0.0 107.4081048,-6.7552399,0.0</coordinates>
            </LineString>
        </Placemark>
        <Placemark id="2241">
            <name>Jalur Kereta Api Padalarang–Kasugihan</name>
            <styleUrl>#2242</styleUrl>
            <LineString id="2240">
                <coordinates>107.8855874,-7.0794703,0.0 107.8857414,-7.079493,0.0</coordinates>
            </LineString>
        </Placemark>
        <Placemark id="2245">
            <name>Jalur Kereta Api Padalarang–Kasugihan</name>
            <styleUrl>#2246</styleUrl>
            <LineString id="2244">
                <coordinates>107.9061038,-7.0874137,0.0 107.9087642,-7.0871882,0.0 107.9094401,-7.0871763,0.0 107.9099118,-7.0872105,0.0 107.9102817,-7.0872799,0.0 107.9109851,-7.0874689,0.0 107.9126458,-7.0879152,0.0 107.913778,-7.088231,0.0</coordinates>
            </LineString>
        </Placemark>
        <Placemark id="2249">
            <name>Jalur Kereta Api Cikampek–Padalarang</name>
            <styleUrl>#2250</styleUrl>
            <LineString id="2248">
                <coordinates>107.4344077,-6.5760875,0.0 107.4341967,-6.576066,0.0 107.4340114,-6.576024,0.0</coordinates>
            </LineString>
        </Placemark>
        <Placemark id="2253">
            <name>Jalur Kereta Api Padalarang–Kasugihan</name>
            <styleUrl>#2254</styleUrl>
            <LineString id="2252">
                <coordinates>107.965824,-7.1046164,0.0 107.9659507,-7.1047551,0.0 107.9662449,-7.1050271,0.0 107.9664792,-7.1051866,0.0 107.9667696,-7.1053188,0.0 107.9669919,-7.1053814,0.0 107.9671592,-7.105408,0.0 107.967201,-7.1054147,0.0 107.9673933,-7.1054208,0.0 107.9675771,-7.10541,0.0 107.9679267,-7.1053501,0.0 107.9692563,-7.1050314,0.0 107.9705514,-7.1047181,0.0 107.9710919,-7.1045879,0.0 107.9712573,-7.1045462,0.0 107.9715369,-7.1044574,0.0 107.971758,-7.1043724,0.0 107.9719974,-7.1042643,0.0 107.9722473,-7.1041171,0.0 107.9724526,-7.1039801,0.0 107.9726206,-7.1038477,0.0 107.9728411,-7.1036621,0.0 107.9743165,-7.102361,0.0 107.9746894,-7.1020321,0.0 107.9749667,-7.1017869,0.0 107.9753135,-7.1015396,0.0 107.9756446,-7.1013518,0.0 107.9759383,-7.1012145,0.0 107.9762265,-7.1010936,0.0 107.9762784,-7.1010753,0.0 107.9764188,-7.1010256,0.0 107.9767708,-7.1009118,0.0 107.9769694,-7.1008483,0.0 107.9769994,-7.1008387,0.0</coordinates>
            </LineString>
        </Placemark>
        <Placemark id="2257">
            <name>Jalur Kereta Api Cikampek–Padalarang</name>
            <styleUrl>#2258</styleUrl>
            <LineString id="2256">
                <coordinates>107.4552043,-6.796908,0.0 107.4552271,-6.7970554,0.0 107.4553454,-6.7983387,0.0</coordinates>
            </LineString>
        </Placemark>
        <Placemark id="2261">
            <name>Jalur Kereta Api Cikampek–Padalarang</name>
            <styleUrl>#2262</styleUrl>
            <LineString id="2260">
                <coordinates>107.4553454,-6.7983387,0.0 107.4553517,-6.7984919,0.0 107.4553874,-6.7989135,0.0 107.4553992,-6.7989759,0.0 107.4554298,-6.7991375,0.0 107.4554894,-6.7993475,0.0 107.4555668,-6.7995469,0.0 107.4556692,-6.7997385,0.0 107.4558256,-6.7999671,0.0 107.4559824,-6.8001572,0.0 107.4561955,-6.8003464,0.0 107.4562323,-6.8003769,0.0 107.4563899,-6.8004892,0.0 107.4565816,-6.8006016,0.0 107.4574606,-6.8010419,0.0 107.4583693,-6.801482,0.0 107.4584495,-6.8015213,0.0 107.4585942,-6.8015898,0.0</coordinates>
            </LineString>
        </Placemark>
        <Placemark id="2265">
            <name>Jalur Kereta Api Cikampek–Padalarang</name>
            <styleUrl>#2266</styleUrl>
            <LineString id="2264">
                <coordinates>107.4585942,-6.8015898,0.0 107.459508,-6.8020002,0.0</coordinates>
            </LineString>
        </Placemark>
        <Placemark id="2269">
            <name>Jalur Kereta Api Cikampek–Padalarang</name>
            <styleUrl>#2270</styleUrl>
            <LineString id="2268">
                <coordinates>107.4900559,-6.8257598,0.0 107.4899122,-6.8258199,0.0 107.4894229,-6.8259649,0.0 107.4887614,-6.8261388,0.0 107.4875481,-6.8264487,0.0 107.4872112,-6.8265256,0.0 107.4869404,-6.8265921,0.0 107.4866918,-6.8266928,0.0 107.4864976,-6.8267918,0.0 107.4863042,-6.8269211,0.0 107.4861666,-6.8270402,0.0 107.4860674,-6.8271545,0.0 107.4859456,-6.8273079,0.0 107.485821,-6.8275232,0.0 107.4856896,-6.8278981,0.0 107.4856424,-6.8281362,0.0 107.4856306,-6.8283387,0.0 107.4856509,-6.828623,0.0 107.4856923,-6.8288478,0.0 107.4857475,-6.8290052,0.0 107.4858677,-6.8292421,0.0 107.4859985,-6.8294457,0.0 107.4863262,-6.8298198,0.0 107.4865109,-6.8300307,0.0 107.4867234,-6.8303621,0.0 107.4868372,-6.8306184,0.0 107.4869155,-6.8308696,0.0 107.4873849,-6.8325325,0.0 107.4877771,-6.8338955,0.0 107.4879908,-6.8346252,0.0 107.4880467,-6.8348094,0.0 107.4881133,-6.83499,0.0 107.4881606,-6.8351025,0.0 107.4882823,-6.8353509,0.0 107.4883749,-6.8355023,0.0 107.4884863,-6.835649,0.0 107.4887095,-6.8358628,0.0 107.4889192,-6.8360035,0.0 107.4891021,-6.8360923,0.0 107.4892308,-6.8361542,0.0 107.4894114,-6.8362195,0.0 107.4896871,-6.8363269,0.0 107.4900167,-6.8364489,0.0 107.4902597,-6.8365357,0.0 107.4904974,-6.8366305,0.0 107.4906825,-6.8367401,0.0 107.4908772,-6.8368682,0.0 107.4910056,-6.8369671,0.0 107.4911297,-6.8370701,0.0 107.4912298,-6.8371572,0.0 107.4914629,-6.8373603,0.0 107.4917859,-6.8376431,0.0 107.4921835,-6.838004,0.0 107.4922457,-6.8380583,0.0 107.4922847,-6.8380948,0.0</coordinates>
            </LineString>
        </Placemark>
        <Placemark id="2273">
            <name>Jalur Kereta Api Cikampek–Padalarang</name>
            <styleUrl>#2274</styleUrl>
            <LineString id="2272">
                <coordinates>107.4560326,-6.7902964,0.0 107.4561329,-6.7903471,0.0 107.4562423,-6.7904108,0.0 107.4563469,-6.7904778,0.0 107.4564785,-6.7905805,0.0 107.4567093,-6.7908329,0.0 107.4568135,-6.7909984,0.0 107.4569016,-6.7911587,0.0</coordinates>
            </LineString>
        </Placemark>
        <Placemark id="2277">
            <name>Jalur Kereta Api Cikampek–Padalarang</name>
            <styleUrl>#2278</styleUrl>
            <LineString id="2276">
                <coordinates>107.4569016,-6.7911587,0.0 107.4569905,-6.7913853,0.0 107.4570334,-6.7915359,0.0 107.4570557,-6.7917092,0.0 107.4570612,-6.7920501,0.0 107.4570223,-6.7923091,0.0 107.4569441,-6.7926002,0.0 107.4568259,-6.792841,0.0 107.4566101,-6.7931419,0.0 107.456391,-6.7933442,0.0 107.4556527,-6.7938191,0.0 107.4552471,-6.7942229,0.0</coordinates>
            </LineString>
        </Placemark>
        <Placemark id="2281">
            <name>Jalur Kereta Api Cikampek–Padalarang</name>
            <styleUrl>#2282</styleUrl>
            <LineString id="2280">
                <coordinates>107.454917,-6.7948297,0.0 107.4548761,-6.7950362,0.0 107.4548512,-6.7952783,0.0 107.4548561,-6.795498,0.0 107.4548824,-6.7957107,0.0 107.4549456,-6.7959806,0.0 107.4550947,-6.7964317,0.0 107.4552043,-6.796908,0.0</coordinates>
            </LineString>
        </Placemark>
        <Placemark id="2285">
            <name>Jalur Kereta Api Cikampek–Padalarang</name>
            <styleUrl>#2286</styleUrl>
            <LineString id="2284">
                <coordinates>107.4552471,-6.7942229,0.0 107.4551484,-6.7943434,0.0 107.4550817,-6.7944407,0.0 107.4550029,-6.7945815,0.0 107.4549471,-6.7947149,0.0 107.454917,-6.7948297,0.0</coordinates>
            </LineString>
        </Placemark>
        <Placemark id="2289">
            <name>Jalur Kereta Api Cikampek–Padalarang</name>
            <styleUrl>#2290</styleUrl>
            <LineString id="2288">
                <coordinates>107.4411152,-6.7793821,0.0 107.4436277,-6.7810941,0.0</coordinates>
            </LineString>
        </Placemark>
        <Placemark id="2293">
            <name>Jalur Kereta Api Cikampek–Padalarang</name>
            <styleUrl>#2294</styleUrl>
            <LineString id="2292">
                <coordinates>107.4436277,-6.7810941,0.0 107.4438854,-6.7812857,0.0 107.4440585,-6.7814081,0.0 107.4441963,-6.7814841,0.0 107.4445068,-6.7815941,0.0 107.4448579,-6.7816834,0.0 107.4452434,-6.7817631,0.0 107.4456141,-6.7818995,0.0 107.4459839,-6.7821063,0.0 107.4462725,-6.782379,0.0 107.4464334,-6.7826168,0.0 107.4465878,-6.7829179,0.0 107.4466965,-6.7832222,0.0 107.4467231,-6.7835319,0.0 107.4466709,-6.7839094,0.0 107.4463357,-6.7853023,0.0 107.4462712,-6.7859242,0.0</coordinates>
            </LineString>
        </Placemark>
        <Placemark id="2297">
            <name>Jalur Kereta Api Cikampek–Padalarang</name>
            <styleUrl>#2298</styleUrl>
            <LineString id="2296">
                <coordinates>107.4389463,-6.7794166,0.0 107.4394423,-6.7792518,0.0 107.4396102,-6.7792085,0.0 107.4397775,-6.7791758,0.0 107.4399341,-6.779156,0.0 107.4401086,-6.7791441,0.0 107.4403044,-6.7791557,0.0 107.4405328,-6.7791912,0.0 107.4408917,-6.7792869,0.0 107.441071,-6.7793573,0.0 107.4411152,-6.7793821,0.0</coordinates>
            </LineString>
        </Placemark>
        <Placemark id="2301">
            <name>Jalur Kereta Api Cikampek–Padalarang</name>
            <styleUrl>#2302</styleUrl>
            <LineString id="2300">
                <coordinates>107.4378649,-6.7797624,0.0 107.4389463,-6.7794166,0.0</coordinates>
            </LineString>
        </Placemark>
        <Placemark id="2305">
            <name>Jalur Kereta Api Padalarang–Kasugihan</name>
            <styleUrl>#2306</styleUrl>
            <LineString id="2304">
                <coordinates>107.4975813,-6.8431044,0.0 107.4980668,-6.8435633,0.0 107.498623,-6.8440725,0.0 107.4986501,-6.8440986,0.0 107.4990727,-6.8444849,0.0</coordinates>
            </LineString>
        </Placemark>
        <Placemark id="2309">
            <name>Jalur Kereta Api Cikampek–Padalarang</name>
            <styleUrl>#2310</styleUrl>
            <LineString id="2308">
                <coordinates>107.4206441,-6.7710223,0.0 107.4259205,-6.7778073,0.0</coordinates>
            </LineString>
        </Placemark>
        <Placemark id="2313">
            <name>Jalur Kereta Api Padalarang–Kasugihan</name>
            <styleUrl>#2314</styleUrl>
            <LineString id="2312">
                <coordinates>107.8339869,-6.9829872,0.0 107.8341093,-6.9831323,0.0 107.8342053,-6.9832479,0.0 107.8343048,-6.9833975,0.0 107.8343847,-6.9835333,0.0 107.834464,-6.9836838,0.0 107.8345618,-6.9839336,0.0 107.8346791,-6.9842433,0.0 107.8347732,-6.9844645,0.0 107.8348729,-6.9846483,0.0 107.8349765,-6.9847981,0.0 107.835135,-6.9849878,0.0 107.8352807,-6.9851276,0.0 107.8354259,-6.9852555,0.0 107.8355928,-6.9853736,0.0 107.8359129,-6.985577,0.0 107.8359553,-6.9856046,0.0 107.8365117,-6.985944,0.0 107.8367012,-6.9860973,0.0 107.8368805,-6.9862643,0.0 107.8370608,-6.9864422,0.0 107.8410963,-6.9910373,0.0 107.841223,-6.9911921,0.0 107.8413016,-6.9913049,0.0 107.8413695,-6.9914329,0.0 107.8414434,-6.9916271,0.0 107.8415075,-6.9918355,0.0 107.8415428,-6.992008,0.0 107.8415588,-6.9922058,0.0 107.8415563,-6.9923135,0.0 107.8415368,-6.9925189,0.0 107.8414713,-6.9927999,0.0 107.8413543,-6.9930961,0.0 107.8412386,-6.9932747,0.0 107.8408689,-6.9937566,0.0 107.8407512,-6.9939497,0.0 107.8406848,-6.9940764,0.0 107.8406334,-6.9942234,0.0 107.8405801,-6.9944196,0.0 107.8405411,-6.9947431,0.0 107.8405628,-6.9950973,0.0 107.8406253,-6.9953557,0.0 107.8407228,-6.9955901,0.0 107.840836,-6.9957997,0.0 107.8409825,-6.9959895,0.0 107.8411644,-6.9961777,0.0 107.8413559,-6.9963147,0.0 107.8415663,-6.9964306,0.0 107.8418077,-6.9965377,0.0 107.8438401,-6.9973689,0.0 107.8451447,-6.9978948,0.0 107.8453828,-6.9979448,0.0 107.845566,-6.9979626,0.0 107.8457308,-6.9979633,0.0 107.8458815,-6.9979465,0.0 107.8461127,-6.9979047,0.0 107.8462459,-6.99786,0.0 107.8463615,-6.9978083,0.0 107.8465411,-6.9977259,0.0 107.8466705,-6.9976464,0.0 107.8467783,-6.9975612,0.0 107.8469252,-6.9974229,0.0 107.8473483,-6.9969082,0.0 107.8475475,-6.9966852,0.0 107.8477454,-6.9965336,0.0 107.847893,-6.9964435,0.0 107.8480676,-6.996355,0.0 107.8483166,-6.9962688,0.0 107.8485954,-6.9962189,0.0 107.8488774,-6.9962151,0.0 107.8490854,-6.9962371,0.0 107.8494922,-6.9963427,0.0 107.8521485,-6.9970542,0.0 107.8527447,-6.9972042,0.0 107.8532339,-6.9972689,0.0 107.8535921,-6.9972814,0.0 107.8539898,-6.9972557,0.0 107.8572289,-6.9968402,0.0 107.8573566,-6.9968278,0.0 107.8576038,-6.9968337,0.0 107.8578396,-6.9968658,0.0 107.8581177,-6.9969588,0.0 107.8583747,-6.997088,0.0 107.8588694,-6.997385,0.0 107.8590997,-6.9975058,0.0 107.8593091,-6.9975774,0.0 107.8594325,-6.9976012,0.0 107.859605,-6.9976261,0.0 107.8598521,-6.9976282,0.0 107.8601183,-6.9975962,0.0 107.8606581,-6.9974356,0.0 107.8610814,-6.9973239,0.0 107.8613029,-6.9972983,0.0 107.8615497,-6.9973004,0.0 107.8617405,-6.9973274,0.0 107.8619443,-6.9973821,0.0 107.8621183,-6.9974451,0.0 107.862319,-6.9975403,0.0 107.8626433,-6.9977907,0.0 107.862864,-6.9980529,0.0 107.8630056,-6.9982667,0.0 107.863132,-6.9985806,0.0 107.8631958,-6.9989378,0.0 107.863191,-6.9992024,0.0 107.8631458,-6.9995502,0.0 107.8628941,-7.0008249,0.0 107.8628596,-7.001086,0.0 107.8628584,-7.0012549,0.0 107.8628939,-7.0015497,0.0 107.8629575,-7.0018023,0.0 107.8630736,-7.0020775,0.0 107.8632246,-7.0023214,0.0 107.8639082,-7.0030524,0.0 107.8640719,-7.0031775,0.0 107.8642971,-7.003317,0.0 107.86451,-7.0034032,0.0 107.8650892,-7.0035705,0.0 107.8653735,-7.0036511,0.0 107.8656684,-7.0038137,0.0 107.8659344,-7.0040154,0.0 107.8665973,-7.0047383,0.0 107.8667496,-7.0049353,0.0 107.866912,-7.0051537,0.0 107.8670318,-7.0053412,0.0 107.8672643,-7.005774,0.0 107.8674458,-7.0060556,0.0 107.8676431,-7.0062785,0.0 107.8678708,-7.00649,0.0 107.8682588,-7.0067549,0.0 107.8685797,-7.0069265,0.0 107.8689796,-7.0070622,0.0 107.8693754,-7.0071303,0.0 107.8697107,-7.0071256,0.0 107.8699733,-7.0071089,0.0 107.8703163,-7.007041,0.0 107.8704818,-7.0069988,0.0 107.8705791,-7.006974,0.0 107.8711315,-7.0067491,0.0 107.8721545,-7.0063143,0.0 107.8725079,-7.0062238,0.0 107.8727887,-7.0061972,0.0 107.8730443,-7.0062159,0.0 107.8733393,-7.0062839,0.0 107.8736604,-7.0064349,0.0 107.8738986,-7.0066032,0.0 107.8740892,-7.0067885,0.0 107.8742321,-7.0069706,0.0 107.8743804,-7.0072601,0.0 107.874473,-7.0075282,0.0 107.8746956,-7.0084622,0.0 107.8747659,-7.0086919,0.0 107.8748673,-7.0089268,0.0 107.8755666,-7.0101337,0.0 107.8769783,-7.0125697,0.0 107.877056,-7.0127208,0.0 107.8772595,-7.0130629,0.0 107.8773911,-7.0132613,0.0 107.8775085,-7.0134163,0.0 107.8775209,-7.0134326,0.0 107.8776194,-7.0135555,0.0 107.8778769,-7.0138366,0.0 107.8781239,-7.0140664,0.0 107.8782736,-7.0141916,0.0 107.8784851,-7.0143525,0.0 107.8786817,-7.0144855,0.0 107.8788181,-7.01457,0.0 107.8789551,-7.014648,0.0 107.8791553,-7.0147509,0.0 107.8816539,-7.0159865,0.0 107.881899,-7.0161077,0.0 107.8837824,-7.0170381,0.0 107.8845311,-7.017408,0.0 107.884558,-7.0174214,0.0 107.8845712,-7.017428,0.0</coordinates>
            </LineString>
        </Placemark>
        <Placemark id="2317">
            <name>Jalur Kereta Api Cikampek–Padalarang</name>
            <styleUrl>#2318</styleUrl>
            <LineString id="2316">
                <coordinates>107.4937867,-6.8395042,0.0 107.494297,-6.8400241,0.0 107.4946964,-6.8404035,0.0</coordinates>
            </LineString>
        </Placemark>
        <Placemark id="2321">
            <name>Route Segment</name>
            <styleUrl>#2322</styleUrl>
            <LineString id="2320">
                <coordinates>107.6456145,-6.9247603,0.0 107.6474897,-6.9254525,0.0</coordinates>
            </LineString>
        </Placemark>
        <Placemark id="2325">
            <name>Jalur Kereta Api Padalarang–Kasugihan</name>
            <styleUrl>#2326</styleUrl>
            <LineString id="2324">
                <coordinates>107.8987283,-7.0355205,0.0 107.8984378,-7.0362266,0.0 107.8980329,-7.0371756,0.0</coordinates>
            </LineString>
        </Placemark>
        <Placemark id="2329">
            <name>Jalur Kereta Api Padalarang–Kasugihan</name>
            <styleUrl>#2330</styleUrl>
            <LineString id="2328">
                <coordinates>107.8925333,-7.0499959,0.0 107.8924927,-7.0501203,0.0 107.892374,-7.050555,0.0 107.8923468,-7.0506547,0.0 107.8922792,-7.0509082,0.0 107.892214,-7.0512305,0.0 107.8922072,-7.0514901,0.0 107.8922235,-7.0516824,0.0 107.8922551,-7.0518277,0.0 107.8922985,-7.0519965,0.0 107.8923481,-7.0521653,0.0 107.8924112,-7.0522973,0.0 107.8924759,-7.0524262,0.0 107.8925426,-7.0525392,0.0 107.8926093,-7.0526331,0.0 107.8926625,-7.0526997,0.0 107.8927308,-7.0527715,0.0 107.8928587,-7.0528857,0.0 107.892978,-7.0529774,0.0 107.8930058,-7.0529988,0.0 107.8934738,-7.0533455,0.0 107.8935652,-7.0534108,0.0 107.8937471,-7.0535355,0.0 107.8939143,-7.0536351,0.0 107.8939838,-7.0536705,0.0 107.8940827,-7.0537102,0.0 107.8941683,-7.0537381,0.0 107.8942375,-7.0537558,0.0 107.8943983,-7.0537794,0.0 107.894585,-7.053795,0.0 107.8948051,-7.0537839,0.0 107.8951832,-7.0537503,0.0 107.8952101,-7.0537486,0.0 107.8953927,-7.053737,0.0 107.8955748,-7.0537372,0.0 107.8957213,-7.0537557,0.0 107.8958373,-7.0537762,0.0 107.8960438,-7.0538432,0.0 107.8962636,-7.0539566,0.0 107.8964665,-7.0540907,0.0 107.8966701,-7.0542481,0.0 107.8967933,-7.0543586,0.0 107.8969238,-7.0545078,0.0 107.8970237,-7.0546786,0.0 107.8971013,-7.0548462,0.0 107.8971764,-7.0550406,0.0 107.8972237,-7.0552322,0.0 107.897249,-7.0553917,0.0 107.8972627,-7.0555559,0.0 107.8972614,-7.0556014,0.0 107.8972584,-7.0557043,0.0 107.8972513,-7.0557912,0.0 107.8972389,-7.0558781,0.0 107.8972242,-7.0559412,0.0 107.8971394,-7.0561862,0.0 107.8967977,-7.0569771,0.0 107.8967228,-7.0572974,0.0 107.8967112,-7.0576908,0.0 107.8967639,-7.058009,0.0 107.896845,-7.0582345,0.0 107.8970093,-7.0585191,0.0 107.8971009,-7.0586268,0.0 107.8972432,-7.0587941,0.0 107.8974607,-7.0589795,0.0 107.8977444,-7.0591553,0.0 107.8980416,-7.0593097,0.0 107.8982526,-7.0594438,0.0 107.8984479,-7.0596015,0.0 107.8986527,-7.0598045,0.0 107.8987981,-7.060002,0.0 107.8988933,-7.060187,0.0 107.899016,-7.0604663,0.0 107.8993102,-7.0613685,0.0 107.8994378,-7.0617591,0.0 107.8994816,-7.0620243,0.0 107.8994928,-7.0622896,0.0 107.8994708,-7.0626635,0.0 107.8994215,-7.0630769,0.0 107.8993096,-7.0634946,0.0 107.8989646,-7.0645829,0.0 107.8988772,-7.0647836,0.0 107.8987894,-7.0649569,0.0 107.8986111,-7.0652154,0.0 107.898384,-7.0654538,0.0 107.8981136,-7.065641,0.0 107.8979012,-7.065752,0.0 107.8976197,-7.0658257,0.0 107.8970286,-7.0659731,0.0</coordinates>
            </LineString>
        </Placemark>
        <Placemark id="2333">
            <name>Jalur Kereta Api Padalarang–Kasugihan</name>
            <styleUrl>#2334</styleUrl>
            <LineString id="2332">
                <coordinates>107.965285,-7.1039426,0.0 107.965824,-7.1046164,0.0</coordinates>
            </LineString>
        </Placemark>
        <Placemark id="2337">
            <name>Jalur Kereta Api Padalarang–Kasugihan</name>
            <styleUrl>#2338</styleUrl>
            <LineString id="2336">
                <coordinates>107.9477507,-7.1042369,0.0 107.9479127,-7.1045266,0.0 107.948107,-7.1048206,0.0 107.9481847,-7.1049274,0.0 107.9482838,-7.1050341,0.0 107.9484276,-7.1051615,0.0 107.9485843,-7.1052761,0.0 107.9487665,-7.1053691,0.0 107.9489788,-7.1054408,0.0 107.9492947,-7.1055062,0.0 107.9496278,-7.105529,0.0 107.9516433,-7.1056068,0.0 107.9531249,-7.105662,0.0 107.9535945,-7.1056692,0.0 107.9537939,-7.1056653,0.0 107.9539975,-7.1056443,0.0 107.9543062,-7.1056071,0.0 107.9546707,-7.1055315,0.0 107.9550117,-7.1054282,0.0 107.9553871,-7.1052696,0.0 107.9566254,-7.104602,0.0 107.9567387,-7.1045374,0.0 107.9568605,-7.1044557,0.0 107.9570627,-7.1042904,0.0 107.9575344,-7.1038719,0.0 107.9576818,-7.1037424,0.0 107.9581639,-7.1033188,0.0 107.9585714,-7.1029641,0.0 107.9585921,-7.1029461,0.0 107.9587146,-7.1028395,0.0 107.9592344,-7.1023867,0.0 107.9597065,-7.101983,0.0 107.9599187,-7.1018176,0.0 107.9601035,-7.1016936,0.0 107.9602567,-7.1016292,0.0 107.9604249,-7.1015819,0.0 107.9606692,-7.1015157,0.0 107.960922,-7.101507,0.0 107.9611056,-7.1015126,0.0 107.9612849,-7.1015268,0.0 107.9615652,-7.1015984,0.0 107.961618,-7.101622,0.0 107.9623224,-7.1019366,0.0 107.9635672,-7.1024925,0.0 107.9638488,-7.1026365,0.0 107.9641046,-7.102789,0.0 107.9645079,-7.1030859,0.0 107.9648664,-7.1034331,0.0 107.9651458,-7.1037619,0.0 107.965285,-7.1039426,0.0</coordinates>
            </LineString>
        </Placemark>
        <Placemark id="2341">
            <name>Jalur Kereta Api Padalarang–Kasugihan</name>
            <styleUrl>#2342</styleUrl>
            <LineString id="2340">
                <coordinates>107.6727356,-6.9345562,0.0 107.6729399,-6.934633,0.0</coordinates>
            </LineString>
        </Placemark>
        <Placemark id="2345">
            <name>Jalur Kereta Api Padalarang–Kasugihan</name>
            <styleUrl>#2346</styleUrl>
            <LineString id="2344">
                <coordinates>107.6075265,-6.9149725,0.0 107.6089998,-6.9151478,0.0 107.6102025,-6.9152943,0.0 107.6111898,-6.9154231,0.0 107.6129961,-6.9156542,0.0 107.6136413,-6.9157614,0.0 107.6138075,-6.9157964,0.0 107.6147193,-6.9160277,0.0 107.6168127,-6.9165239,0.0 107.6181745,-6.9168575,0.0 107.6191691,-6.9171032,0.0 107.6222656,-6.9178643,0.0 107.6228796,-6.9180196,0.0 107.6243772,-6.9183808,0.0 107.6247766,-6.918483,0.0 107.6248833,-6.9185083,0.0 107.62507,-6.9185583,0.0 107.6270969,-6.9190593,0.0 107.6272938,-6.919104,0.0 107.6277504,-6.9192037,0.0 107.6277774,-6.9192097,0.0 107.6280545,-6.9192716,0.0 107.6310123,-6.9200044,0.0 107.6311165,-6.9200314,0.0 107.6327508,-6.9204198,0.0</coordinates>
            </LineString>
        </Placemark>
        <Placemark id="2349">
            <name>Jalur Kereta Api Padalarang–Kasugihan</name>
            <styleUrl>#2350</styleUrl>
            <LineString id="2348">
                <coordinates>107.6667435,-6.9323632,0.0 107.6668948,-6.9324215,0.0</coordinates>
            </LineString>
        </Placemark>
        <Placemark id="2353">
            <name>Jalur Kereta Api Padalarang–Kasugihan</name>
            <styleUrl>#2354</styleUrl>
            <LineString id="2352">
                <coordinates>107.6668948,-6.9324215,0.0 107.668168,-6.9328972,0.0 107.6687265,-6.9330998,0.0 107.6727356,-6.9345562,0.0</coordinates>
            </LineString>
        </Placemark>
        <Placemark id="2357">
            <name>Jalur Kereta Api Padalarang–Kasugihan</name>
            <styleUrl>#2358</styleUrl>
            <LineString id="2356">
                <coordinates>107.6400168,-6.9226654,0.0 107.6401324,-6.922711,0.0</coordinates>
            </LineString>
        </Placemark>
        <Placemark id="2361">
            <name>Jalur Kereta Api Padalarang–Kasugihan</name>
            <styleUrl>#2362</styleUrl>
            <LineString id="2360">
                <coordinates>107.6493896,-6.9260901,0.0 107.650739,-6.9265863,0.0 107.6514288,-6.9268369,0.0</coordinates>
            </LineString>
        </Placemark>
        <Placemark id="2365">
            <name>Jalur Kereta Api Padalarang–Kasugihan</name>
            <styleUrl>#2366</styleUrl>
            <LineString id="2364">
                <coordinates>107.6756619,-6.9356305,0.0 107.6757598,-6.9356653,0.0</coordinates>
            </LineString>
        </Placemark>
        <Placemark id="2369">
            <name>Jalur Kereta Api Padalarang–Kasugihan</name>
            <styleUrl>#2370</styleUrl>
            <LineString id="2368">
                <coordinates>107.6729399,-6.934633,0.0 107.6738084,-6.9349513,0.0 107.6752457,-6.9354766,0.0 107.6756619,-6.9356305,0.0</coordinates>
            </LineString>
        </Placemark>
        <Placemark id="2373">
            <name>Jalur Kereta Api Padalarang–Kasugihan</name>
            <styleUrl>#2374</styleUrl>
            <LineString id="2372">
                <coordinates>107.6757598,-6.9356653,0.0 107.677513,-6.9363022,0.0 107.680644,-6.9374365,0.0 107.6821178,-6.9379853,0.0 107.6821449,-6.9379954,0.0 107.6825547,-6.938148,0.0 107.6829696,-6.938309,0.0 107.6835367,-6.9385297,0.0 107.6842462,-6.9388035,0.0 107.6842763,-6.9388143,0.0</coordinates>
            </LineString>
        </Placemark>
        <Placemark id="2377">
            <name>Jalur Kereta Api Cikampek–Padalarang</name>
            <styleUrl>#2378</styleUrl>
            <LineString id="2376">
                <coordinates>107.4776447,-6.8118512,0.0 107.4777494,-6.8119082,0.0 107.4778388,-6.8119648,0.0 107.4779138,-6.8120232,0.0 107.4779974,-6.8120928,0.0 107.4781434,-6.8122338,0.0 107.4782701,-6.8123933,0.0 107.4783959,-6.8125602,0.0 107.4785999,-6.8128256,0.0 107.4787712,-6.8130534,0.0 107.4791636,-6.8135554,0.0 107.4793748,-6.8138436,0.0 107.4794439,-6.8139573,0.0</coordinates>
            </LineString>
        </Placemark>
        <Placemark id="2381">
            <name>Jalur Kereta Api Cikampek–Padalarang</name>
            <styleUrl>#2382</styleUrl>
            <LineString id="2380">
                <coordinates>107.4666223,-6.8046103,0.0 107.4672441,-6.804914,0.0 107.4676469,-6.8050977,0.0 107.4678564,-6.8051801,0.0 107.4680686,-6.805247,0.0 107.468272,-6.8052994,0.0 107.4685512,-6.8053479,0.0 107.4686459,-6.8053599,0.0 107.4687664,-6.805371,0.0 107.4690105,-6.8053811,0.0 107.4693101,-6.805372,0.0 107.4696563,-6.8053378,0.0 107.4699108,-6.8053086,0.0 107.4701898,-6.8052981,0.0 107.4703726,-6.8053077,0.0 107.4705823,-6.8053479,0.0 107.4707474,-6.8053922,0.0 107.4709343,-6.8054566,0.0</coordinates>
            </LineString>
        </Placemark>
        <Placemark id="2385">
            <name>Jalur Kereta Api Padalarang–Kasugihan</name>
            <styleUrl>#2386</styleUrl>
            <LineString id="2384">
                <coordinates>107.6592553,-6.9296523,0.0 107.6606292,-6.9301475,0.0 107.662233,-6.9307335,0.0 107.6628115,-6.9309452,0.0 107.6633812,-6.9311537,0.0 107.6640652,-6.931398,0.0 107.6647245,-6.93164,0.0 107.6667435,-6.9323632,0.0</coordinates>
            </LineString>
        </Placemark>
        <Placemark id="2389">
            <name>Jalur Kereta Api Padalarang–Kasugihan</name>
            <styleUrl>#2390</styleUrl>
            <LineString id="2388">
                <coordinates>107.6541338,-6.9277767,0.0 107.6542731,-6.9278295,0.0</coordinates>
            </LineString>
        </Placemark>
        <Placemark id="2393">
            <name>Jalur Kereta Api Cikampek–Padalarang</name>
            <styleUrl>#2394</styleUrl>
            <LineString id="2392">
                <coordinates>107.4439894,-6.5810463,0.0 107.4439572,-6.5812446,0.0 107.4438895,-6.5814482,0.0 107.4438211,-6.5816236,0.0 107.4437128,-6.5818086,0.0 107.4435769,-6.5819731,0.0 107.443323,-6.5822117,0.0 107.443204,-6.5822908,0.0 107.4429149,-6.582468,0.0 107.4426773,-6.5825546,0.0 107.4424002,-6.5826032,0.0 107.4421694,-6.5826154,0.0 107.4420239,-6.5826026,0.0 107.4416455,-6.5825288,0.0 107.4413135,-6.5824113,0.0 107.4410598,-6.5822528,0.0 107.4408903,-6.582093,0.0 107.4407634,-6.5819657,0.0 107.4405981,-6.5817495,0.0 107.4404795,-6.581526,0.0 107.4404026,-6.5812851,0.0 107.4403578,-6.5810126,0.0 107.4403493,-6.5807642,0.0 107.4404203,-6.5803764,0.0 107.4405026,-6.5801313,0.0 107.4406485,-6.5798847,0.0 107.4408184,-6.5796823,0.0 107.4412199,-6.5792332,0.0 107.4413814,-6.5790213,0.0 107.4415219,-6.578781,0.0 107.4416417,-6.5785107,0.0 107.4417201,-6.578257,0.0 107.4417551,-6.5779134,0.0 107.4417391,-6.5776028,0.0 107.4416696,-6.5772945,0.0 107.4415567,-6.5770202,0.0 107.4411951,-6.576387,0.0 107.4410215,-6.5760195,0.0 107.4408956,-6.5757291,0.0 107.4400672,-6.5730957,0.0 107.439928,-6.5726523,0.0</coordinates>
            </LineString>
        </Placemark>
        <Placemark id="2397">
            <name>Jalur Kereta Api Cikampek–Padalarang</name>
            <styleUrl>#2398</styleUrl>
            <LineString id="2396">
                <coordinates>107.4461711,-6.5709631,0.0 107.4455527,-6.5716464,0.0</coordinates>
            </LineString>
        </Placemark>
        <Placemark id="2401">
            <name>Jalur Kereta Api Cikampek–Padalarang</name>
            <styleUrl>#2402</styleUrl>
            <LineString id="2400">
                <coordinates>107.4398766,-6.5725142,0.0 107.4397717,-6.5722711,0.0 107.4396343,-6.5720778,0.0 107.4394748,-6.5718947,0.0 107.4392917,-6.5717346,0.0 107.4390888,-6.5716063,0.0 107.4388753,-6.571497,0.0 107.4386369,-6.5714176,0.0 107.4381774,-6.5713614,0.0 107.4378555,-6.5714058,0.0 107.4376331,-6.5714687,0.0 107.4372182,-6.5716526,0.0 107.4368365,-6.5719736,0.0 107.436616,-6.5722741,0.0 107.4364746,-6.5725799,0.0 107.4363811,-6.5729133,0.0 107.4363229,-6.5738739,0.0 107.4362983,-6.5742793,0.0 107.4362719,-6.5745148,0.0 107.4362191,-6.5747779,0.0 107.4361746,-6.5748977,0.0 107.4360702,-6.5751175,0.0 107.4359772,-6.5752836,0.0 107.4358669,-6.5754354,0.0 107.4358516,-6.5754565,0.0 107.4358068,-6.5755042,0.0 107.4356828,-6.5756264,0.0 107.4354925,-6.5757715,0.0 107.4351781,-6.5759502,0.0 107.4348341,-6.5760528,0.0 107.4346415,-6.5760809,0.0 107.4344077,-6.5760875,0.0</coordinates>
            </LineString>
        </Placemark>
        <Placemark id="2405">
            <name>Jalur Kereta Api Cikampek–Padalarang</name>
            <styleUrl>#2406</styleUrl>
            <LineString id="2404">
                <coordinates>107.439928,-6.5726523,0.0 107.4398766,-6.5725142,0.0</coordinates>
            </LineString>
        </Placemark>
        <Placemark id="2409">
            <name>Jalur Kereta Api Cibatu–Cikajang</name>
            <styleUrl>#2410</styleUrl>
            <LineString id="2408">
                <coordinates>107.988985,-7.1376098,0.0 107.988921,-7.1377575,0.0 107.988869,-7.1378767,0.0 107.9878192,-7.1402053,0.0 107.9860601,-7.1441014,0.0 107.9858162,-7.1446467,0.0 107.9841391,-7.1483859,0.0 107.9833865,-7.1500967,0.0 107.9828618,-7.1512568,0.0 107.982624,-7.1517875,0.0 107.9813933,-7.1544961,0.0 107.9804123,-7.1566908,0.0 107.9797573,-7.1581441,0.0 107.9794279,-7.158883,0.0 107.9793642,-7.1590261,0.0 107.9785603,-7.1608055,0.0 107.9782979,-7.1614014,0.0 107.9777439,-7.1626161,0.0 107.977331,-7.1635162,0.0 107.9773194,-7.1635413,0.0</coordinates>
            </LineString>
        </Placemark>
        <Placemark id="2413">
            <name>Jalur Kereta Api Cikampek–Padalarang</name>
            <styleUrl>#2414</styleUrl>
            <LineString id="2412">
                <coordinates>107.450103,-6.5601877,0.0 107.4501706,-6.5603169,0.0</coordinates>
            </LineString>
        </Placemark>
        <Placemark id="2417">
            <name>Jalur Kereta Api Cikampek–Padalarang</name>
            <styleUrl>#2418</styleUrl>
            <LineString id="2416">
                <coordinates>107.4501706,-6.5603169,0.0 107.4505965,-6.5612222,0.0 107.4507108,-6.5614769,0.0 107.4507197,-6.5614968,0.0 107.4507943,-6.5616987,0.0 107.450863,-6.5619315,0.0 107.4508997,-6.5621485,0.0</coordinates>
            </LineString>
        </Placemark>
        <Placemark id="2421">
            <name>Jalur Kereta Api Cikampek–Padalarang</name>
            <styleUrl>#2422</styleUrl>
            <LineString id="2420">
                <coordinates>107.4508997,-6.5621485,0.0 107.4509066,-6.5622555,0.0</coordinates>
            </LineString>
        </Placemark>
        <Placemark id="2425">
            <name>Jalur Kereta Api Cikampek–Padalarang</name>
            <styleUrl>#2426</styleUrl>
            <LineString id="2424">
                <coordinates>107.4509066,-6.5622555,0.0 107.45091,-6.5624759,0.0 107.4509099,-6.5627466,0.0 107.4508858,-6.562944,0.0 107.4508306,-6.5631464,0.0 107.4507935,-6.5633051,0.0 107.450663,-6.5636699,0.0 107.4497552,-6.5654855,0.0 107.4482523,-6.568532,0.0 107.4481196,-6.5687766,0.0 107.447966,-6.5690014,0.0 107.4478393,-6.5691753,0.0 107.4472326,-6.5698563,0.0 107.4468029,-6.5703121,0.0 107.4461711,-6.5709631,0.0</coordinates>
            </LineString>
        </Placemark>
        <Placemark id="2429">
            <name>Jalur Kereta Api Padalarang–Kasugihan</name>
            <styleUrl>#2430</styleUrl>
            <LineString id="2428">
                <coordinates>107.7845129,-6.9753171,0.0 107.7870309,-6.9761998,0.0 107.7881653,-6.9766127,0.0 107.7882804,-6.9766536,0.0 107.7891391,-6.9769595,0.0 107.7914357,-6.9777805,0.0 107.7922682,-6.9780554,0.0 107.792405,-6.9781046,0.0 107.7939601,-6.9786637,0.0 107.7975069,-6.9799567,0.0 107.7983338,-6.9802686,0.0</coordinates>
            </LineString>
        </Placemark>
        <Placemark id="2433">
            <name>Jalur Kereta Api Cikampek–Padalarang</name>
            <styleUrl>#2434</styleUrl>
            <LineString id="2432">
                <coordinates>107.4909819,-6.8246114,0.0 107.4909391,-6.8247542,0.0 107.4908805,-6.8249117,0.0 107.4907972,-6.8250656,0.0 107.4907179,-6.8251854,0.0 107.4906244,-6.8253051,0.0</coordinates>
            </LineString>
        </Placemark>
        <Placemark id="2437">
            <name>Jalur Kereta Api Cikampek–Padalarang</name>
            <styleUrl>#2438</styleUrl>
            <LineString id="2436">
                <coordinates>107.4847467,-6.8179132,0.0 107.4848953,-6.8180079,0.0 107.4851003,-6.8181854,0.0 107.4852996,-6.8184336,0.0 107.4853478,-6.8185176,0.0 107.4853991,-6.8186134,0.0 107.4855262,-6.8188968,0.0 107.4855544,-6.8189597,0.0 107.485597,-6.8191111,0.0 107.4856183,-6.8192624,0.0 107.4855834,-6.8199655,0.0 107.4855754,-6.8203303,0.0 107.4856182,-6.8205827,0.0 107.4856375,-6.8206963,0.0 107.4857014,-6.8209082,0.0 107.4857908,-6.8211067,0.0 107.4858597,-6.8212332,0.0 107.4860541,-6.8214586,0.0 107.486254,-6.821646,0.0 107.4864798,-6.8218075,0.0 107.4869117,-6.8219919,0.0 107.4872208,-6.8220815,0.0 107.487739,-6.8221466,0.0 107.4878195,-6.8221576,0.0 107.4886482,-6.8222713,0.0 107.489508,-6.8223757,0.0 107.4901214,-6.8225645,0.0 107.490527,-6.8228638,0.0 107.4907998,-6.8232114,0.0</coordinates>
            </LineString>
        </Placemark>
        <Placemark id="2441">
            <name>Jalur Kereta Api Cibatu–Cikajang</name>
            <styleUrl>#2442</styleUrl>
            <LineString id="2440">
                <coordinates>107.9759501,-7.1665904,0.0 107.9762771,-7.1658406,0.0 107.9765453,-7.1652573,0.0 107.9770777,-7.1640756,0.0 107.9773194,-7.1635413,0.0</coordinates>
            </LineString>
        </Placemark>
        <Placemark id="2445">
            <name>Jalur Kereta Api Cibatu–Cikajang</name>
            <styleUrl>#2446</styleUrl>
            <LineString id="2444">
                <coordinates>107.9661283,-7.1812337,0.0 107.9656918,-7.1815669,0.0 107.9656452,-7.1816075,0.0 107.9616607,-7.1846768,0.0 107.9598945,-7.1860384,0.0 107.9592654,-7.1864958,0.0 107.9585736,-7.1868806,0.0 107.958226,-7.1870691,0.0 107.9576319,-7.1873256,0.0 107.9569175,-7.1875483,0.0 107.9564786,-7.1876718,0.0 107.9557344,-7.1878718,0.0 107.9480446,-7.1900056,0.0 107.9456925,-7.1906364,0.0 107.9443602,-7.1910138,0.0 107.9438882,-7.1911385,0.0 107.9435214,-7.1912352,0.0 107.9426831,-7.1914561,0.0 107.9423872,-7.19157,0.0 107.9421125,-7.191687,0.0 107.9418234,-7.1918301,0.0 107.9415404,-7.1919883,0.0 107.9413218,-7.1921335,0.0 107.941123,-7.1922757,0.0 107.940933,-7.192437,0.0 107.9407611,-7.1926013,0.0 107.9405605,-7.1928123,0.0 107.940381,-7.1930293,0.0 107.9401564,-7.1932911,0.0 107.9396131,-7.1939738,0.0 107.9388966,-7.1948305,0.0 107.9383429,-7.195512,0.0 107.9373739,-7.1967017,0.0 107.9366954,-7.1975093,0.0 107.9362306,-7.1980802,0.0 107.9352373,-7.1992695,0.0 107.9340784,-7.2006955,0.0 107.933186,-7.2017871,0.0 107.9326135,-7.2024807,0.0</coordinates>
            </LineString>
        </Placemark>
        <Placemark id="2449">
            <name>Jalur Kereta Api Cibatu–Cikajang</name>
            <styleUrl>#2450</styleUrl>
            <LineString id="2448">
                <coordinates>107.9087359,-7.2135633,0.0 107.9075096,-7.2135242,0.0 107.9073347,-7.2135185,0.0 107.9068759,-7.2135109,0.0 107.9064118,-7.2135043,0.0</coordinates>
            </LineString>
        </Placemark>
        <Placemark id="2453">
            <name>Jalur Kereta Api Cibatu–Cikajang</name>
            <styleUrl>#2454</styleUrl>
            <LineString id="2452">
                <coordinates>107.9088464,-7.2135656,0.0 107.9087359,-7.2135633,0.0</coordinates>
            </LineString>
        </Placemark>
        <Placemark id="2457">
            <name>Jalur Kereta Api Cibatu–Cikajang</name>
            <styleUrl>#2458</styleUrl>
            <LineString id="2456">
                <coordinates>107.9046155,-7.2134593,0.0 107.9026451,-7.2134049,0.0</coordinates>
            </LineString>
        </Placemark>
        <Placemark id="2461">
            <name>Jalur Kereta Api Padalarang–Kasugihan</name>
            <styleUrl>#2462</styleUrl>
            <LineString id="2460">
                <coordinates>107.9787237,-7.100267,0.0 107.9793058,-7.100073,0.0</coordinates>
            </LineString>
        </Placemark>
        <Placemark id="2465">
            <name>Route Segment</name>
            <styleUrl>#2466</styleUrl>
            <LineString id="2464">
                <coordinates>107.9315276,-7.0996055,0.0 107.9313384,-7.098951,0.0 107.931297,-7.0988099,0.0 107.9308109,-7.0974245,0.0 107.930584,-7.0968237,0.0 107.9303184,-7.0961738,0.0</coordinates>
            </LineString>
        </Placemark>
        <Placemark id="2469">
            <name>Jalur Kereta Api Padalarang–Kasugihan</name>
            <styleUrl>#2470</styleUrl>
            <LineString id="2468">
                <coordinates>107.6054004,-6.9147028,0.0 107.605485,-6.9147129,0.0 107.6055352,-6.9147193,0.0 107.6063452,-6.9148232,0.0 107.6066084,-6.914857,0.0 107.6068253,-6.9148848,0.0 107.6068599,-6.9148893,0.0 107.6070136,-6.9149092,0.0</coordinates>
            </LineString>
        </Placemark>
        <Placemark id="2473">
            <name>Route Segment</name>
            <styleUrl>#2474</styleUrl>
            <LineString id="2472">
                <coordinates>107.6474897,-6.9254525,0.0 107.6486356,-6.925856,0.0 107.6488837,-6.9259466,0.0 107.6490128,-6.9259806,0.0 107.6492885,-6.9260515,0.0</coordinates>
            </LineString>
        </Placemark>
        <Placemark id="2477">
            <name>Route Segment</name>
            <styleUrl>#2478</styleUrl>
            <LineString id="2476">
                <coordinates>107.6453531,-6.924662,0.0 107.6446813,-6.9243697,0.0</coordinates>
            </LineString>
        </Placemark>
        <Placemark id="2481">
            <name>Jalur Kereta Api Cikampek–Padalarang</name>
            <styleUrl>#2482</styleUrl>
            <LineString id="2480">
                <coordinates>107.4441082,-6.5795453,0.0 107.4439894,-6.5810463,0.0</coordinates>
            </LineString>
        </Placemark>
        <Placemark id="2485">
            <name>Jalur Kereta Api Cikampek–Padalarang</name>
            <styleUrl>#2486</styleUrl>
            <LineString id="2484">
                <coordinates>107.4455527,-6.5716464,0.0 107.4454276,-6.5718186,0.0 107.4453604,-6.5719338,0.0 107.4452912,-6.5720614,0.0 107.4452063,-6.5722431,0.0 107.4451536,-6.5723977,0.0 107.4451137,-6.5725756,0.0 107.4450978,-6.5727461,0.0 107.4451054,-6.5728891,0.0 107.4451182,-6.5730235,0.0 107.4451508,-6.5732691,0.0 107.4452726,-6.5742041,0.0 107.4453757,-6.5749982,0.0 107.445411,-6.57538,0.0 107.4454276,-6.5757113,0.0 107.4454053,-6.5759457,0.0 107.4453399,-6.5762795,0.0</coordinates>
            </LineString>
        </Placemark>
        <Placemark id="2489">
            <name>Jalur Kereta Api Cikampek–Padalarang</name>
            <styleUrl>#2490</styleUrl>
            <LineString id="2488">
                <coordinates>107.3978802,-6.6941324,0.0 107.3975628,-6.6964898,0.0</coordinates>
            </LineString>
        </Placemark>
        <Placemark id="2493">
            <name>Jalur Kereta Api Cikampek–Padalarang</name>
            <styleUrl>#2494</styleUrl>
            <LineString id="2492">
                <coordinates>107.3954532,-6.6626688,0.0 107.3954424,-6.6630704,0.0 107.3954814,-6.663349,0.0 107.3955731,-6.6636463,0.0 107.3957562,-6.6639957,0.0 107.3959234,-6.6642196,0.0 107.3965012,-6.6648154,0.0 107.3968069,-6.6651704,0.0 107.3969483,-6.6654498,0.0 107.397042,-6.6657229,0.0 107.3970662,-6.6658997,0.0 107.3970835,-6.6661987,0.0 107.3970571,-6.6681668,0.0 107.3970346,-6.669052,0.0 107.3970476,-6.6693803,0.0 107.3971186,-6.6697561,0.0 107.3972484,-6.6700674,0.0 107.3974309,-6.6703681,0.0 107.397652,-6.6707,0.0 107.3978478,-6.6710277,0.0 107.3979867,-6.6713442,0.0 107.3980486,-6.671624,0.0 107.3980552,-6.6718704,0.0 107.3980171,-6.6722282,0.0 107.3979003,-6.6725417,0.0 107.3977333,-6.6728442,0.0 107.3975114,-6.6730914,0.0 107.3972226,-6.6733227,0.0 107.3970216,-6.6734165,0.0 107.3967472,-6.6735192,0.0 107.3967084,-6.6735293,0.0 107.396273,-6.6736251,0.0 107.3946775,-6.6739685,0.0 107.3944979,-6.6740492,0.0 107.3943039,-6.6741582,0.0 107.3941256,-6.6742887,0.0 107.3940015,-6.6744033,0.0 107.3938339,-6.6745971,0.0 107.3936724,-6.6748706,0.0 107.3936139,-6.6749955,0.0 107.3935422,-6.6751908,0.0 107.3934891,-6.675483,0.0 107.3934719,-6.6757187,0.0 107.3934895,-6.6758952,0.0 107.3935162,-6.6760687,0.0 107.3935605,-6.6762502,0.0 107.3936264,-6.6764318,0.0 107.3938093,-6.6767617,0.0 107.3940431,-6.6770237,0.0 107.3943314,-6.6772853,0.0 107.396118,-6.6788338,0.0 107.3982394,-6.6806727,0.0 107.3987433,-6.6810964,0.0 107.3989734,-6.681315,0.0 107.3991816,-6.6815727,0.0 107.3993857,-6.6819085,0.0 107.3995373,-6.6822336,0.0 107.3996504,-6.6826363,0.0 107.3996861,-6.68295,0.0 107.3996942,-6.6831952,0.0 107.3996739,-6.6834342,0.0 107.3996251,-6.6837346,0.0 107.3995059,-6.6841169,0.0 107.3993571,-6.6844222,0.0 107.3991948,-6.6846715,0.0 107.3988835,-6.6850149,0.0 107.3978807,-6.6860285,0.0 107.3974716,-6.6864049,0.0 107.396868,-6.6869646,0.0 107.3965519,-6.6872971,0.0 107.3964086,-6.6875312,0.0 107.3963284,-6.6877111,0.0 107.3962482,-6.6879547,0.0 107.3962104,-6.6881967,0.0 107.3961979,-6.6884459,0.0 107.3962183,-6.6886093,0.0</coordinates>
            </LineString>
        </Placemark>
        <Placemark id="2497">
            <name>Jalur Kereta Api Cikampek–Padalarang</name>
            <styleUrl>#2498</styleUrl>
            <LineString id="2496">
                <coordinates>107.3897491,-6.7147777,0.0 107.3896941,-6.7147397,0.0 107.3894767,-6.7145992,0.0 107.3892748,-6.7145026,0.0 107.3890873,-6.7144364,0.0 107.3888732,-6.7143905,0.0 107.3887249,-6.7143703,0.0 107.3885118,-6.7143631,0.0 107.3882925,-6.7143853,0.0 107.3880748,-6.7144312,0.0 107.3878645,-6.7145073,0.0 107.3876779,-6.7145946,0.0 107.3875349,-6.7146767,0.0 107.3872322,-6.7148633,0.0 107.3870758,-6.7149588,0.0 107.3868997,-6.7150607,0.0 107.3867942,-6.7151133,0.0 107.3867184,-6.7151465,0.0 107.3866173,-6.7151802,0.0 107.3865941,-6.7151879,0.0 107.3865441,-6.7152035,0.0 107.3864951,-6.7152187,0.0 107.3863734,-6.7152448,0.0 107.3862482,-6.7152662,0.0 107.3861316,-6.7152788,0.0 107.3859974,-6.7152785,0.0 107.3858882,-6.7152702,0.0 107.3857723,-6.7152601,0.0 107.3856344,-6.7152328,0.0 107.3854902,-6.7151914,0.0 107.3853785,-6.7151529,0.0 107.3852648,-6.7151051,0.0 107.3851525,-6.7150489,0.0 107.3850552,-6.7149865,0.0 107.384955,-6.7149153,0.0 107.3848885,-6.7148647,0.0 107.3847582,-6.7147542,0.0 107.3846633,-6.7146546,0.0 107.384579,-6.7145572,0.0 107.3845101,-6.7144546,0.0 107.3844426,-6.7143378,0.0 107.3843824,-6.7142278,0.0 107.3843303,-6.7141048,0.0 107.3842892,-6.7139843,0.0 107.3842537,-6.7138632,0.0 107.384225,-6.7137054,0.0 107.3842121,-6.7135795,0.0 107.3842148,-6.7134545,0.0 107.3842189,-6.7133278,0.0 107.3842308,-6.713198,0.0 107.3842566,-6.7130796,0.0 107.3842885,-6.712958,0.0 107.3843295,-6.7128416,0.0 107.384385,-6.7127178,0.0 107.3844441,-6.7125976,0.0 107.3845212,-6.7124677,0.0 107.3845984,-6.7123674,0.0 107.384672,-6.7122838,0.0 107.384764,-6.7121857,0.0 107.3848669,-6.7120941,0.0 107.3849722,-6.7120144,0.0 107.3850908,-6.7119392,0.0 107.3851919,-6.7118781,0.0 107.3852458,-6.7118476,0.0 107.3853237,-6.7118109,0.0 107.3854495,-6.7117641,0.0 107.3856238,-6.7117148,0.0 107.3857325,-6.711691,0.0 107.3858653,-6.7116739,0.0 107.3860077,-6.7116636,0.0 107.3861525,-6.7116696,0.0 107.3862741,-6.7116778,0.0 107.3864256,-6.7116949,0.0 107.3865816,-6.7117169,0.0 107.3868132,-6.7117424,0.0 107.3869749,-6.7117606,0.0 107.3870932,-6.7117713,0.0 107.3872151,-6.711777,0.0 107.3873371,-6.7117739,0.0 107.3874585,-6.711762,0.0 107.3875787,-6.7117414,0.0 107.3876972,-6.7117122,0.0 107.3878132,-6.7116745,0.0 107.3879261,-6.7116286,0.0 107.3880354,-6.7115747,0.0 107.3881404,-6.711513,0.0 107.3882407,-6.711444,0.0 107.3883357,-6.7113679,0.0 107.3884249,-6.7112852,0.0 107.3885078,-6.7111963,0.0 107.3885367,-6.7111604,0.0 107.388584,-6.7111016,0.0 107.3886564,-6.7109966,0.0 107.3887163,-6.7108845,0.0 107.3887637,-6.7107698,0.0 107.3888021,-6.7106513,0.0 107.3888353,-6.7105377,0.0 107.3888713,-6.7104094,0.0 107.3888977,-6.7102835,0.0 107.3889144,-6.7101545,0.0 107.3889193,-6.7100273,0.0 107.3889165,-6.7098986,0.0 107.3889041,-6.7097669,0.0 107.3888808,-6.7096171,0.0 107.3887629,-6.7092795,0.0 107.3885737,-6.7088665,0.0 107.388359,-6.7084339,0.0 107.3882501,-6.7081421,0.0 107.3881897,-6.7078943,0.0 107.3881616,-6.7077092,0.0 107.3881455,-6.7075747,0.0 107.3881428,-6.7073989,0.0 107.3881347,-6.7072683,0.0 107.3881415,-6.7071098,0.0 107.3881616,-6.7069194,0.0 107.388187,-6.7067795,0.0 107.3882351,-6.7065478,0.0 107.3883066,-6.7063094,0.0 107.3883937,-6.7061182,0.0 107.3884672,-6.7059838,0.0 107.3885451,-6.7058501,0.0 107.3886357,-6.7057259,0.0 107.3887465,-6.7055872,0.0 107.3888663,-6.7054571,0.0 107.3889997,-6.7053294,0.0 107.3891222,-6.7052303,0.0 107.3892086,-6.7051568,0.0 107.3893331,-6.7050675,0.0 107.3894674,-6.7049811,0.0 107.3896156,-6.7048982,0.0 107.3897679,-6.7048279,0.0 107.3899261,-6.7047662,0.0 107.3900642,-6.7047224,0.0 107.3902257,-6.7046781,0.0 107.3904455,-6.7046357,0.0 107.3925891,-6.7043753,0.0 107.3932968,-6.7042601,0.0 107.3937734,-6.7041555,0.0 107.3940137,-6.7040885,0.0 107.3942531,-6.7040048,0.0 107.394954,-6.703697,0.0 107.3957252,-6.7032442,0.0 107.3980659,-6.7017486,0.0 107.3986147,-6.7013931,0.0 107.3987626,-6.7012363,0.0 107.398892,-6.7010796,0.0 107.3989874,-6.7009503,0.0 107.399048,-6.7008129,0.0 107.3991285,-6.7005734,0.0 107.399168,-6.7003995,0.0 107.3991799,-6.7001158,0.0 107.3991578,-6.6998375,0.0 107.3990665,-6.6994896,0.0 107.3989129,-6.6991804,0.0 107.3987359,-6.6989197,0.0 107.3979742,-6.6981125,0.0 107.3977693,-6.6978444,0.0 107.3976181,-6.697524,0.0 107.3975487,-6.6972574,0.0 107.3975225,-6.6969841,0.0 107.3975348,-6.6967192,0.0 107.3975628,-6.6964898,0.0</coordinates>
            </LineString>
        </Placemark>
        <Placemark id="2501">
            <name>Jalur Kereta Api Padalarang–Kasugihan</name>
            <styleUrl>#2502</styleUrl>
            <LineString id="2500">
                <coordinates>107.5003833,-6.8456228,0.0 107.5008526,-6.8460134,0.0 107.5008948,-6.8460485,0.0 107.5030812,-6.8477881,0.0 107.5033552,-6.8480072,0.0 107.5033779,-6.8480253,0.0 107.5036622,-6.8482548,0.0 107.5038376,-6.8484037,0.0 107.5041657,-6.8487049,0.0 107.504309,-6.8488504,0.0 107.5045539,-6.8491246,0.0 107.5047209,-6.8493278,0.0 107.5049728,-6.8496623,0.0 107.5055237,-6.8504246,0.0 107.5063436,-6.851573,0.0 107.506748,-6.8521353,0.0 107.5070835,-6.852642,0.0 107.5073942,-6.8531404,0.0 107.5078984,-6.853978,0.0 107.5081902,-6.8544836,0.0 107.5084791,-6.8550074,0.0 107.5089325,-6.8557909,0.0 107.509236,-6.8562835,0.0 107.5093841,-6.8565151,0.0 107.5095406,-6.8567295,0.0 107.5097425,-6.8569936,0.0 107.5100652,-6.8573498,0.0 107.5102926,-6.8575848,0.0 107.5106498,-6.857923,0.0 107.5111156,-6.8583316,0.0 107.5115199,-6.858684,0.0 107.5117226,-6.8588607,0.0 107.5119877,-6.8591013,0.0 107.5122277,-6.8593409,0.0 107.5125384,-6.8596817,0.0 107.5128457,-6.8600682,0.0 107.5130406,-6.8603215,0.0 107.5133149,-6.8607213,0.0 107.5134668,-6.8609712,0.0 107.5136341,-6.8612653,0.0 107.5137084,-6.8614025,0.0 107.5138177,-6.8616151,0.0 107.5139339,-6.8618559,0.0 107.5140003,-6.8619986,0.0 107.5143296,-6.8627414,0.0 107.5147634,-6.8637314,0.0</coordinates>
            </LineString>
        </Placemark>
        <Placemark id="2505">
            <name>Jalur Kereta Api Padalarang–Kasugihan</name>
            <styleUrl>#2506</styleUrl>
            <LineString id="2504">
                <coordinates>107.570894,-6.9025165,0.0 107.5709403,-6.9025454,0.0</coordinates>
            </LineString>
        </Placemark>
        <Placemark id="2509">
            <name>Jalur Kereta Api Padalarang–Kasugihan</name>
            <styleUrl>#2510</styleUrl>
            <LineString id="2508">
                <coordinates>107.5409982,-6.8896672,0.0 107.5411467,-6.8896966,0.0</coordinates>
            </LineString>
        </Placemark>
        <Placemark id="2513">
            <name>Jalur Kereta Api Padalarang–Kasugihan</name>
            <styleUrl>#2514</styleUrl>
            <LineString id="2512">
                <coordinates>107.5411467,-6.8896966,0.0 107.5423864,-6.8899342,0.0 107.5429556,-6.8900415,0.0 107.5440677,-6.8902511,0.0 107.5442814,-6.8902917,0.0 107.5443391,-6.8903026,0.0 107.5443904,-6.8903124,0.0 107.546209,-6.8906578,0.0 107.5488105,-6.8911519,0.0 107.5507374,-6.8915189,0.0 107.5509808,-6.8915683,0.0 107.5512323,-6.8916261,0.0 107.5513487,-6.8916529,0.0 107.5516515,-6.891737,0.0 107.5520112,-6.8918495,0.0 107.5522747,-6.8919407,0.0 107.5526853,-6.8920903,0.0 107.5531926,-6.8923072,0.0 107.5543536,-6.8928036,0.0 107.5547253,-6.8929634,0.0 107.5550448,-6.8931008,0.0 107.5552234,-6.8931785,0.0 107.5552671,-6.8931975,0.0 107.5564304,-6.8937035,0.0 107.5569713,-6.8939388,0.0 107.5579736,-6.8943699,0.0 107.5584084,-6.8945514,0.0 107.5587237,-6.8946941,0.0 107.5591231,-6.8948987,0.0</coordinates>
            </LineString>
        </Placemark>
        <Placemark id="2517">
            <name>Jalur Kereta Api Bandung–Ciroyom–Andir</name>
            <styleUrl>#2518</styleUrl>
            <LineString id="2516">
                <coordinates>107.5924293,-6.914062,0.0 107.5930163,-6.9140562,0.0 107.5931354,-6.9140555,0.0 107.5932731,-6.9140592,0.0 107.5934267,-6.9140668,0.0 107.5935745,-6.9140811,0.0 107.593634,-6.9140887,0.0 107.5939,-6.9141267,0.0 107.5943503,-6.9141951,0.0 107.594684,-6.9142458,0.0 107.594872,-6.9142728,0.0 107.594888,-6.9142749,0.0 107.5949277,-6.9142802,0.0 107.5949432,-6.9142822,0.0 107.5951163,-6.914304,0.0 107.5952354,-6.9143165,0.0 107.5953534,-6.9143249,0.0 107.5956181,-6.914335,0.0 107.5957641,-6.9143381,0.0 107.5965262,-6.9143357,0.0</coordinates>
            </LineString>
        </Placemark>
        <Placemark id="2521">
            <name>Route Segment</name>
            <styleUrl>#2522</styleUrl>
            <LineString id="2520">
                <coordinates>107.6016923,-6.9144609,0.0 107.6027956,-6.9145101,0.0</coordinates>
            </LineString>
        </Placemark>
        <Placemark id="2525">
            <name>Jalur Kereta Api Padalarang–Kasugihan</name>
            <styleUrl>#2526</styleUrl>
            <LineString id="2524">
                <coordinates>107.582223,-6.9100138,0.0 107.5822692,-6.9100431,0.0</coordinates>
            </LineString>
        </Placemark>
        <Placemark id="2529">
            <name>Jalur Kereta Api Padalarang–Kasugihan</name>
            <styleUrl>#2530</styleUrl>
            <LineString id="2528">
                <coordinates>107.5709403,-6.9025454,0.0 107.5728532,-6.9038142,0.0 107.5744023,-6.9048388,0.0 107.5749671,-6.9052125,0.0 107.5758114,-6.9057714,0.0 107.5768788,-6.9064803,0.0 107.5774553,-6.9068609,0.0 107.5774954,-6.9068875,0.0 107.5780254,-6.9072325,0.0 107.5792363,-6.9080329,0.0 107.5810315,-6.9092247,0.0 107.5816183,-6.9096153,0.0 107.5816604,-6.9096428,0.0 107.5821404,-6.9099596,0.0</coordinates>
            </LineString>
        </Placemark>
        <Placemark id="2533">
            <name>Jalur Kereta Api Padalarang–Kasugihan</name>
            <styleUrl>#2534</styleUrl>
            <LineString id="2532">
                <coordinates>107.7478859,-6.9619929,0.0 107.7480249,-6.9620423,0.0</coordinates>
            </LineString>
        </Placemark>
        <Placemark id="2537">
            <name>Jalur Kereta Api Padalarang–Kasugihan</name>
            <styleUrl>#2538</styleUrl>
            <LineString id="2536">
                <coordinates>107.7277312,-6.9547208,0.0 107.7292601,-6.9552769,0.0 107.730375,-6.9556387,0.0 107.7309104,-6.9558113,0.0 107.731602,-6.9560441,0.0 107.7329527,-6.9565346,0.0 107.740904,-6.9594241,0.0 107.7412982,-6.9595658,0.0 107.7458881,-6.9612423,0.0 107.7468973,-6.9616262,0.0 107.7477725,-6.9619495,0.0 107.7478859,-6.9619929,0.0</coordinates>
            </LineString>
        </Placemark>
        <Placemark id="2541">
            <name>Jalur Kereta Api Padalarang–Kasugihan</name>
            <styleUrl>#2542</styleUrl>
            <LineString id="2540">
                <coordinates>107.7039614,-6.9459868,0.0 107.7039674,-6.945989,0.0 107.7057986,-6.9466445,0.0 107.706679,-6.946972,0.0 107.7103233,-6.948294,0.0 107.7113835,-6.9486844,0.0</coordinates>
            </LineString>
        </Placemark>
        <Placemark id="2545">
            <name>Jalur Kereta Api Padalarang–Kasugihan</name>
            <styleUrl>#2546</styleUrl>
            <LineString id="2544">
                <coordinates>107.7001247,-6.9445986,0.0 107.7002687,-6.944655,0.0</coordinates>
            </LineString>
        </Placemark>
        <Placemark id="2549">
            <name>Route Segment</name>
            <styleUrl>#2550</styleUrl>
            <LineString id="2548">
                <coordinates>107.7542707,-6.9642787,0.0 107.7547771,-6.9645082,0.0 107.7548193,-6.9645237,0.0 107.7548803,-6.964546,0.0 107.7549687,-6.9645783,0.0 107.7564505,-6.965122,0.0 107.7564996,-6.9651375,0.0 107.7565411,-6.9651515,0.0 107.7567491,-6.965212,0.0 107.7568833,-6.9652476,0.0 107.757127,-6.9653246,0.0</coordinates>
            </LineString>
        </Placemark>
        <Placemark id="2553">
            <name>Jalur Kereta Api Padalarang–Kasugihan</name>
            <styleUrl>#2554</styleUrl>
            <LineString id="2552">
                <coordinates>107.757797,-6.9655663,0.0 107.7592517,-6.9660979,0.0 107.7596061,-6.966223,0.0 107.7602885,-6.9664755,0.0 107.7610459,-6.9667541,0.0 107.7620308,-6.9671048,0.0 107.7620867,-6.9671247,0.0 107.7627237,-6.9673542,0.0 107.7680306,-6.9692896,0.0 107.7695064,-6.9698347,0.0 107.7706013,-6.9702353,0.0 107.7728766,-6.9710582,0.0</coordinates>
            </LineString>
        </Placemark>
        <Placemark id="2557">
            <name>Jalur Kereta Api Padalarang–Kasugihan</name>
            <styleUrl>#2558</styleUrl>
            <LineString id="2556">
                <coordinates>107.9384229,-7.103509,0.0 107.9385111,-7.1035832,0.0 107.9386324,-7.1036639,0.0 107.9388651,-7.1037782,0.0 107.9390461,-7.1038452,0.0 107.9392871,-7.103891,0.0 107.9404262,-7.1040111,0.0 107.9415364,-7.1041187,0.0 107.9418292,-7.1041388,0.0 107.9421135,-7.1041419,0.0 107.9425669,-7.10411,0.0 107.9430398,-7.1040194,0.0 107.9433237,-7.1039399,0.0 107.9436119,-7.1038434,0.0 107.9444652,-7.1035258,0.0 107.9452817,-7.1032082,0.0 107.9456985,-7.1030921,0.0 107.9459109,-7.1030716,0.0 107.9461232,-7.1030778,0.0 107.9462891,-7.1030965,0.0 107.9464764,-7.1031364,0.0 107.946708,-7.103204,0.0 107.9468573,-7.1032719,0.0 107.9470215,-7.1033638,0.0 107.9472394,-7.1035345,0.0 107.9473686,-7.1036552,0.0 107.9474805,-7.1038099,0.0 107.9476231,-7.104017,0.0 107.9477507,-7.1042369,0.0</coordinates>
            </LineString>
        </Placemark>
        <Placemark id="2561">
            <name>Jalur Kereta Api Padalarang–Kasugihan</name>
            <styleUrl>#2562</styleUrl>
            <LineString id="2560">
                <coordinates>107.9380623,-7.1031542,0.0 107.9383361,-7.1034236,0.0 107.9384229,-7.103509,0.0</coordinates>
            </LineString>
        </Placemark>
        <Placemark id="2565">
            <name>Jalur Kereta Api Padalarang–Kasugihan</name>
            <styleUrl>#2566</styleUrl>
            <LineString id="2564">
                <coordinates>107.924539,-7.0875127,0.0 107.9247816,-7.0875982,0.0 107.9252021,-7.08778,0.0 107.9255242,-7.0879582,0.0 107.925812,-7.0881492,0.0 107.926285,-7.0885169,0.0 107.9277161,-7.0899393,0.0 107.9279043,-7.0901436,0.0 107.9280601,-7.090344,0.0 107.9283912,-7.0908665,0.0 107.9285823,-7.0912682,0.0 107.9290276,-7.0925618,0.0</coordinates>
            </LineString>
        </Placemark>
        <Placemark id="2569">
            <name>Jalur Kereta Api Padalarang–Kasugihan</name>
            <styleUrl>#2570</styleUrl>
            <LineString id="2568">
                <coordinates>107.9244662,-7.087495,0.0 107.924539,-7.0875127,0.0</coordinates>
            </LineString>
        </Placemark>
        <Placemark id="2573">
            <name>Jalur Kereta Api Padalarang–Kasugihan</name>
            <styleUrl>#2574</styleUrl>
            <LineString id="2572">
                <coordinates>107.9214134,-7.0868582,0.0 107.9244662,-7.087495,0.0</coordinates>
            </LineString>
        </Placemark>
        <Placemark id="2577">
            <name>Jalur Kereta Api Padalarang–Kasugihan</name>
            <styleUrl>#2578</styleUrl>
            <LineString id="2576">
                <coordinates>107.9213349,-7.0868435,0.0 107.9214134,-7.0868582,0.0</coordinates>
            </LineString>
        </Placemark>
        <Placemark id="2581">
            <name>Jalur Kereta Api Padalarang–Kasugihan</name>
            <styleUrl>#2582</styleUrl>
            <LineString id="2580">
                <coordinates>107.9181234,-7.0873226,0.0 107.918793,-7.0870631,0.0 107.9192494,-7.0869144,0.0 107.9195942,-7.0868295,0.0 107.9198748,-7.0867809,0.0 107.9201661,-7.0867536,0.0 107.9205282,-7.0867398,0.0 107.9208586,-7.0867638,0.0 107.9213349,-7.0868435,0.0</coordinates>
            </LineString>
        </Placemark>
        <Placemark id="2585">
            <name>Jalur Kereta Api Padalarang–Kasugihan</name>
            <styleUrl>#2586</styleUrl>
            <LineString id="2584">
                <coordinates>107.9180586,-7.0873452,0.0 107.9181234,-7.0873226,0.0</coordinates>
            </LineString>
        </Placemark>
        <Placemark id="2589">
            <name>Jalur Kereta Api Padalarang–Kasugihan</name>
            <styleUrl>#2590</styleUrl>
            <LineString id="2588">
                <coordinates>107.9139531,-7.0882815,0.0 107.9143997,-7.0883977,0.0 107.9145028,-7.0884146,0.0 107.9147675,-7.0884389,0.0 107.9150344,-7.0884373,0.0 107.9152656,-7.0884032,0.0 107.9157383,-7.0882398,0.0 107.9180586,-7.0873452,0.0</coordinates>
            </LineString>
        </Placemark>
        <Placemark id="2593">
            <name>Jalur Kereta Api Padalarang–Kasugihan</name>
            <styleUrl>#2594</styleUrl>
            <LineString id="2592">
                <coordinates>107.913778,-7.088231,0.0 107.9139531,-7.0882815,0.0</coordinates>
            </LineString>
        </Placemark>
        <Placemark id="2597">
            <name>Jalur Kereta Api Padalarang–Kasugihan</name>
            <styleUrl>#2598</styleUrl>
            <LineString id="2596">
                <coordinates>107.8942095,-7.0671015,0.0 107.8939163,-7.067195,0.0 107.8935971,-7.0673643,0.0 107.8932642,-7.0676135,0.0 107.8930343,-7.0678527,0.0 107.892805,-7.0681309,0.0 107.8926818,-7.068301,0.0 107.8926174,-7.0684589,0.0 107.8925662,-7.0686284,0.0 107.892324,-7.0694976,0.0 107.8922399,-7.069686,0.0 107.8918419,-7.0703371,0.0 107.8916104,-7.0706632,0.0 107.8914252,-7.0708744,0.0 107.8912289,-7.071027,0.0 107.8909683,-7.0711603,0.0 107.8906972,-7.0712652,0.0 107.8903836,-7.0713234,0.0 107.8896958,-7.0713753,0.0 107.8893658,-7.0714122,0.0 107.8889726,-7.0715143,0.0 107.8885637,-7.0716673,0.0 107.8882123,-7.0717983,0.0 107.8879015,-7.0719357,0.0 107.8875217,-7.0721254,0.0 107.8874109,-7.0721904,0.0 107.8872317,-7.0723156,0.0 107.8870662,-7.0724559,0.0 107.886941,-7.072604,0.0 107.8867794,-7.0728444,0.0 107.8866544,-7.073116,0.0 107.8865811,-7.0733954,0.0 107.886497,-7.0738472,0.0 107.8864399,-7.0741213,0.0 107.8863871,-7.0742986,0.0 107.8862787,-7.0745401,0.0 107.886194,-7.0746928,0.0 107.8861121,-7.0748135,0.0 107.8859544,-7.0749854,0.0 107.8857819,-7.0751355,0.0 107.8856362,-7.07523,0.0 107.8854009,-7.0753515,0.0 107.8852342,-7.0754054,0.0 107.8850545,-7.0754452,0.0 107.8845827,-7.0754945,0.0 107.8839337,-7.0755239,0.0 107.8837779,-7.0755564,0.0 107.883595,-7.0756047,0.0 107.8834081,-7.0756867,0.0 107.8831595,-7.0758448,0.0 107.8829176,-7.076058,0.0 107.8827403,-7.0762763,0.0 107.8825774,-7.0765608,0.0 107.8825193,-7.0767034,0.0 107.8824355,-7.0769853,0.0 107.8824018,-7.0772597,0.0 107.8824034,-7.0775102,0.0 107.8824364,-7.0777249,0.0 107.8824794,-7.0779028,0.0 107.8825304,-7.0780455,0.0 107.8826045,-7.0782222,0.0 107.8826834,-7.078361,0.0 107.8827983,-7.0785204,0.0 107.8829041,-7.0786454,0.0 107.8830741,-7.078801,0.0 107.8832734,-7.0789429,0.0 107.8834484,-7.0790367,0.0 107.8837243,-7.0791402,0.0 107.8840091,-7.0792065,0.0 107.8843753,-7.0792742,0.0 107.8849921,-7.0793749,0.0 107.8855874,-7.0794703,0.0</coordinates>
            </LineString>
        </Placemark>
        <Placemark id="2601">
            <name>Jalur Kereta Api Padalarang–Kasugihan</name>
            <styleUrl>#2602</styleUrl>
            <LineString id="2600">
                <coordinates>107.8944115,-7.067083,0.0 107.8942095,-7.0671015,0.0</coordinates>
            </LineString>
        </Placemark>
        <Placemark id="2605">
            <name>Jalur Kereta Api Padalarang–Kasugihan</name>
            <styleUrl>#2606</styleUrl>
            <LineString id="2604">
                <coordinates>107.8966724,-7.0661435,0.0 107.8965639,-7.0662394,0.0 107.8959817,-7.0667326,0.0 107.8957105,-7.0669156,0.0 107.8953936,-7.0670112,0.0 107.8950524,-7.06706,0.0 107.8944115,-7.067083,0.0</coordinates>
            </LineString>
        </Placemark>
        <Placemark id="2609">
            <name>Jalur Kereta Api Padalarang–Kasugihan</name>
            <styleUrl>#2610</styleUrl>
            <LineString id="2608">
                <coordinates>107.8970286,-7.0659731,0.0 107.8968442,-7.0660396,0.0 107.8966724,-7.0661435,0.0</coordinates>
            </LineString>
        </Placemark>
        <Placemark id="2613">
            <name>Jalur Kereta Api Padalarang–Kasugihan</name>
            <styleUrl>#2614</styleUrl>
            <LineString id="2612">
                <coordinates>107.810371,-6.9846387,0.0 107.8110425,-6.9848784,0.0 107.8119044,-6.9851954,0.0 107.8122984,-6.9853236,0.0 107.8128098,-6.9854538,0.0 107.8133728,-6.9855749,0.0 107.8137754,-6.9856303,0.0 107.8140799,-6.9856611,0.0 107.8143047,-6.9856799,0.0 107.8148623,-6.985691,0.0 107.8154673,-6.9856679,0.0 107.8160032,-6.9856171,0.0 107.8163305,-6.9855652,0.0 107.8166384,-6.9855145,0.0 107.8171155,-6.9854089,0.0 107.8176927,-6.9852485,0.0 107.8181617,-6.985072,0.0 107.8185469,-6.9849191,0.0 107.8188958,-6.9847565,0.0 107.8192869,-6.9845456,0.0 107.8200401,-6.984084,0.0 107.8204774,-6.9837624,0.0 107.8208198,-6.983476,0.0 107.8211771,-6.9831517,0.0 107.821508,-6.9828203,0.0 107.8219822,-6.9823471,0.0 107.8232271,-6.9811066,0.0 107.8242952,-6.9800513,0.0</coordinates>
            </LineString>
        </Placemark>
        <Placemark id="2617">
            <name>Jalur Kereta Api Padalarang–Kasugihan</name>
            <styleUrl>#2618</styleUrl>
            <LineString id="2616">
                <coordinates>107.81024,-6.9845892,0.0 107.810371,-6.9846387,0.0</coordinates>
            </LineString>
        </Placemark>
        <Placemark id="2621">
            <name>Jalur Kereta Api Cibatu–Cikajang</name>
            <styleUrl>#2622</styleUrl>
            <LineString id="2620">
                <coordinates>107.9064118,-7.2135043,0.0 107.9062381,-7.2135006,0.0</coordinates>
            </LineString>
        </Placemark>
        <Placemark id="2625">
            <name>Jalur Kereta Api Cikampek–Padalarang</name>
            <styleUrl>#2626</styleUrl>
            <LineString id="2624">
                <coordinates>107.4079503,-6.7557201,0.0 107.4079103,-6.755801,0.0 107.4078907,-6.7558406,0.0 107.4078156,-6.7559621,0.0 107.4076415,-6.7561806,0.0 107.4073597,-6.7564396,0.0 107.4065218,-6.7571506,0.0 107.4062591,-6.7574132,0.0 107.4061454,-6.7575492,0.0 107.4060541,-6.7576891,0.0 107.4059532,-6.7578562,0.0 107.4058972,-6.7579708,0.0 107.4058313,-6.7581239,0.0 107.4058033,-6.7582109,0.0 107.4057659,-6.7583504,0.0 107.4057344,-6.7584899,0.0 107.4056972,-6.7587205,0.0 107.4056858,-6.7589915,0.0 107.4057141,-6.7592693,0.0 107.4057524,-6.7594387,0.0 107.4058289,-6.7596829,0.0 107.4058933,-6.7598369,0.0 107.4059716,-6.7599909,0.0 107.4060584,-6.7601245,0.0 107.4061555,-6.7602563,0.0 107.4063968,-6.7604878,0.0 107.4065808,-6.7606193,0.0 107.4067799,-6.7607272,0.0 107.4070545,-6.7608287,0.0 107.4073252,-6.7608786,0.0 107.4076382,-6.760893,0.0 107.407886,-6.760887,0.0</coordinates>
            </LineString>
        </Placemark>
        <Placemark id="2629">
            <name>Jalur Kereta Api Cikampek–Padalarang</name>
            <styleUrl>#2630</styleUrl>
            <LineString id="2628">
                <coordinates>107.4081048,-6.7552399,0.0 107.4080751,-6.7553808,0.0 107.408007,-6.7555835,0.0 107.4079503,-6.7557201,0.0</coordinates>
            </LineString>
        </Placemark>
        <Placemark id="2633">
            <name>Jalur Kereta Api Cikampek–Padalarang</name>
            <styleUrl>#2634</styleUrl>
            <LineString id="2632">
                <coordinates>107.4157773,-6.7574737,0.0 107.4159393,-6.7574314,0.0 107.4161473,-6.7573961,0.0 107.4163275,-6.7573851,0.0 107.4165488,-6.757398,0.0 107.4168191,-6.7574491,0.0 107.4176284,-6.7576923,0.0 107.4178161,-6.7577753,0.0 107.4179669,-6.7578644,0.0 107.4180585,-6.7579333,0.0 107.418162,-6.7580336,0.0 107.4183305,-6.7582209,0.0 107.4185228,-6.7584942,0.0 107.4186944,-6.7588539,0.0</coordinates>
            </LineString>
        </Placemark>
        <Placemark id="2637">
            <name>Jalur Kereta Api Cikampek–Padalarang</name>
            <styleUrl>#2638</styleUrl>
            <LineString id="2636">
                <coordinates>107.4152182,-6.7578001,0.0 107.4153109,-6.7577239,0.0 107.415429,-6.7576407,0.0 107.4155466,-6.7575713,0.0 107.4156563,-6.7575206,0.0 107.4157773,-6.7574737,0.0</coordinates>
            </LineString>
        </Placemark>
        <Placemark id="2641">
            <name>Jalur Kereta Api Cikampek–Padalarang</name>
            <styleUrl>#2642</styleUrl>
            <LineString id="2640">
                <coordinates>107.4189987,-6.7596584,0.0 107.4190824,-6.7598795,0.0 107.419353,-6.7605371,0.0 107.4194985,-6.7607542,0.0 107.4196721,-6.7609641,0.0 107.4198806,-6.761104,0.0 107.4201202,-6.7612927,0.0 107.4206401,-6.7615564,0.0 107.4210669,-6.7617473,0.0 107.421361,-6.7619281,0.0 107.4216002,-6.762111,0.0 107.4216192,-6.762132,0.0 107.4217965,-6.7623276,0.0 107.4219835,-6.7626187,0.0 107.4220838,-6.7628379,0.0 107.42216,-6.7631832,0.0 107.4221727,-6.7634659,0.0 107.4221406,-6.76373,0.0 107.422072,-6.7640895,0.0 107.4216774,-6.7658056,0.0 107.4214876,-6.7666327,0.0 107.4212865,-6.7675094,0.0 107.4212044,-6.7677635,0.0</coordinates>
            </LineString>
        </Placemark>
        <Placemark id="2645">
            <name>Jalur Kereta Api Cikampek–Padalarang</name>
            <styleUrl>#2646</styleUrl>
            <LineString id="2644">
                <coordinates>107.4186944,-6.7588539,0.0 107.4189987,-6.7596584,0.0</coordinates>
            </LineString>
        </Placemark>
        <Placemark id="2649">
            <name>Jalur Kereta Api Cikampek–Padalarang</name>
            <styleUrl>#2650</styleUrl>
            <LineString id="2648">
                <coordinates>107.4204993,-6.7688591,0.0 107.4203714,-6.7690721,0.0 107.4202911,-6.7692615,0.0 107.4202379,-6.769461,0.0 107.4202263,-6.76952,0.0 107.420205,-6.7697569,0.0 107.4202026,-6.7699344,0.0 107.4202164,-6.7700934,0.0 107.4202499,-6.7702681,0.0 107.4203166,-6.7704667,0.0 107.4204173,-6.7706915,0.0 107.42054,-6.7708835,0.0 107.4206441,-6.7710223,0.0</coordinates>
            </LineString>
        </Placemark>
        <Placemark id="2653">
            <name>Jalur Kereta Api Cikampek–Padalarang</name>
            <styleUrl>#2654</styleUrl>
            <LineString id="2652">
                <coordinates>107.4207658,-6.7684805,0.0 107.4204993,-6.7688591,0.0</coordinates>
            </LineString>
        </Placemark>
        <Placemark id="2657">
            <name>Jalur Kereta Api Cikampek–Padalarang</name>
            <styleUrl>#2658</styleUrl>
            <LineString id="2656">
                <coordinates>107.4210279,-6.768122,0.0 107.4207658,-6.7684805,0.0</coordinates>
            </LineString>
        </Placemark>
        <Placemark id="2661">
            <name>Jalur Kereta Api Cikampek–Padalarang</name>
            <styleUrl>#2662</styleUrl>
            <LineString id="2660">
                <coordinates>107.4212044,-6.7677635,0.0 107.4211252,-6.7679399,0.0 107.4210279,-6.768122,0.0</coordinates>
            </LineString>
        </Placemark>
        <Placemark id="2665">
            <name>Jalur Kereta Api Cibatu–Cikajang</name>
            <styleUrl>#2666</styleUrl>
            <LineString id="2664">
                <coordinates>107.9826491,-7.098676,0.0 107.9828002,-7.0985837,0.0 107.9830828,-7.0984109,0.0 107.9833677,-7.0982361,0.0 107.983947,-7.0978836,0.0 107.9841859,-7.0977534,0.0 107.9844151,-7.0976394,0.0 107.9846295,-7.097569,0.0 107.984831,-7.0975164,0.0 107.9850124,-7.0974979,0.0 107.9851938,-7.0974997,0.0 107.9853729,-7.0975249,0.0 107.9855295,-7.0975628,0.0 107.9858335,-7.0976677,0.0 107.9861362,-7.0978401,0.0 107.9863648,-7.0980297,0.0 107.9865607,-7.0982393,0.0 107.9866897,-7.098466,0.0 107.9867861,-7.0987279,0.0 107.9868621,-7.0989999,0.0 107.9869591,-7.0993473,0.0 107.9873417,-7.1007241,0.0 107.9875093,-7.1013169,0.0</coordinates>
            </LineString>
        </Placemark>
        <Placemark id="2669">
            <name>Jalur Kereta Api Cibatu–Cikajang</name>
            <styleUrl>#2670</styleUrl>
            <LineString id="2668">
                <coordinates>107.9875093,-7.1013169,0.0 107.9876108,-7.1016801,0.0</coordinates>
            </LineString>
        </Placemark>
        <Placemark id="2673">
            <name>Jalur Kereta Api Cibatu–Cikajang</name>
            <styleUrl>#2674</styleUrl>
            <LineString id="2672">
                <coordinates>107.9664101,-7.1810151,0.0 107.9663674,-7.1810483,0.0 107.9661283,-7.1812337,0.0</coordinates>
            </LineString>
        </Placemark>
        <Placemark id="2677">
            <name>Jalur Kereta Api Cibatu–Cikajang</name>
            <styleUrl>#2678</styleUrl>
            <LineString id="2676">
                <coordinates>107.9325074,-7.2026084,0.0 107.9307643,-7.2047456,0.0 107.9299464,-7.2057163,0.0 107.9298232,-7.2058384,0.0 107.929418,-7.2061909,0.0 107.9293871,-7.2062096,0.0 107.929044,-7.206409,0.0 107.9287006,-7.2066004,0.0 107.9247948,-7.2083802,0.0 107.9234778,-7.208969,0.0 107.9228804,-7.2092361,0.0 107.9225789,-7.209375,0.0 107.919392,-7.2108431,0.0 107.9181021,-7.2114401,0.0 107.9180424,-7.2114707,0.0 107.9167662,-7.2120339,0.0 107.9149257,-7.2128631,0.0</coordinates>
            </LineString>
        </Placemark>
        <Placemark id="2681">
            <name>Jalur Kereta Api Cibatu–Cikajang</name>
            <styleUrl>#2682</styleUrl>
            <LineString id="2680">
                <coordinates>107.9326135,-7.2024807,0.0 107.9325074,-7.2026084,0.0</coordinates>
            </LineString>
        </Placemark>
        <Placemark id="2685">
            <name>Jalur Kereta Api Cibatu–Cikajang</name>
            <styleUrl>#2686</styleUrl>
            <LineString id="2684">
                <coordinates>107.9146435,-7.212991,0.0 107.9141736,-7.2132149,0.0 107.9139818,-7.2132946,0.0 107.9138855,-7.2133346,0.0 107.9136057,-7.2134381,0.0 107.9131207,-7.2135708,0.0 107.9128086,-7.2136259,0.0 107.9126514,-7.2136416,0.0 107.9123533,-7.213649,0.0 107.9119794,-7.2136408,0.0 107.911087,-7.2136267,0.0 107.910293,-7.2136027,0.0 107.9095077,-7.2135825,0.0 107.9090466,-7.2135707,0.0 107.9088464,-7.2135656,0.0</coordinates>
            </LineString>
        </Placemark>
        <Placemark id="2689">
            <name>Jalur Kereta Api Cibatu–Cikajang</name>
            <styleUrl>#2690</styleUrl>
            <LineString id="2688">
                <coordinates>107.9149257,-7.2128631,0.0 107.914769,-7.2129345,0.0 107.9146435,-7.212991,0.0</coordinates>
            </LineString>
        </Placemark>
        <Placemark id="2693">
            <name>Jalur Kereta Api Padalarang–Kasugihan</name>
            <styleUrl>#2694</styleUrl>
            <LineString id="2692">
                <coordinates>107.8980329,-7.0371756,0.0 107.8979798,-7.0373099,0.0 107.8979205,-7.0375057,0.0 107.8978261,-7.0381361,0.0 107.8977587,-7.0384459,0.0 107.8976666,-7.0386621,0.0 107.8975822,-7.0387957,0.0 107.8973584,-7.0390305,0.0 107.8945823,-7.0409812,0.0 107.8943451,-7.0412058,0.0 107.894101,-7.0415179,0.0 107.8939502,-7.0418586,0.0 107.893878,-7.0422018,0.0 107.8938811,-7.0425432,0.0 107.8939399,-7.0429149,0.0 107.894107,-7.0432951,0.0 107.8942984,-7.0435964,0.0 107.8945713,-7.0438512,0.0 107.8949503,-7.0440806,0.0 107.8953605,-7.0442573,0.0 107.8956946,-7.0444214,0.0 107.8960113,-7.044651,0.0 107.8962554,-7.0449422,0.0 107.8964184,-7.0451978,0.0 107.8965425,-7.0454843,0.0 107.8965843,-7.04577,0.0 107.8965991,-7.0459892,0.0 107.8965874,-7.046172,0.0 107.8965046,-7.0465408,0.0 107.8963704,-7.0468405,0.0 107.8961399,-7.047156,0.0 107.89587,-7.0474083,0.0 107.8955228,-7.0476285,0.0 107.8949168,-7.0479537,0.0 107.8942999,-7.0482332,0.0 107.8939481,-7.0483877,0.0 107.893694,-7.0485164,0.0 107.8934629,-7.0486688,0.0 107.8932907,-7.0488044,0.0 107.8931311,-7.048972,0.0 107.892899,-7.0492492,0.0 107.8927816,-7.0494355,0.0 107.8926764,-7.0496342,0.0</coordinates>
            </LineString>
        </Placemark>
        <Placemark id="2697">
            <name>Jalur Kereta Api Padalarang–Kasugihan</name>
            <styleUrl>#2698</styleUrl>
            <LineString id="2696">
                <coordinates>107.8926764,-7.0496342,0.0 107.8926017,-7.0498132,0.0 107.8925333,-7.0499959,0.0</coordinates>
            </LineString>
        </Placemark>
        <Placemark id="2701">
            <name>Route Segment</name>
            <styleUrl>#2702</styleUrl>
            <LineString id="2700">
                <coordinates>107.8321639,-6.98098,0.0 107.8331538,-6.9821056,0.0</coordinates>
            </LineString>
        </Placemark>
        <Placemark id="2705">
            <name>Jalur Kereta Api Padalarang–Kasugihan</name>
            <styleUrl>#2706</styleUrl>
            <LineString id="2704">
                <coordinates>107.8032133,-6.9820318,0.0 107.8040112,-6.9823281,0.0 107.81024,-6.9845892,0.0</coordinates>
            </LineString>
        </Placemark>
        <Placemark id="2709">
            <name>Jalur Kereta Api Padalarang–Kasugihan</name>
            <styleUrl>#2710</styleUrl>
            <LineString id="2708">
                <coordinates>107.8030708,-6.9819816,0.0 107.8032133,-6.9820318,0.0</coordinates>
            </LineString>
        </Placemark>
        <Placemark id="2713">
            <name>Jalur Kereta Api Padalarang–Kasugihan</name>
            <styleUrl>#2714</styleUrl>
            <LineString id="2712">
                <coordinates>107.6842763,-6.9388143,0.0 107.6844614,-6.9388815,0.0</coordinates>
            </LineString>
        </Placemark>
        <Placemark id="2717">
            <name>Route Segment</name>
            <styleUrl>#2718</styleUrl>
            <LineString id="2716">
                <coordinates>107.6875434,-6.9400357,0.0 107.6877303,-6.9401139,0.0 107.6878481,-6.9401571,0.0 107.6881161,-6.9402565,0.0 107.6881466,-6.9402678,0.0 107.6888284,-6.940515,0.0 107.6905026,-6.9411251,0.0 107.6910348,-6.9413187,0.0 107.6910824,-6.9413355,0.0 107.6911674,-6.9413609,0.0 107.6912767,-6.9413909,0.0 107.6914856,-6.9414466,0.0 107.6916843,-6.9415117,0.0</coordinates>
            </LineString>
        </Placemark>
        <Placemark id="2721">
            <name>Jalur Kereta Api Padalarang–Kasugihan</name>
            <styleUrl>#2722</styleUrl>
            <LineString id="2720">
                <coordinates>107.6414141,-6.9231899,0.0 107.6422277,-6.9234816,0.0 107.6434821,-6.9239355,0.0</coordinates>
            </LineString>
        </Placemark>
        <Placemark id="2725">
            <name>Jalur Kereta Api Cikampek–Padalarang</name>
            <styleUrl>#2726</styleUrl>
            <LineString id="2724">
                <coordinates>107.4922847,-6.8380948,0.0 107.4926181,-6.838399,0.0 107.4928992,-6.8386526,0.0 107.4931765,-6.8389055,0.0 107.4933901,-6.8391101,0.0 107.4936195,-6.839335,0.0 107.4937867,-6.8395042,0.0</coordinates>
            </LineString>
        </Placemark>
        <Placemark id="2729">
            <name>Jalur Kereta Api Cikampek–Padalarang</name>
            <styleUrl>#2730</styleUrl>
            <LineString id="2728">
                <coordinates>107.4492487,-6.5584123,0.0 107.4493173,-6.558556,0.0 107.450103,-6.5601877,0.0</coordinates>
            </LineString>
        </Placemark>
        <Placemark id="2733">
            <name>Jalur Kereta Api Padalarang–Kasugihan</name>
            <styleUrl>#2734</styleUrl>
            <LineString id="2732">
                <coordinates>107.8994745,-7.0829479,0.0 107.8995266,-7.0830897,0.0 107.8995628,-7.0832109,0.0 107.8995919,-7.0833358,0.0 107.899606,-7.0834037,0.0 107.8996142,-7.0834501,0.0 107.8996259,-7.0835201,0.0 107.8996726,-7.0838937,0.0 107.8997875,-7.0848393,0.0 107.8998031,-7.084983,0.0</coordinates>
            </LineString>
        </Placemark>
        <Placemark id="2737">
            <name>Jalur Kereta Api Padalarang–Kasugihan</name>
            <styleUrl>#2738</styleUrl>
            <LineString id="2736">
                <coordinates>107.8857414,-7.079493,0.0 107.8862132,-7.0795731,0.0 107.8864172,-7.0796094,0.0 107.8940983,-7.0808781,0.0 107.8959238,-7.0811814,0.0 107.8963806,-7.0812587,0.0 107.8976449,-7.0814674,0.0 107.8978347,-7.0815018,0.0 107.8980061,-7.0815432,0.0 107.898165,-7.0815981,0.0 107.8983362,-7.0816792,0.0 107.8984258,-7.0817329,0.0 107.8985269,-7.0818031,0.0 107.8986719,-7.0819106,0.0 107.8988534,-7.0821002,0.0 107.8988827,-7.082129,0.0 107.8988956,-7.0821417,0.0</coordinates>
            </LineString>
        </Placemark>
        <Placemark id="2741">
            <name>Jalur Kereta Api Padalarang–Kasugihan</name>
            <styleUrl>#2742</styleUrl>
            <LineString id="2740">
                <coordinates>107.7728766,-6.9710582,0.0 107.7729873,-6.9710955,0.0</coordinates>
            </LineString>
        </Placemark>
        <Placemark id="2745">
            <name>Jalur Kereta Api Padalarang–Kasugihan</name>
            <styleUrl>#2746</styleUrl>
            <LineString id="2744">
                <coordinates>107.7732177,-6.9711763,0.0 107.7785528,-6.9731164,0.0 107.7792713,-6.9733916,0.0 107.7803498,-6.9738047,0.0 107.7808085,-6.9739687,0.0</coordinates>
            </LineString>
        </Placemark>
        <Placemark id="2749">
            <name>Jalur Kereta Api Padalarang–Kasugihan</name>
            <styleUrl>#2750</styleUrl>
            <LineString id="2748">
                <coordinates>107.7808085,-6.9739687,0.0 107.7809829,-6.9740327,0.0 107.7810003,-6.9740391,0.0</coordinates>
            </LineString>
        </Placemark>
        <Placemark id="2753">
            <name>Jalur Kereta Api Padalarang–Kasugihan</name>
            <styleUrl>#2754</styleUrl>
            <LineString id="2752">
                <coordinates>107.7810003,-6.9740391,0.0 107.7834206,-6.9749163,0.0 107.784179,-6.9751962,0.0 107.7843334,-6.9752519,0.0</coordinates>
            </LineString>
        </Placemark>
        <Placemark id="2757">
            <name>Jalur Kereta Api Padalarang–Kasugihan</name>
            <styleUrl>#2758</styleUrl>
            <LineString id="2756">
                <coordinates>107.7843334,-6.9752519,0.0 107.7845129,-6.9753171,0.0</coordinates>
            </LineString>
        </Placemark>
        <Placemark id="2761">
            <name>Jalur Kereta Api Cikampek–Padalarang</name>
            <styleUrl>#2762</styleUrl>
            <LineString id="2760">
                <coordinates>107.3919092,-6.7194813,0.0 107.3911777,-6.7200396,0.0</coordinates>
            </LineString>
        </Placemark>
        <Placemark id="2765">
            <name>Jalur Kereta Api Cikampek–Padalarang</name>
            <styleUrl>#2766</styleUrl>
            <LineString id="2764">
                <coordinates>107.3920143,-6.7164207,0.0 107.3920924,-6.7164812,0.0 107.3921819,-6.7165562,0.0 107.3922685,-6.7166326,0.0 107.3924056,-6.7167686,0.0 107.3925293,-6.716928,0.0 107.3926486,-6.7171236,0.0 107.3927609,-6.7174147,0.0 107.3928119,-6.717613,0.0 107.392828,-6.7177975,0.0 107.3928336,-6.7179821,0.0 107.392822,-6.7181308,0.0 107.3927919,-6.718304,0.0 107.3927373,-6.7184891,0.0 107.392649,-6.7186954,0.0 107.392631,-6.7187286,0.0 107.3925802,-6.7188219,0.0 107.3925018,-6.7189412,0.0 107.3923335,-6.7191278,0.0 107.3922742,-6.7191896,0.0 107.3921532,-6.7192929,0.0 107.3919092,-6.7194813,0.0</coordinates>
            </LineString>
        </Placemark>
        <Placemark id="2769">
            <name>Jalur Kereta Api Cikampek–Padalarang</name>
            <styleUrl>#2770</styleUrl>
            <LineString id="2768">
                <coordinates>107.4462265,-6.7868359,0.0 107.4461699,-6.7884518,0.0</coordinates>
            </LineString>
        </Placemark>
        <Placemark id="2773">
            <name>Jalur Kereta Api Cikampek–Padalarang</name>
            <styleUrl>#2774</styleUrl>
            <LineString id="2772">
                <coordinates>107.4462712,-6.7859242,0.0 107.4462265,-6.7868359,0.0</coordinates>
            </LineString>
        </Placemark>
        <Placemark id="2777">
            <name>Jalur Kereta Api Cikampek–Padalarang</name>
            <styleUrl>#2778</styleUrl>
            <LineString id="2776">
                <coordinates>107.4461699,-6.7884518,0.0 107.446146,-6.7890651,0.0 107.4461213,-6.7892745,0.0 107.4460779,-6.7894824,0.0</coordinates>
            </LineString>
        </Placemark>
        <Placemark id="2781">
            <name>Jalur Kereta Api Cikampek–Padalarang</name>
            <styleUrl>#2782</styleUrl>
            <LineString id="2780">
                <coordinates>107.4460779,-6.7894824,0.0 107.4457675,-6.7903683,0.0 107.4456453,-6.790749,0.0 107.4455662,-6.7911358,0.0 107.4455244,-6.7931609,0.0 107.4455625,-6.7934874,0.0 107.4456551,-6.793843,0.0 107.445824,-6.7941041,0.0 107.4460385,-6.7943854,0.0 107.4474385,-6.795681,0.0 107.4476297,-6.795813,0.0 107.4478173,-6.7959159,0.0 107.4479814,-6.7959778,0.0 107.4481868,-6.7960158,0.0 107.4484589,-6.796018,0.0 107.4486524,-6.7960025,0.0 107.4488773,-6.7959558,0.0 107.4491675,-6.7958702,0.0 107.4493584,-6.795789,0.0 107.4495192,-6.7956741,0.0 107.4497334,-6.7954858,0.0 107.4498852,-6.7953233,0.0 107.4500054,-6.7951539,0.0 107.450102,-6.7949885,0.0 107.4501855,-6.794748,0.0 107.4502403,-6.7945136,0.0 107.4502734,-6.7942542,0.0 107.4502757,-6.7940366,0.0 107.4502647,-6.7938738,0.0 107.4502311,-6.79356,0.0 107.4502297,-6.7933934,0.0</coordinates>
            </LineString>
        </Placemark>
        <Placemark id="2785">
            <name>Jalur Kereta Api Cikampek–Padalarang</name>
            <styleUrl>#2786</styleUrl>
            <LineString id="2784">
                <coordinates>107.4523362,-6.7907244,0.0 107.4525176,-6.7906842,0.0 107.4527321,-6.790647,0.0 107.4529404,-6.79062,0.0</coordinates>
            </LineString>
        </Placemark>
        <Placemark id="2789">
            <name>Jalur Kereta Api Cikampek–Padalarang</name>
            <styleUrl>#2790</styleUrl>
            <LineString id="2788">
                <coordinates>107.4529404,-6.79062,0.0 107.4535497,-6.7905703,0.0 107.4537508,-6.7905387,0.0 107.4539563,-6.7904934,0.0 107.4546023,-6.7902637,0.0 107.454806,-6.7901987,0.0 107.4549961,-6.790154,0.0 107.4552142,-6.7901256,0.0 107.4554215,-6.7901281,0.0 107.4555802,-6.7901474,0.0 107.4557107,-6.7901794,0.0 107.4558589,-6.7902229,0.0 107.4560326,-6.7902964,0.0</coordinates>
            </LineString>
        </Placemark>
        <Placemark id="2793">
            <name>Jalur Kereta Api Cikampek–Padalarang</name>
            <styleUrl>#2794</styleUrl>
            <LineString id="2792">
                <coordinates>107.4502297,-6.7933934,0.0 107.4502368,-6.7931583,0.0 107.4502534,-6.7929594,0.0 107.4502976,-6.7927534,0.0 107.4503583,-6.7925496,0.0</coordinates>
            </LineString>
        </Placemark>
        <Placemark id="2797">
            <name>Jalur Kereta Api Cikampek–Padalarang</name>
            <styleUrl>#2798</styleUrl>
            <LineString id="2796">
                <coordinates>107.4503583,-6.7925496,0.0 107.4504453,-6.7923238,0.0 107.4506241,-6.7919891,0.0 107.4508673,-6.7916334,0.0 107.4512012,-6.7913195,0.0 107.4515426,-6.7910908,0.0 107.4519889,-6.7908522,0.0 107.4523362,-6.7907244,0.0</coordinates>
            </LineString>
        </Placemark>
        <Placemark id="2801">
            <name>Jalur Kereta Api Cikampek–Padalarang</name>
            <styleUrl>#2802</styleUrl>
            <LineString id="2800">
                <coordinates>107.3954018,-6.7320211,0.0 107.3954126,-6.7331626,0.0</coordinates>
            </LineString>
        </Placemark>
        <Placemark id="2805">
            <name>Jalur Kereta Api Cikampek–Padalarang</name>
            <styleUrl>#2806</styleUrl>
            <LineString id="2804">
                <coordinates>107.3911777,-6.7200396,0.0 107.3908404,-6.720291,0.0 107.3900485,-6.7209035,0.0 107.389874,-6.7210573,0.0 107.389726,-6.7212168,0.0 107.389671,-6.721283,0.0 107.3895954,-6.7213949,0.0 107.3895248,-6.7215235,0.0 107.3894636,-6.7216552,0.0 107.3894302,-6.7217372,0.0 107.3893861,-6.7218802,0.0 107.3893622,-6.7220034,0.0 107.3893423,-6.7221319,0.0 107.389329,-6.7222791,0.0 107.3893282,-6.7223429,0.0 107.3893305,-6.7224053,0.0 107.3893395,-6.7225315,0.0 107.3893732,-6.7227517,0.0 107.3894412,-6.7229861,0.0 107.3895003,-6.7231524,0.0 107.3896478,-6.7235524,0.0 107.3899104,-6.7242228,0.0 107.3900555,-6.7244893,0.0 107.3900788,-6.7245273,0.0 107.3902502,-6.7247767,0.0 107.3904553,-6.725003,0.0 107.3907132,-6.7252489,0.0 107.3910457,-6.7254544,0.0 107.3914642,-6.725673,0.0 107.3933403,-6.7262819,0.0 107.3937582,-6.7264713,0.0 107.394243,-6.7267065,0.0 107.3945235,-6.7269579,0.0 107.3947579,-6.7272094,0.0 107.394931,-6.7274502,0.0 107.3951068,-6.7277387,0.0 107.395294,-6.7281803,0.0 107.3953896,-6.7286169,0.0 107.3954017,-6.729025,0.0 107.3954006,-6.7295568,0.0 107.3954015,-6.731769,0.0 107.3954015,-6.731897,0.0 107.3954018,-6.7320211,0.0</coordinates>
            </LineString>
        </Placemark>
        <Placemark id="2809">
            <name>Route Segment</name>
            <styleUrl>#2810</styleUrl>
            <LineString id="2808">
                <coordinates>107.5591231,-6.8948987,0.0 107.5596069,-6.8951769,0.0 107.5596791,-6.8952233,0.0 107.5597514,-6.895268,0.0 107.5599843,-6.8953967,0.0 107.5602031,-6.8955227,0.0 107.5603333,-6.8955986,0.0 107.5603751,-6.895623,0.0 107.5605609,-6.8957317,0.0 107.5608105,-6.8958959,0.0 107.5626233,-6.8970948,0.0 107.5627772,-6.8972011,0.0 107.5628071,-6.8972226,0.0 107.5629335,-6.8972962,0.0 107.5633293,-6.8975312,0.0</coordinates>
            </LineString>
        </Placemark>
        <Placemark id="2813">
            <name>Jalur Kereta Api Padalarang–Kasugihan</name>
            <styleUrl>#2814</styleUrl>
            <LineString id="2812">
                <coordinates>107.4946964,-6.8404035,0.0 107.4949254,-6.8406179,0.0 107.4951591,-6.8408334,0.0</coordinates>
            </LineString>
        </Placemark>
        <Placemark id="2817">
            <name>Route Segment</name>
            <styleUrl>#2818</styleUrl>
            <LineString id="2816">
                <coordinates>107.9820984,-7.0989626,0.0 107.9826491,-7.098676,0.0</coordinates>
            </LineString>
        </Placemark>
        <Placemark id="2821">
            <name>Jalur Kereta Api Padalarang–Kasugihan</name>
            <styleUrl>#2822</styleUrl>
            <LineString id="2820">
                <coordinates>107.4990727,-6.8444849,0.0 107.4991872,-6.8445924,0.0 107.4995825,-6.8449524,0.0 107.4998237,-6.8451605,0.0 107.5003057,-6.8455589,0.0</coordinates>
            </LineString>
        </Placemark>
        <Placemark id="2825">
            <name>Jalur Kereta Api Padalarang–Kasugihan</name>
            <styleUrl>#2826</styleUrl>
            <LineString id="2824">
                <coordinates>107.5821404,-6.9099596,0.0 107.582223,-6.9100138,0.0</coordinates>
            </LineString>
        </Placemark>
        <Placemark id="2829">
            <name>Jalur Kereta Api Bandung–Ciroyom–Andir</name>
            <styleUrl>#2830</styleUrl>
            <LineString id="2828">
                <coordinates>107.5824446,-6.9101631,0.0 107.5825993,-6.9102786,0.0 107.582765,-6.9104088,0.0 107.582917,-6.9105175,0.0 107.5831168,-6.9106499,0.0 107.5839059,-6.9111715,0.0 107.5853352,-6.9121178,0.0 107.5855453,-6.9122569,0.0 107.5855833,-6.9122817,0.0 107.5856529,-6.9123273,0.0 107.5856926,-6.9123535,0.0 107.5859504,-6.9125232,0.0 107.586121,-6.9126324,0.0 107.5863089,-6.9127481,0.0 107.5866034,-6.9129165,0.0 107.5868789,-6.9130642,0.0 107.5871337,-6.9131854,0.0 107.5874437,-6.9133182,0.0 107.5877108,-6.9134225,0.0 107.5879324,-6.9135038,0.0 107.5881391,-6.9135714,0.0 107.5884248,-6.9136502,0.0 107.5885043,-6.9136722,0.0</coordinates>
            </LineString>
        </Placemark>
        <Placemark id="2833">
            <name>Jalur Kereta Api Padalarang–Kasugihan</name>
            <styleUrl>#2834</styleUrl>
            <LineString id="2832">
                <coordinates>107.6946536,-6.9425948,0.0 107.6947036,-6.9426129,0.0 107.6947536,-6.942631,0.0 107.6964404,-6.9432419,0.0 107.6965138,-6.9432685,0.0 107.6988093,-6.9441073,0.0 107.7001247,-6.9445986,0.0</coordinates>
            </LineString>
        </Placemark>
        <Placemark id="2837">
            <name>Jalur Kereta Api Padalarang–Kasugihan</name>
            <styleUrl>#2838</styleUrl>
            <LineString id="2836">
                <coordinates>107.7480249,-6.9620423,0.0 107.7498352,-6.9626777,0.0 107.7498742,-6.9626914,0.0 107.7503779,-6.9628683,0.0 107.7503857,-6.9628711,0.0 107.7515718,-6.9632971,0.0 107.7523274,-6.9635685,0.0</coordinates>
            </LineString>
        </Placemark>
        <Placemark id="2841">
            <name>Jalur Kereta Api Padalarang–Kasugihan</name>
            <styleUrl>#2842</styleUrl>
            <LineString id="2840">
                <coordinates>107.7730645,-6.9711226,0.0 107.7732177,-6.9711763,0.0</coordinates>
            </LineString>
        </Placemark>
        <Placemark id="2845">
            <name>Jalur Kereta Api Padalarang–Kasugihan</name>
            <styleUrl>#2846</styleUrl>
            <LineString id="2844">
                <coordinates>107.7729873,-6.9710955,0.0 107.7730645,-6.9711226,0.0</coordinates>
            </LineString>
        </Placemark>
        <Placemark id="2849">
            <name>Jalur Kereta Api Padalarang–Kasugihan</name>
            <styleUrl>#2850</styleUrl>
            <LineString id="2848">
                <coordinates>107.7998788,-6.9808307,0.0 107.8009596,-6.9812205,0.0 107.8010154,-6.9812408,0.0 107.8021128,-6.98164,0.0 107.8030708,-6.9819816,0.0</coordinates>
            </LineString>
        </Placemark>
        <Placemark id="2853">
            <name>Jalur Kereta Api Padalarang–Kasugihan</name>
            <styleUrl>#2854</styleUrl>
            <LineString id="2852">
                <coordinates>107.9814615,-7.0993043,0.0 107.9816294,-7.0992282,0.0 107.9816527,-7.0992168,0.0 107.9818536,-7.0991094,0.0 107.9819641,-7.0990452,0.0 107.9820984,-7.0989626,0.0</coordinates>
            </LineString>
        </Placemark>
        <Placemark id="2857">
            <name>Jalur Kereta Api Cikampek–Padalarang</name>
            <styleUrl>#2858</styleUrl>
            <LineString id="2856">
                <coordinates>107.4621508,-6.8030026,0.0 107.4623033,-6.8030435,0.0 107.4624975,-6.8030941,0.0 107.4626409,-6.8031278,0.0 107.4627059,-6.803143,0.0 107.4628919,-6.8031846,0.0 107.4629622,-6.803199,0.0 107.4631442,-6.8032384,0.0 107.4634641,-6.8033085,0.0 107.4636361,-6.8033489,0.0 107.4638357,-6.803399,0.0 107.4639417,-6.8034276,0.0 107.4641583,-6.8035003,0.0 107.4643193,-6.8035577,0.0 107.4645233,-6.8036299,0.0 107.4647719,-6.8037261,0.0 107.4649324,-6.803799,0.0 107.4649561,-6.8038098,0.0 107.4652106,-6.8039307,0.0 107.4653527,-6.8039981,0.0</coordinates>
            </LineString>
        </Placemark>
        <Placemark id="2861">
            <name>Jalur Kereta Api Cikampek–Padalarang</name>
            <styleUrl>#2862</styleUrl>
            <LineString id="2860">
                <coordinates>107.4655961,-6.8041159,0.0 107.4666223,-6.8046103,0.0</coordinates>
            </LineString>
        </Placemark>
        <Placemark id="2865">
            <name>Jalur Kereta Api Cikampek–Padalarang</name>
            <styleUrl>#2866</styleUrl>
            <LineString id="2864">
                <coordinates>107.4794439,-6.8139573,0.0 107.479497,-6.8140457,0.0 107.4795696,-6.8142169,0.0 107.479639,-6.8144212,0.0 107.4797958,-6.8149918,0.0 107.4799172,-6.8153036,0.0 107.4800739,-6.8156061,0.0 107.4802879,-6.8159792,0.0</coordinates>
            </LineString>
        </Placemark>
        <Placemark id="2869">
            <name>Jalur Kereta Api Cikampek–Padalarang</name>
            <styleUrl>#2870</styleUrl>
            <LineString id="2868">
                <coordinates>107.4802879,-6.8159792,0.0 107.4807245,-6.8167406,0.0</coordinates>
            </LineString>
        </Placemark>
        <Placemark id="2873">
            <name>Jalur Kereta Api Cikampek–Padalarang</name>
            <styleUrl>#2874</styleUrl>
            <LineString id="2872">
                <coordinates>107.4807245,-6.8167406,0.0 107.4808915,-6.8170449,0.0 107.4810163,-6.8172265,0.0 107.4811658,-6.8173919,0.0 107.4813565,-6.8175477,0.0 107.4815311,-6.8176633,0.0 107.4817501,-6.8177649,0.0 107.4819394,-6.8178244,0.0 107.4821739,-6.8178738,0.0 107.4824165,-6.8178955,0.0 107.4826467,-6.8178766,0.0 107.4833117,-6.8177412,0.0</coordinates>
            </LineString>
        </Placemark>
        <Placemark id="2877">
            <name>Jalur Kereta Api Cikampek–Padalarang</name>
            <styleUrl>#2878</styleUrl>
            <LineString id="2876">
                <coordinates>107.4833117,-6.8177412,0.0 107.4836087,-6.8176804,0.0 107.4838272,-6.8176703,0.0 107.4840079,-6.8176799,0.0 107.4842248,-6.817707,0.0 107.4844,-6.8177564,0.0 107.4845354,-6.8178088,0.0 107.4846498,-6.8178645,0.0 107.4847467,-6.8179132,0.0</coordinates>
            </LineString>
        </Placemark>
        <Placemark id="2881">
            <name>Jalur Kereta Api Cikampek–Padalarang</name>
            <styleUrl>#2882</styleUrl>
            <LineString id="2880">
                <coordinates>107.4907998,-6.8232114,0.0 107.4908661,-6.8233502,0.0 107.4909172,-6.8234763,0.0 107.4909608,-6.8236084,0.0 107.490998,-6.8237831,0.0 107.491021,-6.8239577,0.0</coordinates>
            </LineString>
        </Placemark>
        <Placemark id="2885">
            <name>Jalur Kereta Api Cikampek–Padalarang</name>
            <styleUrl>#2886</styleUrl>
            <LineString id="2884">
                <coordinates>107.491021,-6.8239577,0.0 107.4910349,-6.8242727,0.0 107.4909819,-6.8246114,0.0</coordinates>
            </LineString>
        </Placemark>
        <Placemark id="2889">
            <name>Jalur Kereta Api Cikampek–Padalarang</name>
            <styleUrl>#2890</styleUrl>
            <LineString id="2888">
                <coordinates>107.4903866,-6.8255252,0.0 107.4902827,-6.8256111,0.0 107.4901483,-6.8257077,0.0 107.4900559,-6.8257598,0.0</coordinates>
            </LineString>
        </Placemark>
        <Placemark id="2893">
            <name>Jalur Kereta Api Cikampek–Padalarang</name>
            <styleUrl>#2894</styleUrl>
            <LineString id="2892">
                <coordinates>107.4906244,-6.8253051,0.0 107.4903866,-6.8255252,0.0</coordinates>
            </LineString>
        </Placemark>
        <Placemark id="2897">
            <name>Jalur Kereta Api Cikampek–Padalarang</name>
            <styleUrl>#2898</styleUrl>
            <LineString id="2896">
                <coordinates>107.475449,-6.8090352,0.0 107.475389,-6.8094801,0.0 107.4753691,-6.8096609,0.0 107.47536,-6.8098603,0.0 107.4753772,-6.8100628,0.0 107.4753935,-6.8101718,0.0 107.4754222,-6.8102972,0.0 107.4754769,-6.8104656,0.0 107.4755503,-6.8106417,0.0 107.475637,-6.8107905,0.0 107.4757429,-6.8109407,0.0 107.4758596,-6.8110719,0.0 107.4759768,-6.8111786,0.0 107.4760966,-6.8112783,0.0 107.4762447,-6.8113713,0.0 107.4763893,-6.8114447,0.0 107.4766356,-6.8115403,0.0 107.4771473,-6.8116759,0.0 107.4773665,-6.8117313,0.0 107.4776447,-6.8118512,0.0</coordinates>
            </LineString>
        </Placemark>
        <Placemark id="2901">
            <name>Jalur Kereta Api Cikampek–Padalarang</name>
            <styleUrl>#2902</styleUrl>
            <LineString id="2900">
                <coordinates>107.4752587,-6.8079148,0.0 107.475325,-6.8080457,0.0 107.4753913,-6.8082344,0.0 107.4754395,-6.8084282,0.0 107.4754637,-6.8086356,0.0 107.4754688,-6.8088389,0.0 107.475449,-6.8090352,0.0</coordinates>
            </LineString>
        </Placemark>
        <Placemark id="2905">
            <name>Jalur Kereta Api Cikampek–Padalarang</name>
            <styleUrl>#2906</styleUrl>
            <LineString id="2904">
                <coordinates>107.4748492,-6.8073963,0.0 107.4750171,-6.8075628,0.0 107.4750809,-6.8076394,0.0 107.47518,-6.8077745,0.0 107.4752038,-6.807817,0.0 107.4752587,-6.8079148,0.0</coordinates>
            </LineString>
        </Placemark>
        <Placemark id="2909">
            <name>Jalur Kereta Api Cikampek–Padalarang</name>
            <styleUrl>#2910</styleUrl>
            <LineString id="2908">
                <coordinates>107.4740349,-6.8069852,0.0 107.4742311,-6.8070413,0.0 107.4744097,-6.8071127,0.0 107.4745947,-6.8072056,0.0 107.4746804,-6.8072622,0.0 107.4747671,-6.8073292,0.0 107.4748492,-6.8073963,0.0</coordinates>
            </LineString>
        </Placemark>
        <Placemark id="2913">
            <name>Jalur Kereta Api Cikampek–Padalarang</name>
            <styleUrl>#2914</styleUrl>
            <LineString id="2912">
                <coordinates>107.4328211,-6.7819148,0.0 107.4329032,-6.7820129,0.0 107.4330091,-6.7821148,0.0 107.4331412,-6.7822237,0.0 107.4332872,-6.7823198,0.0 107.4334438,-6.7824054,0.0 107.4336667,-6.7825003,0.0 107.4339217,-6.7825632,0.0 107.4341164,-6.7825804,0.0 107.4343677,-6.78258,0.0 107.4345371,-6.7825609,0.0 107.4347241,-6.7825172,0.0 107.4350172,-6.782405,0.0 107.4351886,-6.7822935,0.0 107.4353261,-6.7821939,0.0 107.435514,-6.7820367,0.0 107.4356159,-6.781917,0.0 107.4356793,-6.7818345,0.0 107.4357919,-6.7816504,0.0 107.4359493,-6.7813293,0.0 107.4360424,-6.7811102,0.0 107.4361355,-6.7808981,0.0 107.4363036,-6.7806282,0.0 107.4365372,-6.7803593,0.0 107.4366984,-6.7802281,0.0 107.436931,-6.7800891,0.0 107.437188,-6.7799811,0.0 107.4378649,-6.7797624,0.0</coordinates>
            </LineString>
        </Placemark>
        <Placemark id="2917">
            <name>Jalur Kereta Api Cikampek–Padalarang</name>
            <styleUrl>#2918</styleUrl>
            <LineString id="2916">
                <coordinates>107.43274,-6.7818081,0.0 107.4328211,-6.7819148,0.0</coordinates>
            </LineString>
        </Placemark>
        <Placemark id="2921">
            <name>Jalur Kereta Api Cikampek–Padalarang</name>
            <styleUrl>#2922</styleUrl>
            <LineString id="2920">
                <coordinates>107.3968382,-6.7355745,0.0 107.3972895,-6.7357571,0.0 107.3978803,-6.7359956,0.0 107.3983389,-6.7361612,0.0 107.3989501,-6.7363755,0.0 107.3992482,-6.7364801,0.0 107.3998665,-6.7366928,0.0</coordinates>
            </LineString>
        </Placemark>
        <Placemark id="2925">
            <name>Route Segment</name>
            <styleUrl>#2926</styleUrl>
            <LineString id="2924">
                <coordinates>107.4487733,-6.5573415,0.0 107.4486847,-6.5570976,0.0 107.4486064,-6.5569294,0.0 107.4482552,-6.5561874,0.0 107.4481584,-6.5559838,0.0 107.4475324,-6.5546651,0.0 107.4472627,-6.554094,0.0</coordinates>
            </LineString>
        </Placemark>
        <Placemark id="2929">
            <name>Jalur Kereta Api Cikampek–Padalarang</name>
            <styleUrl>#2930</styleUrl>
            <LineString id="2928">
                <coordinates>107.445255,-6.5767187,0.0 107.4451692,-6.5770822,0.0 107.4450524,-6.5774862,0.0 107.4449479,-6.5777615,0.0 107.4448402,-6.5780017,0.0 107.4446713,-6.5783381,0.0 107.4443453,-6.5788616,0.0 107.4442258,-6.5791036,0.0 107.4441477,-6.5793312,0.0 107.4441082,-6.5795453,0.0</coordinates>
            </LineString>
        </Placemark>
        <Placemark id="2933">
            <name>Jalur Kereta Api Cikampek–Padalarang</name>
            <styleUrl>#2934</styleUrl>
            <LineString id="2932">
                <coordinates>107.4453399,-6.5762795,0.0 107.445255,-6.5767187,0.0</coordinates>
            </LineString>
        </Placemark>
        <Placemark id="2937">
            <name>Jalur Kereta Api Cikampek–Padalarang</name>
            <styleUrl>#2938</styleUrl>
            <LineString id="2936">
                <coordinates>107.433008,-6.575396,0.0 107.4326623,-6.5750696,0.0 107.432308,-6.5747498,0.0 107.4318282,-6.5743313,0.0 107.4311235,-6.5737244,0.0 107.4301684,-6.5729066,0.0 107.4295864,-6.5723997,0.0 107.4292293,-6.5720969,0.0 107.4290685,-6.571957,0.0</coordinates>
            </LineString>
        </Placemark>
        <Placemark id="2941">
            <name>Jalur Kereta Api Cikampek–Padalarang</name>
            <styleUrl>#2942</styleUrl>
            <LineString id="2940">
                <coordinates>107.4252571,-6.5703195,0.0 107.4250471,-6.5701678,0.0 107.4248084,-6.5699551,0.0 107.4240823,-6.5692493,0.0</coordinates>
            </LineString>
        </Placemark>
        <Placemark id="2945">
            <name>Jalur Kereta Api Cikampek–Padalarang</name>
            <styleUrl>#2946</styleUrl>
            <LineString id="2944">
                <coordinates>107.4218556,-6.5690697,0.0 107.4217465,-6.5691619,0.0 107.421511,-6.5693682,0.0 107.4213175,-6.5695985,0.0 107.4211415,-6.5699663,0.0 107.4210037,-6.5703473,0.0 107.4209481,-6.5705313,0.0 107.4208989,-6.5706949,0.0 107.4208813,-6.5707657,0.0 107.4208564,-6.570908,0.0 107.4208221,-6.5711122,0.0 107.4207372,-6.5718509,0.0 107.4207399,-6.57212,0.0 107.420755,-6.5722782,0.0 107.4207912,-6.5724573,0.0 107.4208938,-6.5727491,0.0 107.4209731,-6.5729163,0.0 107.4210734,-6.5730783,0.0 107.4212929,-6.5733404,0.0 107.4215497,-6.5735399,0.0 107.4217583,-6.5736513,0.0 107.4220143,-6.5737627,0.0 107.4225407,-6.5738706,0.0 107.4230161,-6.573947,0.0 107.4233612,-6.5740571,0.0 107.4236909,-6.5742285,0.0 107.4239836,-6.5744428,0.0 107.4242146,-6.5746815,0.0 107.424495,-6.575006,0.0 107.4246934,-6.575211,0.0 107.4249884,-6.5754322,0.0 107.4253315,-6.5756241,0.0 107.4256588,-6.5758131,0.0 107.4259189,-6.5760019,0.0 107.4261094,-6.5761993,0.0 107.426273,-6.5764284,0.0 107.4264073,-6.5767135,0.0 107.4264717,-6.5769369,0.0 107.426521,-6.5772644,0.0 107.4264994,-6.5776163,0.0 107.4264526,-6.5778081,0.0 107.4263906,-6.5780088,0.0 107.4262179,-6.5783009,0.0 107.4256995,-6.5789103,0.0</coordinates>
            </LineString>
        </Placemark>
        <Placemark id="2949">
            <name>Jalur Kereta Api Cikampek–Padalarang</name>
            <styleUrl>#2950</styleUrl>
            <LineString id="2948">
                <coordinates>107.4253454,-6.5792726,0.0 107.4241101,-6.5805187,0.0 107.4237207,-6.5808908,0.0 107.4234965,-6.5810416,0.0 107.4233462,-6.5811246,0.0 107.4232864,-6.5811576,0.0</coordinates>
            </LineString>
        </Placemark>
        <Placemark id="2953">
            <name>Jalur Kereta Api Cikampek–Padalarang</name>
            <styleUrl>#2954</styleUrl>
            <LineString id="2952">
                <coordinates>107.4256995,-6.5789103,0.0 107.4253454,-6.5792726,0.0</coordinates>
            </LineString>
        </Placemark>
        <Placemark id="2957">
            <name>Jalur Kereta Api Cikampek–Padalarang</name>
            <styleUrl>#2958</styleUrl>
            <LineString id="2956">
                <coordinates>107.4230786,-6.5812364,0.0 107.4226863,-6.5813083,0.0 107.4222893,-6.5813571,0.0 107.4220941,-6.5813835,0.0 107.4218365,-6.5814519,0.0 107.4216349,-6.5815275,0.0 107.4214423,-6.5816296,0.0 107.4212676,-6.5817334,0.0 107.4210624,-6.5819166,0.0 107.4208946,-6.5821223,0.0 107.4207422,-6.5823944,0.0 107.4206441,-6.5826171,0.0 107.4205803,-6.58286,0.0 107.4205619,-6.583061,0.0 107.420565,-6.5834099,0.0 107.4205712,-6.5837802,0.0 107.4205776,-6.5841367,0.0 107.4205186,-6.5847398,0.0 107.4204472,-6.5850573,0.0 107.4203649,-6.5852996,0.0 107.4201396,-6.585882,0.0 107.4200181,-6.5860931,0.0 107.4198594,-6.5862973,0.0 107.4191001,-6.5870883,0.0 107.4189214,-6.5873056,0.0 107.4188659,-6.5873791,0.0</coordinates>
            </LineString>
        </Placemark>
        <Placemark id="2961">
            <name>Jalur Kereta Api Cikampek–Padalarang</name>
            <styleUrl>#2962</styleUrl>
            <LineString id="2960">
                <coordinates>107.4232864,-6.5811576,0.0 107.4230786,-6.5812364,0.0</coordinates>
            </LineString>
        </Placemark>
        <Placemark id="2965">
            <name>Jalur Kereta Api Cikampek–Padalarang</name>
            <styleUrl>#2966</styleUrl>
            <LineString id="2964">
                <coordinates>107.4187059,-6.5877008,0.0 107.4186334,-6.587873,0.0 107.4185572,-6.5881845,0.0 107.4185387,-6.5883977,0.0 107.4185572,-6.5885946,0.0 107.4185796,-6.5887824,0.0 107.418673,-6.5891362,0.0 107.4188219,-6.5896185,0.0 107.4188988,-6.5899674,0.0 107.4189112,-6.5903011,0.0 107.4188324,-6.590683,0.0 107.4187687,-6.5908693,0.0 107.4186395,-6.5911393,0.0 107.4185438,-6.5912912,0.0 107.418387,-6.5914921,0.0 107.4181724,-6.5916786,0.0 107.4176206,-6.5919914,0.0 107.4166816,-6.5924126,0.0</coordinates>
            </LineString>
        </Placemark>
        <Placemark id="2969">
            <name>Jalur Kereta Api Cikampek–Padalarang</name>
            <styleUrl>#2970</styleUrl>
            <LineString id="2968">
                <coordinates>107.4188659,-6.5873791,0.0 107.4187802,-6.5875408,0.0 107.4187059,-6.5877008,0.0</coordinates>
            </LineString>
        </Placemark>
        <Placemark id="2973">
            <name>Jalur Kereta Api Cikampek–Padalarang</name>
            <styleUrl>#2974</styleUrl>
            <LineString id="2972">
                <coordinates>107.4162481,-6.592627,0.0 107.41613,-6.5926855,0.0 107.4158645,-6.592832,0.0 107.4156644,-6.5929572,0.0 107.4154006,-6.5931636,0.0 107.4150527,-6.5934559,0.0 107.4150115,-6.5934927,0.0 107.4145705,-6.593887,0.0 107.4142272,-6.5942281,0.0 107.4134013,-6.5950473,0.0 107.4131412,-6.5953785,0.0 107.4128037,-6.5958793,0.0 107.4125079,-6.5963411,0.0 107.4123636,-6.5965297,0.0 107.4118121,-6.5971817,0.0 107.411461,-6.5975897,0.0 107.4111127,-6.5981173,0.0 107.410851,-6.5984696,0.0 107.4106735,-6.5986829,0.0 107.4103649,-6.5990248,0.0 107.4103106,-6.5990827,0.0 107.4101327,-6.5992692,0.0 107.4100372,-6.5993908,0.0 107.4099458,-6.599527,0.0 107.4097972,-6.5997609,0.0 107.409721,-6.5999,0.0 107.4096102,-6.6001829,0.0 107.4095554,-6.6003957,0.0 107.4095218,-6.6005447,0.0 107.4094923,-6.6007866,0.0 107.4094583,-6.6013889,0.0 107.4094079,-6.6024261,0.0 107.4094023,-6.6043677,0.0 107.4094051,-6.6053994,0.0 107.4094087,-6.6057863,0.0 107.4094095,-6.6070327,0.0 107.4094062,-6.6072126,0.0 107.409369,-6.607593,0.0 107.409313,-6.6079415,0.0 107.4092306,-6.6083884,0.0</coordinates>
            </LineString>
        </Placemark>
        <Placemark id="2977">
            <name>Jalur Kereta Api Cikampek–Padalarang</name>
            <styleUrl>#2978</styleUrl>
            <LineString id="2976">
                <coordinates>107.4166816,-6.5924126,0.0 107.4162481,-6.592627,0.0</coordinates>
            </LineString>
        </Placemark>
        <Placemark id="2981">
            <name>Jalur Kereta Api Padalarang–Kasugihan</name>
            <styleUrl>#2982</styleUrl>
            <LineString id="2980">
                <coordinates>107.7224792,-6.9527519,0.0 107.722626,-6.9528088,0.0</coordinates>
            </LineString>
        </Placemark>
        <Placemark id="2985">
            <name>Jalur Kereta Api Cikampek–Padalarang</name>
            <styleUrl>#2986</styleUrl>
            <LineString id="2984">
                <coordinates>107.4231615,-6.5688041,0.0 107.4230113,-6.5687881,0.0 107.4226813,-6.5687936,0.0 107.4223327,-6.5688575,0.0 107.4220976,-6.5689437,0.0 107.4218556,-6.5690697,0.0</coordinates>
            </LineString>
        </Placemark>
        <Placemark id="2989">
            <name>Jalur Kereta Api Cikampek–Padalarang</name>
            <styleUrl>#2990</styleUrl>
            <LineString id="2988">
                <coordinates>107.4240823,-6.5692493,0.0 107.423885,-6.5690836,0.0 107.4237188,-6.5689826,0.0 107.4235316,-6.5688974,0.0 107.4234844,-6.5688855,0.0 107.4231615,-6.5688041,0.0</coordinates>
            </LineString>
        </Placemark>
        <Placemark id="2993">
            <name>Jalur Kereta Api Cikampek–Padalarang</name>
            <styleUrl>#2994</styleUrl>
            <LineString id="2992">
                <coordinates>107.4259205,-6.7778073,0.0 107.4260482,-6.7779773,0.0 107.4261938,-6.778105,0.0 107.4262435,-6.7781486,0.0 107.4262942,-6.7781874,0.0 107.426377,-6.7782426,0.0 107.4264483,-6.7782901,0.0 107.4266019,-6.7783685,0.0 107.4267334,-6.7784261,0.0 107.4268587,-6.778467,0.0 107.4270589,-6.7785071,0.0 107.4272332,-6.778523,0.0 107.427475,-6.7785168,0.0</coordinates>
            </LineString>
        </Placemark>
        <Placemark id="2997">
            <name>Jalur Kereta Api Padalarang–Kasugihan</name>
            <styleUrl>#2998</styleUrl>
            <LineString id="2996">
                <coordinates>107.4951591,-6.8408334,0.0 107.4952084,-6.8408792,0.0 107.4952488,-6.8409168,0.0 107.4959788,-6.8416029,0.0</coordinates>
            </LineString>
        </Placemark>
        <Placemark id="3001">
            <name>Jalur Kereta Api Padalarang–Kasugihan</name>
            <styleUrl>#3002</styleUrl>
            <LineString id="3000">
                <coordinates>107.5362647,-6.8860412,0.0 107.5366917,-6.8865292,0.0 107.5372972,-6.8872172,0.0 107.5374921,-6.8874379,0.0 107.5377009,-6.8876712,0.0</coordinates>
            </LineString>
        </Placemark>
        <Placemark id="3005">
            <name>Jalur Kereta Api Bandung–Ciroyom–Andir</name>
            <styleUrl>#3006</styleUrl>
            <LineString id="3004">
                <coordinates>107.5965262,-6.9143357,0.0 107.5968989,-6.9143459,0.0 107.5972046,-6.9143636,0.0</coordinates>
            </LineString>
        </Placemark>
        <Placemark id="3009">
            <name>Jalur Kereta Api Cibatu–Cikajang</name>
            <styleUrl>#3010</styleUrl>
            <LineString id="3008">
                <coordinates>107.9759501,-7.1665904,0.0 107.9759409,-7.1666109,0.0 107.9756925,-7.1671632,0.0 107.9754015,-7.167799,0.0 107.9745913,-7.1696116,0.0 107.9736433,-7.1717144,0.0 107.9733159,-7.1724446,0.0 107.9727252,-7.1737638,0.0 107.9723564,-7.1746011,0.0 107.9719916,-7.1753945,0.0 107.9718374,-7.1757065,0.0 107.9717237,-7.1759227,0.0 107.9716495,-7.1760557,0.0 107.9715776,-7.1761831,0.0 107.9715152,-7.1762937,0.0</coordinates>
            </LineString>
        </Placemark>
        <Placemark id="3013">
            <name>Jalur Kereta Api Padalarang–Kasugihan</name>
            <styleUrl>#3014</styleUrl>
            <LineString id="3012">
                <coordinates>107.8242952,-6.9800513,0.0 107.8248516,-6.979499,0.0 107.8250394,-6.9793387,0.0 107.825135,-6.9792667,0.0 107.8255234,-6.9790011,0.0 107.8257959,-6.9788497,0.0 107.8260988,-6.9787077,0.0 107.8264642,-6.9785665,0.0 107.8268151,-6.9784676,0.0 107.8270784,-6.9784168,0.0 107.8274563,-6.9783613,0.0 107.8277725,-6.9783443,0.0 107.8280887,-6.9783456,0.0 107.828341,-6.9783681,0.0 107.8286152,-6.9784054,0.0 107.8288173,-6.9784449,0.0 107.829129,-6.9785273,0.0 107.8294206,-6.9786199,0.0 107.8296609,-6.9787149,0.0 107.8299319,-6.9788423,0.0 107.8301127,-6.9789423,0.0 107.8304311,-6.9791459,0.0 107.830663,-6.9793137,0.0 107.8308363,-6.9794522,0.0 107.8309949,-6.9795984,0.0 107.831129,-6.97973,0.0 107.8312481,-6.9798592,0.0</coordinates>
            </LineString>
        </Placemark>
        <Placemark id="3017">
            <name>Jalur Kereta Api Padalarang–Kasugihan</name>
            <styleUrl>#3018</styleUrl>
            <LineString id="3016">
                <coordinates>107.8998031,-7.084983,0.0 107.8998663,-7.0854923,0.0 107.8998805,-7.0856022,0.0</coordinates>
            </LineString>
        </Placemark>
        <Placemark id="3021">
            <name>Jalur Kereta Api Padalarang–Kasugihan</name>
            <styleUrl>#3022</styleUrl>
            <LineString id="3020">
                <coordinates>107.9317695,-7.1002485,0.0 107.9318218,-7.100355,0.0 107.9319267,-7.1005325,0.0 107.9320681,-7.1007407,0.0 107.9322653,-7.100934,0.0 107.9323868,-7.1010286,0.0 107.9325212,-7.1011105,0.0 107.9328613,-7.1012257,0.0 107.9338314,-7.1014341,0.0 107.9340272,-7.1015032,0.0 107.9341717,-7.101566,0.0 107.9343522,-7.101672,0.0 107.9350807,-7.1021928,0.0 107.9352321,-7.1022846,0.0 107.9354093,-7.1023636,0.0 107.9355797,-7.1024073,0.0 107.9357502,-7.1024361,0.0 107.9359908,-7.1024542,0.0 107.9367224,-7.1024758,0.0 107.9369211,-7.1024987,0.0 107.9370873,-7.1025293,0.0 107.9372534,-7.1025768,0.0 107.937538,-7.1027056,0.0 107.9376785,-7.1027932,0.0 107.9377975,-7.1028894,0.0 107.9380623,-7.1031542,0.0</coordinates>
            </LineString>
        </Placemark>
        <Placemark id="3025">
            <name>Jalur Kereta Api Padalarang–Kasugihan</name>
            <styleUrl>#3026</styleUrl>
            <LineString id="3024">
                <coordinates>107.7275833,-6.9546661,0.0 107.7277312,-6.9547208,0.0</coordinates>
            </LineString>
        </Placemark>
        <Placemark id="3029">
            <name>Jalur Kereta Api Padalarang–Kasugihan</name>
            <styleUrl>#3030</styleUrl>
            <LineString id="3028">
                <coordinates>107.722626,-6.9528088,0.0 107.7228981,-6.9529096,0.0 107.7245833,-6.9535126,0.0 107.7255865,-6.9538933,0.0 107.7275833,-6.9546661,0.0</coordinates>
            </LineString>
        </Placemark>
        <Placemark id="3033">
            <name>Jalur Kereta Api Cikampek–Padalarang</name>
            <styleUrl>#3034</styleUrl>
            <LineString id="3032">
                <coordinates>107.4040506,-6.6191345,0.0 107.4034171,-6.6200699,0.0 107.4027642,-6.6210326,0.0 107.4023283,-6.6216986,0.0 107.4007573,-6.6240305,0.0 107.400215,-6.6248498,0.0 107.3992659,-6.6262819,0.0 107.3982708,-6.6277419,0.0 107.3980829,-6.6279823,0.0 107.3978521,-6.6282386,0.0 107.3974833,-6.6285524,0.0 107.3971133,-6.6288158,0.0 107.3970501,-6.6288608,0.0 107.3967138,-6.629043,0.0 107.3954498,-6.6298004,0.0 107.3950977,-6.6300114,0.0 107.3947515,-6.6302259,0.0 107.3924159,-6.6316471,0.0 107.3920445,-6.6319236,0.0 107.3918107,-6.6321806,0.0 107.3916603,-6.6324754,0.0 107.3915813,-6.6326703,0.0 107.3915344,-6.6328519,0.0 107.3915142,-6.6330991,0.0 107.3915081,-6.6331536,0.0 107.3915071,-6.6332439,0.0 107.3915086,-6.6333303,0.0 107.3915256,-6.6335348,0.0 107.3915499,-6.6337106,0.0</coordinates>
            </LineString>
        </Placemark>
        <Placemark id="3037">
            <name>Jalur Kereta Api Cikampek–Padalarang</name>
            <styleUrl>#3038</styleUrl>
            <LineString id="3036">
                <coordinates>107.404282,-6.6187908,0.0 107.4040506,-6.6191345,0.0</coordinates>
            </LineString>
        </Placemark>
        <Placemark id="3041">
            <name>Jalur Kereta Api Padalarang–Kasugihan</name>
            <styleUrl>#3042</styleUrl>
            <LineString id="3040">
                <coordinates>107.4959788,-6.8416029,0.0 107.4966827,-6.8422567,0.0</coordinates>
            </LineString>
        </Placemark>
        <Placemark id="3045">
            <name>Jalur Kereta Api Padalarang–Kasugihan</name>
            <styleUrl>#3046</styleUrl>
            <LineString id="3044">
                <coordinates>107.4966827,-6.8422567,0.0 107.4968557,-6.842418,0.0 107.4969353,-6.842494,0.0</coordinates>
            </LineString>
        </Placemark>
        <Placemark id="3049">
            <name>Jalur Kereta Api Cikampek–Padalarang</name>
            <styleUrl>#3050</styleUrl>
            <LineString id="3048">
                <coordinates>107.471878,-6.8060404,0.0 107.4719768,-6.8061055,0.0 107.4724182,-6.8063915,0.0 107.4728706,-6.8066639,0.0 107.4730707,-6.8067561,0.0 107.4732859,-6.8068258,0.0 107.473475,-6.8068721,0.0 107.4737111,-6.8069221,0.0 107.4738811,-6.8069494,0.0 107.4740349,-6.8069852,0.0</coordinates>
            </LineString>
        </Placemark>
        <Placemark id="3053">
            <name>Jalur Kereta Api Cikampek–Padalarang</name>
            <styleUrl>#3054</styleUrl>
            <LineString id="3052">
                <coordinates>107.4709343,-6.8054566,0.0 107.471122,-6.8055513,0.0 107.4713212,-6.8056713,0.0 107.4715347,-6.8058032,0.0 107.471878,-6.8060404,0.0</coordinates>
            </LineString>
        </Placemark>
        <Placemark id="3057">
            <name>Jalur Kereta Api Cikampek–Padalarang</name>
            <styleUrl>#3058</styleUrl>
            <LineString id="3056">
                <coordinates>107.459508,-6.8020002,0.0 107.4602498,-6.8023429,0.0 107.4606392,-6.8025192,0.0 107.4608711,-6.8026173,0.0 107.4610252,-6.802682,0.0 107.4611913,-6.8027433,0.0 107.4613978,-6.802802,0.0</coordinates>
            </LineString>
        </Placemark>
        <Placemark id="3061">
            <name>Jalur Kereta Api Cikampek–Padalarang</name>
            <styleUrl>#3062</styleUrl>
            <LineString id="3060">
                <coordinates>107.4613978,-6.802802,0.0 107.4620828,-6.8029839,0.0</coordinates>
            </LineString>
        </Placemark>
        <Placemark id="3065">
            <name>Jalur Kereta Api Cikampek–Padalarang</name>
            <styleUrl>#3066</styleUrl>
            <LineString id="3064">
                <coordinates>107.396416,-6.6892297,0.0 107.3965225,-6.6894018,0.0 107.3966907,-6.6896336,0.0 107.3973155,-6.6903716,0.0 107.3975274,-6.6906845,0.0 107.3977049,-6.6910223,0.0 107.3978039,-6.6912577,0.0 107.3979412,-6.6917809,0.0 107.3980126,-6.6922297,0.0 107.3980215,-6.692661,0.0 107.3979609,-6.6933094,0.0 107.3979342,-6.6936016,0.0 107.3978802,-6.6941324,0.0</coordinates>
            </LineString>
        </Placemark>
        <Placemark id="3069">
            <name>Jalur Kereta Api Cikampek–Padalarang</name>
            <styleUrl>#3070</styleUrl>
            <LineString id="3068">
                <coordinates>107.3962183,-6.6886093,0.0 107.3962473,-6.6887624,0.0 107.3962876,-6.688935,0.0 107.396343,-6.6890878,0.0 107.396416,-6.6892297,0.0</coordinates>
            </LineString>
        </Placemark>
        <Placemark id="3073">
            <name>Jalur Kereta Api Cikampek–Padalarang</name>
            <styleUrl>#3074</styleUrl>
            <LineString id="3072">
                <coordinates>107.3912188,-6.6428034,0.0 107.391175,-6.6434623,0.0 107.3911656,-6.6436128,0.0 107.3911422,-6.6437839,0.0 107.3911072,-6.6439389,0.0 107.3910642,-6.6440805,0.0 107.3909701,-6.6443104,0.0 107.390751,-6.6446052,0.0 107.3904777,-6.6448909,0.0 107.3901708,-6.6451864,0.0 107.3899517,-6.6454157,0.0 107.3897486,-6.645696,0.0 107.3896381,-6.6459235,0.0 107.3895193,-6.646228,0.0 107.3894708,-6.6464356,0.0 107.3894435,-6.6466432,0.0 107.3894326,-6.6468957,0.0 107.3894542,-6.6471145,0.0 107.3894685,-6.6472038,0.0 107.3895198,-6.6474535,0.0 107.3896205,-6.6477448,0.0 107.3897491,-6.6480015,0.0 107.389951,-6.6482989,0.0 107.3902202,-6.6485734,0.0 107.3905147,-6.6487932,0.0 107.391561,-6.6495469,0.0 107.3921648,-6.6500444,0.0 107.3922642,-6.6501289,0.0 107.3925419,-6.6505045,0.0 107.3926881,-6.6507663,0.0 107.3928197,-6.6510522,0.0 107.3930387,-6.6516588,0.0 107.3933082,-6.6525007,0.0 107.3934066,-6.6528082,0.0 107.393496,-6.6531754,0.0 107.3935864,-6.6536803,0.0 107.3936546,-6.6559018,0.0 107.3936729,-6.6560391,0.0 107.3937163,-6.6562674,0.0 107.3938339,-6.6565814,0.0 107.3940009,-6.6568619,0.0 107.3941687,-6.6570516,0.0 107.3944039,-6.6572541,0.0 107.3946539,-6.6574024,0.0 107.3949281,-6.6574979,0.0 107.3957151,-6.6576697,0.0 107.3958122,-6.6576969,0.0 107.3961101,-6.6577997,0.0 107.3963803,-6.6579464,0.0 107.3965879,-6.6581117,0.0 107.3967785,-6.6583106,0.0 107.3969277,-6.6585482,0.0 107.3970513,-6.658837,0.0 107.3971382,-6.6593354,0.0 107.3971255,-6.6595738,0.0 107.3970747,-6.6598249,0.0 107.3968793,-6.6602775,0.0 107.3964187,-6.6609637,0.0 107.3956583,-6.6620866,0.0</coordinates>
            </LineString>
        </Placemark>
        <Placemark id="3077">
            <name>Jalur Kereta Api Cikampek–Padalarang</name>
            <styleUrl>#3078</styleUrl>
            <LineString id="3076">
                <coordinates>107.3956583,-6.6620866,0.0 107.395568,-6.6622606,0.0 107.3955072,-6.66242,0.0 107.3954532,-6.6626688,0.0</coordinates>
            </LineString>
        </Placemark>
        <Placemark id="3081">
            <name>Jalur Kereta Api Cikampek–Padalarang</name>
            <styleUrl>#3082</styleUrl>
            <LineString id="3080">
                <coordinates>107.3909458,-6.6375898,0.0 107.3911938,-6.6382993,0.0 107.3912255,-6.6383992,0.0 107.3912787,-6.6386067,0.0 107.391304,-6.6387454,0.0</coordinates>
            </LineString>
        </Placemark>
        <Placemark id="3085">
            <name>Jalur Kereta Api Cikampek–Padalarang</name>
            <styleUrl>#3086</styleUrl>
            <LineString id="3084">
                <coordinates>107.391304,-6.6387454,0.0 107.3913219,-6.6388788,0.0</coordinates>
            </LineString>
        </Placemark>
        <Placemark id="3089">
            <name>Jalur Kereta Api Cikampek–Padalarang</name>
            <styleUrl>#3090</styleUrl>
            <LineString id="3088">
                <coordinates>107.3915977,-6.6343461,0.0 107.391595,-6.634448,0.0 107.3915702,-6.6346335,0.0 107.391519,-6.6348034,0.0 107.3914607,-6.6349486,0.0 107.391344,-6.6351672,0.0 107.391167,-6.6354612,0.0 107.3909624,-6.6358065,0.0 107.3908573,-6.6360295,0.0 107.3908023,-6.6361976,0.0 107.3907645,-6.6363753,0.0 107.390742,-6.636584,0.0 107.3907408,-6.6367079,0.0 107.3907537,-6.6368944,0.0 107.3908052,-6.6371636,0.0 107.3908359,-6.6372744,0.0 107.390896,-6.6374529,0.0 107.3909458,-6.6375898,0.0</coordinates>
            </LineString>
        </Placemark>
        <Placemark id="3093">
            <name>Jalur Kereta Api Cikampek–Padalarang</name>
            <styleUrl>#3094</styleUrl>
            <LineString id="3092">
                <coordinates>107.3915499,-6.6337106,0.0 107.3915771,-6.6338757,0.0 107.3915987,-6.6341052,0.0 107.3916019,-6.6342426,0.0 107.3915977,-6.6343461,0.0</coordinates>
            </LineString>
        </Placemark>
        <Placemark id="3097">
            <name>Jalur Kereta Api Padalarang–Kasugihan</name>
            <styleUrl>#3098</styleUrl>
            <LineString id="3096">
                <coordinates>107.9290591,-7.0926521,0.0 107.9295771,-7.0941119,0.0 107.9302718,-7.096042,0.0 107.9303184,-7.0961738,0.0</coordinates>
            </LineString>
        </Placemark>
        <Placemark id="3101">
            <name>Jalur Kereta Api Padalarang–Kasugihan</name>
            <styleUrl>#3102</styleUrl>
            <LineString id="3100">
                <coordinates>107.9290276,-7.0925618,0.0 107.9290591,-7.0926521,0.0</coordinates>
            </LineString>
        </Placemark>
        <Placemark id="3105">
            <name>Jalur Kereta Api Padalarang–Kasugihan</name>
            <styleUrl>#3106</styleUrl>
            <LineString id="3104">
                <coordinates>107.9317367,-7.10017,0.0 107.9317695,-7.1002485,0.0</coordinates>
            </LineString>
        </Placemark>
        <Placemark id="3109">
            <name>Jalur Kereta Api Padalarang–Kasugihan</name>
            <styleUrl>#3110</styleUrl>
            <LineString id="3108">
                <coordinates>107.5822692,-6.9100431,0.0 107.5824446,-6.9101631,0.0</coordinates>
            </LineString>
        </Placemark>
        <Placemark id="3113">
            <name>Jalur Kereta Api Padalarang–Kasugihan</name>
            <styleUrl>#3114</styleUrl>
            <LineString id="3112">
                <coordinates>107.5377009,-6.8876712,0.0 107.5380781,-6.8880793,0.0 107.5382841,-6.8882963,0.0 107.5385812,-6.8885652,0.0 107.5388674,-6.8887797,0.0 107.5390774,-6.8889281,0.0 107.5393495,-6.8890933,0.0 107.5396222,-6.8892334,0.0 107.5399394,-6.8893706,0.0 107.5402737,-6.889486,0.0 107.5406864,-6.8896005,0.0 107.5408668,-6.8896421,0.0 107.5409982,-6.8896672,0.0</coordinates>
            </LineString>
        </Placemark>
        <Placemark id="3117">
            <name>Jalur Kereta Api Padalarang–Kasugihan</name>
            <styleUrl>#3118</styleUrl>
            <LineString id="3116">
                <coordinates>107.5003057,-6.8455589,0.0 107.500345,-6.8455913,0.0 107.5003833,-6.8456228,0.0</coordinates>
            </LineString>
        </Placemark>
        <Placemark id="3121">
            <name>Jalur Kereta Api Padalarang–Kasugihan</name>
            <styleUrl>#3122</styleUrl>
            <LineString id="3120">
                <coordinates>107.5633293,-6.8975312,0.0 107.5637175,-6.8977889,0.0 107.5641557,-6.8980702,0.0 107.5642066,-6.8981045,0.0 107.5647648,-6.8984801,0.0 107.5652584,-6.8988111,0.0 107.5652839,-6.8988276,0.0 107.5673719,-6.9001814,0.0 107.5682851,-6.9007871,0.0 107.5698784,-6.9018435,0.0 107.570894,-6.9025165,0.0</coordinates>
            </LineString>
        </Placemark>
        <Placemark id="3125">
            <name>Route Segment</name>
            <styleUrl>#3126</styleUrl>
            <LineString id="3124">
                <coordinates>107.599955,-6.9144203,0.0 107.5997983,-6.9144259,0.0 107.5997018,-6.9144303,0.0 107.5996119,-6.9144347,0.0 107.5994548,-6.9144323,0.0 107.5984729,-6.9143841,0.0 107.5984428,-6.9143828,0.0 107.5984093,-6.9143813,0.0 107.5979056,-6.914356,0.0</coordinates>
            </LineString>
        </Placemark>
        <Placemark id="3129">
            <name>Jalur Kereta Api Padalarang–Kasugihan</name>
            <styleUrl>#3130</styleUrl>
            <LineString id="3128">
                <coordinates>107.604827,-6.9146301,0.0 107.6051155,-6.9146667,0.0 107.6054004,-6.9147028,0.0</coordinates>
            </LineString>
        </Placemark>
        <Placemark id="3133">
            <name>Jalur Kereta Api Padalarang–Kasugihan</name>
            <styleUrl>#3134</styleUrl>
            <LineString id="3132">
                <coordinates>107.6044783,-6.9145824,0.0 107.6046639,-6.9146074,0.0 107.604827,-6.9146301,0.0</coordinates>
            </LineString>
        </Placemark>
        <Placemark id="3137">
            <name>Jalur Kereta Api Padalarang–Kasugihan</name>
            <styleUrl>#3138</styleUrl>
            <LineString id="3136">
                <coordinates>107.6434821,-6.9239355,0.0 107.644388,-6.924264,0.0 107.6444962,-6.9243006,0.0 107.6446813,-6.9243697,0.0</coordinates>
            </LineString>
        </Placemark>
        <Placemark id="3141">
            <name>Jalur Kereta Api Padalarang–Kasugihan</name>
            <styleUrl>#3142</styleUrl>
            <LineString id="3140">
                <coordinates>107.6844614,-6.9388815,0.0 107.6854599,-6.9392452,0.0 107.6855125,-6.9392644,0.0 107.686224,-6.9395201,0.0 107.686252,-6.9395304,0.0 107.686992,-6.9398026,0.0</coordinates>
            </LineString>
        </Placemark>
        <Placemark id="3145">
            <name>Jalur Kereta Api Padalarang–Kasugihan</name>
            <styleUrl>#3146</styleUrl>
            <LineString id="3144">
                <coordinates>107.686992,-6.9398026,0.0 107.6870555,-6.9398259,0.0 107.6870924,-6.9398395,0.0</coordinates>
            </LineString>
        </Placemark>
        <Placemark id="3149">
            <name>Jalur Kereta Api Padalarang–Kasugihan</name>
            <styleUrl>#3150</styleUrl>
            <LineString id="3148">
                <coordinates>107.6916843,-6.9415117,0.0 107.6918605,-6.9415767,0.0 107.6931757,-6.9420555,0.0 107.693906,-6.942322,0.0 107.6946536,-6.9425948,0.0</coordinates>
            </LineString>
        </Placemark>
        <Placemark id="3153">
            <name>Jalur Kereta Api Padalarang–Kasugihan</name>
            <styleUrl>#3154</styleUrl>
            <LineString id="3152">
                <coordinates>107.7523274,-6.9635685,0.0 107.7523536,-6.9635784,0.0 107.7524203,-6.9636037,0.0 107.754061,-6.9642012,0.0 107.7541145,-6.9642207,0.0 107.7542707,-6.9642787,0.0</coordinates>
            </LineString>
        </Placemark>
        <Placemark id="3157">
            <name>Jalur Kereta Api Padalarang–Kasugihan</name>
            <styleUrl>#3158</styleUrl>
            <LineString id="3156">
                <coordinates>107.757127,-6.9653246,0.0 107.757797,-6.9655663,0.0</coordinates>
            </LineString>
        </Placemark>
        <Placemark id="3161">
            <name>Jalur Kereta Api Cikampek–Padalarang</name>
            <styleUrl>#3162</styleUrl>
            <LineString id="3160">
                <coordinates>107.4072596,-6.6136833,0.0 107.4068713,-6.61466,0.0 107.4064965,-6.6154391,0.0 107.4059818,-6.6162623,0.0 107.4053881,-6.617114,0.0 107.4048114,-6.6179866,0.0 107.404282,-6.6187908,0.0</coordinates>
            </LineString>
        </Placemark>
        <Placemark id="3165">
            <name>Jalur Kereta Api Cikampek–Padalarang</name>
            <styleUrl>#3166</styleUrl>
            <LineString id="3164">
                <coordinates>107.4340114,-6.576024,0.0 107.4338411,-6.575964,0.0 107.4336277,-6.5758593,0.0 107.4333768,-6.5756931,0.0 107.4332221,-6.5755723,0.0 107.433008,-6.575396,0.0</coordinates>
            </LineString>
        </Placemark>
        <Placemark id="3169">
            <name>Route Segment</name>
            <styleUrl>#3170</styleUrl>
            <LineString id="3168">
                <coordinates>107.6031495,-6.9145291,0.0 107.6034413,-6.9145438,0.0 107.6034922,-6.9145447,0.0 107.6035404,-6.9145463,0.0 107.6037773,-6.9145503,0.0 107.6040044,-6.9145595,0.0</coordinates>
            </LineString>
        </Placemark>
        <Placemark id="3173">
            <name>Route Segment</name>
            <styleUrl>#3174</styleUrl>
            <LineString id="3172">
                <coordinates>107.599955,-6.9144203,0.0 107.6001797,-6.9144283,0.0 107.6004008,-6.9144394,0.0 107.6004734,-6.9144408,0.0 107.6005699,-6.9144403,0.0 107.6006699,-6.9144376,0.0 107.6008304,-6.9144337,0.0 107.6009876,-6.9144314,0.0 107.601079,-6.9144326,0.0 107.6011382,-6.9144355,0.0 107.601222,-6.9144392,0.0 107.6013661,-6.9144483,0.0</coordinates>
            </LineString>
        </Placemark>
        <Placemark id="3177">
            <name>Route Segment</name>
            <styleUrl>#3178</styleUrl>
            <LineString id="3176">
                <coordinates>107.6044783,-6.9145824,0.0 107.6043329,-6.914568,0.0 107.6041726,-6.9145639,0.0 107.6040044,-6.9145595,0.0</coordinates>
            </LineString>
        </Placemark>
        <Placemark id="3181">
            <name>Jalur Kereta Api Padalarang–Kasugihan</name>
            <styleUrl>#3182</styleUrl>
            <LineString id="3180">
                <coordinates>107.7983338,-6.9802686,0.0 107.7998788,-6.9808307,0.0</coordinates>
            </LineString>
        </Placemark>
        <Placemark id="3185">
            <name>Jalur Kereta Api Cibatu–Cikajang</name>
            <styleUrl>#3186</styleUrl>
            <LineString id="3184">
                <coordinates>107.9061448,-7.2134977,0.0 107.9056478,-7.2134783,0.0 107.905318,-7.2134704,0.0</coordinates>
            </LineString>
        </Placemark>
        <Placemark id="3189">
            <name>Jalur Kereta Api Cibatu–Cikajang</name>
            <styleUrl>#3190</styleUrl>
            <LineString id="3188">
                <coordinates>107.9062381,-7.2135006,0.0 107.9061677,-7.2134984,0.0 107.9061448,-7.2134977,0.0</coordinates>
            </LineString>
        </Placemark>
        <Placemark id="3193">
            <name>Jalur Kereta Api Cibatu–Cikajang</name>
            <styleUrl>#3194</styleUrl>
            <LineString id="3192">
                <coordinates>107.9876108,-7.1016801,0.0 107.9881153,-7.1034863,0.0 107.9884432,-7.1045874,0.0 107.9885962,-7.1049665,0.0 107.9887981,-7.1053196,0.0 107.9889503,-7.1055432,0.0 107.9892088,-7.1057939,0.0 107.9892452,-7.1058224,0.0 107.9894539,-7.1059859,0.0 107.9897415,-7.1061538,0.0 107.9899791,-7.1062694,0.0 107.9902955,-7.1063789,0.0 107.9913692,-7.1067132,0.0 107.9935709,-7.107442,0.0 107.9938707,-7.107576,0.0 107.9940939,-7.1077016,0.0 107.9943424,-7.1079126,0.0 107.9945609,-7.1081279,0.0 107.9948989,-7.1086006,0.0 107.9949905,-7.1087859,0.0 107.9951102,-7.1090959,0.0 107.9952062,-7.1094336,0.0 107.9952583,-7.1097623,0.0 107.9952453,-7.1100229,0.0 107.9951893,-7.1104603,0.0 107.9951447,-7.1107766,0.0 107.9951058,-7.1110394,0.0 107.9949124,-7.1123863,0.0 107.9945736,-7.1146266,0.0 107.9944541,-7.1153999,0.0 107.9943557,-7.1160365,0.0 107.9940651,-7.1178699,0.0 107.9937672,-7.1197491,0.0 107.993366,-7.1223542,0.0 107.9929765,-7.1248395,0.0 107.9928865,-7.1254358,0.0 107.9928785,-7.1254888,0.0</coordinates>
            </LineString>
        </Placemark>
        <Placemark id="3197">
            <name>Jalur Kereta Api Cibatu–Cikajang</name>
            <styleUrl>#3198</styleUrl>
            <LineString id="3196">
                <coordinates>107.9928785,-7.1254888,0.0 107.9926125,-7.1271964,0.0 107.9925883,-7.1273374,0.0 107.9923073,-7.129161,0.0 107.9922553,-7.129497,0.0 107.9922162,-7.1297273,0.0 107.9921597,-7.1300512,0.0</coordinates>
            </LineString>
        </Placemark>
        <Placemark id="3201">
            <name>Jalur Kereta Api Padalarang–Kasugihan</name>
            <styleUrl>#3202</styleUrl>
            <LineString id="3200">
                <coordinates>107.9807261,-7.0996015,0.0 107.9809457,-7.0995253,0.0 107.9811865,-7.0994288,0.0 107.9812083,-7.0994189,0.0 107.9814615,-7.0993043,0.0</coordinates>
            </LineString>
        </Placemark>
        <Placemark id="3205">
            <name>Jalur Kereta Api Padalarang–Kasugihan</name>
            <styleUrl>#3206</styleUrl>
            <LineString id="3204">
                <coordinates>107.9769994,-7.1008387,0.0 107.9772145,-7.1007682,0.0 107.9787237,-7.100267,0.0</coordinates>
            </LineString>
        </Placemark>
        <Placemark id="3209">
            <name>Jalur Kereta Api Padalarang–Kasugihan</name>
            <styleUrl>#3210</styleUrl>
            <LineString id="3208">
                <coordinates>107.9315276,-7.0996055,0.0 107.9317367,-7.10017,0.0</coordinates>
            </LineString>
        </Placemark>
        <Placemark id="3213">
            <name>Jalur Kereta Api Padalarang–Kasugihan</name>
            <styleUrl>#3214</styleUrl>
            <LineString id="3212">
                <coordinates>107.8882733,-7.0192589,0.0 107.8882852,-7.0192648,0.0 107.8883175,-7.0192807,0.0 107.8905209,-7.0203662,0.0 107.8910993,-7.020652,0.0 107.8914667,-7.0208336,0.0 107.8916853,-7.0209461,0.0 107.8919105,-7.0210731,0.0 107.8921037,-7.0211982,0.0 107.8922792,-7.0213257,0.0 107.8924008,-7.0214202,0.0 107.8926266,-7.0216181,0.0 107.892831,-7.0218181,0.0 107.8930072,-7.0220196,0.0 107.8931991,-7.0222547,0.0 107.894274,-7.0236198,0.0 107.8944394,-7.0238326,0.0 107.8945408,-7.023964,0.0 107.894639,-7.0240986,0.0 107.8947191,-7.0242327,0.0 107.8947786,-7.0243422,0.0 107.89484,-7.024488,0.0 107.8948859,-7.0246234,0.0 107.8949163,-7.0247419,0.0 107.8949453,-7.0249131,0.0 107.8949559,-7.0250605,0.0 107.8949532,-7.0252012,0.0 107.8949458,-7.0253077,0.0 107.8949266,-7.0254411,0.0 107.8948791,-7.0256528,0.0 107.8946241,-7.0263635,0.0 107.8945719,-7.0265374,0.0 107.8945307,-7.0267332,0.0 107.894518,-7.0269137,0.0 107.8945197,-7.0271011,0.0 107.8945379,-7.0272608,0.0 107.894603,-7.0275025,0.0 107.8947076,-7.0277401,0.0 107.8948173,-7.02794,0.0 107.8949511,-7.0281228,0.0 107.8951525,-7.0283401,0.0 107.8953849,-7.0285167,0.0 107.8958425,-7.0287915,0.0 107.8962869,-7.0290553,0.0 107.8966037,-7.0292275,0.0 107.8970309,-7.0294161,0.0 107.8972532,-7.0294887,0.0 107.8980966,-7.0297001,0.0 107.898438,-7.029787,0.0 107.8987102,-7.0298856,0.0 107.8989123,-7.0299842,0.0 107.9007563,-7.0313474,0.0 107.9011562,-7.0317102,0.0 107.9014485,-7.0320741,0.0 107.9019384,-7.0327634,0.0 107.9020808,-7.033056,0.0 107.9021306,-7.0333371,0.0 107.9021257,-7.0336298,0.0 107.9020484,-7.0339365,0.0 107.9019111,-7.0341835,0.0 107.9017137,-7.0344306,0.0 107.9014476,-7.0346095,0.0 107.9011987,-7.0347117,0.0 107.900902,-7.0347988,0.0 107.9005591,-7.0348111,0.0 107.8999997,-7.0347797,0.0 107.8997022,-7.0348131,0.0 107.8993905,-7.0349111,0.0 107.8990877,-7.0350679,0.0 107.8988985,-7.0352569,0.0 107.8988137,-7.0353686,0.0 107.8987283,-7.0355205,0.0</coordinates>
            </LineString>
        </Placemark>
        <Placemark id="3217">
            <name>Jalur Kereta Api Padalarang–Kasugihan</name>
            <styleUrl>#3218</styleUrl>
            <LineString id="3216">
                <coordinates>107.8845712,-7.017428,0.0 107.8851492,-7.0177142,0.0 107.8857201,-7.0179955,0.0 107.886623,-7.0184399,0.0 107.8869857,-7.0186209,0.0 107.8880144,-7.0191297,0.0 107.8882733,-7.0192589,0.0</coordinates>
            </LineString>
        </Placemark>
        <Placemark id="3221">
            <name>Jalur Kereta Api Padalarang–Kasugihan</name>
            <styleUrl>#3222</styleUrl>
            <LineString id="3220">
                <coordinates>107.8336581,-6.982616,0.0 107.8339869,-6.9829872,0.0</coordinates>
            </LineString>
        </Placemark>
        <Placemark id="3225">
            <name>Route Segment</name>
            <styleUrl>#3226</styleUrl>
            <LineString id="3224">
                <coordinates>107.8317564,-6.9804762,0.0 107.8318749,-6.9806215,0.0 107.8319414,-6.9807043,0.0 107.8320575,-6.9808456,0.0 107.8321639,-6.98098,0.0</coordinates>
            </LineString>
        </Placemark>
        <Placemark id="3229">
            <name>Route Segment</name>
            <styleUrl>#3230</styleUrl>
            <LineString id="3228">
                <coordinates>107.6870924,-6.9398395,0.0 107.6872679,-6.9399105,0.0 107.6873594,-6.9399513,0.0 107.6875434,-6.9400357,0.0</coordinates>
            </LineString>
        </Placemark>
        <Placemark id="3233">
            <name>Jalur Kereta Api Padalarang–Kasugihan</name>
            <styleUrl>#3234</styleUrl>
            <LineString id="3232">
                <coordinates>107.6401324,-6.922711,0.0 107.6413163,-6.9231533,0.0 107.6414141,-6.9231899,0.0</coordinates>
            </LineString>
        </Placemark>
        <Placemark id="3237">
            <name>Route Segment</name>
            <styleUrl>#3238</styleUrl>
            <LineString id="3236">
                <coordinates>107.6453531,-6.924662,0.0 107.6454626,-6.9247025,0.0 107.6456145,-6.9247603,0.0</coordinates>
            </LineString>
        </Placemark>
        <Placemark id="3241">
            <name>Jalur Kereta Api Padalarang–Kasugihan</name>
            <styleUrl>#3242</styleUrl>
            <LineString id="3240">
                <coordinates>107.5198189,-6.871769,0.0 107.521155,-6.8724175,0.0 107.5218705,-6.8727597,0.0 107.5227076,-6.8731707,0.0 107.5231093,-6.8733813,0.0 107.5233034,-6.8734964,0.0 107.5234774,-6.8735996,0.0 107.5237666,-6.8737925,0.0 107.5240778,-6.8740124,0.0 107.5244677,-6.8743216,0.0 107.524775,-6.8745889,0.0 107.525478,-6.875235,0.0 107.5272412,-6.8768686,0.0 107.5281023,-6.8776666,0.0 107.5284646,-6.8779975,0.0 107.5303042,-6.8797072,0.0 107.5305638,-6.8799497,0.0 107.530576,-6.8799614,0.0 107.5309572,-6.880313,0.0 107.5315017,-6.8808164,0.0 107.5318929,-6.8811782,0.0 107.532377,-6.8816341,0.0 107.5329612,-6.882217,0.0 107.5332174,-6.8825012,0.0 107.5338159,-6.8831816,0.0 107.5343554,-6.8838169,0.0</coordinates>
            </LineString>
        </Placemark>
        <Placemark id="3245">
            <name>Jalur Kereta Api Cikampek–Padalarang</name>
            <styleUrl>#3246</styleUrl>
            <LineString id="3244">
                <coordinates>107.4620828,-6.8029839,0.0 107.4621508,-6.8030026,0.0</coordinates>
            </LineString>
        </Placemark>
        <Placemark id="3249">
            <name>Jalur Kereta Api Cikampek–Padalarang</name>
            <styleUrl>#3250</styleUrl>
            <LineString id="3248">
                <coordinates>107.4653527,-6.8039981,0.0 107.4654279,-6.8040342,0.0 107.4655961,-6.8041159,0.0</coordinates>
            </LineString>
        </Placemark>
        <Placemark id="3253">
            <name>Jalur Kereta Api Cikampek–Padalarang</name>
            <styleUrl>#3254</styleUrl>
            <LineString id="3252">
                <coordinates>107.4323756,-6.7810819,0.0 107.4325336,-6.7814369,0.0 107.4326399,-6.7816477,0.0 107.43274,-6.7818081,0.0</coordinates>
            </LineString>
        </Placemark>
        <Placemark id="3257">
            <name>Jalur Kereta Api Cikampek–Padalarang</name>
            <styleUrl>#3258</styleUrl>
            <LineString id="3256">
                <coordinates>107.427475,-6.7785168,0.0 107.4276297,-6.7784936,0.0 107.4278829,-6.778446,0.0 107.4288326,-6.7782672,0.0</coordinates>
            </LineString>
        </Placemark>
        <Placemark id="3261">
            <name>Jalur Kereta Api Bandung–Ciroyom–Andir</name>
            <styleUrl>#3262</styleUrl>
            <LineString id="3260">
                <coordinates>107.5885043,-6.9136722,0.0 107.5886744,-6.9137333,0.0 107.5888021,-6.9137822,0.0</coordinates>
            </LineString>
        </Placemark>
        <Placemark id="3265">
            <name>Jalur Kereta Api Bandung–Ciroyom–Andir</name>
            <styleUrl>#3266</styleUrl>
            <LineString id="3264">
                <coordinates>107.5904253,-6.9140447,0.0 107.5913559,-6.9140705,0.0 107.5915646,-6.9140705,0.0 107.5919904,-6.9140672,0.0 107.5923232,-6.9140638,0.0 107.5923807,-6.9140626,0.0 107.5924293,-6.914062,0.0</coordinates>
            </LineString>
        </Placemark>
        <Placemark id="3269">
            <name>Jalur Kereta Api Cikampek–Padalarang</name>
            <styleUrl>#3270</styleUrl>
            <LineString id="3268">
                <coordinates>107.4119786,-6.7605815,0.0 107.4122187,-6.7605319,0.0 107.4130165,-6.7603644,0.0 107.4133055,-6.7602774,0.0 107.4135222,-6.7601838,0.0 107.4136284,-6.7601287,0.0 107.4138353,-6.7599867,0.0 107.4141265,-6.7597228,0.0 107.4142871,-6.7595029,0.0 107.4144435,-6.759212,0.0 107.4145383,-6.7589302,0.0 107.4146704,-6.7585666,0.0 107.4147415,-6.758418,0.0 107.4147925,-6.7583118,0.0 107.4148737,-6.7581835,0.0 107.4149672,-6.7580551,0.0 107.4150718,-6.7579305,0.0 107.4152182,-6.7578001,0.0</coordinates>
            </LineString>
        </Placemark>
        <Placemark id="3273">
            <name>Jalur Kereta Api Cikampek–Padalarang</name>
            <styleUrl>#3274</styleUrl>
            <LineString id="3272">
                <coordinates>107.407886,-6.760887,0.0 107.4083999,-6.7608714,0.0 107.4084571,-6.7608697,0.0 107.4087526,-6.7608595,0.0 107.4093565,-6.7608404,0.0 107.4097923,-6.7608274,0.0 107.4104461,-6.7608077,0.0 107.4107656,-6.7607916,0.0 107.4109361,-6.7607812,0.0 107.4110945,-6.7607602,0.0 107.4112337,-6.7607381,0.0 107.4112755,-6.7607314,0.0 107.4114917,-6.7606883,0.0 107.4119786,-6.7605815,0.0</coordinates>
            </LineString>
        </Placemark>
        <Placemark id="3277">
            <name>Jalur Kereta Api Cikampek–Padalarang</name>
            <styleUrl>#3278</styleUrl>
            <LineString id="3276">
                <coordinates>107.3954126,-6.7331626,0.0 107.3954142,-6.733367,0.0 107.3954164,-6.7335045,0.0 107.3954376,-6.7336636,0.0 107.3954751,-6.7338194,0.0 107.395549,-6.7341058,0.0 107.3956385,-6.7343457,0.0 107.3957647,-6.7346003,0.0 107.3959423,-6.7348754,0.0 107.3961527,-6.7351239,0.0 107.3963767,-6.735318,0.0 107.3966157,-6.7354676,0.0 107.3968382,-6.7355745,0.0</coordinates>
            </LineString>
        </Placemark>
        <Placemark id="3281">
            <name>Jalur Kereta Api Cikampek–Padalarang</name>
            <styleUrl>#3282</styleUrl>
            <LineString id="3280">
                <coordinates>107.3920143,-6.7164207,0.0 107.3917818,-6.7162365,0.0</coordinates>
            </LineString>
        </Placemark>
        <Placemark id="3285">
            <name>Jalur Kereta Api Cikampek–Padalarang</name>
            <styleUrl>#3286</styleUrl>
            <LineString id="3284">
                <coordinates>107.3917818,-6.7162365,0.0 107.3913741,-6.7159229,0.0 107.391214,-6.7158094,0.0 107.3897491,-6.7147777,0.0</coordinates>
            </LineString>
        </Placemark>
        <Placemark id="3289">
            <name>Jalur Kereta Api Cikampek–Padalarang</name>
            <styleUrl>#3290</styleUrl>
            <LineString id="3288">
                <coordinates>107.3913219,-6.6388788,0.0 107.391326,-6.6389581,0.0 107.3913315,-6.6391814,0.0 107.3913304,-6.639475,0.0 107.3913106,-6.6402744,0.0 107.3912775,-6.6415964,0.0 107.3912749,-6.6416629,0.0 107.391248,-6.642219,0.0 107.3912188,-6.6428034,0.0</coordinates>
            </LineString>
        </Placemark>
        <Placemark id="3293">
            <name>Jalur Kereta Api Cikampek–Padalarang</name>
            <styleUrl>#3294</styleUrl>
            <LineString id="3292">
                <coordinates>107.4092306,-6.6083884,0.0 107.4091793,-6.6086362,0.0 107.4090896,-6.6090496,0.0 107.4089897,-6.6094086,0.0 107.4089071,-6.6096786,0.0 107.4088775,-6.6097621,0.0 107.4086564,-6.610301,0.0 107.4083066,-6.6111493,0.0 107.4077139,-6.6125859,0.0 107.4076318,-6.6127821,0.0</coordinates>
            </LineString>
        </Placemark>
        <Placemark id="3297">
            <name>Jalur Kereta Api Cikampek–Padalarang</name>
            <styleUrl>#3298</styleUrl>
            <LineString id="3296">
                <coordinates>107.4290685,-6.571957,0.0 107.428573,-6.5715349,0.0 107.4283054,-6.5713047,0.0 107.428052,-6.5710974,0.0 107.4278322,-6.5709597,0.0 107.4276011,-6.570852,0.0 107.4273949,-6.570786,0.0 107.4270398,-6.5707207,0.0 107.4264755,-6.5706462,0.0 107.4260121,-6.5705857,0.0 107.4257246,-6.5705291,0.0 107.4254017,-6.5704117,0.0 107.4252571,-6.5703195,0.0</coordinates>
            </LineString>
        </Placemark>
        <Placemark id="3301">
            <name>Jalur Kereta Api Cikampek–Padalarang</name>
            <styleUrl>#3302</styleUrl>
            <LineString id="3300">
                <coordinates>107.4489388,-6.5577751,0.0 107.4492487,-6.5584123,0.0</coordinates>
            </LineString>
        </Placemark>
        <Placemark id="3305">
            <name>Route Segment</name>
            <styleUrl>#3306</styleUrl>
            <LineString id="3304">
                <coordinates>107.4489388,-6.5577751,0.0 107.4487733,-6.5573415,0.0</coordinates>
            </LineString>
        </Placemark>
        <Placemark id="3309">
            <name>Jalur Kereta Api Padalarang–Kasugihan</name>
            <styleUrl>#3310</styleUrl>
            <LineString id="3308">
                <coordinates>107.5147634,-6.8637314,0.0 107.5150162,-6.8643048,0.0 107.5151339,-6.8645723,0.0 107.5154533,-6.8652868,0.0</coordinates>
            </LineString>
        </Placemark>
        <Placemark id="3313">
            <name>Jalur Kereta Api Padalarang–Kasugihan</name>
            <styleUrl>#3314</styleUrl>
            <LineString id="3312">
                <coordinates>107.7129517,-6.9492508,0.0 107.7130452,-6.9492837,0.0 107.7130916,-6.9493003,0.0 107.7133436,-6.9493904,0.0 107.7144747,-6.9498054,0.0 107.7173882,-6.9508658,0.0 107.7203623,-6.9519521,0.0 107.7212757,-6.9522946,0.0 107.7224792,-6.9527519,0.0</coordinates>
            </LineString>
        </Placemark>
        <Placemark id="3317">
            <name>Jalur Kereta Api Padalarang–Kasugihan</name>
            <styleUrl>#3318</styleUrl>
            <LineString id="3316">
                <coordinates>107.7113835,-6.9486844,0.0 107.7121296,-6.9489644,0.0 107.7129517,-6.9492508,0.0</coordinates>
            </LineString>
        </Placemark>
        <Placemark id="3321">
            <name>Route Segment</name>
            <styleUrl>#3322</styleUrl>
            <LineString id="3320">
                <coordinates>107.8332587,-6.9822242,0.0 107.8336581,-6.982616,0.0</coordinates>
            </LineString>
        </Placemark>
        <Placemark id="3325">
            <name>Jalur Kereta Api Padalarang–Kasugihan</name>
            <styleUrl>#3326</styleUrl>
            <LineString id="3324">
                <coordinates>107.9803087,-7.0997388,0.0 107.9807261,-7.0996015,0.0</coordinates>
            </LineString>
        </Placemark>
        <Placemark id="3329">
            <name>Jalur Kereta Api Cikampek–Padalarang</name>
            <styleUrl>#3330</styleUrl>
            <LineString id="3328">
                <coordinates>107.4076318,-6.6127821,0.0 107.407453,-6.6132089,0.0 107.4073479,-6.6134679,0.0 107.4072596,-6.6136833,0.0</coordinates>
            </LineString>
        </Placemark>
        <Placemark id="3333">
            <name>Route Segment</name>
            <styleUrl>#3334</styleUrl>
            <LineString id="3332">
                <coordinates>107.8331538,-6.9821056,0.0 107.8331966,-6.9821559,0.0 107.8332587,-6.9822242,0.0</coordinates>
            </LineString>
        </Placemark>
        <Placemark id="3337">
            <name>Jalur Kereta Api Padalarang–Kasugihan</name>
            <styleUrl>#3338</styleUrl>
            <LineString id="3336">
                <coordinates>107.6514288,-6.9268369,0.0 107.6514919,-6.9268615,0.0 107.6518409,-6.9269981,0.0 107.6523142,-6.927156,0.0 107.6527939,-6.9273095,0.0 107.6532903,-6.92747,0.0 107.6538403,-6.9276665,0.0 107.6541338,-6.9277767,0.0</coordinates>
            </LineString>
        </Placemark>
        <Placemark id="3341">
            <name>Jalur Kereta Api Padalarang–Kasugihan</name>
            <styleUrl>#3342</styleUrl>
            <LineString id="3340">
                <coordinates>107.6492885,-6.9260515,0.0 107.6493896,-6.9260901,0.0</coordinates>
            </LineString>
        </Placemark>
        <Placemark id="3345">
            <name>Jalur Kereta Api Padalarang–Kasugihan</name>
            <styleUrl>#3346</styleUrl>
            <LineString id="3344">
                <coordinates>107.6542731,-6.9278295,0.0 107.6543556,-6.9278587,0.0 107.6553086,-6.9281959,0.0 107.659211,-6.9296368,0.0</coordinates>
            </LineString>
        </Placemark>
        <Placemark id="3349">
            <name>Jalur Kereta Api Padalarang–Kasugihan</name>
            <styleUrl>#3350</styleUrl>
            <LineString id="3348">
                <coordinates>107.659211,-6.9296368,0.0 107.6592553,-6.9296523,0.0</coordinates>
            </LineString>
        </Placemark>
        <Placemark id="3353">
            <name>Jalur Kereta Api Padalarang–Kasugihan</name>
            <styleUrl>#3354</styleUrl>
            <LineString id="3352">
                <coordinates>107.8315606,-6.980216,0.0 107.8317564,-6.9804762,0.0</coordinates>
            </LineString>
        </Placemark>
        <Placemark id="3357">
            <name>Jalur Kereta Api Padalarang–Kasugihan</name>
            <styleUrl>#3358</styleUrl>
            <LineString id="3356">
                <coordinates>107.8312481,-6.9798592,0.0 107.8313747,-6.9800025,0.0 107.8315012,-6.9801457,0.0 107.8315606,-6.980216,0.0</coordinates>
            </LineString>
        </Placemark>
        <Placemark id="3361">
            <name>Jalur Kereta Api Padalarang–Kasugihan</name>
            <styleUrl>#3362</styleUrl>
            <LineString id="3360">
                <coordinates>107.5154533,-6.8652868,0.0 107.5162854,-6.8671798,0.0 107.5163082,-6.8672318,0.0 107.5164181,-6.8674823,0.0</coordinates>
            </LineString>
        </Placemark>
        <Placemark id="3365">
            <name>Jalur Kereta Api Padalarang–Kasugihan</name>
            <styleUrl>#3366</styleUrl>
            <LineString id="3364">
                <coordinates>107.5164181,-6.8674823,0.0 107.5170846,-6.8690133,0.0 107.5173717,-6.8695625,0.0 107.5174346,-6.8696618,0.0 107.5177689,-6.8701798,0.0 107.5180247,-6.8704829,0.0 107.5183928,-6.8708523,0.0 107.5186847,-6.8710967,0.0 107.5190741,-6.8713667,0.0 107.5195211,-6.8716204,0.0 107.5198189,-6.871769,0.0</coordinates>
            </LineString>
        </Placemark>
        <Placemark id="3369">
            <name>Jalur Kereta Api Padalarang–Kasugihan</name>
            <styleUrl>#3370</styleUrl>
            <LineString id="3368">
                <coordinates>107.6327508,-6.9204198,0.0 107.6332218,-6.9205353,0.0 107.6347449,-6.9209053,0.0 107.6351967,-6.9210237,0.0 107.6355575,-6.9211287,0.0 107.6362548,-6.9213294,0.0 107.6373139,-6.9216817,0.0 107.6387207,-6.9221955,0.0 107.6387718,-6.922214,0.0 107.6400168,-6.9226654,0.0</coordinates>
            </LineString>
        </Placemark>
        <Placemark id="3373">
            <name>Jalur Kereta Api Padalarang–Kasugihan</name>
            <styleUrl>#3374</styleUrl>
            <LineString id="3372">
                <coordinates>107.7002687,-6.944655,0.0 107.7024219,-6.9454316,0.0 107.7038919,-6.9459618,0.0 107.703906,-6.9459669,0.0</coordinates>
            </LineString>
        </Placemark>
        <Placemark id="3377">
            <name>Jalur Kereta Api Padalarang–Kasugihan</name>
            <styleUrl>#3378</styleUrl>
            <LineString id="3376">
                <coordinates>107.703906,-6.9459669,0.0 107.7039614,-6.9459868,0.0</coordinates>
            </LineString>
        </Placemark>
        <Placemark id="3381">
            <name>Route Segment</name>
            <styleUrl>#3382</styleUrl>
            <LineString id="3380">
                <coordinates>107.6027956,-6.9145101,0.0 107.6031495,-6.9145291,0.0</coordinates>
            </LineString>
        </Placemark>
        <Placemark id="3385">
            <name>Route Segment</name>
            <styleUrl>#3386</styleUrl>
            <LineString id="3384">
                <coordinates>107.6013661,-6.9144483,0.0 107.6016923,-6.9144609,0.0</coordinates>
            </LineString>
        </Placemark>
        <Placemark id="3389">
            <name>Jalur Kereta Api Bandung–Ciroyom–Andir</name>
            <styleUrl>#3390</styleUrl>
            <LineString id="3388">
                <coordinates>107.5888021,-6.9137822,0.0 107.5890673,-6.9138831,0.0 107.5891791,-6.9139218,0.0 107.5892789,-6.9139522,0.0 107.5893513,-6.9139687,0.0 107.5894444,-6.9139871,0.0 107.5895614,-6.9140064,0.0 107.5896351,-6.9140145,0.0 107.5896787,-6.9140184,0.0 107.5897976,-6.9140258,0.0 107.5901465,-6.9140367,0.0</coordinates>
            </LineString>
        </Placemark>
        <Placemark id="3393">
            <name>Jalur Kereta Api Bandung–Ciroyom–Andir</name>
            <styleUrl>#3394</styleUrl>
            <LineString id="3392">
                <coordinates>107.5901465,-6.9140367,0.0 107.5904253,-6.9140447,0.0</coordinates>
            </LineString>
        </Placemark>
        <Placemark id="3397">
            <name>Jalur Kereta Api Padalarang–Kasugihan</name>
            <styleUrl>#3398</styleUrl>
            <LineString id="3396">
                <coordinates>107.5343554,-6.8838169,0.0 107.5348395,-6.8843847,0.0 107.5353954,-6.8850475,0.0 107.5358475,-6.8855643,0.0</coordinates>
            </LineString>
        </Placemark>
        <Placemark id="3401">
            <name>Jalur Kereta Api Padalarang–Kasugihan</name>
            <styleUrl>#3402</styleUrl>
            <LineString id="3400">
                <coordinates>107.5358475,-6.8855643,0.0 107.5362647,-6.8860412,0.0</coordinates>
            </LineString>
        </Placemark>
        <Placemark id="3405">
            <name>Jalur Kereta Api Padalarang–Kasugihan</name>
            <styleUrl>#3406</styleUrl>
            <LineString id="3404">
                <coordinates>107.4969353,-6.842494,0.0 107.4971336,-6.8426814,0.0</coordinates>
            </LineString>
        </Placemark>
        <Placemark id="3409">
            <name>Jalur Kereta Api Padalarang–Kasugihan</name>
            <styleUrl>#3410</styleUrl>
            <LineString id="3408">
                <coordinates>107.4971336,-6.8426814,0.0 107.4975813,-6.8431044,0.0</coordinates>
            </LineString>
        </Placemark>
        <Placemark id="3413">
            <name>Jalur Kereta Api Bandung–Ciroyom–Andir</name>
            <styleUrl>#3414</styleUrl>
            <LineString id="3412">
                <coordinates>107.597235,-6.9143655,0.0 107.5973817,-6.9143723,0.0 107.5974797,-6.9143744,0.0 107.5975746,-6.9143717,0.0 107.5977127,-6.9143655,0.0 107.5979056,-6.914356,0.0</coordinates>
            </LineString>
        </Placemark>
        <Placemark id="3417">
            <name>Jalur Kereta Api Bandung–Ciroyom–Andir</name>
            <styleUrl>#3418</styleUrl>
            <LineString id="3416">
                <coordinates>107.5972046,-6.9143636,0.0 107.597235,-6.9143655,0.0</coordinates>
            </LineString>
        </Placemark>
        <Placemark id="3421">
            <name>Jalur Kereta Api Cibatu–Cikajang</name>
            <styleUrl>#3422</styleUrl>
            <LineString id="3420">
                <coordinates>107.9714348,-7.1764312,0.0 107.9712289,-7.1767573,0.0 107.9710042,-7.1770755,0.0 107.9708346,-7.1772962,0.0 107.9706408,-7.1775302,0.0 107.9705516,-7.1776349,0.0 107.9702957,-7.1779155,0.0 107.9700108,-7.1781914,0.0 107.9696234,-7.1785357,0.0 107.9692766,-7.1788023,0.0 107.9692115,-7.1788523,0.0 107.9683684,-7.1795286,0.0 107.9677882,-7.1799563,0.0 107.9674919,-7.1801718,0.0 107.9669255,-7.1806204,0.0 107.9668414,-7.1806894,0.0 107.9664101,-7.1810151,0.0</coordinates>
            </LineString>
        </Placemark>
        <Placemark id="3425">
            <name>Jalur Kereta Api Cibatu–Cikajang</name>
            <styleUrl>#3426</styleUrl>
            <LineString id="3424">
                <coordinates>107.9715152,-7.1762937,0.0 107.9714348,-7.1764312,0.0</coordinates>
            </LineString>
        </Placemark>
        <Placemark id="3429">
            <name>Jalur Kereta Api Cibatu–Cikajang</name>
            <styleUrl>#3430</styleUrl>
            <LineString id="3428">
                <coordinates>107.9921597,-7.1300512,0.0 107.9921476,-7.1301191,0.0 107.9921112,-7.1302927,0.0 107.9919447,-7.130846,0.0 107.9917407,-7.1314114,0.0 107.9916243,-7.131714,0.0 107.9914471,-7.1321465,0.0 107.9914008,-7.132251,0.0 107.9910727,-7.1329806,0.0 107.9896051,-7.1362448,0.0 107.9893089,-7.1368967,0.0 107.9891273,-7.1372965,0.0</coordinates>
            </LineString>
        </Placemark>
        <Placemark id="3433">
            <name>Jalur Kereta Api Cibatu–Cikajang</name>
            <styleUrl>#3434</styleUrl>
            <LineString id="3432">
                <coordinates>107.9891273,-7.1372965,0.0 107.988985,-7.1376098,0.0</coordinates>
            </LineString>
        </Placemark>
        <Placemark id="3437">
            <name>Jalur Kereta Api Padalarang–Kasugihan</name>
            <styleUrl>#3438</styleUrl>
            <LineString id="3436">
                <coordinates>107.8988956,-7.0821417,0.0 107.8991557,-7.0824243,0.0 107.8991925,-7.0824691,0.0 107.8992545,-7.0825445,0.0 107.899321,-7.0826386,0.0 107.8994015,-7.0827755,0.0 107.8994388,-7.0828584,0.0 107.8994589,-7.0829082,0.0</coordinates>
            </LineString>
        </Placemark>
        <Placemark id="3441">
            <name>Jalur Kereta Api Padalarang–Kasugihan</name>
            <styleUrl>#3442</styleUrl>
            <LineString id="3440">
                <coordinates>107.8994589,-7.0829082,0.0 107.8994745,-7.0829479,0.0</coordinates>
            </LineString>
        </Placemark>
        <Placemark id="3445">
            <name>Jalur Kereta Api Padalarang–Kasugihan</name>
            <styleUrl>#3446</styleUrl>
            <LineString id="3444">
                <coordinates>107.8998805,-7.0856022,0.0 107.8998888,-7.0856616,0.0 107.8999094,-7.085808,0.0 107.8999298,-7.085916,0.0 107.8999571,-7.0860397,0.0 107.8999891,-7.0861483,0.0 107.9000469,-7.0863026,0.0 107.9001146,-7.0864578,0.0 107.9002313,-7.0866723,0.0 107.9003524,-7.086841,0.0 107.9004774,-7.0869839,0.0 107.9006046,-7.0871181,0.0 107.900742,-7.0872272,0.0 107.9008902,-7.0873329,0.0 107.9012194,-7.0875253,0.0 107.901391,-7.0875895,0.0 107.9015748,-7.0876538,0.0 107.9016087,-7.0876603,0.0 107.9018587,-7.0877081,0.0 107.9021013,-7.0877323,0.0 107.9022155,-7.0877337,0.0 107.9024839,-7.0877166,0.0 107.904298,-7.0875667,0.0 107.9060643,-7.0874161,0.0</coordinates>
            </LineString>
        </Placemark>
        <Placemark id="3449">
            <name>Jalur Kereta Api Padalarang–Kasugihan</name>
            <styleUrl>#3450</styleUrl>
            <LineString id="3448">
                <coordinates>107.9060643,-7.0874161,0.0 107.9061038,-7.0874137,0.0</coordinates>
            </LineString>
        </Placemark>
        <Placemark id="3453">
            <name>Jalur Kereta Api Padalarang–Kasugihan</name>
            <styleUrl>#3454</styleUrl>
            <LineString id="3452">
                <coordinates>107.9796136,-7.0999704,0.0 107.9803087,-7.0997388,0.0</coordinates>
            </LineString>
        </Placemark>
        <Placemark id="3457">
            <name>Jalur Kereta Api Padalarang–Kasugihan</name>
            <styleUrl>#3458</styleUrl>
            <LineString id="3456">
                <coordinates>107.9793058,-7.100073,0.0 107.9796136,-7.0999704,0.0</coordinates>
            </LineString>
        </Placemark>
        <Placemark id="3461">
            <name>Jalur Kereta Api Cibatu–Cikajang</name>
            <styleUrl>#3462</styleUrl>
            <LineString id="3460">
                <coordinates>107.905318,-7.2134704,0.0 107.9046155,-7.2134593,0.0</coordinates>
            </LineString>
        </Placemark>
        <Placemark id="3465">
            <name>Jalur Kereta Api Cibatu–Cikajang</name>
            <styleUrl>#3466</styleUrl>
            <LineString id="3464">
                <coordinates>107.9026451,-7.2134049,0.0 107.9023246,-7.213396,0.0</coordinates>
            </LineString>
        </Placemark>
    </Document>
</kml>
