<?xml version="1.0" encoding="UTF-8"?>
<kml xmlns="http://www.opengis.net/kml/2.2" xmlns:gx="http://www.google.com/kml/ext/2.2">
    <Document id="3469">
        <Style id="3475">
            <IconStyle id="3476">
                <colorMode>normal</colorMode>
                <scale>1</scale>
                <heading>0</heading>
                <Icon id="3477">
                    <href>http://maps.google.com/mapfiles/kml/pushpin/ylw-pushpin.png</href>
                </Icon>
            </IconStyle>
        </Style>
        <Style id="3480">
            <IconStyle id="3481">
                <colorMode>normal</colorMode>
                <scale>1</scale>
                <heading>0</heading>
                <Icon id="3482">
                    <href>http://maps.google.com/mapfiles/kml/pushpin/ylw-pushpin.png</href>
                </Icon>
            </IconStyle>
        </Style>
        <Style id="3485">
            <IconStyle id="3486">
                <colorMode>normal</colorMode>
                <scale>1</scale>
                <heading>0</heading>
                <Icon id="3487">
                    <href>http://maps.google.com/mapfiles/kml/pushpin/ylw-pushpin.png</href>
                </Icon>
            </IconStyle>
        </Style>
        <Style id="3490">
            <IconStyle id="3491">
                <colorMode>normal</colorMode>
                <scale>1</scale>
                <heading>0</heading>
                <Icon id="3492">
                    <href>http://maps.google.com/mapfiles/kml/pushpin/ylw-pushpin.png</href>
                </Icon>
            </IconStyle>
        </Style>
        <Style id="3495">
            <IconStyle id="3496">
                <colorMode>normal</colorMode>
                <scale>1</scale>
                <heading>0</heading>
                <Icon id="3497">
                    <href>http://maps.google.com/mapfiles/kml/pushpin/ylw-pushpin.png</href>
                </Icon>
            </IconStyle>
        </Style>
        <Style id="3500">
            <IconStyle id="3501">
                <colorMode>normal</colorMode>
                <scale>1</scale>
                <heading>0</heading>
                <Icon id="3502">
                    <href>http://maps.google.com/mapfiles/kml/pushpin/ylw-pushpin.png</href>
                </Icon>
            </IconStyle>
        </Style>
        <Style id="3505">
            <IconStyle id="3506">
                <colorMode>normal</colorMode>
                <scale>1</scale>
                <heading>0</heading>
                <Icon id="3507">
                    <href>http://maps.google.com/mapfiles/kml/pushpin/ylw-pushpin.png</href>
                </Icon>
            </IconStyle>
        </Style>
        <Style id="3510">
            <IconStyle id="3511">
                <colorMode>normal</colorMode>
                <scale>1</scale>
                <heading>0</heading>
                <Icon id="3512">
                    <href>http://maps.google.com/mapfiles/kml/pushpin/ylw-pushpin.png</href>
                </Icon>
            </IconStyle>
        </Style>
        <Style id="3515">
            <IconStyle id="3516">
                <colorMode>normal</colorMode>
                <scale>1</scale>
                <heading>0</heading>
                <Icon id="3517">
                    <href>http://maps.google.com/mapfiles/kml/pushpin/ylw-pushpin.png</href>
                </Icon>
            </IconStyle>
        </Style>
        <Style id="3520">
            <IconStyle id="3521">
                <colorMode>normal</colorMode>
                <scale>1</scale>
                <heading>0</heading>
                <Icon id="3522">
                    <href>http://maps.google.com/mapfiles/kml/pushpin/ylw-pushpin.png</href>
                </Icon>
            </IconStyle>
        </Style>
        <Style id="3525">
            <IconStyle id="3526">
                <colorMode>normal</colorMode>
                <scale>1</scale>
                <heading>0</heading>
                <Icon id="3527">
                    <href>http://maps.google.com/mapfiles/kml/pushpin/ylw-pushpin.png</href>
                </Icon>
            </IconStyle>
        </Style>
        <Style id="3530">
            <IconStyle id="3531">
                <colorMode>normal</colorMode>
                <scale>1</scale>
                <heading>0</heading>
                <Icon id="3532">
                    <href>http://maps.google.com/mapfiles/kml/pushpin/ylw-pushpin.png</href>
                </Icon>
            </IconStyle>
        </Style>
        <Style id="3535">
            <IconStyle id="3536">
                <colorMode>normal</colorMode>
                <scale>1</scale>
                <heading>0</heading>
                <Icon id="3537">
                    <href>http://maps.google.com/mapfiles/kml/pushpin/ylw-pushpin.png</href>
                </Icon>
            </IconStyle>
        </Style>
        <Style id="3540">
            <IconStyle id="3541">
                <colorMode>normal</colorMode>
                <scale>1</scale>
                <heading>0</heading>
                <Icon id="3542">
                    <href>http://maps.google.com/mapfiles/kml/pushpin/ylw-pushpin.png</href>
                </Icon>
            </IconStyle>
        </Style>
        <Style id="3545">
            <IconStyle id="3546">
                <colorMode>normal</colorMode>
                <scale>1</scale>
                <heading>0</heading>
                <Icon id="3547">
                    <href>http://maps.google.com/mapfiles/kml/pushpin/ylw-pushpin.png</href>
                </Icon>
            </IconStyle>
        </Style>
        <Style id="3550">
            <IconStyle id="3551">
                <colorMode>normal</colorMode>
                <scale>1</scale>
                <heading>0</heading>
                <Icon id="3552">
                    <href>http://maps.google.com/mapfiles/kml/pushpin/ylw-pushpin.png</href>
                </Icon>
            </IconStyle>
        </Style>
        <Style id="3555">
            <IconStyle id="3556">
                <colorMode>normal</colorMode>
                <scale>1</scale>
                <heading>0</heading>
                <Icon id="3557">
                    <href>http://maps.google.com/mapfiles/kml/pushpin/ylw-pushpin.png</href>
                </Icon>
            </IconStyle>
        </Style>
        <Style id="3560">
            <IconStyle id="3561">
                <colorMode>normal</colorMode>
                <scale>1</scale>
                <heading>0</heading>
                <Icon id="3562">
                    <href>http://maps.google.com/mapfiles/kml/pushpin/ylw-pushpin.png</href>
                </Icon>
            </IconStyle>
        </Style>
        <Style id="3565">
            <IconStyle id="3566">
                <colorMode>normal</colorMode>
                <scale>1</scale>
                <heading>0</heading>
                <Icon id="3567">
                    <href>http://maps.google.com/mapfiles/kml/pushpin/ylw-pushpin.png</href>
                </Icon>
            </IconStyle>
        </Style>
        <Style id="3570">
            <IconStyle id="3571">
                <colorMode>normal</colorMode>
                <scale>1</scale>
                <heading>0</heading>
                <Icon id="3572">
                    <href>http://maps.google.com/mapfiles/kml/pushpin/ylw-pushpin.png</href>
                </Icon>
            </IconStyle>
        </Style>
        <Style id="3575">
            <IconStyle id="3576">
                <colorMode>normal</colorMode>
                <scale>1</scale>
                <heading>0</heading>
                <Icon id="3577">
                    <href>http://maps.google.com/mapfiles/kml/pushpin/ylw-pushpin.png</href>
                </Icon>
            </IconStyle>
        </Style>
        <Style id="3580">
            <IconStyle id="3581">
                <colorMode>normal</colorMode>
                <scale>1</scale>
                <heading>0</heading>
                <Icon id="3582">
                    <href>http://maps.google.com/mapfiles/kml/pushpin/ylw-pushpin.png</href>
                </Icon>
            </IconStyle>
        </Style>
        <Style id="3585">
            <IconStyle id="3586">
                <colorMode>normal</colorMode>
                <scale>1</scale>
                <heading>0</heading>
                <Icon id="3587">
                    <href>http://maps.google.com/mapfiles/kml/pushpin/ylw-pushpin.png</href>
                </Icon>
            </IconStyle>
        </Style>
        <Style id="3590">
            <IconStyle id="3591">
                <colorMode>normal</colorMode>
                <scale>1</scale>
                <heading>0</heading>
                <Icon id="3592">
                    <href>http://maps.google.com/mapfiles/kml/pushpin/ylw-pushpin.png</href>
                </Icon>
            </IconStyle>
        </Style>
        <Style id="3595">
            <IconStyle id="3596">
                <colorMode>normal</colorMode>
                <scale>1</scale>
                <heading>0</heading>
                <Icon id="3597">
                    <href>http://maps.google.com/mapfiles/kml/pushpin/ylw-pushpin.png</href>
                </Icon>
            </IconStyle>
        </Style>
        <Style id="3600">
            <IconStyle id="3601">
                <colorMode>normal</colorMode>
                <scale>1</scale>
                <heading>0</heading>
                <Icon id="3602">
                    <href>http://maps.google.com/mapfiles/kml/pushpin/ylw-pushpin.png</href>
                </Icon>
            </IconStyle>
        </Style>
        <Style id="3605">
            <IconStyle id="3606">
                <colorMode>normal</colorMode>
                <scale>1</scale>
                <heading>0</heading>
                <Icon id="3607">
                    <href>http://maps.google.com/mapfiles/kml/pushpin/ylw-pushpin.png</href>
                </Icon>
            </IconStyle>
        </Style>
        <Style id="3610">
            <IconStyle id="3611">
                <colorMode>normal</colorMode>
                <scale>1</scale>
                <heading>0</heading>
                <Icon id="3612">
                    <href>http://maps.google.com/mapfiles/kml/pushpin/ylw-pushpin.png</href>
                </Icon>
            </IconStyle>
        </Style>
        <Style id="3615">
            <IconStyle id="3616">
                <colorMode>normal</colorMode>
                <scale>1</scale>
                <heading>0</heading>
                <Icon id="3617">
                    <href>http://maps.google.com/mapfiles/kml/pushpin/ylw-pushpin.png</href>
                </Icon>
            </IconStyle>
        </Style>
        <Style id="3620">
            <IconStyle id="3621">
                <colorMode>normal</colorMode>
                <scale>1</scale>
                <heading>0</heading>
                <Icon id="3622">
                    <href>http://maps.google.com/mapfiles/kml/pushpin/ylw-pushpin.png</href>
                </Icon>
            </IconStyle>
        </Style>
        <Style id="3625">
            <LineStyle id="3626">
                <color>ffBC751C</color>
                <colorMode>normal</colorMode>
                <width>4</width>
            </LineStyle>
        </Style>
        <Style id="3629">
            <LineStyle id="3630">
                <color>ffBC751C</color>
                <colorMode>normal</colorMode>
                <width>4</width>
            </LineStyle>
        </Style>
        <Style id="3633">
            <LineStyle id="3634">
                <color>ffBC751C</color>
                <colorMode>normal</colorMode>
                <width>4</width>
            </LineStyle>
        </Style>
        <Style id="3637">
            <LineStyle id="3638">
                <color>ffBC751C</color>
                <colorMode>normal</colorMode>
                <width>4</width>
            </LineStyle>
        </Style>
        <Style id="3641">
            <LineStyle id="3642">
                <color>ffBC751C</color>
                <colorMode>normal</colorMode>
                <width>4</width>
            </LineStyle>
        </Style>
        <Style id="3645">
            <LineStyle id="3646">
                <color>ffBC751C</color>
                <colorMode>normal</colorMode>
                <width>4</width>
            </LineStyle>
        </Style>
        <Style id="3649">
            <LineStyle id="3650">
                <color>ffBC751C</color>
                <colorMode>normal</colorMode>
                <width>4</width>
            </LineStyle>
        </Style>
        <Style id="3653">
            <LineStyle id="3654">
                <color>ffBC751C</color>
                <colorMode>normal</colorMode>
                <width>4</width>
            </LineStyle>
        </Style>
        <Style id="3657">
            <LineStyle id="3658">
                <color>ffBC751C</color>
                <colorMode>normal</colorMode>
                <width>4</width>
            </LineStyle>
        </Style>
        <Style id="3661">
            <LineStyle id="3662">
                <color>ffBC751C</color>
                <colorMode>normal</colorMode>
                <width>4</width>
            </LineStyle>
        </Style>
        <Style id="3665">
            <LineStyle id="3666">
                <color>ffBC751C</color>
                <colorMode>normal</colorMode>
                <width>4</width>
            </LineStyle>
        </Style>
        <Style id="3669">
            <LineStyle id="3670">
                <color>ffBC751C</color>
                <colorMode>normal</colorMode>
                <width>4</width>
            </LineStyle>
        </Style>
        <Style id="3673">
            <LineStyle id="3674">
                <color>ffBC751C</color>
                <colorMode>normal</colorMode>
                <width>4</width>
            </LineStyle>
        </Style>
        <Style id="3677">
            <LineStyle id="3678">
                <color>ffBC751C</color>
                <colorMode>normal</colorMode>
                <width>4</width>
            </LineStyle>
        </Style>
        <Style id="3681">
            <LineStyle id="3682">
                <color>ffBC751C</color>
                <colorMode>normal</colorMode>
                <width>4</width>
            </LineStyle>
        </Style>
        <Style id="3685">
            <LineStyle id="3686">
                <color>ffBC751C</color>
                <colorMode>normal</colorMode>
                <width>4</width>
            </LineStyle>
        </Style>
        <Style id="3689">
            <LineStyle id="3690">
                <color>ffBC751C</color>
                <colorMode>normal</colorMode>
                <width>4</width>
            </LineStyle>
        </Style>
        <Style id="3693">
            <LineStyle id="3694">
                <color>ffBC751C</color>
                <colorMode>normal</colorMode>
                <width>4</width>
            </LineStyle>
        </Style>
        <Style id="3697">
            <LineStyle id="3698">
                <color>ffBC751C</color>
                <colorMode>normal</colorMode>
                <width>4</width>
            </LineStyle>
        </Style>
        <Style id="3701">
            <LineStyle id="3702">
                <color>ffBC751C</color>
                <colorMode>normal</colorMode>
                <width>4</width>
            </LineStyle>
        </Style>
        <Style id="3705">
            <LineStyle id="3706">
                <color>ffBC751C</color>
                <colorMode>normal</colorMode>
                <width>4</width>
            </LineStyle>
        </Style>
        <Style id="3709">
            <LineStyle id="3710">
                <color>ffBC751C</color>
                <colorMode>normal</colorMode>
                <width>4</width>
            </LineStyle>
        </Style>
        <Style id="3713">
            <LineStyle id="3714">
                <color>ffBC751C</color>
                <colorMode>normal</colorMode>
                <width>4</width>
            </LineStyle>
        </Style>
        <Style id="3717">
            <LineStyle id="3718">
                <color>ffBC751C</color>
                <colorMode>normal</colorMode>
                <width>4</width>
            </LineStyle>
        </Style>
        <Style id="3721">
            <LineStyle id="3722">
                <color>ffBC751C</color>
                <colorMode>normal</colorMode>
                <width>4</width>
            </LineStyle>
        </Style>
        <Style id="3725">
            <LineStyle id="3726">
                <color>ffBC751C</color>
                <colorMode>normal</colorMode>
                <width>4</width>
            </LineStyle>
        </Style>
        <Style id="3729">
            <LineStyle id="3730">
                <color>ffBC751C</color>
                <colorMode>normal</colorMode>
                <width>4</width>
            </LineStyle>
        </Style>
        <Style id="3733">
            <LineStyle id="3734">
                <color>ffBC751C</color>
                <colorMode>normal</colorMode>
                <width>4</width>
            </LineStyle>
        </Style>
        <Style id="3737">
            <LineStyle id="3738">
                <color>ffBC751C</color>
                <colorMode>normal</colorMode>
                <width>4</width>
            </LineStyle>
        </Style>
        <Style id="3741">
            <LineStyle id="3742">
                <color>ffBC751C</color>
                <colorMode>normal</colorMode>
                <width>4</width>
            </LineStyle>
        </Style>
        <Style id="3745">
            <LineStyle id="3746">
                <color>ffBC751C</color>
                <colorMode>normal</colorMode>
                <width>4</width>
            </LineStyle>
        </Style>
        <Style id="3749">
            <LineStyle id="3750">
                <color>ffBC751C</color>
                <colorMode>normal</colorMode>
                <width>4</width>
            </LineStyle>
        </Style>
        <Style id="3753">
            <LineStyle id="3754">
                <color>ffBC751C</color>
                <colorMode>normal</colorMode>
                <width>4</width>
            </LineStyle>
        </Style>
        <Style id="3757">
            <LineStyle id="3758">
                <color>ffBC751C</color>
                <colorMode>normal</colorMode>
                <width>4</width>
            </LineStyle>
        </Style>
        <Style id="3761">
            <LineStyle id="3762">
                <color>ffBC751C</color>
                <colorMode>normal</colorMode>
                <width>4</width>
            </LineStyle>
        </Style>
        <Style id="3765">
            <LineStyle id="3766">
                <color>ffBC751C</color>
                <colorMode>normal</colorMode>
                <width>4</width>
            </LineStyle>
        </Style>
        <Style id="3769">
            <LineStyle id="3770">
                <color>ffBC751C</color>
                <colorMode>normal</colorMode>
                <width>4</width>
            </LineStyle>
        </Style>
        <Style id="3773">
            <LineStyle id="3774">
                <color>ffBC751C</color>
                <colorMode>normal</colorMode>
                <width>4</width>
            </LineStyle>
        </Style>
        <Style id="3777">
            <LineStyle id="3778">
                <color>ffBC751C</color>
                <colorMode>normal</colorMode>
                <width>4</width>
            </LineStyle>
        </Style>
        <Style id="3781">
            <LineStyle id="3782">
                <color>ffBC751C</color>
                <colorMode>normal</colorMode>
                <width>4</width>
            </LineStyle>
        </Style>
        <Style id="3785">
            <LineStyle id="3786">
                <color>ffBC751C</color>
                <colorMode>normal</colorMode>
                <width>4</width>
            </LineStyle>
        </Style>
        <Style id="3789">
            <LineStyle id="3790">
                <color>ffBC751C</color>
                <colorMode>normal</colorMode>
                <width>4</width>
            </LineStyle>
        </Style>
        <Style id="3793">
            <LineStyle id="3794">
                <color>ffBC751C</color>
                <colorMode>normal</colorMode>
                <width>4</width>
            </LineStyle>
        </Style>
        <Style id="3797">
            <LineStyle id="3798">
                <color>ffBC751C</color>
                <colorMode>normal</colorMode>
                <width>4</width>
            </LineStyle>
        </Style>
        <Style id="3801">
            <LineStyle id="3802">
                <color>ffBC751C</color>
                <colorMode>normal</colorMode>
                <width>4</width>
            </LineStyle>
        </Style>
        <Style id="3805">
            <LineStyle id="3806">
                <color>ffBC751C</color>
                <colorMode>normal</colorMode>
                <width>4</width>
            </LineStyle>
        </Style>
        <Style id="3809">
            <LineStyle id="3810">
                <color>ffBC751C</color>
                <colorMode>normal</colorMode>
                <width>4</width>
            </LineStyle>
        </Style>
        <Style id="3813">
            <LineStyle id="3814">
                <color>ffBC751C</color>
                <colorMode>normal</colorMode>
                <width>4</width>
            </LineStyle>
        </Style>
        <Style id="3817">
            <LineStyle id="3818">
                <color>ffBC751C</color>
                <colorMode>normal</colorMode>
                <width>4</width>
            </LineStyle>
        </Style>
        <Style id="3821">
            <LineStyle id="3822">
                <color>ffBC751C</color>
                <colorMode>normal</colorMode>
                <width>4</width>
            </LineStyle>
        </Style>
        <Style id="3825">
            <LineStyle id="3826">
                <color>ffBC751C</color>
                <colorMode>normal</colorMode>
                <width>4</width>
            </LineStyle>
        </Style>
        <Style id="3829">
            <LineStyle id="3830">
                <color>ffBC751C</color>
                <colorMode>normal</colorMode>
                <width>4</width>
            </LineStyle>
        </Style>
        <Style id="3833">
            <LineStyle id="3834">
                <color>ffBC751C</color>
                <colorMode>normal</colorMode>
                <width>4</width>
            </LineStyle>
        </Style>
        <Style id="3837">
            <LineStyle id="3838">
                <color>ffBC751C</color>
                <colorMode>normal</colorMode>
                <width>4</width>
            </LineStyle>
        </Style>
        <Style id="3841">
            <LineStyle id="3842">
                <color>ffBC751C</color>
                <colorMode>normal</colorMode>
                <width>4</width>
            </LineStyle>
        </Style>
        <Style id="3845">
            <LineStyle id="3846">
                <color>ffBC751C</color>
                <colorMode>normal</colorMode>
                <width>4</width>
            </LineStyle>
        </Style>
        <Style id="3849">
            <LineStyle id="3850">
                <color>ffBC751C</color>
                <colorMode>normal</colorMode>
                <width>4</width>
            </LineStyle>
        </Style>
        <Style id="3853">
            <LineStyle id="3854">
                <color>ffBC751C</color>
                <colorMode>normal</colorMode>
                <width>4</width>
            </LineStyle>
        </Style>
        <Style id="3857">
            <LineStyle id="3858">
                <color>ffBC751C</color>
                <colorMode>normal</colorMode>
                <width>4</width>
            </LineStyle>
        </Style>
        <Style id="3861">
            <LineStyle id="3862">
                <color>ffBC751C</color>
                <colorMode>normal</colorMode>
                <width>4</width>
            </LineStyle>
        </Style>
        <Style id="3865">
            <LineStyle id="3866">
                <color>ffBC751C</color>
                <colorMode>normal</colorMode>
                <width>4</width>
            </LineStyle>
        </Style>
        <Style id="3869">
            <LineStyle id="3870">
                <color>ffBC751C</color>
                <colorMode>normal</colorMode>
                <width>4</width>
            </LineStyle>
        </Style>
        <Style id="3873">
            <LineStyle id="3874">
                <color>ffBC751C</color>
                <colorMode>normal</colorMode>
                <width>4</width>
            </LineStyle>
        </Style>
        <Style id="3877">
            <LineStyle id="3878">
                <color>ffBC751C</color>
                <colorMode>normal</colorMode>
                <width>4</width>
            </LineStyle>
        </Style>
        <Style id="3881">
            <LineStyle id="3882">
                <color>ffBC751C</color>
                <colorMode>normal</colorMode>
                <width>4</width>
            </LineStyle>
        </Style>
        <Style id="3885">
            <LineStyle id="3886">
                <color>ffBC751C</color>
                <colorMode>normal</colorMode>
                <width>4</width>
            </LineStyle>
        </Style>
        <Style id="3889">
            <LineStyle id="3890">
                <color>ffBC751C</color>
                <colorMode>normal</colorMode>
                <width>4</width>
            </LineStyle>
        </Style>
        <Style id="3893">
            <LineStyle id="3894">
                <color>ffBC751C</color>
                <colorMode>normal</colorMode>
                <width>4</width>
            </LineStyle>
        </Style>
        <Style id="3897">
            <LineStyle id="3898">
                <color>ffBC751C</color>
                <colorMode>normal</colorMode>
                <width>4</width>
            </LineStyle>
        </Style>
        <Style id="3901">
            <LineStyle id="3902">
                <color>ffBC751C</color>
                <colorMode>normal</colorMode>
                <width>4</width>
            </LineStyle>
        </Style>
        <Style id="3905">
            <LineStyle id="3906">
                <color>ffBC751C</color>
                <colorMode>normal</colorMode>
                <width>4</width>
            </LineStyle>
        </Style>
        <Style id="3909">
            <LineStyle id="3910">
                <color>ffBC751C</color>
                <colorMode>normal</colorMode>
                <width>4</width>
            </LineStyle>
        </Style>
        <Style id="3913">
            <LineStyle id="3914">
                <color>ffBC751C</color>
                <colorMode>normal</colorMode>
                <width>4</width>
            </LineStyle>
        </Style>
        <Style id="3917">
            <LineStyle id="3918">
                <color>ffBC751C</color>
                <colorMode>normal</colorMode>
                <width>4</width>
            </LineStyle>
        </Style>
        <Style id="3921">
            <LineStyle id="3922">
                <color>ffBC751C</color>
                <colorMode>normal</colorMode>
                <width>4</width>
            </LineStyle>
        </Style>
        <Style id="3925">
            <LineStyle id="3926">
                <color>ffBC751C</color>
                <colorMode>normal</colorMode>
                <width>4</width>
            </LineStyle>
        </Style>
        <Style id="3929">
            <LineStyle id="3930">
                <color>ffBC751C</color>
                <colorMode>normal</colorMode>
                <width>4</width>
            </LineStyle>
        </Style>
        <Style id="3933">
            <LineStyle id="3934">
                <color>ffBC751C</color>
                <colorMode>normal</colorMode>
                <width>4</width>
            </LineStyle>
        </Style>
        <Style id="3937">
            <LineStyle id="3938">
                <color>ffBC751C</color>
                <colorMode>normal</colorMode>
                <width>4</width>
            </LineStyle>
        </Style>
        <Style id="3941">
            <LineStyle id="3942">
                <color>ffBC751C</color>
                <colorMode>normal</colorMode>
                <width>4</width>
            </LineStyle>
        </Style>
        <Style id="3945">
            <LineStyle id="3946">
                <color>ffBC751C</color>
                <colorMode>normal</colorMode>
                <width>4</width>
            </LineStyle>
        </Style>
        <Style id="3949">
            <LineStyle id="3950">
                <color>ffBC751C</color>
                <colorMode>normal</colorMode>
                <width>4</width>
            </LineStyle>
        </Style>
        <Style id="3953">
            <LineStyle id="3954">
                <color>ffBC751C</color>
                <colorMode>normal</colorMode>
                <width>4</width>
            </LineStyle>
        </Style>
        <Style id="3957">
            <LineStyle id="3958">
                <color>ffBC751C</color>
                <colorMode>normal</colorMode>
                <width>4</width>
            </LineStyle>
        </Style>
        <Style id="3961">
            <LineStyle id="3962">
                <color>ffBC751C</color>
                <colorMode>normal</colorMode>
                <width>4</width>
            </LineStyle>
        </Style>
        <Style id="3965">
            <LineStyle id="3966">
                <color>ffBC751C</color>
                <colorMode>normal</colorMode>
                <width>4</width>
            </LineStyle>
        </Style>
        <Style id="3969">
            <LineStyle id="3970">
                <color>ffBC751C</color>
                <colorMode>normal</colorMode>
                <width>4</width>
            </LineStyle>
        </Style>
        <Style id="3973">
            <LineStyle id="3974">
                <color>ffBC751C</color>
                <colorMode>normal</colorMode>
                <width>4</width>
            </LineStyle>
        </Style>
        <Style id="3977">
            <LineStyle id="3978">
                <color>ffBC751C</color>
                <colorMode>normal</colorMode>
                <width>4</width>
            </LineStyle>
        </Style>
        <Style id="3981">
            <LineStyle id="3982">
                <color>ffBC751C</color>
                <colorMode>normal</colorMode>
                <width>4</width>
            </LineStyle>
        </Style>
        <Style id="3985">
            <LineStyle id="3986">
                <color>ffBC751C</color>
                <colorMode>normal</colorMode>
                <width>4</width>
            </LineStyle>
        </Style>
        <Style id="3989">
            <LineStyle id="3990">
                <color>ffBC751C</color>
                <colorMode>normal</colorMode>
                <width>4</width>
            </LineStyle>
        </Style>
        <Style id="3993">
            <LineStyle id="3994">
                <color>ffBC751C</color>
                <colorMode>normal</colorMode>
                <width>4</width>
            </LineStyle>
        </Style>
        <Style id="3997">
            <LineStyle id="3998">
                <color>ffBC751C</color>
                <colorMode>normal</colorMode>
                <width>4</width>
            </LineStyle>
        </Style>
        <Style id="4001">
            <LineStyle id="4002">
                <color>ffBC751C</color>
                <colorMode>normal</colorMode>
                <width>4</width>
            </LineStyle>
        </Style>
        <Style id="4005">
            <LineStyle id="4006">
                <color>ffBC751C</color>
                <colorMode>normal</colorMode>
                <width>4</width>
            </LineStyle>
        </Style>
        <Style id="4009">
            <LineStyle id="4010">
                <color>ffBC751C</color>
                <colorMode>normal</colorMode>
                <width>4</width>
            </LineStyle>
        </Style>
        <Style id="4013">
            <LineStyle id="4014">
                <color>ffBC751C</color>
                <colorMode>normal</colorMode>
                <width>4</width>
            </LineStyle>
        </Style>
        <Style id="4017">
            <LineStyle id="4018">
                <color>ffBC751C</color>
                <colorMode>normal</colorMode>
                <width>4</width>
            </LineStyle>
        </Style>
        <Style id="4021">
            <LineStyle id="4022">
                <color>ffBC751C</color>
                <colorMode>normal</colorMode>
                <width>4</width>
            </LineStyle>
        </Style>
        <Style id="4025">
            <LineStyle id="4026">
                <color>ffBC751C</color>
                <colorMode>normal</colorMode>
                <width>4</width>
            </LineStyle>
        </Style>
        <Style id="4029">
            <LineStyle id="4030">
                <color>ffBC751C</color>
                <colorMode>normal</colorMode>
                <width>4</width>
            </LineStyle>
        </Style>
        <Style id="4033">
            <LineStyle id="4034">
                <color>ffBC751C</color>
                <colorMode>normal</colorMode>
                <width>4</width>
            </LineStyle>
        </Style>
        <Style id="4037">
            <LineStyle id="4038">
                <color>ffBC751C</color>
                <colorMode>normal</colorMode>
                <width>4</width>
            </LineStyle>
        </Style>
        <Style id="4041">
            <LineStyle id="4042">
                <color>ffBC751C</color>
                <colorMode>normal</colorMode>
                <width>4</width>
            </LineStyle>
        </Style>
        <Style id="4045">
            <LineStyle id="4046">
                <color>ffBC751C</color>
                <colorMode>normal</colorMode>
                <width>4</width>
            </LineStyle>
        </Style>
        <Style id="4049">
            <LineStyle id="4050">
                <color>ffBC751C</color>
                <colorMode>normal</colorMode>
                <width>4</width>
            </LineStyle>
        </Style>
        <Style id="4053">
            <LineStyle id="4054">
                <color>ffBC751C</color>
                <colorMode>normal</colorMode>
                <width>4</width>
            </LineStyle>
        </Style>
        <Style id="4057">
            <LineStyle id="4058">
                <color>ffBC751C</color>
                <colorMode>normal</colorMode>
                <width>4</width>
            </LineStyle>
        </Style>
        <Style id="4061">
            <LineStyle id="4062">
                <color>ffBC751C</color>
                <colorMode>normal</colorMode>
                <width>4</width>
            </LineStyle>
        </Style>
        <Style id="4065">
            <LineStyle id="4066">
                <color>ffBC751C</color>
                <colorMode>normal</colorMode>
                <width>4</width>
            </LineStyle>
        </Style>
        <Style id="4069">
            <LineStyle id="4070">
                <color>ffBC751C</color>
                <colorMode>normal</colorMode>
                <width>4</width>
            </LineStyle>
        </Style>
        <Style id="4073">
            <LineStyle id="4074">
                <color>ffBC751C</color>
                <colorMode>normal</colorMode>
                <width>4</width>
            </LineStyle>
        </Style>
        <Style id="4077">
            <LineStyle id="4078">
                <color>ffBC751C</color>
                <colorMode>normal</colorMode>
                <width>4</width>
            </LineStyle>
        </Style>
        <Style id="4081">
            <LineStyle id="4082">
                <color>ffBC751C</color>
                <colorMode>normal</colorMode>
                <width>4</width>
            </LineStyle>
        </Style>
        <Style id="4085">
            <LineStyle id="4086">
                <color>ffBC751C</color>
                <colorMode>normal</colorMode>
                <width>4</width>
            </LineStyle>
        </Style>
        <Style id="4089">
            <LineStyle id="4090">
                <color>ffBC751C</color>
                <colorMode>normal</colorMode>
                <width>4</width>
            </LineStyle>
        </Style>
        <Style id="4093">
            <LineStyle id="4094">
                <color>ffBC751C</color>
                <colorMode>normal</colorMode>
                <width>4</width>
            </LineStyle>
        </Style>
        <Style id="4097">
            <LineStyle id="4098">
                <color>ffBC751C</color>
                <colorMode>normal</colorMode>
                <width>4</width>
            </LineStyle>
        </Style>
        <Style id="4101">
            <LineStyle id="4102">
                <color>ffBC751C</color>
                <colorMode>normal</colorMode>
                <width>4</width>
            </LineStyle>
        </Style>
        <Style id="4105">
            <LineStyle id="4106">
                <color>ffBC751C</color>
                <colorMode>normal</colorMode>
                <width>4</width>
            </LineStyle>
        </Style>
        <Style id="4109">
            <LineStyle id="4110">
                <color>ffBC751C</color>
                <colorMode>normal</colorMode>
                <width>4</width>
            </LineStyle>
        </Style>
        <Style id="4113">
            <LineStyle id="4114">
                <color>ffBC751C</color>
                <colorMode>normal</colorMode>
                <width>4</width>
            </LineStyle>
        </Style>
        <Style id="4117">
            <LineStyle id="4118">
                <color>ffBC751C</color>
                <colorMode>normal</colorMode>
                <width>4</width>
            </LineStyle>
        </Style>
        <Style id="4121">
            <LineStyle id="4122">
                <color>ffBC751C</color>
                <colorMode>normal</colorMode>
                <width>4</width>
            </LineStyle>
        </Style>
        <Style id="4125">
            <LineStyle id="4126">
                <color>ffBC751C</color>
                <colorMode>normal</colorMode>
                <width>4</width>
            </LineStyle>
        </Style>
        <Style id="4129">
            <LineStyle id="4130">
                <color>ffBC751C</color>
                <colorMode>normal</colorMode>
                <width>4</width>
            </LineStyle>
        </Style>
        <Style id="4133">
            <LineStyle id="4134">
                <color>ffBC751C</color>
                <colorMode>normal</colorMode>
                <width>4</width>
            </LineStyle>
        </Style>
        <Style id="4137">
            <LineStyle id="4138">
                <color>ffBC751C</color>
                <colorMode>normal</colorMode>
                <width>4</width>
            </LineStyle>
        </Style>
        <Style id="4141">
            <LineStyle id="4142">
                <color>ffBC751C</color>
                <colorMode>normal</colorMode>
                <width>4</width>
            </LineStyle>
        </Style>
        <Style id="4145">
            <LineStyle id="4146">
                <color>ffBC751C</color>
                <colorMode>normal</colorMode>
                <width>4</width>
            </LineStyle>
        </Style>
        <Style id="4149">
            <LineStyle id="4150">
                <color>ffBC751C</color>
                <colorMode>normal</colorMode>
                <width>4</width>
            </LineStyle>
        </Style>
        <Style id="4153">
            <LineStyle id="4154">
                <color>ffBC751C</color>
                <colorMode>normal</colorMode>
                <width>4</width>
            </LineStyle>
        </Style>
        <Style id="4157">
            <LineStyle id="4158">
                <color>ffBC751C</color>
                <colorMode>normal</colorMode>
                <width>4</width>
            </LineStyle>
        </Style>
        <Style id="4161">
            <LineStyle id="4162">
                <color>ffBC751C</color>
                <colorMode>normal</colorMode>
                <width>4</width>
            </LineStyle>
        </Style>
        <Style id="4165">
            <LineStyle id="4166">
                <color>ffBC751C</color>
                <colorMode>normal</colorMode>
                <width>4</width>
            </LineStyle>
        </Style>
        <Style id="4169">
            <LineStyle id="4170">
                <color>ffBC751C</color>
                <colorMode>normal</colorMode>
                <width>4</width>
            </LineStyle>
        </Style>
        <Style id="4173">
            <LineStyle id="4174">
                <color>ffBC751C</color>
                <colorMode>normal</colorMode>
                <width>4</width>
            </LineStyle>
        </Style>
        <Style id="4177">
            <LineStyle id="4178">
                <color>ffBC751C</color>
                <colorMode>normal</colorMode>
                <width>4</width>
            </LineStyle>
        </Style>
        <Style id="4181">
            <LineStyle id="4182">
                <color>ffBC751C</color>
                <colorMode>normal</colorMode>
                <width>4</width>
            </LineStyle>
        </Style>
        <Style id="4185">
            <LineStyle id="4186">
                <color>ffBC751C</color>
                <colorMode>normal</colorMode>
                <width>4</width>
            </LineStyle>
        </Style>
        <Style id="4189">
            <LineStyle id="4190">
                <color>ffBC751C</color>
                <colorMode>normal</colorMode>
                <width>4</width>
            </LineStyle>
        </Style>
        <Style id="4193">
            <LineStyle id="4194">
                <color>ffBC751C</color>
                <colorMode>normal</colorMode>
                <width>4</width>
            </LineStyle>
        </Style>
        <Style id="4197">
            <LineStyle id="4198">
                <color>ffBC751C</color>
                <colorMode>normal</colorMode>
                <width>4</width>
            </LineStyle>
        </Style>
        <Style id="4201">
            <LineStyle id="4202">
                <color>ffBC751C</color>
                <colorMode>normal</colorMode>
                <width>4</width>
            </LineStyle>
        </Style>
        <Style id="4205">
            <LineStyle id="4206">
                <color>ffBC751C</color>
                <colorMode>normal</colorMode>
                <width>4</width>
            </LineStyle>
        </Style>
        <Style id="4209">
            <LineStyle id="4210">
                <color>ffBC751C</color>
                <colorMode>normal</colorMode>
                <width>4</width>
            </LineStyle>
        </Style>
        <Style id="4213">
            <LineStyle id="4214">
                <color>ffBC751C</color>
                <colorMode>normal</colorMode>
                <width>4</width>
            </LineStyle>
        </Style>
        <Style id="4217">
            <LineStyle id="4218">
                <color>ffBC751C</color>
                <colorMode>normal</colorMode>
                <width>4</width>
            </LineStyle>
        </Style>
        <Style id="4221">
            <LineStyle id="4222">
                <color>ffBC751C</color>
                <colorMode>normal</colorMode>
                <width>4</width>
            </LineStyle>
        </Style>
        <Style id="4225">
            <LineStyle id="4226">
                <color>ffBC751C</color>
                <colorMode>normal</colorMode>
                <width>4</width>
            </LineStyle>
        </Style>
        <Style id="4229">
            <LineStyle id="4230">
                <color>ffBC751C</color>
                <colorMode>normal</colorMode>
                <width>4</width>
            </LineStyle>
        </Style>
        <Style id="4233">
            <LineStyle id="4234">
                <color>ffBC751C</color>
                <colorMode>normal</colorMode>
                <width>4</width>
            </LineStyle>
        </Style>
        <Style id="4237">
            <LineStyle id="4238">
                <color>ffBC751C</color>
                <colorMode>normal</colorMode>
                <width>4</width>
            </LineStyle>
        </Style>
        <Style id="4241">
            <LineStyle id="4242">
                <color>ffBC751C</color>
                <colorMode>normal</colorMode>
                <width>4</width>
            </LineStyle>
        </Style>
        <Style id="4245">
            <LineStyle id="4246">
                <color>ffBC751C</color>
                <colorMode>normal</colorMode>
                <width>4</width>
            </LineStyle>
        </Style>
        <Style id="4249">
            <LineStyle id="4250">
                <color>ffBC751C</color>
                <colorMode>normal</colorMode>
                <width>4</width>
            </LineStyle>
        </Style>
        <Style id="4253">
            <LineStyle id="4254">
                <color>ffBC751C</color>
                <colorMode>normal</colorMode>
                <width>4</width>
            </LineStyle>
        </Style>
        <Style id="4257">
            <LineStyle id="4258">
                <color>ffBC751C</color>
                <colorMode>normal</colorMode>
                <width>4</width>
            </LineStyle>
        </Style>
        <Style id="4261">
            <LineStyle id="4262">
                <color>ffBC751C</color>
                <colorMode>normal</colorMode>
                <width>4</width>
            </LineStyle>
        </Style>
        <Style id="4265">
            <LineStyle id="4266">
                <color>ffBC751C</color>
                <colorMode>normal</colorMode>
                <width>4</width>
            </LineStyle>
        </Style>
        <Style id="4269">
            <LineStyle id="4270">
                <color>ffBC751C</color>
                <colorMode>normal</colorMode>
                <width>4</width>
            </LineStyle>
        </Style>
        <Style id="4273">
            <LineStyle id="4274">
                <color>ffBC751C</color>
                <colorMode>normal</colorMode>
                <width>4</width>
            </LineStyle>
        </Style>
        <Style id="4277">
            <LineStyle id="4278">
                <color>ffBC751C</color>
                <colorMode>normal</colorMode>
                <width>4</width>
            </LineStyle>
        </Style>
        <Style id="4281">
            <LineStyle id="4282">
                <color>ffBC751C</color>
                <colorMode>normal</colorMode>
                <width>4</width>
            </LineStyle>
        </Style>
        <Style id="4285">
            <LineStyle id="4286">
                <color>ffBC751C</color>
                <colorMode>normal</colorMode>
                <width>4</width>
            </LineStyle>
        </Style>
        <Style id="4289">
            <LineStyle id="4290">
                <color>ffBC751C</color>
                <colorMode>normal</colorMode>
                <width>4</width>
            </LineStyle>
        </Style>
        <Style id="4293">
            <LineStyle id="4294">
                <color>ffBC751C</color>
                <colorMode>normal</colorMode>
                <width>4</width>
            </LineStyle>
        </Style>
        <Style id="4297">
            <LineStyle id="4298">
                <color>ffBC751C</color>
                <colorMode>normal</colorMode>
                <width>4</width>
            </LineStyle>
        </Style>
        <Style id="4301">
            <LineStyle id="4302">
                <color>ffBC751C</color>
                <colorMode>normal</colorMode>
                <width>4</width>
            </LineStyle>
        </Style>
        <Style id="4305">
            <LineStyle id="4306">
                <color>ffBC751C</color>
                <colorMode>normal</colorMode>
                <width>4</width>
            </LineStyle>
        </Style>
        <Style id="4309">
            <LineStyle id="4310">
                <color>ffBC751C</color>
                <colorMode>normal</colorMode>
                <width>4</width>
            </LineStyle>
        </Style>
        <Style id="4313">
            <LineStyle id="4314">
                <color>ffBC751C</color>
                <colorMode>normal</colorMode>
                <width>4</width>
            </LineStyle>
        </Style>
        <Style id="4317">
            <LineStyle id="4318">
                <color>ffBC751C</color>
                <colorMode>normal</colorMode>
                <width>4</width>
            </LineStyle>
        </Style>
        <Style id="4321">
            <LineStyle id="4322">
                <color>ffBC751C</color>
                <colorMode>normal</colorMode>
                <width>4</width>
            </LineStyle>
        </Style>
        <Style id="4325">
            <LineStyle id="4326">
                <color>ffBC751C</color>
                <colorMode>normal</colorMode>
                <width>4</width>
            </LineStyle>
        </Style>
        <Style id="4329">
            <LineStyle id="4330">
                <color>ffBC751C</color>
                <colorMode>normal</colorMode>
                <width>4</width>
            </LineStyle>
        </Style>
        <Style id="4333">
            <LineStyle id="4334">
                <color>ffBC751C</color>
                <colorMode>normal</colorMode>
                <width>4</width>
            </LineStyle>
        </Style>
        <Style id="4337">
            <LineStyle id="4338">
                <color>ffBC751C</color>
                <colorMode>normal</colorMode>
                <width>4</width>
            </LineStyle>
        </Style>
        <Style id="4341">
            <LineStyle id="4342">
                <color>ffBC751C</color>
                <colorMode>normal</colorMode>
                <width>4</width>
            </LineStyle>
        </Style>
        <Style id="4345">
            <LineStyle id="4346">
                <color>ffBC751C</color>
                <colorMode>normal</colorMode>
                <width>4</width>
            </LineStyle>
        </Style>
        <Style id="4349">
            <LineStyle id="4350">
                <color>ffBC751C</color>
                <colorMode>normal</colorMode>
                <width>4</width>
            </LineStyle>
        </Style>
        <Style id="4353">
            <LineStyle id="4354">
                <color>ffBC751C</color>
                <colorMode>normal</colorMode>
                <width>4</width>
            </LineStyle>
        </Style>
        <Style id="4357">
            <LineStyle id="4358">
                <color>ffBC751C</color>
                <colorMode>normal</colorMode>
                <width>4</width>
            </LineStyle>
        </Style>
        <Style id="4361">
            <LineStyle id="4362">
                <color>ffBC751C</color>
                <colorMode>normal</colorMode>
                <width>4</width>
            </LineStyle>
        </Style>
        <Style id="4365">
            <LineStyle id="4366">
                <color>ffBC751C</color>
                <colorMode>normal</colorMode>
                <width>4</width>
            </LineStyle>
        </Style>
        <Style id="4369">
            <LineStyle id="4370">
                <color>ffBC751C</color>
                <colorMode>normal</colorMode>
                <width>4</width>
            </LineStyle>
        </Style>
        <Style id="4373">
            <LineStyle id="4374">
                <color>ffBC751C</color>
                <colorMode>normal</colorMode>
                <width>4</width>
            </LineStyle>
        </Style>
        <Style id="4377">
            <LineStyle id="4378">
                <color>ffBC751C</color>
                <colorMode>normal</colorMode>
                <width>4</width>
            </LineStyle>
        </Style>
        <Style id="4381">
            <LineStyle id="4382">
                <color>ffBC751C</color>
                <colorMode>normal</colorMode>
                <width>4</width>
            </LineStyle>
        </Style>
        <Style id="4385">
            <LineStyle id="4386">
                <color>ffBC751C</color>
                <colorMode>normal</colorMode>
                <width>4</width>
            </LineStyle>
        </Style>
        <Style id="4389">
            <LineStyle id="4390">
                <color>ffBC751C</color>
                <colorMode>normal</colorMode>
                <width>4</width>
            </LineStyle>
        </Style>
        <Style id="4393">
            <LineStyle id="4394">
                <color>ffBC751C</color>
                <colorMode>normal</colorMode>
                <width>4</width>
            </LineStyle>
        </Style>
        <Style id="4397">
            <LineStyle id="4398">
                <color>ffBC751C</color>
                <colorMode>normal</colorMode>
                <width>4</width>
            </LineStyle>
        </Style>
        <Style id="4401">
            <LineStyle id="4402">
                <color>ffBC751C</color>
                <colorMode>normal</colorMode>
                <width>4</width>
            </LineStyle>
        </Style>
        <Style id="4405">
            <LineStyle id="4406">
                <color>ffBC751C</color>
                <colorMode>normal</colorMode>
                <width>4</width>
            </LineStyle>
        </Style>
        <Style id="4409">
            <LineStyle id="4410">
                <color>ffBC751C</color>
                <colorMode>normal</colorMode>
                <width>4</width>
            </LineStyle>
        </Style>
        <Style id="4413">
            <LineStyle id="4414">
                <color>ffBC751C</color>
                <colorMode>normal</colorMode>
                <width>4</width>
            </LineStyle>
        </Style>
        <Style id="4417">
            <LineStyle id="4418">
                <color>ffBC751C</color>
                <colorMode>normal</colorMode>
                <width>4</width>
            </LineStyle>
        </Style>
        <Style id="4421">
            <LineStyle id="4422">
                <color>ffBC751C</color>
                <colorMode>normal</colorMode>
                <width>4</width>
            </LineStyle>
        </Style>
        <Style id="4425">
            <LineStyle id="4426">
                <color>ffBC751C</color>
                <colorMode>normal</colorMode>
                <width>4</width>
            </LineStyle>
        </Style>
        <Style id="4429">
            <LineStyle id="4430">
                <color>ffBC751C</color>
                <colorMode>normal</colorMode>
                <width>4</width>
            </LineStyle>
        </Style>
        <Style id="4433">
            <LineStyle id="4434">
                <color>ffBC751C</color>
                <colorMode>normal</colorMode>
                <width>4</width>
            </LineStyle>
        </Style>
        <Style id="4437">
            <LineStyle id="4438">
                <color>ffBC751C</color>
                <colorMode>normal</colorMode>
                <width>4</width>
            </LineStyle>
        </Style>
        <Style id="4441">
            <LineStyle id="4442">
                <color>ffBC751C</color>
                <colorMode>normal</colorMode>
                <width>4</width>
            </LineStyle>
        </Style>
        <Style id="4445">
            <LineStyle id="4446">
                <color>ffBC751C</color>
                <colorMode>normal</colorMode>
                <width>4</width>
            </LineStyle>
        </Style>
        <Style id="4449">
            <LineStyle id="4450">
                <color>ffBC751C</color>
                <colorMode>normal</colorMode>
                <width>4</width>
            </LineStyle>
        </Style>
        <Style id="4453">
            <LineStyle id="4454">
                <color>ffBC751C</color>
                <colorMode>normal</colorMode>
                <width>4</width>
            </LineStyle>
        </Style>
        <Style id="4457">
            <LineStyle id="4458">
                <color>ffBC751C</color>
                <colorMode>normal</colorMode>
                <width>4</width>
            </LineStyle>
        </Style>
        <Style id="4461">
            <LineStyle id="4462">
                <color>ffBC751C</color>
                <colorMode>normal</colorMode>
                <width>4</width>
            </LineStyle>
        </Style>
        <Style id="4465">
            <LineStyle id="4466">
                <color>ffBC751C</color>
                <colorMode>normal</colorMode>
                <width>4</width>
            </LineStyle>
        </Style>
        <Style id="4469">
            <LineStyle id="4470">
                <color>ffBC751C</color>
                <colorMode>normal</colorMode>
                <width>4</width>
            </LineStyle>
        </Style>
        <Style id="4473">
            <LineStyle id="4474">
                <color>ffBC751C</color>
                <colorMode>normal</colorMode>
                <width>4</width>
            </LineStyle>
        </Style>
        <Style id="4477">
            <LineStyle id="4478">
                <color>ffBC751C</color>
                <colorMode>normal</colorMode>
                <width>4</width>
            </LineStyle>
        </Style>
        <Style id="4481">
            <LineStyle id="4482">
                <color>ffBC751C</color>
                <colorMode>normal</colorMode>
                <width>4</width>
            </LineStyle>
        </Style>
        <Style id="4485">
            <LineStyle id="4486">
                <color>ffBC751C</color>
                <colorMode>normal</colorMode>
                <width>4</width>
            </LineStyle>
        </Style>
        <Style id="4489">
            <LineStyle id="4490">
                <color>ffBC751C</color>
                <colorMode>normal</colorMode>
                <width>4</width>
            </LineStyle>
        </Style>
        <Style id="4493">
            <LineStyle id="4494">
                <color>ffBC751C</color>
                <colorMode>normal</colorMode>
                <width>4</width>
            </LineStyle>
        </Style>
        <Style id="4497">
            <LineStyle id="4498">
                <color>ffBC751C</color>
                <colorMode>normal</colorMode>
                <width>4</width>
            </LineStyle>
        </Style>
        <Style id="4501">
            <LineStyle id="4502">
                <color>ffBC751C</color>
                <colorMode>normal</colorMode>
                <width>4</width>
            </LineStyle>
        </Style>
        <Style id="4505">
            <LineStyle id="4506">
                <color>ffBC751C</color>
                <colorMode>normal</colorMode>
                <width>4</width>
            </LineStyle>
        </Style>
        <Style id="4509">
            <LineStyle id="4510">
                <color>ffBC751C</color>
                <colorMode>normal</colorMode>
                <width>4</width>
            </LineStyle>
        </Style>
        <Style id="4513">
            <LineStyle id="4514">
                <color>ffBC751C</color>
                <colorMode>normal</colorMode>
                <width>4</width>
            </LineStyle>
        </Style>
        <Style id="4517">
            <LineStyle id="4518">
                <color>ffBC751C</color>
                <colorMode>normal</colorMode>
                <width>4</width>
            </LineStyle>
        </Style>
        <Style id="4521">
            <LineStyle id="4522">
                <color>ffBC751C</color>
                <colorMode>normal</colorMode>
                <width>4</width>
            </LineStyle>
        </Style>
        <Style id="4525">
            <LineStyle id="4526">
                <color>ffBC751C</color>
                <colorMode>normal</colorMode>
                <width>4</width>
            </LineStyle>
        </Style>
        <Style id="4529">
            <LineStyle id="4530">
                <color>ffBC751C</color>
                <colorMode>normal</colorMode>
                <width>4</width>
            </LineStyle>
        </Style>
        <Style id="4533">
            <LineStyle id="4534">
                <color>ffBC751C</color>
                <colorMode>normal</colorMode>
                <width>4</width>
            </LineStyle>
        </Style>
        <Style id="4537">
            <LineStyle id="4538">
                <color>ffBC751C</color>
                <colorMode>normal</colorMode>
                <width>4</width>
            </LineStyle>
        </Style>
        <Style id="4541">
            <LineStyle id="4542">
                <color>ffBC751C</color>
                <colorMode>normal</colorMode>
                <width>4</width>
            </LineStyle>
        </Style>
        <Style id="4545">
            <LineStyle id="4546">
                <color>ffBC751C</color>
                <colorMode>normal</colorMode>
                <width>4</width>
            </LineStyle>
        </Style>
        <Style id="4549">
            <LineStyle id="4550">
                <color>ffBC751C</color>
                <colorMode>normal</colorMode>
                <width>4</width>
            </LineStyle>
        </Style>
        <Style id="4553">
            <LineStyle id="4554">
                <color>ffBC751C</color>
                <colorMode>normal</colorMode>
                <width>4</width>
            </LineStyle>
        </Style>
        <Style id="4557">
            <LineStyle id="4558">
                <color>ffBC751C</color>
                <colorMode>normal</colorMode>
                <width>4</width>
            </LineStyle>
        </Style>
        <Style id="4561">
            <LineStyle id="4562">
                <color>ffBC751C</color>
                <colorMode>normal</colorMode>
                <width>4</width>
            </LineStyle>
        </Style>
        <Style id="4565">
            <LineStyle id="4566">
                <color>ffBC751C</color>
                <colorMode>normal</colorMode>
                <width>4</width>
            </LineStyle>
        </Style>
        <Style id="4569">
            <LineStyle id="4570">
                <color>ffBC751C</color>
                <colorMode>normal</colorMode>
                <width>4</width>
            </LineStyle>
        </Style>
        <Style id="4573">
            <LineStyle id="4574">
                <color>ffBC751C</color>
                <colorMode>normal</colorMode>
                <width>4</width>
            </LineStyle>
        </Style>
        <Style id="4577">
            <LineStyle id="4578">
                <color>ffBC751C</color>
                <colorMode>normal</colorMode>
                <width>4</width>
            </LineStyle>
        </Style>
        <Style id="4581">
            <LineStyle id="4582">
                <color>ffBC751C</color>
                <colorMode>normal</colorMode>
                <width>4</width>
            </LineStyle>
        </Style>
        <Style id="4585">
            <LineStyle id="4586">
                <color>ffBC751C</color>
                <colorMode>normal</colorMode>
                <width>4</width>
            </LineStyle>
        </Style>
        <Style id="4589">
            <LineStyle id="4590">
                <color>ffBC751C</color>
                <colorMode>normal</colorMode>
                <width>4</width>
            </LineStyle>
        </Style>
        <Style id="4593">
            <LineStyle id="4594">
                <color>ffBC751C</color>
                <colorMode>normal</colorMode>
                <width>4</width>
            </LineStyle>
        </Style>
        <Style id="4597">
            <LineStyle id="4598">
                <color>ffBC751C</color>
                <colorMode>normal</colorMode>
                <width>4</width>
            </LineStyle>
        </Style>
        <Style id="4601">
            <LineStyle id="4602">
                <color>ffBC751C</color>
                <colorMode>normal</colorMode>
                <width>4</width>
            </LineStyle>
        </Style>
        <Style id="4605">
            <LineStyle id="4606">
                <color>ffBC751C</color>
                <colorMode>normal</colorMode>
                <width>4</width>
            </LineStyle>
        </Style>
        <Style id="4609">
            <LineStyle id="4610">
                <color>ffBC751C</color>
                <colorMode>normal</colorMode>
                <width>4</width>
            </LineStyle>
        </Style>
        <Style id="4613">
            <LineStyle id="4614">
                <color>ffBC751C</color>
                <colorMode>normal</colorMode>
                <width>4</width>
            </LineStyle>
        </Style>
        <Style id="4617">
            <LineStyle id="4618">
                <color>ffBC751C</color>
                <colorMode>normal</colorMode>
                <width>4</width>
            </LineStyle>
        </Style>
        <Style id="4621">
            <LineStyle id="4622">
                <color>ffBC751C</color>
                <colorMode>normal</colorMode>
                <width>4</width>
            </LineStyle>
        </Style>
        <Style id="4625">
            <LineStyle id="4626">
                <color>ffBC751C</color>
                <colorMode>normal</colorMode>
                <width>4</width>
            </LineStyle>
        </Style>
        <Style id="4629">
            <LineStyle id="4630">
                <color>ffBC751C</color>
                <colorMode>normal</colorMode>
                <width>4</width>
            </LineStyle>
        </Style>
        <Style id="4633">
            <LineStyle id="4634">
                <color>ffBC751C</color>
                <colorMode>normal</colorMode>
                <width>4</width>
            </LineStyle>
        </Style>
        <Style id="4637">
            <LineStyle id="4638">
                <color>ffBC751C</color>
                <colorMode>normal</colorMode>
                <width>4</width>
            </LineStyle>
        </Style>
        <Style id="4641">
            <LineStyle id="4642">
                <color>ffBC751C</color>
                <colorMode>normal</colorMode>
                <width>4</width>
            </LineStyle>
        </Style>
        <Style id="4645">
            <LineStyle id="4646">
                <color>ffBC751C</color>
                <colorMode>normal</colorMode>
                <width>4</width>
            </LineStyle>
        </Style>
        <Style id="4649">
            <LineStyle id="4650">
                <color>ffBC751C</color>
                <colorMode>normal</colorMode>
                <width>4</width>
            </LineStyle>
        </Style>
        <Style id="4653">
            <LineStyle id="4654">
                <color>ffBC751C</color>
                <colorMode>normal</colorMode>
                <width>4</width>
            </LineStyle>
        </Style>
        <Style id="4657">
            <LineStyle id="4658">
                <color>ffBC751C</color>
                <colorMode>normal</colorMode>
                <width>4</width>
            </LineStyle>
        </Style>
        <Style id="4661">
            <LineStyle id="4662">
                <color>ffBC751C</color>
                <colorMode>normal</colorMode>
                <width>4</width>
            </LineStyle>
        </Style>
        <Style id="4665">
            <LineStyle id="4666">
                <color>ffBC751C</color>
                <colorMode>normal</colorMode>
                <width>4</width>
            </LineStyle>
        </Style>
        <Style id="4669">
            <LineStyle id="4670">
                <color>ffBC751C</color>
                <colorMode>normal</colorMode>
                <width>4</width>
            </LineStyle>
        </Style>
        <Style id="4673">
            <LineStyle id="4674">
                <color>ffBC751C</color>
                <colorMode>normal</colorMode>
                <width>4</width>
            </LineStyle>
        </Style>
        <Style id="4677">
            <LineStyle id="4678">
                <color>ffBC751C</color>
                <colorMode>normal</colorMode>
                <width>4</width>
            </LineStyle>
        </Style>
        <Style id="4681">
            <LineStyle id="4682">
                <color>ffBC751C</color>
                <colorMode>normal</colorMode>
                <width>4</width>
            </LineStyle>
        </Style>
        <Style id="4685">
            <LineStyle id="4686">
                <color>ffBC751C</color>
                <colorMode>normal</colorMode>
                <width>4</width>
            </LineStyle>
        </Style>
        <Style id="4689">
            <LineStyle id="4690">
                <color>ffBC751C</color>
                <colorMode>normal</colorMode>
                <width>4</width>
            </LineStyle>
        </Style>
        <Style id="4693">
            <LineStyle id="4694">
                <color>ffBC751C</color>
                <colorMode>normal</colorMode>
                <width>4</width>
            </LineStyle>
        </Style>
        <Style id="4697">
            <LineStyle id="4698">
                <color>ffBC751C</color>
                <colorMode>normal</colorMode>
                <width>4</width>
            </LineStyle>
        </Style>
        <Style id="4701">
            <LineStyle id="4702">
                <color>ffBC751C</color>
                <colorMode>normal</colorMode>
                <width>4</width>
            </LineStyle>
        </Style>
        <Style id="4705">
            <LineStyle id="4706">
                <color>ffBC751C</color>
                <colorMode>normal</colorMode>
                <width>4</width>
            </LineStyle>
        </Style>
        <Style id="4709">
            <LineStyle id="4710">
                <color>ffBC751C</color>
                <colorMode>normal</colorMode>
                <width>4</width>
            </LineStyle>
        </Style>
        <Style id="4713">
            <LineStyle id="4714">
                <color>ffBC751C</color>
                <colorMode>normal</colorMode>
                <width>4</width>
            </LineStyle>
        </Style>
        <Style id="4717">
            <LineStyle id="4718">
                <color>ffBC751C</color>
                <colorMode>normal</colorMode>
                <width>4</width>
            </LineStyle>
        </Style>
        <Style id="4721">
            <LineStyle id="4722">
                <color>ffBC751C</color>
                <colorMode>normal</colorMode>
                <width>4</width>
            </LineStyle>
        </Style>
        <Style id="4725">
            <LineStyle id="4726">
                <color>ffBC751C</color>
                <colorMode>normal</colorMode>
                <width>4</width>
            </LineStyle>
        </Style>
        <Style id="4729">
            <LineStyle id="4730">
                <color>ffBC751C</color>
                <colorMode>normal</colorMode>
                <width>4</width>
            </LineStyle>
        </Style>
        <Style id="4733">
            <LineStyle id="4734">
                <color>ffBC751C</color>
                <colorMode>normal</colorMode>
                <width>4</width>
            </LineStyle>
        </Style>
        <Style id="4737">
            <LineStyle id="4738">
                <color>ffBC751C</color>
                <colorMode>normal</colorMode>
                <width>4</width>
            </LineStyle>
        </Style>
        <Style id="4741">
            <LineStyle id="4742">
                <color>ffBC751C</color>
                <colorMode>normal</colorMode>
                <width>4</width>
            </LineStyle>
        </Style>
        <Style id="4745">
            <LineStyle id="4746">
                <color>ffBC751C</color>
                <colorMode>normal</colorMode>
                <width>4</width>
            </LineStyle>
        </Style>
        <Style id="4749">
            <LineStyle id="4750">
                <color>ffBC751C</color>
                <colorMode>normal</colorMode>
                <width>4</width>
            </LineStyle>
        </Style>
        <Style id="4753">
            <LineStyle id="4754">
                <color>ffBC751C</color>
                <colorMode>normal</colorMode>
                <width>4</width>
            </LineStyle>
        </Style>
        <Style id="4757">
            <LineStyle id="4758">
                <color>ffBC751C</color>
                <colorMode>normal</colorMode>
                <width>4</width>
            </LineStyle>
        </Style>
        <Style id="4761">
            <LineStyle id="4762">
                <color>ffBC751C</color>
                <colorMode>normal</colorMode>
                <width>4</width>
            </LineStyle>
        </Style>
        <Style id="4765">
            <LineStyle id="4766">
                <color>ffBC751C</color>
                <colorMode>normal</colorMode>
                <width>4</width>
            </LineStyle>
        </Style>
        <Style id="4769">
            <LineStyle id="4770">
                <color>ffBC751C</color>
                <colorMode>normal</colorMode>
                <width>4</width>
            </LineStyle>
        </Style>
        <Style id="4773">
            <LineStyle id="4774">
                <color>ffBC751C</color>
                <colorMode>normal</colorMode>
                <width>4</width>
            </LineStyle>
        </Style>
        <Style id="4777">
            <LineStyle id="4778">
                <color>ffBC751C</color>
                <colorMode>normal</colorMode>
                <width>4</width>
            </LineStyle>
        </Style>
        <Style id="4781">
            <LineStyle id="4782">
                <color>ffBC751C</color>
                <colorMode>normal</colorMode>
                <width>4</width>
            </LineStyle>
        </Style>
        <Style id="4785">
            <LineStyle id="4786">
                <color>ffBC751C</color>
                <colorMode>normal</colorMode>
                <width>4</width>
            </LineStyle>
        </Style>
        <Style id="4789">
            <LineStyle id="4790">
                <color>ffBC751C</color>
                <colorMode>normal</colorMode>
                <width>4</width>
            </LineStyle>
        </Style>
        <Style id="4793">
            <LineStyle id="4794">
                <color>ffBC751C</color>
                <colorMode>normal</colorMode>
                <width>4</width>
            </LineStyle>
        </Style>
        <Style id="4797">
            <LineStyle id="4798">
                <color>ffBC751C</color>
                <colorMode>normal</colorMode>
                <width>4</width>
            </LineStyle>
        </Style>
        <Style id="4801">
            <LineStyle id="4802">
                <color>ffBC751C</color>
                <colorMode>normal</colorMode>
                <width>4</width>
            </LineStyle>
        </Style>
        <Style id="4805">
            <LineStyle id="4806">
                <color>ffBC751C</color>
                <colorMode>normal</colorMode>
                <width>4</width>
            </LineStyle>
        </Style>
        <Style id="4809">
            <LineStyle id="4810">
                <color>ffBC751C</color>
                <colorMode>normal</colorMode>
                <width>4</width>
            </LineStyle>
        </Style>
        <Style id="4813">
            <LineStyle id="4814">
                <color>ffBC751C</color>
                <colorMode>normal</colorMode>
                <width>4</width>
            </LineStyle>
        </Style>
        <Style id="4817">
            <LineStyle id="4818">
                <color>ffBC751C</color>
                <colorMode>normal</colorMode>
                <width>4</width>
            </LineStyle>
        </Style>
        <Style id="4821">
            <LineStyle id="4822">
                <color>ffBC751C</color>
                <colorMode>normal</colorMode>
                <width>4</width>
            </LineStyle>
        </Style>
        <Style id="4825">
            <LineStyle id="4826">
                <color>ffBC751C</color>
                <colorMode>normal</colorMode>
                <width>4</width>
            </LineStyle>
        </Style>
        <Style id="4829">
            <LineStyle id="4830">
                <color>ffBC751C</color>
                <colorMode>normal</colorMode>
                <width>4</width>
            </LineStyle>
        </Style>
        <Style id="4833">
            <LineStyle id="4834">
                <color>ffBC751C</color>
                <colorMode>normal</colorMode>
                <width>4</width>
            </LineStyle>
        </Style>
        <Style id="4837">
            <LineStyle id="4838">
                <color>ffBC751C</color>
                <colorMode>normal</colorMode>
                <width>4</width>
            </LineStyle>
        </Style>
        <Style id="4841">
            <LineStyle id="4842">
                <color>ffBC751C</color>
                <colorMode>normal</colorMode>
                <width>4</width>
            </LineStyle>
        </Style>
        <Style id="4845">
            <LineStyle id="4846">
                <color>ffBC751C</color>
                <colorMode>normal</colorMode>
                <width>4</width>
            </LineStyle>
        </Style>
        <Style id="4849">
            <LineStyle id="4850">
                <color>ffBC751C</color>
                <colorMode>normal</colorMode>
                <width>4</width>
            </LineStyle>
        </Style>
        <Style id="4853">
            <LineStyle id="4854">
                <color>ffBC751C</color>
                <colorMode>normal</colorMode>
                <width>4</width>
            </LineStyle>
        </Style>
        <Style id="4857">
            <LineStyle id="4858">
                <color>ffBC751C</color>
                <colorMode>normal</colorMode>
                <width>4</width>
            </LineStyle>
        </Style>
        <Style id="4861">
            <LineStyle id="4862">
                <color>ffBC751C</color>
                <colorMode>normal</colorMode>
                <width>4</width>
            </LineStyle>
        </Style>
        <Style id="4865">
            <LineStyle id="4866">
                <color>ffBC751C</color>
                <colorMode>normal</colorMode>
                <width>4</width>
            </LineStyle>
        </Style>
        <ExtendedData>
            <Data name="route-name">
                <value>Commuter Line Garut: Garut → Purwakarta</value>
            </Data>
            <Data name="source">
                <value>Transport for Bandung</value>
            </Data>
        </ExtendedData>
        <Placemark id="3474">
            <name>Cimindi</name>
            <styleUrl>#3475</styleUrl>
            <Point id="3473">
                <coordinates>107.5608515,-6.8958324,0.0</coordinates>
            </Point>
        </Placemark>
        <Placemark id="3479">
            <name>Padalarang</name>
            <styleUrl>#3480</styleUrl>
            <Point id="3478">
                <coordinates>107.4969052,-6.8423863,0.0</coordinates>
            </Point>
        </Placemark>
        <Placemark id="3484">
            <name>Maswati</name>
            <styleUrl>#3485</styleUrl>
            <Point id="3483">
                <coordinates>107.4084571,-6.7608697,0.0</coordinates>
            </Point>
        </Placemark>
        <Placemark id="3489">
            <name>Gadobangkong</name>
            <styleUrl>#3490</styleUrl>
            <Point id="3488">
                <coordinates>107.5146052,-6.863278,0.0</coordinates>
            </Point>
        </Placemark>
        <Placemark id="3494">
            <name>Haurpugur</name>
            <styleUrl>#3495</styleUrl>
            <Point id="3493">
                <coordinates>107.7983447,-6.9802356,0.0</coordinates>
            </Point>
        </Placemark>
        <Placemark id="3499">
            <name>Cibatu</name>
            <styleUrl>#3500</styleUrl>
            <Point id="3498">
                <coordinates>107.9787237,-7.100267,0.0</coordinates>
            </Point>
        </Placemark>
        <Placemark id="3504">
            <name>Karangsari</name>
            <styleUrl>#3505</styleUrl>
            <Point id="3503">
                <coordinates>107.9308109,-7.0974245,0.0</coordinates>
            </Point>
        </Placemark>
        <Placemark id="3509">
            <name>Cikudapateuh</name>
            <styleUrl>#3510</styleUrl>
            <Point id="3508">
                <coordinates>107.6254028,-6.9185984,0.0</coordinates>
            </Point>
        </Placemark>
        <Placemark id="3514">
            <name>Wanaraja</name>
            <styleUrl>#3515</styleUrl>
            <Point id="3513">
                <coordinates>107.9770777,-7.1640756,0.0</coordinates>
            </Point>
        </Placemark>
        <Placemark id="3519">
            <name>Leles</name>
            <styleUrl>#3520</styleUrl>
            <Point id="3518">
                <coordinates>107.8996726,-7.0838937,0.0</coordinates>
            </Point>
        </Placemark>
        <Placemark id="3524">
            <name>Plered</name>
            <styleUrl>#3525</styleUrl>
            <Point id="3523">
                <coordinates>107.3913568,-6.6402787,0.0</coordinates>
            </Point>
        </Placemark>
        <Placemark id="3529">
            <name>Cikadongdong</name>
            <styleUrl>#3530</styleUrl>
            <Point id="3528">
                <coordinates>107.3903795,-6.7151762,0.0</coordinates>
            </Point>
        </Placemark>
        <Placemark id="3534">
            <name>Rancaekek</name>
            <styleUrl>#3535</styleUrl>
            <Point id="3533">
                <coordinates>107.7553737,-6.9646056,0.0</coordinates>
            </Point>
        </Placemark>
        <Placemark id="3539">
            <name>Ciroyom</name>
            <styleUrl>#3540</styleUrl>
            <Point id="3538">
                <coordinates>107.589695,-6.9138981,0.0</coordinates>
            </Point>
        </Placemark>
        <Placemark id="3544">
            <name>Bandung</name>
            <styleUrl>#3545</styleUrl>
            <Point id="3543">
                <coordinates>107.6013661,-6.9144483,0.0</coordinates>
            </Point>
        </Placemark>
        <Placemark id="3549">
            <name>Cimekar</name>
            <styleUrl>#3550</styleUrl>
            <Point id="3548">
                <coordinates>107.7113976,-6.9486453,0.0</coordinates>
            </Point>
        </Placemark>
        <Placemark id="3554">
            <name>Leuwigoong</name>
            <styleUrl>#3555</styleUrl>
            <Point id="3553">
                <coordinates>107.9576818,-7.1037424,0.0</coordinates>
            </Point>
        </Placemark>
        <Placemark id="3559">
            <name>Pasirjengkol</name>
            <styleUrl>#3560</styleUrl>
            <Point id="3558">
                <coordinates>107.9925883,-7.1273374,0.0</coordinates>
            </Point>
        </Placemark>
        <Placemark id="3564">
            <name>Sasaksaat</name>
            <styleUrl>#3565</styleUrl>
            <Point id="3563">
                <coordinates>107.4314942,-6.7790843,0.0</coordinates>
            </Point>
        </Placemark>
        <Placemark id="3569">
            <name>Rendeh</name>
            <styleUrl>#3570</styleUrl>
            <Point id="3568">
                <coordinates>107.3978803,-6.7359956,0.0</coordinates>
            </Point>
        </Placemark>
        <Placemark id="3574">
            <name>Ciganea</name>
            <styleUrl>#3575</styleUrl>
            <Point id="3573">
                <coordinates>107.4310375,-6.5737021,0.0</coordinates>
            </Point>
        </Placemark>
        <Placemark id="3579">
            <name>Sukatani</name>
            <styleUrl>#3580</styleUrl>
            <Point id="3578">
                <coordinates>107.4086071,-6.6105348,0.0</coordinates>
            </Point>
        </Placemark>
        <Placemark id="3584">
            <name>Cilame</name>
            <styleUrl>#3585</styleUrl>
            <Point id="3583">
                <coordinates>107.4629622,-6.803199,0.0</coordinates>
            </Point>
        </Placemark>
        <Placemark id="3589">
            <name>Cimahi</name>
            <styleUrl>#3590</styleUrl>
            <Point id="3588">
                <coordinates>107.5353528,-6.8849429,0.0</coordinates>
            </Point>
        </Placemark>
        <Placemark id="3594">
            <name>Kiaracondong</name>
            <styleUrl>#3595</styleUrl>
            <Point id="3593">
                <coordinates>107.6456145,-6.9247603,0.0</coordinates>
            </Point>
        </Placemark>
        <Placemark id="3599">
            <name>Gedebage</name>
            <styleUrl>#3600</styleUrl>
            <Point id="3598">
                <coordinates>107.6888974,-6.9404525,0.0</coordinates>
            </Point>
        </Placemark>
        <Placemark id="3604">
            <name>Cicalengka</name>
            <styleUrl>#3605</styleUrl>
            <Point id="3603">
                <coordinates>107.8321639,-6.98098,0.0</coordinates>
            </Point>
        </Placemark>
        <Placemark id="3609">
            <name>Nagreg</name>
            <styleUrl>#3610</styleUrl>
            <Point id="3608">
                <coordinates>107.8857201,-7.0179955,0.0</coordinates>
            </Point>
        </Placemark>
        <Placemark id="3614">
            <name>Garut</name>
            <styleUrl>#3615</styleUrl>
            <Point id="3613">
                <coordinates>107.905318,-7.2134704,0.0</coordinates>
            </Point>
        </Placemark>
        <Placemark id="3619">
            <name>Purwakarta</name>
            <styleUrl>#3620</styleUrl>
            <Point id="3618">
                <coordinates>107.4465326,-6.5526111,0.0</coordinates>
            </Point>
        </Placemark>
        <Placemark id="3624">
            <name>Jalur Kereta Api Cikampek–Padalarang</name>
            <styleUrl>#3625</styleUrl>
            <LineString id="3623">
                <coordinates>107.4288326,-6.7782672,0.0 107.4294946,-6.7781325,0.0 107.4295116,-6.7781291,0.0 107.4297205,-6.7781054,0.0 107.4299147,-6.778092,0.0 107.4300451,-6.7780911,0.0 107.4302367,-6.7781175,0.0 107.430412,-6.7781616,0.0 107.4306014,-6.7782295,0.0 107.4307664,-6.778311,0.0 107.4309172,-6.7784083,0.0 107.4310287,-6.7784962,0.0 107.4311505,-6.7786048,0.0 107.4312421,-6.7787048,0.0 107.4312678,-6.7787382,0.0 107.4313641,-6.7788637,0.0 107.4314942,-6.7790843,0.0 107.4319082,-6.7799989,0.0 107.4321142,-6.7804779,0.0 107.4321721,-6.7806117,0.0 107.4323756,-6.7810819,0.0</coordinates>
            </LineString>
        </Placemark>
        <Placemark id="3628">
            <name>Jalur Kereta Api Cikampek–Padalarang</name>
            <styleUrl>#3629</styleUrl>
            <LineString id="3627">
                <coordinates>107.3998665,-6.7366928,0.0 107.4004005,-6.7369017,0.0 107.4005788,-6.7370088,0.0 107.4007459,-6.7371312,0.0 107.4009896,-6.7373808,0.0 107.4011417,-6.7375856,0.0 107.4012655,-6.7378346,0.0 107.4013514,-6.7380912,0.0 107.4013754,-6.7382625,0.0 107.4013925,-6.7384349,0.0 107.4013879,-6.7387032,0.0 107.4013813,-6.7387978,0.0 107.4013741,-6.7389025,0.0 107.4013351,-6.7392969,0.0 107.4013265,-6.7393992,0.0 107.4013196,-6.7396966,0.0 107.401328,-6.7398647,0.0 107.4013926,-6.7402112,0.0 107.4015094,-6.7404847,0.0 107.4016321,-6.7407025,0.0 107.4018122,-6.7409102,0.0 107.4019297,-6.741029,0.0 107.4021108,-6.7411515,0.0 107.4023625,-6.7412984,0.0 107.4026165,-6.7414242,0.0 107.4030302,-6.7416103,0.0 107.4043187,-6.7421819,0.0 107.4046796,-6.7423305,0.0 107.4049375,-6.7423987,0.0 107.4051115,-6.7424133,0.0 107.4071452,-6.7424692,0.0 107.4074785,-6.7424894,0.0 107.4077611,-6.7425345,0.0 107.4080101,-6.7426339,0.0 107.4082826,-6.7428002,0.0 107.4085306,-6.7430086,0.0 107.4086925,-6.7431944,0.0 107.4088009,-6.7433591,0.0 107.4089205,-6.7436072,0.0 107.409009,-6.7438896,0.0 107.4090439,-6.7442092,0.0 107.4090284,-6.7445638,0.0 107.4089581,-6.744832,0.0 107.4088042,-6.7451668,0.0 107.4085769,-6.7454564,0.0 107.4082546,-6.7457241,0.0 107.4073154,-6.7463069,0.0 107.4070307,-6.7465381,0.0 107.406798,-6.7468269,0.0 107.4065982,-6.7471645,0.0 107.4064566,-6.7475464,0.0 107.406443,-6.7478834,0.0 107.4065177,-6.7482927,0.0 107.4066631,-6.7486358,0.0 107.4068798,-6.74894,0.0 107.4070172,-6.7490936,0.0 107.4071676,-6.7492255,0.0 107.4071861,-6.7492391,0.0 107.4073525,-6.749361,0.0 107.4075934,-6.7495019,0.0 107.4078142,-6.749634,0.0 107.4080475,-6.7498043,0.0 107.4082756,-6.7500268,0.0 107.4084784,-6.7503144,0.0 107.4085933,-6.7506233,0.0 107.4086352,-6.7508006,0.0 107.408659,-6.7509569,0.0 107.4086704,-6.7511909,0.0 107.4086634,-6.7513678,0.0 107.4086134,-6.7516509,0.0 107.4085889,-6.7517334,0.0 107.4084393,-6.7520771,0.0 107.4080904,-6.7527351,0.0 107.4079742,-6.7530283,0.0 107.4079245,-6.7533276,0.0 107.4079226,-6.7536434,0.0 107.4080319,-6.7542434,0.0 107.4080855,-6.7545415,0.0 107.4081252,-6.7548829,0.0 107.4081276,-6.7550194,0.0 107.4081048,-6.7552399,0.0</coordinates>
            </LineString>
        </Placemark>
        <Placemark id="3632">
            <name>Jalur Kereta Api Padalarang–Kasugihan</name>
            <styleUrl>#3633</styleUrl>
            <LineString id="3631">
                <coordinates>107.7983447,-6.9802356,0.0 107.7982179,-6.9801875,0.0 107.7981663,-6.9801685,0.0 107.7981013,-6.9801447,0.0 107.7976525,-6.9799748,0.0 107.7939891,-6.9786276,0.0 107.7930324,-6.9782899,0.0 107.7922876,-6.978027,0.0 107.7914484,-6.9777482,0.0 107.7891499,-6.9769286,0.0 107.7881812,-6.9765749,0.0 107.7845186,-6.9752392,0.0</coordinates>
            </LineString>
        </Placemark>
        <Placemark id="3636">
            <name>Jalur Kereta Api Padalarang–Kasugihan</name>
            <styleUrl>#3637</styleUrl>
            <LineString id="3635">
                <coordinates>107.8855874,-7.0794703,0.0 107.8857414,-7.079493,0.0</coordinates>
            </LineString>
        </Placemark>
        <Placemark id="3640">
            <name>Jalur Kereta Api Padalarang–Kasugihan</name>
            <styleUrl>#3641</styleUrl>
            <LineString id="3639">
                <coordinates>107.9061038,-7.0874137,0.0 107.9087642,-7.0871882,0.0 107.9094401,-7.0871763,0.0 107.9099118,-7.0872105,0.0 107.9102817,-7.0872799,0.0 107.9109851,-7.0874689,0.0 107.9126458,-7.0879152,0.0 107.913778,-7.088231,0.0</coordinates>
            </LineString>
        </Placemark>
        <Placemark id="3644">
            <name>Jalur Kereta Api Cikampek–Padalarang</name>
            <styleUrl>#3645</styleUrl>
            <LineString id="3643">
                <coordinates>107.4344077,-6.5760875,0.0 107.4341967,-6.576066,0.0 107.4340114,-6.576024,0.0</coordinates>
            </LineString>
        </Placemark>
        <Placemark id="3648">
            <name>Jalur Kereta Api Padalarang–Kasugihan</name>
            <styleUrl>#3649</styleUrl>
            <LineString id="3647">
                <coordinates>107.965824,-7.1046164,0.0 107.9659507,-7.1047551,0.0 107.9662449,-7.1050271,0.0 107.9664792,-7.1051866,0.0 107.9667696,-7.1053188,0.0 107.9669919,-7.1053814,0.0 107.9671592,-7.105408,0.0 107.967201,-7.1054147,0.0 107.9673933,-7.1054208,0.0 107.9675771,-7.10541,0.0 107.9679267,-7.1053501,0.0 107.9692563,-7.1050314,0.0 107.9705514,-7.1047181,0.0 107.9710919,-7.1045879,0.0 107.9712573,-7.1045462,0.0 107.9715369,-7.1044574,0.0 107.971758,-7.1043724,0.0 107.9719974,-7.1042643,0.0 107.9722473,-7.1041171,0.0 107.9724526,-7.1039801,0.0 107.9726206,-7.1038477,0.0 107.9728411,-7.1036621,0.0 107.9743165,-7.102361,0.0 107.9746894,-7.1020321,0.0 107.9749667,-7.1017869,0.0 107.9753135,-7.1015396,0.0 107.9756446,-7.1013518,0.0 107.9759383,-7.1012145,0.0 107.9762265,-7.1010936,0.0 107.9762784,-7.1010753,0.0 107.9764188,-7.1010256,0.0 107.9767708,-7.1009118,0.0 107.9769694,-7.1008483,0.0 107.9769994,-7.1008387,0.0</coordinates>
            </LineString>
        </Placemark>
        <Placemark id="3652">
            <name>Jalur Kereta Api Cikampek–Padalarang</name>
            <styleUrl>#3653</styleUrl>
            <LineString id="3651">
                <coordinates>107.4552043,-6.796908,0.0 107.4552271,-6.7970554,0.0 107.4553454,-6.7983387,0.0</coordinates>
            </LineString>
        </Placemark>
        <Placemark id="3656">
            <name>Jalur Kereta Api Cikampek–Padalarang</name>
            <styleUrl>#3657</styleUrl>
            <LineString id="3655">
                <coordinates>107.4553454,-6.7983387,0.0 107.4553517,-6.7984919,0.0 107.4553874,-6.7989135,0.0 107.4553992,-6.7989759,0.0 107.4554298,-6.7991375,0.0 107.4554894,-6.7993475,0.0 107.4555668,-6.7995469,0.0 107.4556692,-6.7997385,0.0 107.4558256,-6.7999671,0.0 107.4559824,-6.8001572,0.0 107.4561955,-6.8003464,0.0 107.4562323,-6.8003769,0.0 107.4563899,-6.8004892,0.0 107.4565816,-6.8006016,0.0 107.4574606,-6.8010419,0.0 107.4583693,-6.801482,0.0 107.4584495,-6.8015213,0.0 107.4585942,-6.8015898,0.0</coordinates>
            </LineString>
        </Placemark>
        <Placemark id="3660">
            <name>Jalur Kereta Api Cikampek–Padalarang</name>
            <styleUrl>#3661</styleUrl>
            <LineString id="3659">
                <coordinates>107.4585942,-6.8015898,0.0 107.459508,-6.8020002,0.0</coordinates>
            </LineString>
        </Placemark>
        <Placemark id="3664">
            <name>Jalur Kereta Api Cikampek–Padalarang</name>
            <styleUrl>#3665</styleUrl>
            <LineString id="3663">
                <coordinates>107.4900559,-6.8257598,0.0 107.4899122,-6.8258199,0.0 107.4894229,-6.8259649,0.0 107.4887614,-6.8261388,0.0 107.4875481,-6.8264487,0.0 107.4872112,-6.8265256,0.0 107.4869404,-6.8265921,0.0 107.4866918,-6.8266928,0.0 107.4864976,-6.8267918,0.0 107.4863042,-6.8269211,0.0 107.4861666,-6.8270402,0.0 107.4860674,-6.8271545,0.0 107.4859456,-6.8273079,0.0 107.485821,-6.8275232,0.0 107.4856896,-6.8278981,0.0 107.4856424,-6.8281362,0.0 107.4856306,-6.8283387,0.0 107.4856509,-6.828623,0.0 107.4856923,-6.8288478,0.0 107.4857475,-6.8290052,0.0 107.4858677,-6.8292421,0.0 107.4859985,-6.8294457,0.0 107.4863262,-6.8298198,0.0 107.4865109,-6.8300307,0.0 107.4867234,-6.8303621,0.0 107.4868372,-6.8306184,0.0 107.4869155,-6.8308696,0.0 107.4873849,-6.8325325,0.0 107.4877771,-6.8338955,0.0 107.4879908,-6.8346252,0.0 107.4880467,-6.8348094,0.0 107.4881133,-6.83499,0.0 107.4881606,-6.8351025,0.0 107.4882823,-6.8353509,0.0 107.4883749,-6.8355023,0.0 107.4884863,-6.835649,0.0 107.4887095,-6.8358628,0.0 107.4889192,-6.8360035,0.0 107.4891021,-6.8360923,0.0 107.4892308,-6.8361542,0.0 107.4894114,-6.8362195,0.0 107.4896871,-6.8363269,0.0 107.4900167,-6.8364489,0.0 107.4902597,-6.8365357,0.0 107.4904974,-6.8366305,0.0 107.4906825,-6.8367401,0.0 107.4908772,-6.8368682,0.0 107.4910056,-6.8369671,0.0 107.4911297,-6.8370701,0.0 107.4912298,-6.8371572,0.0 107.4914629,-6.8373603,0.0 107.4917859,-6.8376431,0.0 107.4921835,-6.838004,0.0 107.4922457,-6.8380583,0.0 107.4922847,-6.8380948,0.0</coordinates>
            </LineString>
        </Placemark>
        <Placemark id="3668">
            <name>Jalur Kereta Api Cikampek–Padalarang</name>
            <styleUrl>#3669</styleUrl>
            <LineString id="3667">
                <coordinates>107.4560326,-6.7902964,0.0 107.4561329,-6.7903471,0.0 107.4562423,-6.7904108,0.0 107.4563469,-6.7904778,0.0 107.4564785,-6.7905805,0.0 107.4567093,-6.7908329,0.0 107.4568135,-6.7909984,0.0 107.4569016,-6.7911587,0.0</coordinates>
            </LineString>
        </Placemark>
        <Placemark id="3672">
            <name>Jalur Kereta Api Cikampek–Padalarang</name>
            <styleUrl>#3673</styleUrl>
            <LineString id="3671">
                <coordinates>107.4569016,-6.7911587,0.0 107.4569905,-6.7913853,0.0 107.4570334,-6.7915359,0.0 107.4570557,-6.7917092,0.0 107.4570612,-6.7920501,0.0 107.4570223,-6.7923091,0.0 107.4569441,-6.7926002,0.0 107.4568259,-6.792841,0.0 107.4566101,-6.7931419,0.0 107.456391,-6.7933442,0.0 107.4556527,-6.7938191,0.0 107.4552471,-6.7942229,0.0</coordinates>
            </LineString>
        </Placemark>
        <Placemark id="3676">
            <name>Jalur Kereta Api Cikampek–Padalarang</name>
            <styleUrl>#3677</styleUrl>
            <LineString id="3675">
                <coordinates>107.454917,-6.7948297,0.0 107.4548761,-6.7950362,0.0 107.4548512,-6.7952783,0.0 107.4548561,-6.795498,0.0 107.4548824,-6.7957107,0.0 107.4549456,-6.7959806,0.0 107.4550947,-6.7964317,0.0 107.4552043,-6.796908,0.0</coordinates>
            </LineString>
        </Placemark>
        <Placemark id="3680">
            <name>Jalur Kereta Api Cikampek–Padalarang</name>
            <styleUrl>#3681</styleUrl>
            <LineString id="3679">
                <coordinates>107.4552471,-6.7942229,0.0 107.4551484,-6.7943434,0.0 107.4550817,-6.7944407,0.0 107.4550029,-6.7945815,0.0 107.4549471,-6.7947149,0.0 107.454917,-6.7948297,0.0</coordinates>
            </LineString>
        </Placemark>
        <Placemark id="3684">
            <name>Jalur Kereta Api Cikampek–Padalarang</name>
            <styleUrl>#3685</styleUrl>
            <LineString id="3683">
                <coordinates>107.4411152,-6.7793821,0.0 107.4436277,-6.7810941,0.0</coordinates>
            </LineString>
        </Placemark>
        <Placemark id="3688">
            <name>Jalur Kereta Api Cikampek–Padalarang</name>
            <styleUrl>#3689</styleUrl>
            <LineString id="3687">
                <coordinates>107.4436277,-6.7810941,0.0 107.4438854,-6.7812857,0.0 107.4440585,-6.7814081,0.0 107.4441963,-6.7814841,0.0 107.4445068,-6.7815941,0.0 107.4448579,-6.7816834,0.0 107.4452434,-6.7817631,0.0 107.4456141,-6.7818995,0.0 107.4459839,-6.7821063,0.0 107.4462725,-6.782379,0.0 107.4464334,-6.7826168,0.0 107.4465878,-6.7829179,0.0 107.4466965,-6.7832222,0.0 107.4467231,-6.7835319,0.0 107.4466709,-6.7839094,0.0 107.4463357,-6.7853023,0.0 107.4462712,-6.7859242,0.0</coordinates>
            </LineString>
        </Placemark>
        <Placemark id="3692">
            <name>Jalur Kereta Api Cikampek–Padalarang</name>
            <styleUrl>#3693</styleUrl>
            <LineString id="3691">
                <coordinates>107.4389463,-6.7794166,0.0 107.4394423,-6.7792518,0.0 107.4396102,-6.7792085,0.0 107.4397775,-6.7791758,0.0 107.4399341,-6.779156,0.0 107.4401086,-6.7791441,0.0 107.4403044,-6.7791557,0.0 107.4405328,-6.7791912,0.0 107.4408917,-6.7792869,0.0 107.441071,-6.7793573,0.0 107.4411152,-6.7793821,0.0</coordinates>
            </LineString>
        </Placemark>
        <Placemark id="3696">
            <name>Jalur Kereta Api Cikampek–Padalarang</name>
            <styleUrl>#3697</styleUrl>
            <LineString id="3695">
                <coordinates>107.4378649,-6.7797624,0.0 107.4389463,-6.7794166,0.0</coordinates>
            </LineString>
        </Placemark>
        <Placemark id="3700">
            <name>Jalur Kereta Api Padalarang–Kasugihan</name>
            <styleUrl>#3701</styleUrl>
            <LineString id="3699">
                <coordinates>107.5367227,-6.8864892,0.0 107.5362929,-6.886004,0.0</coordinates>
            </LineString>
        </Placemark>
        <Placemark id="3704">
            <name>Jalur Kereta Api Padalarang–Kasugihan</name>
            <styleUrl>#3705</styleUrl>
            <LineString id="3703">
                <coordinates>107.6075315,-6.9149339,0.0 107.607019,-6.9148682,0.0</coordinates>
            </LineString>
        </Placemark>
        <Placemark id="3708">
            <name>Jalur Kereta Api Padalarang–Kasugihan</name>
            <styleUrl>#3709</styleUrl>
            <LineString id="3707">
                <coordinates>107.6400262,-6.9226335,0.0 107.6387855,-6.9221835,0.0 107.638731,-6.9221637,0.0 107.6373362,-6.9216508,0.0 107.6362692,-6.9212901,0.0 107.6355755,-6.9210925,0.0 107.6351989,-6.920983,0.0 107.6347542,-6.9208687,0.0 107.6332373,-6.9204991,0.0 107.6311255,-6.9199916,0.0 107.6310227,-6.9199664,0.0 107.630841,-6.9199235,0.0 107.6280969,-6.919252,0.0 107.6254028,-6.9185984,0.0 107.6250879,-6.9185239,0.0 107.6250513,-6.9185149,0.0 107.6249234,-6.9184833,0.0 107.6248227,-6.9184581,0.0 107.624384,-6.9183449,0.0 107.6228919,-6.9179856,0.0 107.6222606,-6.917826,0.0 107.619164,-6.9170804,0.0 107.6181796,-6.9168277,0.0 107.616829,-6.916491,0.0 107.6138145,-6.9157591,0.0 107.6136515,-6.9157287,0.0 107.6130062,-6.9156227,0.0 107.611193,-6.9153893,0.0 107.6109029,-6.915352,0.0 107.6102046,-6.9152669,0.0 107.6090001,-6.9151162,0.0 107.6075315,-6.9149339,0.0</coordinates>
            </LineString>
        </Placemark>
        <Placemark id="3712">
            <name>Jalur Kereta Api Cikampek–Padalarang</name>
            <styleUrl>#3713</styleUrl>
            <LineString id="3711">
                <coordinates>107.4162145,-6.5927076,0.0 107.415964,-6.592848,0.0 107.4157246,-6.5929959,0.0 107.4154355,-6.5932072,0.0 107.4151919,-6.593409,0.0 107.4145587,-6.5939511,0.0 107.4134517,-6.5950696,0.0 107.4131822,-6.5954028,0.0 107.412558,-6.5963499,0.0 107.4124003,-6.5965554,0.0 107.4118317,-6.5972412,0.0 107.4114408,-6.5977598,0.0 107.4111557,-6.5982901,0.0 107.4110002,-6.5985334,0.0 107.4108362,-6.5987245,0.0 107.4106518,-6.5989196,0.0 107.4104427,-6.5991103,0.0 107.4103873,-6.5991591,0.0 107.4100686,-6.5994797,0.0 107.4099634,-6.5996067,0.0 107.4098426,-6.5997876,0.0 107.4097664,-6.5999283,0.0 107.4096539,-6.600192,0.0 107.4096047,-6.6003916,0.0 107.4095659,-6.6005544,0.0 107.4095388,-6.6007963,0.0 107.4095102,-6.6013766,0.0 107.4094715,-6.6023871,0.0 107.4094572,-6.603623,0.0 107.4094554,-6.6047982,0.0 107.4094536,-6.6059676,0.0 107.4094523,-6.6063977,0.0</coordinates>
            </LineString>
        </Placemark>
        <Placemark id="3716">
            <name>Jalur Kereta Api Cikampek–Padalarang</name>
            <styleUrl>#3717</styleUrl>
            <LineString id="3715">
                <coordinates>107.4206441,-6.7710223,0.0 107.4259205,-6.7778073,0.0</coordinates>
            </LineString>
        </Placemark>
        <Placemark id="3720">
            <name>Jalur Kereta Api Padalarang–Kasugihan</name>
            <styleUrl>#3721</styleUrl>
            <LineString id="3719">
                <coordinates>107.5146052,-6.863278,0.0 107.5143542,-6.8627063,0.0 107.5143291,-6.8626499,0.0 107.5140321,-6.8619817,0.0 107.513967,-6.8618383,0.0 107.5138494,-6.8615946,0.0 107.5137387,-6.8613791,0.0 107.5136661,-6.861244,0.0 107.5134957,-6.8609522,0.0 107.5133453,-6.8607029,0.0 107.5130635,-6.8603007,0.0 107.5128731,-6.8600454,0.0 107.5125601,-6.859646,0.0 107.5122543,-6.85932,0.0 107.5120087,-6.8590747,0.0 107.511746,-6.8588356,0.0 107.5111458,-6.8583097,0.0 107.510678,-6.8579015,0.0 107.5103102,-6.8575559,0.0 107.5100888,-6.8573266,0.0 107.5097737,-6.8569758,0.0 107.5095649,-6.856708,0.0 107.5094118,-6.8565014,0.0 107.5092521,-6.8562498,0.0 107.5089491,-6.8557623,0.0 107.508215,-6.8544629,0.0 107.5079249,-6.8539594,0.0 107.5074234,-6.853123,0.0 107.5070994,-6.8525983,0.0 107.5067762,-6.8521126,0.0 107.5063795,-6.8515563,0.0 107.5055505,-6.850398,0.0 107.5050061,-6.8496449,0.0 107.5047511,-6.8493049,0.0 107.5045916,-6.8491112,0.0 107.5043455,-6.8488344,0.0 107.5041846,-6.8486722,0.0 107.5038604,-6.8483737,0.0 107.5036923,-6.8482328,0.0 107.5034044,-6.8479973,0.0 107.5031093,-6.8477648,0.0 107.5023024,-6.8471193,0.0 107.5022575,-6.8470837,0.0 107.5019626,-6.8468502,0.0 107.5009207,-6.8460154,0.0 107.5008748,-6.845979,0.0 107.5008325,-6.8459445,0.0</coordinates>
            </LineString>
        </Placemark>
        <Placemark id="3724">
            <name>Jalur Kereta Api Padalarang–Kasugihan</name>
            <styleUrl>#3725</styleUrl>
            <LineString id="3723">
                <coordinates>107.8339869,-6.9829872,0.0 107.8341093,-6.9831323,0.0 107.8342053,-6.9832479,0.0 107.8343048,-6.9833975,0.0 107.8343847,-6.9835333,0.0 107.834464,-6.9836838,0.0 107.8345618,-6.9839336,0.0 107.8346791,-6.9842433,0.0 107.8347732,-6.9844645,0.0 107.8348729,-6.9846483,0.0 107.8349765,-6.9847981,0.0 107.835135,-6.9849878,0.0 107.8352807,-6.9851276,0.0 107.8354259,-6.9852555,0.0 107.8355928,-6.9853736,0.0 107.8359129,-6.985577,0.0 107.8359553,-6.9856046,0.0 107.8365117,-6.985944,0.0 107.8367012,-6.9860973,0.0 107.8368805,-6.9862643,0.0 107.8370608,-6.9864422,0.0 107.8410963,-6.9910373,0.0 107.841223,-6.9911921,0.0 107.8413016,-6.9913049,0.0 107.8413695,-6.9914329,0.0 107.8414434,-6.9916271,0.0 107.8415075,-6.9918355,0.0 107.8415428,-6.992008,0.0 107.8415588,-6.9922058,0.0 107.8415563,-6.9923135,0.0 107.8415368,-6.9925189,0.0 107.8414713,-6.9927999,0.0 107.8413543,-6.9930961,0.0 107.8412386,-6.9932747,0.0 107.8408689,-6.9937566,0.0 107.8407512,-6.9939497,0.0 107.8406848,-6.9940764,0.0 107.8406334,-6.9942234,0.0 107.8405801,-6.9944196,0.0 107.8405411,-6.9947431,0.0 107.8405628,-6.9950973,0.0 107.8406253,-6.9953557,0.0 107.8407228,-6.9955901,0.0 107.840836,-6.9957997,0.0 107.8409825,-6.9959895,0.0 107.8411644,-6.9961777,0.0 107.8413559,-6.9963147,0.0 107.8415663,-6.9964306,0.0 107.8418077,-6.9965377,0.0 107.8438401,-6.9973689,0.0 107.8451447,-6.9978948,0.0 107.8453828,-6.9979448,0.0 107.845566,-6.9979626,0.0 107.8457308,-6.9979633,0.0 107.8458815,-6.9979465,0.0 107.8461127,-6.9979047,0.0 107.8462459,-6.99786,0.0 107.8463615,-6.9978083,0.0 107.8465411,-6.9977259,0.0 107.8466705,-6.9976464,0.0 107.8467783,-6.9975612,0.0 107.8469252,-6.9974229,0.0 107.8473483,-6.9969082,0.0 107.8475475,-6.9966852,0.0 107.8477454,-6.9965336,0.0 107.847893,-6.9964435,0.0 107.8480676,-6.996355,0.0 107.8483166,-6.9962688,0.0 107.8485954,-6.9962189,0.0 107.8488774,-6.9962151,0.0 107.8490854,-6.9962371,0.0 107.8494922,-6.9963427,0.0 107.8521485,-6.9970542,0.0 107.8527447,-6.9972042,0.0 107.8532339,-6.9972689,0.0 107.8535921,-6.9972814,0.0 107.8539898,-6.9972557,0.0 107.8572289,-6.9968402,0.0 107.8573566,-6.9968278,0.0 107.8576038,-6.9968337,0.0 107.8578396,-6.9968658,0.0 107.8581177,-6.9969588,0.0 107.8583747,-6.997088,0.0 107.8588694,-6.997385,0.0 107.8590997,-6.9975058,0.0 107.8593091,-6.9975774,0.0 107.8594325,-6.9976012,0.0 107.859605,-6.9976261,0.0 107.8598521,-6.9976282,0.0 107.8601183,-6.9975962,0.0 107.8606581,-6.9974356,0.0 107.8610814,-6.9973239,0.0 107.8613029,-6.9972983,0.0 107.8615497,-6.9973004,0.0 107.8617405,-6.9973274,0.0 107.8619443,-6.9973821,0.0 107.8621183,-6.9974451,0.0 107.862319,-6.9975403,0.0 107.8626433,-6.9977907,0.0 107.862864,-6.9980529,0.0 107.8630056,-6.9982667,0.0 107.863132,-6.9985806,0.0 107.8631958,-6.9989378,0.0 107.863191,-6.9992024,0.0 107.8631458,-6.9995502,0.0 107.8628941,-7.0008249,0.0 107.8628596,-7.001086,0.0 107.8628584,-7.0012549,0.0 107.8628939,-7.0015497,0.0 107.8629575,-7.0018023,0.0 107.8630736,-7.0020775,0.0 107.8632246,-7.0023214,0.0 107.8639082,-7.0030524,0.0 107.8640719,-7.0031775,0.0 107.8642971,-7.003317,0.0 107.86451,-7.0034032,0.0 107.8650892,-7.0035705,0.0 107.8653735,-7.0036511,0.0 107.8656684,-7.0038137,0.0 107.8659344,-7.0040154,0.0 107.8665973,-7.0047383,0.0 107.8667496,-7.0049353,0.0 107.866912,-7.0051537,0.0 107.8670318,-7.0053412,0.0 107.8672643,-7.005774,0.0 107.8674458,-7.0060556,0.0 107.8676431,-7.0062785,0.0 107.8678708,-7.00649,0.0 107.8682588,-7.0067549,0.0 107.8685797,-7.0069265,0.0 107.8689796,-7.0070622,0.0 107.8693754,-7.0071303,0.0 107.8697107,-7.0071256,0.0 107.8699733,-7.0071089,0.0 107.8703163,-7.007041,0.0 107.8704818,-7.0069988,0.0 107.8705791,-7.006974,0.0 107.8711315,-7.0067491,0.0 107.8721545,-7.0063143,0.0 107.8725079,-7.0062238,0.0 107.8727887,-7.0061972,0.0 107.8730443,-7.0062159,0.0 107.8733393,-7.0062839,0.0 107.8736604,-7.0064349,0.0 107.8738986,-7.0066032,0.0 107.8740892,-7.0067885,0.0 107.8742321,-7.0069706,0.0 107.8743804,-7.0072601,0.0 107.874473,-7.0075282,0.0 107.8746956,-7.0084622,0.0 107.8747659,-7.0086919,0.0 107.8748673,-7.0089268,0.0 107.8755666,-7.0101337,0.0 107.8769783,-7.0125697,0.0 107.877056,-7.0127208,0.0 107.8772595,-7.0130629,0.0 107.8773911,-7.0132613,0.0 107.8775085,-7.0134163,0.0 107.8775209,-7.0134326,0.0 107.8776194,-7.0135555,0.0 107.8778769,-7.0138366,0.0 107.8781239,-7.0140664,0.0 107.8782736,-7.0141916,0.0 107.8784851,-7.0143525,0.0 107.8786817,-7.0144855,0.0 107.8788181,-7.01457,0.0 107.8789551,-7.014648,0.0 107.8791553,-7.0147509,0.0 107.8816539,-7.0159865,0.0 107.881899,-7.0161077,0.0 107.8837824,-7.0170381,0.0 107.8845311,-7.017408,0.0 107.884558,-7.0174214,0.0 107.8845712,-7.017428,0.0</coordinates>
            </LineString>
        </Placemark>
        <Placemark id="3728">
            <name>Jalur Kereta Api Cikampek–Padalarang</name>
            <styleUrl>#3729</styleUrl>
            <LineString id="3727">
                <coordinates>107.4937867,-6.8395042,0.0 107.494297,-6.8400241,0.0 107.4946964,-6.8404035,0.0</coordinates>
            </LineString>
        </Placemark>
        <Placemark id="3732">
            <name>Jalur Kereta Api Padalarang–Kasugihan</name>
            <styleUrl>#3733</styleUrl>
            <LineString id="3731">
                <coordinates>107.6421269,-6.9234014,0.0 107.6413268,-6.9231175,0.0 107.6413003,-6.9231075,0.0 107.6401395,-6.9226764,0.0</coordinates>
            </LineString>
        </Placemark>
        <Placemark id="3736">
            <name>Route Segment</name>
            <styleUrl>#3737</styleUrl>
            <LineString id="3735">
                <coordinates>107.6456145,-6.9247603,0.0 107.6474897,-6.9254525,0.0</coordinates>
            </LineString>
        </Placemark>
        <Placemark id="3740">
            <name>Jalur Kereta Api Padalarang–Kasugihan</name>
            <styleUrl>#3741</styleUrl>
            <LineString id="3739">
                <coordinates>107.8987283,-7.0355205,0.0 107.8984378,-7.0362266,0.0 107.8980329,-7.0371756,0.0</coordinates>
            </LineString>
        </Placemark>
        <Placemark id="3744">
            <name>Jalur Kereta Api Padalarang–Kasugihan</name>
            <styleUrl>#3745</styleUrl>
            <LineString id="3743">
                <coordinates>107.8925333,-7.0499959,0.0 107.8924927,-7.0501203,0.0 107.892374,-7.050555,0.0 107.8923468,-7.0506547,0.0 107.8922792,-7.0509082,0.0 107.892214,-7.0512305,0.0 107.8922072,-7.0514901,0.0 107.8922235,-7.0516824,0.0 107.8922551,-7.0518277,0.0 107.8922985,-7.0519965,0.0 107.8923481,-7.0521653,0.0 107.8924112,-7.0522973,0.0 107.8924759,-7.0524262,0.0 107.8925426,-7.0525392,0.0 107.8926093,-7.0526331,0.0 107.8926625,-7.0526997,0.0 107.8927308,-7.0527715,0.0 107.8928587,-7.0528857,0.0 107.892978,-7.0529774,0.0 107.8930058,-7.0529988,0.0 107.8934738,-7.0533455,0.0 107.8935652,-7.0534108,0.0 107.8937471,-7.0535355,0.0 107.8939143,-7.0536351,0.0 107.8939838,-7.0536705,0.0 107.8940827,-7.0537102,0.0 107.8941683,-7.0537381,0.0 107.8942375,-7.0537558,0.0 107.8943983,-7.0537794,0.0 107.894585,-7.053795,0.0 107.8948051,-7.0537839,0.0 107.8951832,-7.0537503,0.0 107.8952101,-7.0537486,0.0 107.8953927,-7.053737,0.0 107.8955748,-7.0537372,0.0 107.8957213,-7.0537557,0.0 107.8958373,-7.0537762,0.0 107.8960438,-7.0538432,0.0 107.8962636,-7.0539566,0.0 107.8964665,-7.0540907,0.0 107.8966701,-7.0542481,0.0 107.8967933,-7.0543586,0.0 107.8969238,-7.0545078,0.0 107.8970237,-7.0546786,0.0 107.8971013,-7.0548462,0.0 107.8971764,-7.0550406,0.0 107.8972237,-7.0552322,0.0 107.897249,-7.0553917,0.0 107.8972627,-7.0555559,0.0 107.8972614,-7.0556014,0.0 107.8972584,-7.0557043,0.0 107.8972513,-7.0557912,0.0 107.8972389,-7.0558781,0.0 107.8972242,-7.0559412,0.0 107.8971394,-7.0561862,0.0 107.8967977,-7.0569771,0.0 107.8967228,-7.0572974,0.0 107.8967112,-7.0576908,0.0 107.8967639,-7.058009,0.0 107.896845,-7.0582345,0.0 107.8970093,-7.0585191,0.0 107.8971009,-7.0586268,0.0 107.8972432,-7.0587941,0.0 107.8974607,-7.0589795,0.0 107.8977444,-7.0591553,0.0 107.8980416,-7.0593097,0.0 107.8982526,-7.0594438,0.0 107.8984479,-7.0596015,0.0 107.8986527,-7.0598045,0.0 107.8987981,-7.060002,0.0 107.8988933,-7.060187,0.0 107.899016,-7.0604663,0.0 107.8993102,-7.0613685,0.0 107.8994378,-7.0617591,0.0 107.8994816,-7.0620243,0.0 107.8994928,-7.0622896,0.0 107.8994708,-7.0626635,0.0 107.8994215,-7.0630769,0.0 107.8993096,-7.0634946,0.0 107.8989646,-7.0645829,0.0 107.8988772,-7.0647836,0.0 107.8987894,-7.0649569,0.0 107.8986111,-7.0652154,0.0 107.898384,-7.0654538,0.0 107.8981136,-7.065641,0.0 107.8979012,-7.065752,0.0 107.8976197,-7.0658257,0.0 107.8970286,-7.0659731,0.0</coordinates>
            </LineString>
        </Placemark>
        <Placemark id="3748">
            <name>Jalur Kereta Api Padalarang–Kasugihan</name>
            <styleUrl>#3749</styleUrl>
            <LineString id="3747">
                <coordinates>107.965285,-7.1039426,0.0 107.965824,-7.1046164,0.0</coordinates>
            </LineString>
        </Placemark>
        <Placemark id="3752">
            <name>Jalur Kereta Api Padalarang–Kasugihan</name>
            <styleUrl>#3753</styleUrl>
            <LineString id="3751">
                <coordinates>107.9477507,-7.1042369,0.0 107.9479127,-7.1045266,0.0 107.948107,-7.1048206,0.0 107.9481847,-7.1049274,0.0 107.9482838,-7.1050341,0.0 107.9484276,-7.1051615,0.0 107.9485843,-7.1052761,0.0 107.9487665,-7.1053691,0.0 107.9489788,-7.1054408,0.0 107.9492947,-7.1055062,0.0 107.9496278,-7.105529,0.0 107.9516433,-7.1056068,0.0 107.9531249,-7.105662,0.0 107.9535945,-7.1056692,0.0 107.9537939,-7.1056653,0.0 107.9539975,-7.1056443,0.0 107.9543062,-7.1056071,0.0 107.9546707,-7.1055315,0.0 107.9550117,-7.1054282,0.0 107.9553871,-7.1052696,0.0 107.9566254,-7.104602,0.0 107.9567387,-7.1045374,0.0 107.9568605,-7.1044557,0.0 107.9570627,-7.1042904,0.0 107.9575344,-7.1038719,0.0 107.9576818,-7.1037424,0.0 107.9581639,-7.1033188,0.0 107.9585714,-7.1029641,0.0 107.9585921,-7.1029461,0.0 107.9587146,-7.1028395,0.0 107.9592344,-7.1023867,0.0 107.9597065,-7.101983,0.0 107.9599187,-7.1018176,0.0 107.9601035,-7.1016936,0.0 107.9602567,-7.1016292,0.0 107.9604249,-7.1015819,0.0 107.9606692,-7.1015157,0.0 107.960922,-7.101507,0.0 107.9611056,-7.1015126,0.0 107.9612849,-7.1015268,0.0 107.9615652,-7.1015984,0.0 107.961618,-7.101622,0.0 107.9623224,-7.1019366,0.0 107.9635672,-7.1024925,0.0 107.9638488,-7.1026365,0.0 107.9641046,-7.102789,0.0 107.9645079,-7.1030859,0.0 107.9648664,-7.1034331,0.0 107.9651458,-7.1037619,0.0 107.965285,-7.1039426,0.0</coordinates>
            </LineString>
        </Placemark>
        <Placemark id="3756">
            <name>Jalur Kereta Api Padalarang–Kasugihan</name>
            <styleUrl>#3757</styleUrl>
            <LineString id="3755">
                <coordinates>107.6401395,-6.9226764,0.0 107.6400262,-6.9226335,0.0</coordinates>
            </LineString>
        </Placemark>
        <Placemark id="3760">
            <name>Jalur Kereta Api Padalarang–Kasugihan</name>
            <styleUrl>#3761</styleUrl>
            <LineString id="3759">
                <coordinates>107.6844703,-6.9388405,0.0 107.6842899,-6.9387749,0.0</coordinates>
            </LineString>
        </Placemark>
        <Placemark id="3764">
            <name>Jalur Kereta Api Cikampek–Padalarang</name>
            <styleUrl>#3765</styleUrl>
            <LineString id="3763">
                <coordinates>107.397607,-6.6964911,0.0 107.3979275,-6.6941341,0.0</coordinates>
            </LineString>
        </Placemark>
        <Placemark id="3768">
            <name>Jalur Kereta Api Cikampek–Padalarang</name>
            <styleUrl>#3769</styleUrl>
            <LineString id="3767">
                <coordinates>107.3962624,-6.6886125,0.0 107.3962418,-6.6884499,0.0 107.3962561,-6.6881904,0.0 107.3962913,-6.6879721,0.0 107.3963726,-6.6877172,0.0 107.3964683,-6.687527,0.0 107.3966021,-6.6873157,0.0 107.3969014,-6.6870045,0.0 107.3979057,-6.6860549,0.0 107.3985986,-6.685365,0.0 107.3989224,-6.6850426,0.0 107.3992443,-6.6846936,0.0 107.3994093,-6.6844375,0.0 107.3994803,-6.6843021,0.0 107.3995432,-6.6841766,0.0 107.3995906,-6.6840639,0.0 107.3996341,-6.6839286,0.0 107.3996665,-6.6838168,0.0 107.3996923,-6.6836957,0.0 107.3997113,-6.6835837,0.0 107.3997284,-6.6834732,0.0 107.3997422,-6.6833334,0.0 107.3997525,-6.6831582,0.0 107.3997408,-6.6829954,0.0 107.3997282,-6.6828298,0.0 107.3996964,-6.6826122,0.0 107.3995891,-6.6822194,0.0 107.3994215,-6.6818603,0.0 107.3992235,-6.6815486,0.0 107.3990028,-6.6812909,0.0 107.3987733,-6.6810657,0.0 107.3982785,-6.6806447,0.0 107.3943377,-6.6772412,0.0 107.3940712,-6.6770014,0.0 107.393854,-6.6767438,0.0 107.3936685,-6.6764183,0.0 107.3936004,-6.6762412,0.0 107.3935569,-6.6760611,0.0 107.3935336,-6.675889,0.0 107.3935195,-6.675717,0.0 107.3935333,-6.6754871,0.0 107.3935899,-6.6751978,0.0 107.3936565,-6.675017,0.0 107.3937135,-6.6749011,0.0 107.3938786,-6.6746279,0.0 107.3940403,-6.6744393,0.0 107.3941628,-6.6743249,0.0 107.3943165,-6.6742078,0.0 107.3945218,-6.6740902,0.0 107.3946972,-6.6740124,0.0 107.3962866,-6.6736669,0.0 107.3967192,-6.6735736,0.0 107.3967645,-6.6735573,0.0 107.3970483,-6.673454,0.0 107.3972506,-6.6733554,0.0 107.3975467,-6.6731153,0.0 107.3977635,-6.6728657,0.0 107.397939,-6.6725596,0.0 107.3980532,-6.672237,0.0 107.3980946,-6.6718729,0.0 107.3980854,-6.671619,0.0 107.3980261,-6.6713298,0.0 107.397881,-6.6710121,0.0 107.3976805,-6.670671,0.0 107.3974631,-6.6703509,0.0 107.3972833,-6.6700475,0.0 107.3971562,-6.6697377,0.0 107.3970925,-6.6694024,0.0 107.3970817,-6.6690335,0.0 107.3971114,-6.6681721,0.0 107.3971256,-6.6661826,0.0 107.3971083,-6.6658985,0.0 107.3970814,-6.6657154,0.0 107.3969966,-6.665429,0.0 107.3968623,-6.6651506,0.0 107.3965321,-6.6647649,0.0 107.3959713,-6.6641921,0.0 107.3958034,-6.6639715,0.0 107.3956199,-6.6636193,0.0 107.3955352,-6.6633383,0.0 107.3955072,-6.6630625,0.0 107.3955368,-6.6626682,0.0</coordinates>
            </LineString>
        </Placemark>
        <Placemark id="3772">
            <name>Jalur Kereta Api Padalarang–Kasugihan</name>
            <styleUrl>#3773</styleUrl>
            <LineString id="3771">
                <coordinates>107.72254,-6.9526955,0.0 107.7189434,-6.9513822,0.0 107.7174069,-6.9508211,0.0 107.714495,-6.9497674,0.0 107.7135394,-6.9494181,0.0 107.7133637,-6.9493569,0.0 107.7129817,-6.9492216,0.0</coordinates>
            </LineString>
        </Placemark>
        <Placemark id="3776">
            <name>Jalur Kereta Api Padalarang–Kasugihan</name>
            <styleUrl>#3777</styleUrl>
            <LineString id="3775">
                <coordinates>107.7002589,-6.9445913,0.0 107.7001761,-6.9445608,0.0</coordinates>
            </LineString>
        </Placemark>
        <Placemark id="3780">
            <name>Jalur Kereta Api Padalarang–Kasugihan</name>
            <styleUrl>#3781</styleUrl>
            <LineString id="3779">
                <coordinates>107.6916047,-6.9414389,0.0 107.6911272,-6.9412651,0.0 107.6910604,-6.9412408,0.0 107.6905354,-6.9410496,0.0 107.6888974,-6.9404525,0.0 107.6881814,-6.9401931,0.0 107.6881446,-6.9401795,0.0 107.6876033,-6.9399816,0.0 107.6873668,-6.9398957,0.0</coordinates>
            </LineString>
        </Placemark>
        <Placemark id="3784">
            <name>Jalur Kereta Api Padalarang–Kasugihan</name>
            <styleUrl>#3785</styleUrl>
            <LineString id="3783">
                <coordinates>107.5709605,-6.9025168,0.0 107.5709107,-6.9024837,0.0</coordinates>
            </LineString>
        </Placemark>
        <Placemark id="3788">
            <name>Jalur Kereta Api Padalarang–Kasugihan</name>
            <styleUrl>#3789</styleUrl>
            <LineString id="3787">
                <coordinates>107.5587546,-6.8946591,0.0 107.5585905,-6.8945791,0.0 107.5583883,-6.8944868,0.0 107.5579117,-6.8942763,0.0 107.5564963,-6.8936914,0.0 107.5564467,-6.89367,0.0 107.5556579,-6.8933302,0.0 107.5552812,-6.8931679,0.0 107.5552383,-6.8931494,0.0 107.5550584,-6.8930719,0.0 107.5547416,-6.8929337,0.0 107.5543664,-6.8927701,0.0 107.5532082,-6.8922708,0.0 107.5527033,-6.892054,0.0 107.5522656,-6.8918924,0.0 107.5520268,-6.8918076,0.0 107.55168,-6.8917044,0.0 107.5513667,-6.8916182,0.0 107.5509939,-6.89154,0.0 107.5507418,-6.8914878,0.0 107.548819,-6.8911232,0.0 107.5462142,-6.8906247,0.0 107.5443969,-6.8902769,0.0 107.5443439,-6.8902668,0.0 107.5442881,-6.8902562,0.0 107.544072,-6.8902148,0.0 107.5428647,-6.8899879,0.0 107.5411587,-6.8896551,0.0</coordinates>
            </LineString>
        </Placemark>
        <Placemark id="3792">
            <name>Jalur Kereta Api Padalarang–Kasugihan</name>
            <styleUrl>#3793</styleUrl>
            <LineString id="3791">
                <coordinates>107.5411587,-6.8896551,0.0 107.5410005,-6.8896245,0.0</coordinates>
            </LineString>
        </Placemark>
        <Placemark id="3796">
            <name>Jalur Kereta Api Cikampek–Padalarang</name>
            <styleUrl>#3797</styleUrl>
            <LineString id="3795">
                <coordinates>107.4776447,-6.8118512,0.0 107.4777494,-6.8119082,0.0 107.4778388,-6.8119648,0.0 107.4779138,-6.8120232,0.0 107.4779974,-6.8120928,0.0 107.4781434,-6.8122338,0.0 107.4782701,-6.8123933,0.0 107.4783959,-6.8125602,0.0 107.4785999,-6.8128256,0.0 107.4787712,-6.8130534,0.0 107.4791636,-6.8135554,0.0 107.4793748,-6.8138436,0.0 107.4794439,-6.8139573,0.0</coordinates>
            </LineString>
        </Placemark>
        <Placemark id="3800">
            <name>Jalur Kereta Api Cikampek–Padalarang</name>
            <styleUrl>#3801</styleUrl>
            <LineString id="3799">
                <coordinates>107.4666223,-6.8046103,0.0 107.4672441,-6.804914,0.0 107.4676469,-6.8050977,0.0 107.4678564,-6.8051801,0.0 107.4680686,-6.805247,0.0 107.468272,-6.8052994,0.0 107.4685512,-6.8053479,0.0 107.4686459,-6.8053599,0.0 107.4687664,-6.805371,0.0 107.4690105,-6.8053811,0.0 107.4693101,-6.805372,0.0 107.4696563,-6.8053378,0.0 107.4699108,-6.8053086,0.0 107.4701898,-6.8052981,0.0 107.4703726,-6.8053077,0.0 107.4705823,-6.8053479,0.0 107.4707474,-6.8053922,0.0 107.4709343,-6.8054566,0.0</coordinates>
            </LineString>
        </Placemark>
        <Placemark id="3804">
            <name>Jalur Kereta Api Cikampek–Padalarang</name>
            <styleUrl>#3805</styleUrl>
            <LineString id="3803">
                <coordinates>107.4439894,-6.5810463,0.0 107.4439572,-6.5812446,0.0 107.4438895,-6.5814482,0.0 107.4438211,-6.5816236,0.0 107.4437128,-6.5818086,0.0 107.4435769,-6.5819731,0.0 107.443323,-6.5822117,0.0 107.443204,-6.5822908,0.0 107.4429149,-6.582468,0.0 107.4426773,-6.5825546,0.0 107.4424002,-6.5826032,0.0 107.4421694,-6.5826154,0.0 107.4420239,-6.5826026,0.0 107.4416455,-6.5825288,0.0 107.4413135,-6.5824113,0.0 107.4410598,-6.5822528,0.0 107.4408903,-6.582093,0.0 107.4407634,-6.5819657,0.0 107.4405981,-6.5817495,0.0 107.4404795,-6.581526,0.0 107.4404026,-6.5812851,0.0 107.4403578,-6.5810126,0.0 107.4403493,-6.5807642,0.0 107.4404203,-6.5803764,0.0 107.4405026,-6.5801313,0.0 107.4406485,-6.5798847,0.0 107.4408184,-6.5796823,0.0 107.4412199,-6.5792332,0.0 107.4413814,-6.5790213,0.0 107.4415219,-6.578781,0.0 107.4416417,-6.5785107,0.0 107.4417201,-6.578257,0.0 107.4417551,-6.5779134,0.0 107.4417391,-6.5776028,0.0 107.4416696,-6.5772945,0.0 107.4415567,-6.5770202,0.0 107.4411951,-6.576387,0.0 107.4410215,-6.5760195,0.0 107.4408956,-6.5757291,0.0 107.4400672,-6.5730957,0.0 107.439928,-6.5726523,0.0</coordinates>
            </LineString>
        </Placemark>
        <Placemark id="3808">
            <name>Jalur Kereta Api Cikampek–Padalarang</name>
            <styleUrl>#3809</styleUrl>
            <LineString id="3807">
                <coordinates>107.4461711,-6.5709631,0.0 107.4455527,-6.5716464,0.0</coordinates>
            </LineString>
        </Placemark>
        <Placemark id="3812">
            <name>Jalur Kereta Api Cikampek–Padalarang</name>
            <styleUrl>#3813</styleUrl>
            <LineString id="3811">
                <coordinates>107.4398766,-6.5725142,0.0 107.4397717,-6.5722711,0.0 107.4396343,-6.5720778,0.0 107.4394748,-6.5718947,0.0 107.4392917,-6.5717346,0.0 107.4390888,-6.5716063,0.0 107.4388753,-6.571497,0.0 107.4386369,-6.5714176,0.0 107.4381774,-6.5713614,0.0 107.4378555,-6.5714058,0.0 107.4376331,-6.5714687,0.0 107.4372182,-6.5716526,0.0 107.4368365,-6.5719736,0.0 107.436616,-6.5722741,0.0 107.4364746,-6.5725799,0.0 107.4363811,-6.5729133,0.0 107.4363229,-6.5738739,0.0 107.4362983,-6.5742793,0.0 107.4362719,-6.5745148,0.0 107.4362191,-6.5747779,0.0 107.4361746,-6.5748977,0.0 107.4360702,-6.5751175,0.0 107.4359772,-6.5752836,0.0 107.4358669,-6.5754354,0.0 107.4358516,-6.5754565,0.0 107.4358068,-6.5755042,0.0 107.4356828,-6.5756264,0.0 107.4354925,-6.5757715,0.0 107.4351781,-6.5759502,0.0 107.4348341,-6.5760528,0.0 107.4346415,-6.5760809,0.0 107.4344077,-6.5760875,0.0</coordinates>
            </LineString>
        </Placemark>
        <Placemark id="3816">
            <name>Jalur Kereta Api Cikampek–Padalarang</name>
            <styleUrl>#3817</styleUrl>
            <LineString id="3815">
                <coordinates>107.439928,-6.5726523,0.0 107.4398766,-6.5725142,0.0</coordinates>
            </LineString>
        </Placemark>
        <Placemark id="3820">
            <name>Jalur Kereta Api Cibatu–Cikajang</name>
            <styleUrl>#3821</styleUrl>
            <LineString id="3819">
                <coordinates>107.988985,-7.1376098,0.0 107.988921,-7.1377575,0.0 107.988869,-7.1378767,0.0 107.9878192,-7.1402053,0.0 107.9860601,-7.1441014,0.0 107.9858162,-7.1446467,0.0 107.9841391,-7.1483859,0.0 107.9833865,-7.1500967,0.0 107.9828618,-7.1512568,0.0 107.982624,-7.1517875,0.0 107.9813933,-7.1544961,0.0 107.9804123,-7.1566908,0.0 107.9797573,-7.1581441,0.0 107.9794279,-7.158883,0.0 107.9793642,-7.1590261,0.0 107.9785603,-7.1608055,0.0 107.9782979,-7.1614014,0.0 107.9777439,-7.1626161,0.0 107.977331,-7.1635162,0.0 107.9773194,-7.1635413,0.0</coordinates>
            </LineString>
        </Placemark>
        <Placemark id="3824">
            <name>Jalur Kereta Api Cikampek–Padalarang</name>
            <styleUrl>#3825</styleUrl>
            <LineString id="3823">
                <coordinates>107.450103,-6.5601877,0.0 107.4501706,-6.5603169,0.0</coordinates>
            </LineString>
        </Placemark>
        <Placemark id="3828">
            <name>Jalur Kereta Api Cikampek–Padalarang</name>
            <styleUrl>#3829</styleUrl>
            <LineString id="3827">
                <coordinates>107.4501706,-6.5603169,0.0 107.4505965,-6.5612222,0.0 107.4507108,-6.5614769,0.0 107.4507197,-6.5614968,0.0 107.4507943,-6.5616987,0.0 107.450863,-6.5619315,0.0 107.4508997,-6.5621485,0.0</coordinates>
            </LineString>
        </Placemark>
        <Placemark id="3832">
            <name>Jalur Kereta Api Cikampek–Padalarang</name>
            <styleUrl>#3833</styleUrl>
            <LineString id="3831">
                <coordinates>107.4508997,-6.5621485,0.0 107.4509066,-6.5622555,0.0</coordinates>
            </LineString>
        </Placemark>
        <Placemark id="3836">
            <name>Jalur Kereta Api Cikampek–Padalarang</name>
            <styleUrl>#3837</styleUrl>
            <LineString id="3835">
                <coordinates>107.4509066,-6.5622555,0.0 107.45091,-6.5624759,0.0 107.4509099,-6.5627466,0.0 107.4508858,-6.562944,0.0 107.4508306,-6.5631464,0.0 107.4507935,-6.5633051,0.0 107.450663,-6.5636699,0.0 107.4497552,-6.5654855,0.0 107.4482523,-6.568532,0.0 107.4481196,-6.5687766,0.0 107.447966,-6.5690014,0.0 107.4478393,-6.5691753,0.0 107.4472326,-6.5698563,0.0 107.4468029,-6.5703121,0.0 107.4461711,-6.5709631,0.0</coordinates>
            </LineString>
        </Placemark>
        <Placemark id="3840">
            <name>Jalur Kereta Api Cikampek–Padalarang</name>
            <styleUrl>#3841</styleUrl>
            <LineString id="3839">
                <coordinates>107.4909819,-6.8246114,0.0 107.4909391,-6.8247542,0.0 107.4908805,-6.8249117,0.0 107.4907972,-6.8250656,0.0 107.4907179,-6.8251854,0.0 107.4906244,-6.8253051,0.0</coordinates>
            </LineString>
        </Placemark>
        <Placemark id="3844">
            <name>Jalur Kereta Api Cikampek–Padalarang</name>
            <styleUrl>#3845</styleUrl>
            <LineString id="3843">
                <coordinates>107.4847467,-6.8179132,0.0 107.4848953,-6.8180079,0.0 107.4851003,-6.8181854,0.0 107.4852996,-6.8184336,0.0 107.4853478,-6.8185176,0.0 107.4853991,-6.8186134,0.0 107.4855262,-6.8188968,0.0 107.4855544,-6.8189597,0.0 107.485597,-6.8191111,0.0 107.4856183,-6.8192624,0.0 107.4855834,-6.8199655,0.0 107.4855754,-6.8203303,0.0 107.4856182,-6.8205827,0.0 107.4856375,-6.8206963,0.0 107.4857014,-6.8209082,0.0 107.4857908,-6.8211067,0.0 107.4858597,-6.8212332,0.0 107.4860541,-6.8214586,0.0 107.486254,-6.821646,0.0 107.4864798,-6.8218075,0.0 107.4869117,-6.8219919,0.0 107.4872208,-6.8220815,0.0 107.487739,-6.8221466,0.0 107.4878195,-6.8221576,0.0 107.4886482,-6.8222713,0.0 107.489508,-6.8223757,0.0 107.4901214,-6.8225645,0.0 107.490527,-6.8228638,0.0 107.4907998,-6.8232114,0.0</coordinates>
            </LineString>
        </Placemark>
        <Placemark id="3848">
            <name>Jalur Kereta Api Cibatu–Cikajang</name>
            <styleUrl>#3849</styleUrl>
            <LineString id="3847">
                <coordinates>107.9759501,-7.1665904,0.0 107.9762771,-7.1658406,0.0 107.9765453,-7.1652573,0.0 107.9770777,-7.1640756,0.0 107.9773194,-7.1635413,0.0</coordinates>
            </LineString>
        </Placemark>
        <Placemark id="3852">
            <name>Jalur Kereta Api Cibatu–Cikajang</name>
            <styleUrl>#3853</styleUrl>
            <LineString id="3851">
                <coordinates>107.9661283,-7.1812337,0.0 107.9656918,-7.1815669,0.0 107.9656452,-7.1816075,0.0 107.9616607,-7.1846768,0.0 107.9598945,-7.1860384,0.0 107.9592654,-7.1864958,0.0 107.9585736,-7.1868806,0.0 107.958226,-7.1870691,0.0 107.9576319,-7.1873256,0.0 107.9569175,-7.1875483,0.0 107.9564786,-7.1876718,0.0 107.9557344,-7.1878718,0.0 107.9480446,-7.1900056,0.0 107.9456925,-7.1906364,0.0 107.9443602,-7.1910138,0.0 107.9438882,-7.1911385,0.0 107.9435214,-7.1912352,0.0 107.9426831,-7.1914561,0.0 107.9423872,-7.19157,0.0 107.9421125,-7.191687,0.0 107.9418234,-7.1918301,0.0 107.9415404,-7.1919883,0.0 107.9413218,-7.1921335,0.0 107.941123,-7.1922757,0.0 107.940933,-7.192437,0.0 107.9407611,-7.1926013,0.0 107.9405605,-7.1928123,0.0 107.940381,-7.1930293,0.0 107.9401564,-7.1932911,0.0 107.9396131,-7.1939738,0.0 107.9388966,-7.1948305,0.0 107.9383429,-7.195512,0.0 107.9373739,-7.1967017,0.0 107.9366954,-7.1975093,0.0 107.9362306,-7.1980802,0.0 107.9352373,-7.1992695,0.0 107.9340784,-7.2006955,0.0 107.933186,-7.2017871,0.0 107.9326135,-7.2024807,0.0</coordinates>
            </LineString>
        </Placemark>
        <Placemark id="3856">
            <name>Jalur Kereta Api Cibatu–Cikajang</name>
            <styleUrl>#3857</styleUrl>
            <LineString id="3855">
                <coordinates>107.9087359,-7.2135633,0.0 107.9075096,-7.2135242,0.0 107.9073347,-7.2135185,0.0 107.9068759,-7.2135109,0.0 107.9064118,-7.2135043,0.0</coordinates>
            </LineString>
        </Placemark>
        <Placemark id="3860">
            <name>Jalur Kereta Api Cibatu–Cikajang</name>
            <styleUrl>#3861</styleUrl>
            <LineString id="3859">
                <coordinates>107.9088464,-7.2135656,0.0 107.9087359,-7.2135633,0.0</coordinates>
            </LineString>
        </Placemark>
        <Placemark id="3864">
            <name>Jalur Kereta Api Padalarang–Kasugihan</name>
            <styleUrl>#3865</styleUrl>
            <LineString id="3863">
                <coordinates>107.9787237,-7.100267,0.0 107.9793058,-7.100073,0.0</coordinates>
            </LineString>
        </Placemark>
        <Placemark id="3868">
            <name>Route Segment</name>
            <styleUrl>#3869</styleUrl>
            <LineString id="3867">
                <coordinates>107.9315276,-7.0996055,0.0 107.9313384,-7.098951,0.0 107.931297,-7.0988099,0.0 107.9308109,-7.0974245,0.0 107.930584,-7.0968237,0.0 107.9303184,-7.0961738,0.0</coordinates>
            </LineString>
        </Placemark>
        <Placemark id="3872">
            <name>Route Segment</name>
            <styleUrl>#3873</styleUrl>
            <LineString id="3871">
                <coordinates>107.6474897,-6.9254525,0.0 107.6486356,-6.925856,0.0 107.6488837,-6.9259466,0.0 107.6490128,-6.9259806,0.0 107.6492885,-6.9260515,0.0</coordinates>
            </LineString>
        </Placemark>
        <Placemark id="3876">
            <name>Route Segment</name>
            <styleUrl>#3877</styleUrl>
            <LineString id="3875">
                <coordinates>107.6453531,-6.924662,0.0 107.6446813,-6.9243697,0.0</coordinates>
            </LineString>
        </Placemark>
        <Placemark id="3880">
            <name>Route Segment</name>
            <styleUrl>#3881</styleUrl>
            <LineString id="3879">
                <coordinates>107.6054016,-6.9146581,0.0 107.6053088,-6.9146502,0.0 107.6052019,-6.9146463,0.0 107.6051178,-6.9146441,0.0 107.6049691,-6.9146378,0.0 107.604827,-6.9146301,0.0</coordinates>
            </LineString>
        </Placemark>
        <Placemark id="3884">
            <name>Jalur Kereta Api Cikampek–Padalarang</name>
            <styleUrl>#3885</styleUrl>
            <LineString id="3883">
                <coordinates>107.4441082,-6.5795453,0.0 107.4439894,-6.5810463,0.0</coordinates>
            </LineString>
        </Placemark>
        <Placemark id="3888">
            <name>Jalur Kereta Api Cikampek–Padalarang</name>
            <styleUrl>#3889</styleUrl>
            <LineString id="3887">
                <coordinates>107.4455527,-6.5716464,0.0 107.4454276,-6.5718186,0.0 107.4453604,-6.5719338,0.0 107.4452912,-6.5720614,0.0 107.4452063,-6.5722431,0.0 107.4451536,-6.5723977,0.0 107.4451137,-6.5725756,0.0 107.4450978,-6.5727461,0.0 107.4451054,-6.5728891,0.0 107.4451182,-6.5730235,0.0 107.4451508,-6.5732691,0.0 107.4452726,-6.5742041,0.0 107.4453757,-6.5749982,0.0 107.445411,-6.57538,0.0 107.4454276,-6.5757113,0.0 107.4454053,-6.5759457,0.0 107.4453399,-6.5762795,0.0</coordinates>
            </LineString>
        </Placemark>
        <Placemark id="3892">
            <name>Route Segment</name>
            <styleUrl>#3893</styleUrl>
            <LineString id="3891">
                <coordinates>107.6016923,-6.9144609,0.0 107.6027956,-6.9145101,0.0</coordinates>
            </LineString>
        </Placemark>
        <Placemark id="3896">
            <name>Jalur Kereta Api Padalarang–Kasugihan</name>
            <styleUrl>#3897</styleUrl>
            <LineString id="3895">
                <coordinates>107.582223,-6.9100138,0.0 107.5822692,-6.9100431,0.0</coordinates>
            </LineString>
        </Placemark>
        <Placemark id="3900">
            <name>Jalur Kereta Api Padalarang–Kasugihan</name>
            <styleUrl>#3901</styleUrl>
            <LineString id="3899">
                <coordinates>107.5817323,-6.9096453,0.0 107.5816812,-6.9096115,0.0 107.5816361,-6.9095817,0.0 107.5810499,-6.9091975,0.0 107.579574,-6.9082209,0.0 107.5792984,-6.9080332,0.0 107.5792607,-6.908008,0.0 107.5780383,-6.907198,0.0 107.5778545,-6.9070779,0.0 107.5775156,-6.9068565,0.0 107.5774751,-6.9068302,0.0 107.5769035,-6.9064503,0.0 107.5758283,-6.9057425,0.0 107.5749856,-6.9051896,0.0 107.5744233,-6.9048124,0.0 107.572871,-6.903785,0.0 107.5709605,-6.9025168,0.0</coordinates>
            </LineString>
        </Placemark>
        <Placemark id="3904">
            <name>Jalur Kereta Api Padalarang–Kasugihan</name>
            <styleUrl>#3905</styleUrl>
            <LineString id="3903">
                <coordinates>107.747952,-6.9619412,0.0 107.7478153,-6.9618898,0.0 107.7413143,-6.9595261,0.0 107.7409155,-6.9593802,0.0 107.732919,-6.9564742,0.0 107.7277488,-6.954594,0.0</coordinates>
            </LineString>
        </Placemark>
        <Placemark id="3908">
            <name>Jalur Kereta Api Padalarang–Kasugihan</name>
            <styleUrl>#3909</styleUrl>
            <LineString id="3907">
                <coordinates>107.7732436,-6.9711354,0.0 107.7730842,-6.971084,0.0</coordinates>
            </LineString>
        </Placemark>
        <Placemark id="3912">
            <name>Jalur Kereta Api Padalarang–Kasugihan</name>
            <styleUrl>#3913</styleUrl>
            <LineString id="3911">
                <coordinates>107.7728928,-6.9710179,0.0 107.7706185,-6.9701895,0.0 107.7695225,-6.9698003,0.0 107.7680425,-6.9692454,0.0 107.7637057,-6.9676716,0.0 107.7627367,-6.9673188,0.0 107.7620996,-6.9670865,0.0 107.762047,-6.967067,0.0 107.7610648,-6.9667137,0.0 107.7596095,-6.9661822,0.0 107.75859,-6.9658127,0.0 107.7584866,-6.9657757,0.0 107.7580491,-6.9656144,0.0</coordinates>
            </LineString>
        </Placemark>
        <Placemark id="3916">
            <name>Jalur Kereta Api Padalarang–Kasugihan</name>
            <styleUrl>#3917</styleUrl>
            <LineString id="3915">
                <coordinates>107.7480496,-6.9619745,0.0 107.747952,-6.9619412,0.0</coordinates>
            </LineString>
        </Placemark>
        <Placemark id="3920">
            <name>Jalur Kereta Api Padalarang–Kasugihan</name>
            <styleUrl>#3921</styleUrl>
            <LineString id="3919">
                <coordinates>107.7808479,-6.9739068,0.0 107.779933,-6.973572,0.0 107.7732436,-6.9711354,0.0</coordinates>
            </LineString>
        </Placemark>
        <Placemark id="3924">
            <name>Jalur Kereta Api Padalarang–Kasugihan</name>
            <styleUrl>#3925</styleUrl>
            <LineString id="3923">
                <coordinates>107.7810284,-6.9739745,0.0 107.7808479,-6.9739068,0.0</coordinates>
            </LineString>
        </Placemark>
        <Placemark id="3928">
            <name>Route Segment</name>
            <styleUrl>#3929</styleUrl>
            <LineString id="3927">
                <coordinates>107.7542976,-6.9642063,0.0 107.7548615,-6.96442,0.0 107.754917,-6.964441,0.0 107.7553737,-6.9646056,0.0 107.7570304,-6.9652028,0.0 107.7572606,-6.9652869,0.0 107.7573105,-6.9653054,0.0 107.757362,-6.9653245,0.0 107.7577073,-6.9654702,0.0 107.7580491,-6.9656144,0.0</coordinates>
            </LineString>
        </Placemark>
        <Placemark id="3932">
            <name>Jalur Kereta Api Padalarang–Kasugihan</name>
            <styleUrl>#3933</styleUrl>
            <LineString id="3931">
                <coordinates>107.9384229,-7.103509,0.0 107.9385111,-7.1035832,0.0 107.9386324,-7.1036639,0.0 107.9388651,-7.1037782,0.0 107.9390461,-7.1038452,0.0 107.9392871,-7.103891,0.0 107.9404262,-7.1040111,0.0 107.9415364,-7.1041187,0.0 107.9418292,-7.1041388,0.0 107.9421135,-7.1041419,0.0 107.9425669,-7.10411,0.0 107.9430398,-7.1040194,0.0 107.9433237,-7.1039399,0.0 107.9436119,-7.1038434,0.0 107.9444652,-7.1035258,0.0 107.9452817,-7.1032082,0.0 107.9456985,-7.1030921,0.0 107.9459109,-7.1030716,0.0 107.9461232,-7.1030778,0.0 107.9462891,-7.1030965,0.0 107.9464764,-7.1031364,0.0 107.946708,-7.103204,0.0 107.9468573,-7.1032719,0.0 107.9470215,-7.1033638,0.0 107.9472394,-7.1035345,0.0 107.9473686,-7.1036552,0.0 107.9474805,-7.1038099,0.0 107.9476231,-7.104017,0.0 107.9477507,-7.1042369,0.0</coordinates>
            </LineString>
        </Placemark>
        <Placemark id="3936">
            <name>Jalur Kereta Api Padalarang–Kasugihan</name>
            <styleUrl>#3937</styleUrl>
            <LineString id="3935">
                <coordinates>107.9380623,-7.1031542,0.0 107.9383361,-7.1034236,0.0 107.9384229,-7.103509,0.0</coordinates>
            </LineString>
        </Placemark>
        <Placemark id="3940">
            <name>Jalur Kereta Api Padalarang–Kasugihan</name>
            <styleUrl>#3941</styleUrl>
            <LineString id="3939">
                <coordinates>107.924539,-7.0875127,0.0 107.9247816,-7.0875982,0.0 107.9252021,-7.08778,0.0 107.9255242,-7.0879582,0.0 107.925812,-7.0881492,0.0 107.926285,-7.0885169,0.0 107.9277161,-7.0899393,0.0 107.9279043,-7.0901436,0.0 107.9280601,-7.090344,0.0 107.9283912,-7.0908665,0.0 107.9285823,-7.0912682,0.0 107.9290276,-7.0925618,0.0</coordinates>
            </LineString>
        </Placemark>
        <Placemark id="3944">
            <name>Jalur Kereta Api Padalarang–Kasugihan</name>
            <styleUrl>#3945</styleUrl>
            <LineString id="3943">
                <coordinates>107.9244662,-7.087495,0.0 107.924539,-7.0875127,0.0</coordinates>
            </LineString>
        </Placemark>
        <Placemark id="3948">
            <name>Jalur Kereta Api Padalarang–Kasugihan</name>
            <styleUrl>#3949</styleUrl>
            <LineString id="3947">
                <coordinates>107.9214134,-7.0868582,0.0 107.9244662,-7.087495,0.0</coordinates>
            </LineString>
        </Placemark>
        <Placemark id="3952">
            <name>Jalur Kereta Api Padalarang–Kasugihan</name>
            <styleUrl>#3953</styleUrl>
            <LineString id="3951">
                <coordinates>107.9213349,-7.0868435,0.0 107.9214134,-7.0868582,0.0</coordinates>
            </LineString>
        </Placemark>
        <Placemark id="3956">
            <name>Jalur Kereta Api Padalarang–Kasugihan</name>
            <styleUrl>#3957</styleUrl>
            <LineString id="3955">
                <coordinates>107.9181234,-7.0873226,0.0 107.918793,-7.0870631,0.0 107.9192494,-7.0869144,0.0 107.9195942,-7.0868295,0.0 107.9198748,-7.0867809,0.0 107.9201661,-7.0867536,0.0 107.9205282,-7.0867398,0.0 107.9208586,-7.0867638,0.0 107.9213349,-7.0868435,0.0</coordinates>
            </LineString>
        </Placemark>
        <Placemark id="3960">
            <name>Jalur Kereta Api Padalarang–Kasugihan</name>
            <styleUrl>#3961</styleUrl>
            <LineString id="3959">
                <coordinates>107.9180586,-7.0873452,0.0 107.9181234,-7.0873226,0.0</coordinates>
            </LineString>
        </Placemark>
        <Placemark id="3964">
            <name>Jalur Kereta Api Padalarang–Kasugihan</name>
            <styleUrl>#3965</styleUrl>
            <LineString id="3963">
                <coordinates>107.9139531,-7.0882815,0.0 107.9143997,-7.0883977,0.0 107.9145028,-7.0884146,0.0 107.9147675,-7.0884389,0.0 107.9150344,-7.0884373,0.0 107.9152656,-7.0884032,0.0 107.9157383,-7.0882398,0.0 107.9180586,-7.0873452,0.0</coordinates>
            </LineString>
        </Placemark>
        <Placemark id="3968">
            <name>Jalur Kereta Api Padalarang–Kasugihan</name>
            <styleUrl>#3969</styleUrl>
            <LineString id="3967">
                <coordinates>107.913778,-7.088231,0.0 107.9139531,-7.0882815,0.0</coordinates>
            </LineString>
        </Placemark>
        <Placemark id="3972">
            <name>Jalur Kereta Api Padalarang–Kasugihan</name>
            <styleUrl>#3973</styleUrl>
            <LineString id="3971">
                <coordinates>107.8942095,-7.0671015,0.0 107.8939163,-7.067195,0.0 107.8935971,-7.0673643,0.0 107.8932642,-7.0676135,0.0 107.8930343,-7.0678527,0.0 107.892805,-7.0681309,0.0 107.8926818,-7.068301,0.0 107.8926174,-7.0684589,0.0 107.8925662,-7.0686284,0.0 107.892324,-7.0694976,0.0 107.8922399,-7.069686,0.0 107.8918419,-7.0703371,0.0 107.8916104,-7.0706632,0.0 107.8914252,-7.0708744,0.0 107.8912289,-7.071027,0.0 107.8909683,-7.0711603,0.0 107.8906972,-7.0712652,0.0 107.8903836,-7.0713234,0.0 107.8896958,-7.0713753,0.0 107.8893658,-7.0714122,0.0 107.8889726,-7.0715143,0.0 107.8885637,-7.0716673,0.0 107.8882123,-7.0717983,0.0 107.8879015,-7.0719357,0.0 107.8875217,-7.0721254,0.0 107.8874109,-7.0721904,0.0 107.8872317,-7.0723156,0.0 107.8870662,-7.0724559,0.0 107.886941,-7.072604,0.0 107.8867794,-7.0728444,0.0 107.8866544,-7.073116,0.0 107.8865811,-7.0733954,0.0 107.886497,-7.0738472,0.0 107.8864399,-7.0741213,0.0 107.8863871,-7.0742986,0.0 107.8862787,-7.0745401,0.0 107.886194,-7.0746928,0.0 107.8861121,-7.0748135,0.0 107.8859544,-7.0749854,0.0 107.8857819,-7.0751355,0.0 107.8856362,-7.07523,0.0 107.8854009,-7.0753515,0.0 107.8852342,-7.0754054,0.0 107.8850545,-7.0754452,0.0 107.8845827,-7.0754945,0.0 107.8839337,-7.0755239,0.0 107.8837779,-7.0755564,0.0 107.883595,-7.0756047,0.0 107.8834081,-7.0756867,0.0 107.8831595,-7.0758448,0.0 107.8829176,-7.076058,0.0 107.8827403,-7.0762763,0.0 107.8825774,-7.0765608,0.0 107.8825193,-7.0767034,0.0 107.8824355,-7.0769853,0.0 107.8824018,-7.0772597,0.0 107.8824034,-7.0775102,0.0 107.8824364,-7.0777249,0.0 107.8824794,-7.0779028,0.0 107.8825304,-7.0780455,0.0 107.8826045,-7.0782222,0.0 107.8826834,-7.078361,0.0 107.8827983,-7.0785204,0.0 107.8829041,-7.0786454,0.0 107.8830741,-7.078801,0.0 107.8832734,-7.0789429,0.0 107.8834484,-7.0790367,0.0 107.8837243,-7.0791402,0.0 107.8840091,-7.0792065,0.0 107.8843753,-7.0792742,0.0 107.8849921,-7.0793749,0.0 107.8855874,-7.0794703,0.0</coordinates>
            </LineString>
        </Placemark>
        <Placemark id="3976">
            <name>Jalur Kereta Api Padalarang–Kasugihan</name>
            <styleUrl>#3977</styleUrl>
            <LineString id="3975">
                <coordinates>107.8944115,-7.067083,0.0 107.8942095,-7.0671015,0.0</coordinates>
            </LineString>
        </Placemark>
        <Placemark id="3980">
            <name>Jalur Kereta Api Padalarang–Kasugihan</name>
            <styleUrl>#3981</styleUrl>
            <LineString id="3979">
                <coordinates>107.8966724,-7.0661435,0.0 107.8965639,-7.0662394,0.0 107.8959817,-7.0667326,0.0 107.8957105,-7.0669156,0.0 107.8953936,-7.0670112,0.0 107.8950524,-7.06706,0.0 107.8944115,-7.067083,0.0</coordinates>
            </LineString>
        </Placemark>
        <Placemark id="3984">
            <name>Jalur Kereta Api Padalarang–Kasugihan</name>
            <styleUrl>#3985</styleUrl>
            <LineString id="3983">
                <coordinates>107.8970286,-7.0659731,0.0 107.8968442,-7.0660396,0.0 107.8966724,-7.0661435,0.0</coordinates>
            </LineString>
        </Placemark>
        <Placemark id="3988">
            <name>Jalur Kereta Api Cibatu–Cikajang</name>
            <styleUrl>#3989</styleUrl>
            <LineString id="3987">
                <coordinates>107.9064118,-7.2135043,0.0 107.9062381,-7.2135006,0.0</coordinates>
            </LineString>
        </Placemark>
        <Placemark id="3992">
            <name>Jalur Kereta Api Cikampek–Padalarang</name>
            <styleUrl>#3993</styleUrl>
            <LineString id="3991">
                <coordinates>107.4079503,-6.7557201,0.0 107.4079103,-6.755801,0.0 107.4078907,-6.7558406,0.0 107.4078156,-6.7559621,0.0 107.4076415,-6.7561806,0.0 107.4073597,-6.7564396,0.0 107.4065218,-6.7571506,0.0 107.4062591,-6.7574132,0.0 107.4061454,-6.7575492,0.0 107.4060541,-6.7576891,0.0 107.4059532,-6.7578562,0.0 107.4058972,-6.7579708,0.0 107.4058313,-6.7581239,0.0 107.4058033,-6.7582109,0.0 107.4057659,-6.7583504,0.0 107.4057344,-6.7584899,0.0 107.4056972,-6.7587205,0.0 107.4056858,-6.7589915,0.0 107.4057141,-6.7592693,0.0 107.4057524,-6.7594387,0.0 107.4058289,-6.7596829,0.0 107.4058933,-6.7598369,0.0 107.4059716,-6.7599909,0.0 107.4060584,-6.7601245,0.0 107.4061555,-6.7602563,0.0 107.4063968,-6.7604878,0.0 107.4065808,-6.7606193,0.0 107.4067799,-6.7607272,0.0 107.4070545,-6.7608287,0.0 107.4073252,-6.7608786,0.0 107.4076382,-6.760893,0.0 107.407886,-6.760887,0.0</coordinates>
            </LineString>
        </Placemark>
        <Placemark id="3996">
            <name>Jalur Kereta Api Cikampek–Padalarang</name>
            <styleUrl>#3997</styleUrl>
            <LineString id="3995">
                <coordinates>107.4081048,-6.7552399,0.0 107.4080751,-6.7553808,0.0 107.408007,-6.7555835,0.0 107.4079503,-6.7557201,0.0</coordinates>
            </LineString>
        </Placemark>
        <Placemark id="4000">
            <name>Jalur Kereta Api Cikampek–Padalarang</name>
            <styleUrl>#4001</styleUrl>
            <LineString id="3999">
                <coordinates>107.4157773,-6.7574737,0.0 107.4159393,-6.7574314,0.0 107.4161473,-6.7573961,0.0 107.4163275,-6.7573851,0.0 107.4165488,-6.757398,0.0 107.4168191,-6.7574491,0.0 107.4176284,-6.7576923,0.0 107.4178161,-6.7577753,0.0 107.4179669,-6.7578644,0.0 107.4180585,-6.7579333,0.0 107.418162,-6.7580336,0.0 107.4183305,-6.7582209,0.0 107.4185228,-6.7584942,0.0 107.4186944,-6.7588539,0.0</coordinates>
            </LineString>
        </Placemark>
        <Placemark id="4004">
            <name>Jalur Kereta Api Cikampek–Padalarang</name>
            <styleUrl>#4005</styleUrl>
            <LineString id="4003">
                <coordinates>107.4152182,-6.7578001,0.0 107.4153109,-6.7577239,0.0 107.415429,-6.7576407,0.0 107.4155466,-6.7575713,0.0 107.4156563,-6.7575206,0.0 107.4157773,-6.7574737,0.0</coordinates>
            </LineString>
        </Placemark>
        <Placemark id="4008">
            <name>Jalur Kereta Api Cikampek–Padalarang</name>
            <styleUrl>#4009</styleUrl>
            <LineString id="4007">
                <coordinates>107.4189987,-6.7596584,0.0 107.4190824,-6.7598795,0.0 107.419353,-6.7605371,0.0 107.4194985,-6.7607542,0.0 107.4196721,-6.7609641,0.0 107.4198806,-6.761104,0.0 107.4201202,-6.7612927,0.0 107.4206401,-6.7615564,0.0 107.4210669,-6.7617473,0.0 107.421361,-6.7619281,0.0 107.4216002,-6.762111,0.0 107.4216192,-6.762132,0.0 107.4217965,-6.7623276,0.0 107.4219835,-6.7626187,0.0 107.4220838,-6.7628379,0.0 107.42216,-6.7631832,0.0 107.4221727,-6.7634659,0.0 107.4221406,-6.76373,0.0 107.422072,-6.7640895,0.0 107.4216774,-6.7658056,0.0 107.4214876,-6.7666327,0.0 107.4212865,-6.7675094,0.0 107.4212044,-6.7677635,0.0</coordinates>
            </LineString>
        </Placemark>
        <Placemark id="4012">
            <name>Jalur Kereta Api Cikampek–Padalarang</name>
            <styleUrl>#4013</styleUrl>
            <LineString id="4011">
                <coordinates>107.4186944,-6.7588539,0.0 107.4189987,-6.7596584,0.0</coordinates>
            </LineString>
        </Placemark>
        <Placemark id="4016">
            <name>Jalur Kereta Api Cikampek–Padalarang</name>
            <styleUrl>#4017</styleUrl>
            <LineString id="4015">
                <coordinates>107.4204993,-6.7688591,0.0 107.4203714,-6.7690721,0.0 107.4202911,-6.7692615,0.0 107.4202379,-6.769461,0.0 107.4202263,-6.76952,0.0 107.420205,-6.7697569,0.0 107.4202026,-6.7699344,0.0 107.4202164,-6.7700934,0.0 107.4202499,-6.7702681,0.0 107.4203166,-6.7704667,0.0 107.4204173,-6.7706915,0.0 107.42054,-6.7708835,0.0 107.4206441,-6.7710223,0.0</coordinates>
            </LineString>
        </Placemark>
        <Placemark id="4020">
            <name>Jalur Kereta Api Cikampek–Padalarang</name>
            <styleUrl>#4021</styleUrl>
            <LineString id="4019">
                <coordinates>107.4207658,-6.7684805,0.0 107.4204993,-6.7688591,0.0</coordinates>
            </LineString>
        </Placemark>
        <Placemark id="4024">
            <name>Jalur Kereta Api Cikampek–Padalarang</name>
            <styleUrl>#4025</styleUrl>
            <LineString id="4023">
                <coordinates>107.4210279,-6.768122,0.0 107.4207658,-6.7684805,0.0</coordinates>
            </LineString>
        </Placemark>
        <Placemark id="4028">
            <name>Jalur Kereta Api Cikampek–Padalarang</name>
            <styleUrl>#4029</styleUrl>
            <LineString id="4027">
                <coordinates>107.4212044,-6.7677635,0.0 107.4211252,-6.7679399,0.0 107.4210279,-6.768122,0.0</coordinates>
            </LineString>
        </Placemark>
        <Placemark id="4032">
            <name>Jalur Kereta Api Cibatu–Cikajang</name>
            <styleUrl>#4033</styleUrl>
            <LineString id="4031">
                <coordinates>107.9826491,-7.098676,0.0 107.9828002,-7.0985837,0.0 107.9830828,-7.0984109,0.0 107.9833677,-7.0982361,0.0 107.983947,-7.0978836,0.0 107.9841859,-7.0977534,0.0 107.9844151,-7.0976394,0.0 107.9846295,-7.097569,0.0 107.984831,-7.0975164,0.0 107.9850124,-7.0974979,0.0 107.9851938,-7.0974997,0.0 107.9853729,-7.0975249,0.0 107.9855295,-7.0975628,0.0 107.9858335,-7.0976677,0.0 107.9861362,-7.0978401,0.0 107.9863648,-7.0980297,0.0 107.9865607,-7.0982393,0.0 107.9866897,-7.098466,0.0 107.9867861,-7.0987279,0.0 107.9868621,-7.0989999,0.0 107.9869591,-7.0993473,0.0 107.9873417,-7.1007241,0.0 107.9875093,-7.1013169,0.0</coordinates>
            </LineString>
        </Placemark>
        <Placemark id="4036">
            <name>Jalur Kereta Api Cibatu–Cikajang</name>
            <styleUrl>#4037</styleUrl>
            <LineString id="4035">
                <coordinates>107.9875093,-7.1013169,0.0 107.9876108,-7.1016801,0.0</coordinates>
            </LineString>
        </Placemark>
        <Placemark id="4040">
            <name>Jalur Kereta Api Cibatu–Cikajang</name>
            <styleUrl>#4041</styleUrl>
            <LineString id="4039">
                <coordinates>107.9664101,-7.1810151,0.0 107.9663674,-7.1810483,0.0 107.9661283,-7.1812337,0.0</coordinates>
            </LineString>
        </Placemark>
        <Placemark id="4044">
            <name>Jalur Kereta Api Cibatu–Cikajang</name>
            <styleUrl>#4045</styleUrl>
            <LineString id="4043">
                <coordinates>107.9325074,-7.2026084,0.0 107.9307643,-7.2047456,0.0 107.9299464,-7.2057163,0.0 107.9298232,-7.2058384,0.0 107.929418,-7.2061909,0.0 107.9293871,-7.2062096,0.0 107.929044,-7.206409,0.0 107.9287006,-7.2066004,0.0 107.9247948,-7.2083802,0.0 107.9234778,-7.208969,0.0 107.9228804,-7.2092361,0.0 107.9225789,-7.209375,0.0 107.919392,-7.2108431,0.0 107.9181021,-7.2114401,0.0 107.9180424,-7.2114707,0.0 107.9167662,-7.2120339,0.0 107.9149257,-7.2128631,0.0</coordinates>
            </LineString>
        </Placemark>
        <Placemark id="4048">
            <name>Jalur Kereta Api Cibatu–Cikajang</name>
            <styleUrl>#4049</styleUrl>
            <LineString id="4047">
                <coordinates>107.9326135,-7.2024807,0.0 107.9325074,-7.2026084,0.0</coordinates>
            </LineString>
        </Placemark>
        <Placemark id="4052">
            <name>Jalur Kereta Api Cibatu–Cikajang</name>
            <styleUrl>#4053</styleUrl>
            <LineString id="4051">
                <coordinates>107.9146435,-7.212991,0.0 107.9141736,-7.2132149,0.0 107.9139818,-7.2132946,0.0 107.9138855,-7.2133346,0.0 107.9136057,-7.2134381,0.0 107.9131207,-7.2135708,0.0 107.9128086,-7.2136259,0.0 107.9126514,-7.2136416,0.0 107.9123533,-7.213649,0.0 107.9119794,-7.2136408,0.0 107.911087,-7.2136267,0.0 107.910293,-7.2136027,0.0 107.9095077,-7.2135825,0.0 107.9090466,-7.2135707,0.0 107.9088464,-7.2135656,0.0</coordinates>
            </LineString>
        </Placemark>
        <Placemark id="4056">
            <name>Jalur Kereta Api Cibatu–Cikajang</name>
            <styleUrl>#4057</styleUrl>
            <LineString id="4055">
                <coordinates>107.9149257,-7.2128631,0.0 107.914769,-7.2129345,0.0 107.9146435,-7.212991,0.0</coordinates>
            </LineString>
        </Placemark>
        <Placemark id="4060">
            <name>Jalur Kereta Api Padalarang–Kasugihan</name>
            <styleUrl>#4061</styleUrl>
            <LineString id="4059">
                <coordinates>107.8980329,-7.0371756,0.0 107.8979798,-7.0373099,0.0 107.8979205,-7.0375057,0.0 107.8978261,-7.0381361,0.0 107.8977587,-7.0384459,0.0 107.8976666,-7.0386621,0.0 107.8975822,-7.0387957,0.0 107.8973584,-7.0390305,0.0 107.8945823,-7.0409812,0.0 107.8943451,-7.0412058,0.0 107.894101,-7.0415179,0.0 107.8939502,-7.0418586,0.0 107.893878,-7.0422018,0.0 107.8938811,-7.0425432,0.0 107.8939399,-7.0429149,0.0 107.894107,-7.0432951,0.0 107.8942984,-7.0435964,0.0 107.8945713,-7.0438512,0.0 107.8949503,-7.0440806,0.0 107.8953605,-7.0442573,0.0 107.8956946,-7.0444214,0.0 107.8960113,-7.044651,0.0 107.8962554,-7.0449422,0.0 107.8964184,-7.0451978,0.0 107.8965425,-7.0454843,0.0 107.8965843,-7.04577,0.0 107.8965991,-7.0459892,0.0 107.8965874,-7.046172,0.0 107.8965046,-7.0465408,0.0 107.8963704,-7.0468405,0.0 107.8961399,-7.047156,0.0 107.89587,-7.0474083,0.0 107.8955228,-7.0476285,0.0 107.8949168,-7.0479537,0.0 107.8942999,-7.0482332,0.0 107.8939481,-7.0483877,0.0 107.893694,-7.0485164,0.0 107.8934629,-7.0486688,0.0 107.8932907,-7.0488044,0.0 107.8931311,-7.048972,0.0 107.892899,-7.0492492,0.0 107.8927816,-7.0494355,0.0 107.8926764,-7.0496342,0.0</coordinates>
            </LineString>
        </Placemark>
        <Placemark id="4064">
            <name>Jalur Kereta Api Padalarang–Kasugihan</name>
            <styleUrl>#4065</styleUrl>
            <LineString id="4063">
                <coordinates>107.8926764,-7.0496342,0.0 107.8926017,-7.0498132,0.0 107.8925333,-7.0499959,0.0</coordinates>
            </LineString>
        </Placemark>
        <Placemark id="4068">
            <name>Route Segment</name>
            <styleUrl>#4069</styleUrl>
            <LineString id="4067">
                <coordinates>107.8321639,-6.98098,0.0 107.8331538,-6.9821056,0.0</coordinates>
            </LineString>
        </Placemark>
        <Placemark id="4072">
            <name>Jalur Kereta Api Padalarang–Kasugihan</name>
            <styleUrl>#4073</styleUrl>
            <LineString id="4071">
                <coordinates>107.7843598,-6.9751803,0.0 107.7834435,-6.9748474,0.0 107.7810284,-6.9739745,0.0</coordinates>
            </LineString>
        </Placemark>
        <Placemark id="4076">
            <name>Jalur Kereta Api Padalarang–Kasugihan</name>
            <styleUrl>#4077</styleUrl>
            <LineString id="4075">
                <coordinates>107.7845186,-6.9752392,0.0 107.7843598,-6.9751803,0.0</coordinates>
            </LineString>
        </Placemark>
        <Placemark id="4080">
            <name>Jalur Kereta Api Padalarang–Kasugihan</name>
            <styleUrl>#4081</styleUrl>
            <LineString id="4079">
                <coordinates>107.7730001,-6.9710556,0.0 107.7728928,-6.9710179,0.0</coordinates>
            </LineString>
        </Placemark>
        <Placemark id="4084">
            <name>Jalur Kereta Api Padalarang–Kasugihan</name>
            <styleUrl>#4085</styleUrl>
            <LineString id="4083">
                <coordinates>107.7730842,-6.971084,0.0 107.7730001,-6.9710556,0.0</coordinates>
            </LineString>
        </Placemark>
        <Placemark id="4088">
            <name>Jalur Kereta Api Cikampek–Padalarang</name>
            <styleUrl>#4089</styleUrl>
            <LineString id="4087">
                <coordinates>107.4922847,-6.8380948,0.0 107.4926181,-6.838399,0.0 107.4928992,-6.8386526,0.0 107.4931765,-6.8389055,0.0 107.4933901,-6.8391101,0.0 107.4936195,-6.839335,0.0 107.4937867,-6.8395042,0.0</coordinates>
            </LineString>
        </Placemark>
        <Placemark id="4092">
            <name>Jalur Kereta Api Cikampek–Padalarang</name>
            <styleUrl>#4093</styleUrl>
            <LineString id="4091">
                <coordinates>107.4492487,-6.5584123,0.0 107.4493173,-6.558556,0.0 107.450103,-6.5601877,0.0</coordinates>
            </LineString>
        </Placemark>
        <Placemark id="4096">
            <name>Jalur Kereta Api Padalarang–Kasugihan</name>
            <styleUrl>#4097</styleUrl>
            <LineString id="4095">
                <coordinates>107.8994745,-7.0829479,0.0 107.8995266,-7.0830897,0.0 107.8995628,-7.0832109,0.0 107.8995919,-7.0833358,0.0 107.899606,-7.0834037,0.0 107.8996142,-7.0834501,0.0 107.8996259,-7.0835201,0.0 107.8996726,-7.0838937,0.0 107.8997875,-7.0848393,0.0 107.8998031,-7.084983,0.0</coordinates>
            </LineString>
        </Placemark>
        <Placemark id="4100">
            <name>Jalur Kereta Api Padalarang–Kasugihan</name>
            <styleUrl>#4101</styleUrl>
            <LineString id="4099">
                <coordinates>107.8857414,-7.079493,0.0 107.8862132,-7.0795731,0.0 107.8864172,-7.0796094,0.0 107.8940983,-7.0808781,0.0 107.8959238,-7.0811814,0.0 107.8963806,-7.0812587,0.0 107.8976449,-7.0814674,0.0 107.8978347,-7.0815018,0.0 107.8980061,-7.0815432,0.0 107.898165,-7.0815981,0.0 107.8983362,-7.0816792,0.0 107.8984258,-7.0817329,0.0 107.8985269,-7.0818031,0.0 107.8986719,-7.0819106,0.0 107.8988534,-7.0821002,0.0 107.8988827,-7.082129,0.0 107.8988956,-7.0821417,0.0</coordinates>
            </LineString>
        </Placemark>
        <Placemark id="4104">
            <name>Jalur Kereta Api Cikampek–Padalarang</name>
            <styleUrl>#4105</styleUrl>
            <LineString id="4103">
                <coordinates>107.3898939,-6.7148342,0.0 107.38964,-6.7146552,0.0 107.3894905,-6.7145638,0.0 107.3892805,-6.714461,0.0 107.3891095,-6.7144001,0.0 107.3888948,-6.7143517,0.0 107.3887233,-6.7143263,0.0 107.3885103,-6.7143245,0.0 107.3883009,-6.7143412,0.0 107.3881742,-6.7143676,0.0 107.3880563,-6.7143958,0.0 107.387865,-6.7144635,0.0 107.3877083,-6.7145339,0.0 107.3875402,-6.7146274,0.0 107.3871761,-6.7148589,0.0 107.3869827,-6.7149713,0.0 107.3867465,-6.7150743,0.0 107.3866043,-6.7151174,0.0 107.3865186,-6.7151416,0.0 107.3865084,-6.7151445,0.0 107.3864039,-6.7151645,0.0 107.3862053,-6.7151925,0.0 107.3860354,-6.7152019,0.0 107.3858516,-6.7151903,0.0 107.3856539,-6.7151509,0.0 107.3854446,-6.7150981,0.0 107.3852434,-6.7150091,0.0 107.3850735,-6.7149125,0.0 107.3848925,-6.7147782,0.0 107.3847348,-6.7146373,0.0 107.3846072,-6.7144912,0.0 107.3844904,-6.7143061,0.0 107.3844353,-6.7142089,0.0 107.38439,-6.7141168,0.0 107.384331,-6.7139711,0.0 107.3843034,-6.7138863,0.0 107.3842836,-6.7137989,0.0 107.3842568,-6.7136424,0.0 107.3842515,-6.7134618,0.0 107.3842563,-6.7133338,0.0 107.3842762,-6.7131953,0.0 107.3842998,-6.7130845,0.0 107.3843382,-6.7129644,0.0 107.3843758,-6.7128492,0.0 107.3844239,-6.7127333,0.0 107.3844808,-6.712617,0.0 107.3845536,-6.712502,0.0 107.3846375,-6.7123911,0.0 107.3847694,-6.712239,0.0 107.3849396,-6.7120862,0.0 107.3850733,-6.711994,0.0 107.3852131,-6.7119104,0.0 107.3853463,-6.7118455,0.0 107.3854862,-6.7117988,0.0 107.3856781,-6.7117453,0.0 107.3858326,-6.7117202,0.0 107.3860083,-6.7117091,0.0 107.3861797,-6.711715,0.0 107.3864107,-6.7117377,0.0 107.386708,-6.7117723,0.0 107.3870654,-6.7118127,0.0 107.3872764,-6.7118129,0.0 107.3875259,-6.7117942,0.0 107.3877834,-6.7117263,0.0 107.3880449,-6.7116157,0.0 107.3883601,-6.7114013,0.0 107.3885752,-6.7111864,0.0 107.3886062,-6.7111474,0.0 107.3886785,-6.7110441,0.0 107.3887305,-6.7109585,0.0 107.3887825,-6.7108437,0.0 107.3888321,-6.7107062,0.0 107.3888947,-6.7104818,0.0 107.3889568,-6.7101941,0.0 107.3889668,-6.7100076,0.0 107.3889646,-6.7097787,0.0 107.388935,-6.7095867,0.0 107.3888933,-6.7094127,0.0 107.3888234,-6.7092107,0.0 107.3887568,-6.709075,0.0 107.3885302,-6.7086374,0.0 107.388411,-6.7084007,0.0 107.3883287,-6.7081721,0.0 107.3882678,-6.7079476,0.0 107.3882263,-6.7077106,0.0 107.3882053,-6.7074616,0.0 107.388202,-6.7072063,0.0 107.388223,-6.7069726,0.0 107.3882719,-6.7066877,0.0 107.388353,-6.7064126,0.0 107.3884636,-6.7061656,0.0 107.3885858,-6.7059602,0.0 107.3887466,-6.7057265,0.0 107.3889937,-6.7054517,0.0 107.3892714,-6.7052118,0.0 107.3895178,-6.7050311,0.0 107.3897043,-6.7049314,0.0 107.3898932,-6.7048478,0.0 107.3900845,-6.7047802,0.0 107.390423,-6.7046896,0.0 107.3926707,-6.7044165,0.0 107.3933162,-6.7043147,0.0 107.3938973,-6.704181,0.0 107.3942541,-6.7040611,0.0 107.3945037,-6.7039678,0.0 107.3949784,-6.7037441,0.0 107.3963146,-6.702955,0.0 107.3978282,-6.701982,0.0 107.3983212,-6.7016715,0.0 107.3986497,-6.7014399,0.0 107.3988631,-6.7012101,0.0 107.3990163,-6.7010007,0.0 107.3990833,-6.7008439,0.0 107.3991356,-6.7006872,0.0 107.3991727,-6.7005646,0.0 107.3991991,-6.700442,0.0 107.3992232,-6.7001278,0.0 107.3991985,-6.6998303,0.0 107.3991033,-6.6994851,0.0 107.3989579,-6.6991719,0.0 107.3987567,-6.6988718,0.0 107.3982488,-6.6983489,0.0 107.3979657,-6.6980287,0.0 107.3977917,-6.6977906,0.0 107.3976659,-6.6975177,0.0 107.397596,-6.6972659,0.0 107.3975686,-6.697009,0.0 107.3975821,-6.6967372,0.0 107.397607,-6.6964911,0.0</coordinates>
            </LineString>
        </Placemark>
        <Placemark id="4108">
            <name>Route Segment</name>
            <styleUrl>#4109</styleUrl>
            <LineString id="4107">
                <coordinates>107.7542976,-6.9642063,0.0 107.7541333,-6.9641479,0.0 107.7539093,-6.9640651,0.0 107.753583,-6.9639654,0.0 107.7532243,-6.9638555,0.0</coordinates>
            </LineString>
        </Placemark>
        <Placemark id="4112">
            <name>Jalur Kereta Api Padalarang–Kasugihan</name>
            <styleUrl>#4113</styleUrl>
            <LineString id="4111">
                <coordinates>107.8237874,-6.9804909,0.0 107.823679,-6.9805989,0.0 107.8231991,-6.9810745,0.0 107.8219482,-6.9823123,0.0 107.8214752,-6.9827776,0.0 107.8211389,-6.983109,0.0 107.8207693,-6.9834494,0.0 107.8204496,-6.9837169,0.0 107.8200099,-6.9840436,0.0 107.8192668,-6.984502,0.0 107.8188815,-6.9847101,0.0 107.8185018,-6.9848853,0.0 107.8181226,-6.9850387,0.0 107.8176751,-6.9852022,0.0 107.8170873,-6.985369,0.0 107.8166131,-6.9854711,0.0 107.8163159,-6.985526,0.0 107.815977,-6.9855747,0.0 107.8154872,-6.9856239,0.0 107.8148616,-6.9856506,0.0 107.8143057,-6.9856251,0.0 107.8140875,-6.9856142,0.0 107.8138165,-6.985585,0.0 107.8133742,-6.9855203,0.0 107.8128144,-6.9854096,0.0 107.8123003,-6.9852739,0.0 107.8119006,-6.9851435,0.0 107.8116396,-6.9850564,0.0 107.8103948,-6.984591,0.0</coordinates>
            </LineString>
        </Placemark>
        <Placemark id="4116">
            <name>Jalur Kereta Api Cikampek–Padalarang</name>
            <styleUrl>#4117</styleUrl>
            <LineString id="4115">
                <coordinates>107.3919092,-6.7194813,0.0 107.3911777,-6.7200396,0.0</coordinates>
            </LineString>
        </Placemark>
        <Placemark id="4120">
            <name>Jalur Kereta Api Cikampek–Padalarang</name>
            <styleUrl>#4121</styleUrl>
            <LineString id="4119">
                <coordinates>107.3920143,-6.7164207,0.0 107.3920924,-6.7164812,0.0 107.3921819,-6.7165562,0.0 107.3922685,-6.7166326,0.0 107.3924056,-6.7167686,0.0 107.3925293,-6.716928,0.0 107.3926486,-6.7171236,0.0 107.3927609,-6.7174147,0.0 107.3928119,-6.717613,0.0 107.392828,-6.7177975,0.0 107.3928336,-6.7179821,0.0 107.392822,-6.7181308,0.0 107.3927919,-6.718304,0.0 107.3927373,-6.7184891,0.0 107.392649,-6.7186954,0.0 107.392631,-6.7187286,0.0 107.3925802,-6.7188219,0.0 107.3925018,-6.7189412,0.0 107.3923335,-6.7191278,0.0 107.3922742,-6.7191896,0.0 107.3921532,-6.7192929,0.0 107.3919092,-6.7194813,0.0</coordinates>
            </LineString>
        </Placemark>
        <Placemark id="4124">
            <name>Jalur Kereta Api Cikampek–Padalarang</name>
            <styleUrl>#4125</styleUrl>
            <LineString id="4123">
                <coordinates>107.4462265,-6.7868359,0.0 107.4461699,-6.7884518,0.0</coordinates>
            </LineString>
        </Placemark>
        <Placemark id="4128">
            <name>Jalur Kereta Api Cikampek–Padalarang</name>
            <styleUrl>#4129</styleUrl>
            <LineString id="4127">
                <coordinates>107.4462712,-6.7859242,0.0 107.4462265,-6.7868359,0.0</coordinates>
            </LineString>
        </Placemark>
        <Placemark id="4132">
            <name>Jalur Kereta Api Cikampek–Padalarang</name>
            <styleUrl>#4133</styleUrl>
            <LineString id="4131">
                <coordinates>107.4461699,-6.7884518,0.0 107.446146,-6.7890651,0.0 107.4461213,-6.7892745,0.0 107.4460779,-6.7894824,0.0</coordinates>
            </LineString>
        </Placemark>
        <Placemark id="4136">
            <name>Jalur Kereta Api Cikampek–Padalarang</name>
            <styleUrl>#4137</styleUrl>
            <LineString id="4135">
                <coordinates>107.4460779,-6.7894824,0.0 107.4457675,-6.7903683,0.0 107.4456453,-6.790749,0.0 107.4455662,-6.7911358,0.0 107.4455244,-6.7931609,0.0 107.4455625,-6.7934874,0.0 107.4456551,-6.793843,0.0 107.445824,-6.7941041,0.0 107.4460385,-6.7943854,0.0 107.4474385,-6.795681,0.0 107.4476297,-6.795813,0.0 107.4478173,-6.7959159,0.0 107.4479814,-6.7959778,0.0 107.4481868,-6.7960158,0.0 107.4484589,-6.796018,0.0 107.4486524,-6.7960025,0.0 107.4488773,-6.7959558,0.0 107.4491675,-6.7958702,0.0 107.4493584,-6.795789,0.0 107.4495192,-6.7956741,0.0 107.4497334,-6.7954858,0.0 107.4498852,-6.7953233,0.0 107.4500054,-6.7951539,0.0 107.450102,-6.7949885,0.0 107.4501855,-6.794748,0.0 107.4502403,-6.7945136,0.0 107.4502734,-6.7942542,0.0 107.4502757,-6.7940366,0.0 107.4502647,-6.7938738,0.0 107.4502311,-6.79356,0.0 107.4502297,-6.7933934,0.0</coordinates>
            </LineString>
        </Placemark>
        <Placemark id="4140">
            <name>Jalur Kereta Api Cikampek–Padalarang</name>
            <styleUrl>#4141</styleUrl>
            <LineString id="4139">
                <coordinates>107.4523362,-6.7907244,0.0 107.4525176,-6.7906842,0.0 107.4527321,-6.790647,0.0 107.4529404,-6.79062,0.0</coordinates>
            </LineString>
        </Placemark>
        <Placemark id="4144">
            <name>Jalur Kereta Api Cikampek–Padalarang</name>
            <styleUrl>#4145</styleUrl>
            <LineString id="4143">
                <coordinates>107.4529404,-6.79062,0.0 107.4535497,-6.7905703,0.0 107.4537508,-6.7905387,0.0 107.4539563,-6.7904934,0.0 107.4546023,-6.7902637,0.0 107.454806,-6.7901987,0.0 107.4549961,-6.790154,0.0 107.4552142,-6.7901256,0.0 107.4554215,-6.7901281,0.0 107.4555802,-6.7901474,0.0 107.4557107,-6.7901794,0.0 107.4558589,-6.7902229,0.0 107.4560326,-6.7902964,0.0</coordinates>
            </LineString>
        </Placemark>
        <Placemark id="4148">
            <name>Jalur Kereta Api Cikampek–Padalarang</name>
            <styleUrl>#4149</styleUrl>
            <LineString id="4147">
                <coordinates>107.4502297,-6.7933934,0.0 107.4502368,-6.7931583,0.0 107.4502534,-6.7929594,0.0 107.4502976,-6.7927534,0.0 107.4503583,-6.7925496,0.0</coordinates>
            </LineString>
        </Placemark>
        <Placemark id="4152">
            <name>Jalur Kereta Api Cikampek–Padalarang</name>
            <styleUrl>#4153</styleUrl>
            <LineString id="4151">
                <coordinates>107.4503583,-6.7925496,0.0 107.4504453,-6.7923238,0.0 107.4506241,-6.7919891,0.0 107.4508673,-6.7916334,0.0 107.4512012,-6.7913195,0.0 107.4515426,-6.7910908,0.0 107.4519889,-6.7908522,0.0 107.4523362,-6.7907244,0.0</coordinates>
            </LineString>
        </Placemark>
        <Placemark id="4156">
            <name>Jalur Kereta Api Cikampek–Padalarang</name>
            <styleUrl>#4157</styleUrl>
            <LineString id="4155">
                <coordinates>107.4252242,-6.5703604,0.0 107.4250101,-6.5701932,0.0 107.4247595,-6.5699657,0.0 107.424281,-6.5694911,0.0 107.4240536,-6.5692676,0.0</coordinates>
            </LineString>
        </Placemark>
        <Placemark id="4160">
            <name>Jalur Kereta Api Cikampek–Padalarang</name>
            <styleUrl>#4161</styleUrl>
            <LineString id="4159">
                <coordinates>107.433008,-6.575396,0.0 107.4327682,-6.5751896,0.0 107.4322799,-6.5747725,0.0 107.4317793,-6.5743438,0.0 107.4310988,-6.5737554,0.0 107.4310375,-6.5737021,0.0 107.4301203,-6.5729155,0.0 107.4295434,-6.5724186,0.0 107.429238,-6.5721503,0.0</coordinates>
            </LineString>
        </Placemark>
        <Placemark id="4164">
            <name>Jalur Kereta Api Cikampek–Padalarang</name>
            <styleUrl>#4165</styleUrl>
            <LineString id="4163">
                <coordinates>107.3954018,-6.7320211,0.0 107.3954126,-6.7331626,0.0</coordinates>
            </LineString>
        </Placemark>
        <Placemark id="4168">
            <name>Jalur Kereta Api Cikampek–Padalarang</name>
            <styleUrl>#4169</styleUrl>
            <LineString id="4167">
                <coordinates>107.3911777,-6.7200396,0.0 107.3908404,-6.720291,0.0 107.3900485,-6.7209035,0.0 107.389874,-6.7210573,0.0 107.389726,-6.7212168,0.0 107.389671,-6.721283,0.0 107.3895954,-6.7213949,0.0 107.3895248,-6.7215235,0.0 107.3894636,-6.7216552,0.0 107.3894302,-6.7217372,0.0 107.3893861,-6.7218802,0.0 107.3893622,-6.7220034,0.0 107.3893423,-6.7221319,0.0 107.389329,-6.7222791,0.0 107.3893282,-6.7223429,0.0 107.3893305,-6.7224053,0.0 107.3893395,-6.7225315,0.0 107.3893732,-6.7227517,0.0 107.3894412,-6.7229861,0.0 107.3895003,-6.7231524,0.0 107.3896478,-6.7235524,0.0 107.3899104,-6.7242228,0.0 107.3900555,-6.7244893,0.0 107.3900788,-6.7245273,0.0 107.3902502,-6.7247767,0.0 107.3904553,-6.725003,0.0 107.3907132,-6.7252489,0.0 107.3910457,-6.7254544,0.0 107.3914642,-6.725673,0.0 107.3933403,-6.7262819,0.0 107.3937582,-6.7264713,0.0 107.394243,-6.7267065,0.0 107.3945235,-6.7269579,0.0 107.3947579,-6.7272094,0.0 107.394931,-6.7274502,0.0 107.3951068,-6.7277387,0.0 107.395294,-6.7281803,0.0 107.3953896,-6.7286169,0.0 107.3954017,-6.729025,0.0 107.3954006,-6.7295568,0.0 107.3954015,-6.731769,0.0 107.3954015,-6.731897,0.0 107.3954018,-6.7320211,0.0</coordinates>
            </LineString>
        </Placemark>
        <Placemark id="4172">
            <name>Jalur Kereta Api Padalarang–Kasugihan</name>
            <styleUrl>#4173</styleUrl>
            <LineString id="4171">
                <coordinates>107.4968587,-6.8423431,0.0 107.496014,-6.8415647,0.0</coordinates>
            </LineString>
        </Placemark>
        <Placemark id="4176">
            <name>Jalur Kereta Api Padalarang–Kasugihan</name>
            <styleUrl>#4177</styleUrl>
            <LineString id="4175">
                <coordinates>107.4952595,-6.8408493,0.0 107.4950974,-6.8407181,0.0 107.4949797,-6.8406301,0.0 107.4949397,-6.8405992,0.0 107.4948422,-6.8405248,0.0 107.4946964,-6.8404035,0.0</coordinates>
            </LineString>
        </Placemark>
        <Placemark id="4180">
            <name>Route Segment</name>
            <styleUrl>#4181</styleUrl>
            <LineString id="4179">
                <coordinates>107.9820984,-7.0989626,0.0 107.9826491,-7.098676,0.0</coordinates>
            </LineString>
        </Placemark>
        <Placemark id="4184">
            <name>Jalur Kereta Api Padalarang–Kasugihan</name>
            <styleUrl>#4185</styleUrl>
            <LineString id="4183">
                <coordinates>107.4990409,-6.8443892,0.0 107.4986529,-6.8440306,0.0 107.4986161,-6.8439966,0.0 107.4983625,-6.843753,0.0 107.4979621,-6.8433811,0.0 107.4976235,-6.8430624,0.0</coordinates>
            </LineString>
        </Placemark>
        <Placemark id="4188">
            <name>Jalur Kereta Api Padalarang–Kasugihan</name>
            <styleUrl>#4189</styleUrl>
            <LineString id="4187">
                <coordinates>107.5821404,-6.9099596,0.0 107.582223,-6.9100138,0.0</coordinates>
            </LineString>
        </Placemark>
        <Placemark id="4192">
            <name>Jalur Kereta Api Bandung–Ciroyom–Andir</name>
            <styleUrl>#4193</styleUrl>
            <LineString id="4191">
                <coordinates>107.5824446,-6.9101631,0.0 107.5825993,-6.9102786,0.0 107.582765,-6.9104088,0.0 107.582917,-6.9105175,0.0 107.5831168,-6.9106499,0.0 107.5839059,-6.9111715,0.0 107.5853352,-6.9121178,0.0 107.5855453,-6.9122569,0.0 107.5855833,-6.9122817,0.0 107.5856529,-6.9123273,0.0 107.5856926,-6.9123535,0.0 107.5859504,-6.9125232,0.0 107.586121,-6.9126324,0.0 107.5863089,-6.9127481,0.0 107.5866034,-6.9129165,0.0 107.5868789,-6.9130642,0.0 107.5871337,-6.9131854,0.0 107.5874437,-6.9133182,0.0 107.5877108,-6.9134225,0.0 107.5879324,-6.9135038,0.0 107.5881391,-6.9135714,0.0 107.5884248,-6.9136502,0.0 107.5885043,-6.9136722,0.0</coordinates>
            </LineString>
        </Placemark>
        <Placemark id="4196">
            <name>Jalur Kereta Api Bandung–Ciroyom–Andir</name>
            <styleUrl>#4197</styleUrl>
            <LineString id="4195">
                <coordinates>107.5925022,-6.9140219,0.0 107.592337,-6.9140156,0.0 107.5922374,-6.9140067,0.0 107.5920233,-6.9139876,0.0 107.5919809,-6.913984,0.0 107.5917091,-6.9139628,0.0 107.5916106,-6.9139577,0.0 107.5913561,-6.9139497,0.0 107.589695,-6.9138981,0.0 107.5895766,-6.9138892,0.0 107.589468,-6.9138775,0.0 107.5893252,-6.9138612,0.0 107.5892752,-6.9138541,0.0 107.589176,-6.9138364,0.0 107.5890445,-6.9138112,0.0 107.5888276,-6.9137602,0.0 107.5885043,-6.9136722,0.0</coordinates>
            </LineString>
        </Placemark>
        <Placemark id="4200">
            <name>Jalur Kereta Api Padalarang–Kasugihan</name>
            <styleUrl>#4201</styleUrl>
            <LineString id="4199">
                <coordinates>107.607019,-6.9148682,0.0 107.6068659,-6.9148503,0.0 107.6068282,-6.9148455,0.0 107.6067657,-6.9148375,0.0 107.6065472,-6.9148089,0.0 107.606351,-6.9147832,0.0 107.6055405,-6.914677,0.0 107.6054885,-6.9146698,0.0 107.6054016,-6.9146581,0.0</coordinates>
            </LineString>
        </Placemark>
        <Placemark id="4204">
            <name>Jalur Kereta Api Padalarang–Kasugihan</name>
            <styleUrl>#4205</styleUrl>
            <LineString id="4203">
                <coordinates>107.7001761,-6.9445608,0.0 107.6965282,-6.9432326,0.0 107.6964549,-6.9432059,0.0 107.6947176,-6.9425741,0.0 107.6943144,-6.9424274,0.0 107.6939787,-6.9423053,0.0</coordinates>
            </LineString>
        </Placemark>
        <Placemark id="4208">
            <name>Jalur Kereta Api Padalarang–Kasugihan</name>
            <styleUrl>#4209</styleUrl>
            <LineString id="4207">
                <coordinates>107.9814615,-7.0993043,0.0 107.9816294,-7.0992282,0.0 107.9816527,-7.0992168,0.0 107.9818536,-7.0991094,0.0 107.9819641,-7.0990452,0.0 107.9820984,-7.0989626,0.0</coordinates>
            </LineString>
        </Placemark>
        <Placemark id="4212">
            <name>Jalur Kereta Api Padalarang–Kasugihan</name>
            <styleUrl>#4213</styleUrl>
            <LineString id="4211">
                <coordinates>107.6842899,-6.9387749,0.0 107.6842582,-6.9387634,0.0 107.6835587,-6.9384975,0.0 107.6830215,-6.938289,0.0 107.6825309,-6.9381001,0.0 107.6808053,-6.9374577,0.0 107.6806599,-6.9374036,0.0 107.6797579,-6.9370643,0.0 107.6775232,-6.9362617,0.0 107.6765207,-6.9358961,0.0 107.6757683,-6.9356168,0.0</coordinates>
            </LineString>
        </Placemark>
        <Placemark id="4216">
            <name>Jalur Kereta Api Cikampek–Padalarang</name>
            <styleUrl>#4217</styleUrl>
            <LineString id="4215">
                <coordinates>107.4621508,-6.8030026,0.0 107.4623033,-6.8030435,0.0 107.4624975,-6.8030941,0.0 107.4626409,-6.8031278,0.0 107.4627059,-6.803143,0.0 107.4628919,-6.8031846,0.0 107.4629622,-6.803199,0.0 107.4631442,-6.8032384,0.0 107.4634641,-6.8033085,0.0 107.4636361,-6.8033489,0.0 107.4638357,-6.803399,0.0 107.4639417,-6.8034276,0.0 107.4641583,-6.8035003,0.0 107.4643193,-6.8035577,0.0 107.4645233,-6.8036299,0.0 107.4647719,-6.8037261,0.0 107.4649324,-6.803799,0.0 107.4649561,-6.8038098,0.0 107.4652106,-6.8039307,0.0 107.4653527,-6.8039981,0.0</coordinates>
            </LineString>
        </Placemark>
        <Placemark id="4220">
            <name>Jalur Kereta Api Cikampek–Padalarang</name>
            <styleUrl>#4221</styleUrl>
            <LineString id="4219">
                <coordinates>107.4655961,-6.8041159,0.0 107.4666223,-6.8046103,0.0</coordinates>
            </LineString>
        </Placemark>
        <Placemark id="4224">
            <name>Jalur Kereta Api Cikampek–Padalarang</name>
            <styleUrl>#4225</styleUrl>
            <LineString id="4223">
                <coordinates>107.4794439,-6.8139573,0.0 107.479497,-6.8140457,0.0 107.4795696,-6.8142169,0.0 107.479639,-6.8144212,0.0 107.4797958,-6.8149918,0.0 107.4799172,-6.8153036,0.0 107.4800739,-6.8156061,0.0 107.4802879,-6.8159792,0.0</coordinates>
            </LineString>
        </Placemark>
        <Placemark id="4228">
            <name>Jalur Kereta Api Cikampek–Padalarang</name>
            <styleUrl>#4229</styleUrl>
            <LineString id="4227">
                <coordinates>107.4802879,-6.8159792,0.0 107.4807245,-6.8167406,0.0</coordinates>
            </LineString>
        </Placemark>
        <Placemark id="4232">
            <name>Jalur Kereta Api Cikampek–Padalarang</name>
            <styleUrl>#4233</styleUrl>
            <LineString id="4231">
                <coordinates>107.4807245,-6.8167406,0.0 107.4808915,-6.8170449,0.0 107.4810163,-6.8172265,0.0 107.4811658,-6.8173919,0.0 107.4813565,-6.8175477,0.0 107.4815311,-6.8176633,0.0 107.4817501,-6.8177649,0.0 107.4819394,-6.8178244,0.0 107.4821739,-6.8178738,0.0 107.4824165,-6.8178955,0.0 107.4826467,-6.8178766,0.0 107.4833117,-6.8177412,0.0</coordinates>
            </LineString>
        </Placemark>
        <Placemark id="4236">
            <name>Jalur Kereta Api Cikampek–Padalarang</name>
            <styleUrl>#4237</styleUrl>
            <LineString id="4235">
                <coordinates>107.4833117,-6.8177412,0.0 107.4836087,-6.8176804,0.0 107.4838272,-6.8176703,0.0 107.4840079,-6.8176799,0.0 107.4842248,-6.817707,0.0 107.4844,-6.8177564,0.0 107.4845354,-6.8178088,0.0 107.4846498,-6.8178645,0.0 107.4847467,-6.8179132,0.0</coordinates>
            </LineString>
        </Placemark>
        <Placemark id="4240">
            <name>Jalur Kereta Api Cikampek–Padalarang</name>
            <styleUrl>#4241</styleUrl>
            <LineString id="4239">
                <coordinates>107.4907998,-6.8232114,0.0 107.4908661,-6.8233502,0.0 107.4909172,-6.8234763,0.0 107.4909608,-6.8236084,0.0 107.490998,-6.8237831,0.0 107.491021,-6.8239577,0.0</coordinates>
            </LineString>
        </Placemark>
        <Placemark id="4244">
            <name>Jalur Kereta Api Cikampek–Padalarang</name>
            <styleUrl>#4245</styleUrl>
            <LineString id="4243">
                <coordinates>107.491021,-6.8239577,0.0 107.4910349,-6.8242727,0.0 107.4909819,-6.8246114,0.0</coordinates>
            </LineString>
        </Placemark>
        <Placemark id="4248">
            <name>Jalur Kereta Api Cikampek–Padalarang</name>
            <styleUrl>#4249</styleUrl>
            <LineString id="4247">
                <coordinates>107.4903866,-6.8255252,0.0 107.4902827,-6.8256111,0.0 107.4901483,-6.8257077,0.0 107.4900559,-6.8257598,0.0</coordinates>
            </LineString>
        </Placemark>
        <Placemark id="4252">
            <name>Jalur Kereta Api Cikampek–Padalarang</name>
            <styleUrl>#4253</styleUrl>
            <LineString id="4251">
                <coordinates>107.4906244,-6.8253051,0.0 107.4903866,-6.8255252,0.0</coordinates>
            </LineString>
        </Placemark>
        <Placemark id="4256">
            <name>Jalur Kereta Api Cikampek–Padalarang</name>
            <styleUrl>#4257</styleUrl>
            <LineString id="4255">
                <coordinates>107.475449,-6.8090352,0.0 107.475389,-6.8094801,0.0 107.4753691,-6.8096609,0.0 107.47536,-6.8098603,0.0 107.4753772,-6.8100628,0.0 107.4753935,-6.8101718,0.0 107.4754222,-6.8102972,0.0 107.4754769,-6.8104656,0.0 107.4755503,-6.8106417,0.0 107.475637,-6.8107905,0.0 107.4757429,-6.8109407,0.0 107.4758596,-6.8110719,0.0 107.4759768,-6.8111786,0.0 107.4760966,-6.8112783,0.0 107.4762447,-6.8113713,0.0 107.4763893,-6.8114447,0.0 107.4766356,-6.8115403,0.0 107.4771473,-6.8116759,0.0 107.4773665,-6.8117313,0.0 107.4776447,-6.8118512,0.0</coordinates>
            </LineString>
        </Placemark>
        <Placemark id="4260">
            <name>Jalur Kereta Api Cikampek–Padalarang</name>
            <styleUrl>#4261</styleUrl>
            <LineString id="4259">
                <coordinates>107.4752587,-6.8079148,0.0 107.475325,-6.8080457,0.0 107.4753913,-6.8082344,0.0 107.4754395,-6.8084282,0.0 107.4754637,-6.8086356,0.0 107.4754688,-6.8088389,0.0 107.475449,-6.8090352,0.0</coordinates>
            </LineString>
        </Placemark>
        <Placemark id="4264">
            <name>Jalur Kereta Api Cikampek–Padalarang</name>
            <styleUrl>#4265</styleUrl>
            <LineString id="4263">
                <coordinates>107.4748492,-6.8073963,0.0 107.4750171,-6.8075628,0.0 107.4750809,-6.8076394,0.0 107.47518,-6.8077745,0.0 107.4752038,-6.807817,0.0 107.4752587,-6.8079148,0.0</coordinates>
            </LineString>
        </Placemark>
        <Placemark id="4268">
            <name>Jalur Kereta Api Cikampek–Padalarang</name>
            <styleUrl>#4269</styleUrl>
            <LineString id="4267">
                <coordinates>107.4740349,-6.8069852,0.0 107.4742311,-6.8070413,0.0 107.4744097,-6.8071127,0.0 107.4745947,-6.8072056,0.0 107.4746804,-6.8072622,0.0 107.4747671,-6.8073292,0.0 107.4748492,-6.8073963,0.0</coordinates>
            </LineString>
        </Placemark>
        <Placemark id="4272">
            <name>Jalur Kereta Api Cikampek–Padalarang</name>
            <styleUrl>#4273</styleUrl>
            <LineString id="4271">
                <coordinates>107.4328211,-6.7819148,0.0 107.4329032,-6.7820129,0.0 107.4330091,-6.7821148,0.0 107.4331412,-6.7822237,0.0 107.4332872,-6.7823198,0.0 107.4334438,-6.7824054,0.0 107.4336667,-6.7825003,0.0 107.4339217,-6.7825632,0.0 107.4341164,-6.7825804,0.0 107.4343677,-6.78258,0.0 107.4345371,-6.7825609,0.0 107.4347241,-6.7825172,0.0 107.4350172,-6.782405,0.0 107.4351886,-6.7822935,0.0 107.4353261,-6.7821939,0.0 107.435514,-6.7820367,0.0 107.4356159,-6.781917,0.0 107.4356793,-6.7818345,0.0 107.4357919,-6.7816504,0.0 107.4359493,-6.7813293,0.0 107.4360424,-6.7811102,0.0 107.4361355,-6.7808981,0.0 107.4363036,-6.7806282,0.0 107.4365372,-6.7803593,0.0 107.4366984,-6.7802281,0.0 107.436931,-6.7800891,0.0 107.437188,-6.7799811,0.0 107.4378649,-6.7797624,0.0</coordinates>
            </LineString>
        </Placemark>
        <Placemark id="4276">
            <name>Jalur Kereta Api Cikampek–Padalarang</name>
            <styleUrl>#4277</styleUrl>
            <LineString id="4275">
                <coordinates>107.43274,-6.7818081,0.0 107.4328211,-6.7819148,0.0</coordinates>
            </LineString>
        </Placemark>
        <Placemark id="4280">
            <name>Jalur Kereta Api Cikampek–Padalarang</name>
            <styleUrl>#4281</styleUrl>
            <LineString id="4279">
                <coordinates>107.3968382,-6.7355745,0.0 107.3972895,-6.7357571,0.0 107.3978803,-6.7359956,0.0 107.3983389,-6.7361612,0.0 107.3989501,-6.7363755,0.0 107.3992482,-6.7364801,0.0 107.3998665,-6.7366928,0.0</coordinates>
            </LineString>
        </Placemark>
        <Placemark id="4284">
            <name>Route Segment</name>
            <styleUrl>#4285</styleUrl>
            <LineString id="4283">
                <coordinates>107.4487733,-6.5573415,0.0 107.4486847,-6.5570976,0.0 107.4486064,-6.5569294,0.0 107.4482552,-6.5561874,0.0 107.4481584,-6.5559838,0.0 107.4475324,-6.5546651,0.0 107.4472627,-6.554094,0.0</coordinates>
            </LineString>
        </Placemark>
        <Placemark id="4288">
            <name>Jalur Kereta Api Cikampek–Padalarang</name>
            <styleUrl>#4289</styleUrl>
            <LineString id="4287">
                <coordinates>107.445255,-6.5767187,0.0 107.4451692,-6.5770822,0.0 107.4450524,-6.5774862,0.0 107.4449479,-6.5777615,0.0 107.4448402,-6.5780017,0.0 107.4446713,-6.5783381,0.0 107.4443453,-6.5788616,0.0 107.4442258,-6.5791036,0.0 107.4441477,-6.5793312,0.0 107.4441082,-6.5795453,0.0</coordinates>
            </LineString>
        </Placemark>
        <Placemark id="4292">
            <name>Jalur Kereta Api Cikampek–Padalarang</name>
            <styleUrl>#4293</styleUrl>
            <LineString id="4291">
                <coordinates>107.4453399,-6.5762795,0.0 107.445255,-6.5767187,0.0</coordinates>
            </LineString>
        </Placemark>
        <Placemark id="4296">
            <name>Jalur Kereta Api Cikampek–Padalarang</name>
            <styleUrl>#4297</styleUrl>
            <LineString id="4295">
                <coordinates>107.4219053,-6.5691041,0.0 107.4217786,-6.5691949,0.0 107.4215571,-6.5693988,0.0 107.4213693,-6.5696306,0.0 107.4211902,-6.5699725,0.0 107.4210492,-6.5703579,0.0 107.4209446,-6.5707147,0.0 107.4208993,-6.5709916,0.0 107.420856,-6.5713453,0.0 107.4208162,-6.5717923,0.0 107.4208138,-6.5719667,0.0 107.4208253,-6.5721308,0.0 107.4208346,-6.5722568,0.0 107.4208641,-6.5724367,0.0 107.4209192,-6.5725998,0.0 107.4210357,-6.5728656,0.0 107.421187,-6.5731035,0.0 107.4213485,-6.5732787,0.0 107.421513,-6.5734122,0.0 107.4217485,-6.5735801,0.0 107.4220028,-6.5736976,0.0 107.4222615,-6.573761,0.0 107.4225572,-6.5738087,0.0 107.4230685,-6.5738892,0.0 107.4234745,-6.5740367,0.0 107.4237725,-6.5742202,0.0 107.4240045,-6.5743958,0.0 107.4242171,-6.574612,0.0 107.4246461,-6.5750933,0.0 107.4248181,-6.5752453,0.0 107.4253953,-6.5756049,0.0 107.4258351,-6.5758485,0.0 107.4260091,-6.5759884,0.0 107.4262147,-6.5761911,0.0 107.4263222,-6.5763406,0.0 107.4264297,-6.5765323,0.0 107.4264888,-6.5766662,0.0 107.4265532,-6.576906,0.0 107.4265906,-6.5771051,0.0 107.4265928,-6.5772541,0.0 107.4265863,-6.5774597,0.0 107.4265703,-6.5776323,0.0 107.4265311,-6.5778041,0.0 107.4264622,-6.5780208,0.0 107.4262893,-6.5783241,0.0 107.4260895,-6.5785756,0.0 107.425861,-6.5788389,0.0 107.4257591,-6.5789563,0.0</coordinates>
            </LineString>
        </Placemark>
        <Placemark id="4300">
            <name>Jalur Kereta Api Cikampek–Padalarang</name>
            <styleUrl>#4301</styleUrl>
            <LineString id="4299">
                <coordinates>107.4257591,-6.5789563,0.0 107.4254758,-6.5792433,0.0</coordinates>
            </LineString>
        </Placemark>
        <Placemark id="4304">
            <name>Jalur Kereta Api Cikampek–Padalarang</name>
            <styleUrl>#4305</styleUrl>
            <LineString id="4303">
                <coordinates>107.4231389,-6.5812737,0.0 107.4227423,-6.5813447,0.0 107.4224062,-6.5813795,0.0 107.4220975,-6.5814363,0.0 107.4218736,-6.5814871,0.0 107.4216786,-6.5815661,0.0 107.4213071,-6.5817712,0.0 107.4211388,-6.5819209,0.0 107.4209292,-6.5821914,0.0 107.4207935,-6.5824343,0.0 107.4207094,-6.5826048,0.0 107.4206685,-6.5827496,0.0 107.4206348,-6.5828747,0.0 107.4206134,-6.5830488,0.0 107.420626,-6.5833848,0.0 107.4206387,-6.5841275,0.0 107.4205853,-6.5847463,0.0 107.4205484,-6.5849204,0.0 107.4204754,-6.5852006,0.0 107.4202941,-6.5857013,0.0 107.4200661,-6.5861649,0.0 107.4197576,-6.5865326,0.0 107.4191437,-6.5871774,0.0 107.4190229,-6.5873118,0.0 107.4189449,-6.5874252,0.0</coordinates>
            </LineString>
        </Placemark>
        <Placemark id="4308">
            <name>Jalur Kereta Api Cikampek–Padalarang</name>
            <styleUrl>#4309</styleUrl>
            <LineString id="4307">
                <coordinates>107.416731,-6.5924617,0.0 107.4162145,-6.5927076,0.0</coordinates>
            </LineString>
        </Placemark>
        <Placemark id="4312">
            <name>Jalur Kereta Api Cikampek–Padalarang</name>
            <styleUrl>#4313</styleUrl>
            <LineString id="4311">
                <coordinates>107.4254758,-6.5792433,0.0 107.424921,-6.5798368,0.0 107.4238653,-6.5808306,0.0 107.4234817,-6.5811184,0.0 107.4233237,-6.5812014,0.0</coordinates>
            </LineString>
        </Placemark>
        <Placemark id="4316">
            <name>Jalur Kereta Api Cikampek–Padalarang</name>
            <styleUrl>#4317</styleUrl>
            <LineString id="4315">
                <coordinates>107.4233237,-6.5812014,0.0 107.4231389,-6.5812737,0.0</coordinates>
            </LineString>
        </Placemark>
        <Placemark id="4320">
            <name>Jalur Kereta Api Cikampek–Padalarang</name>
            <styleUrl>#4321</styleUrl>
            <LineString id="4319">
                <coordinates>107.4187803,-6.5877322,0.0 107.41872,-6.5878678,0.0 107.4186662,-6.588062,0.0 107.4186265,-6.5882647,0.0 107.4186193,-6.5885368,0.0 107.4186433,-6.5887865,0.0 107.4187208,-6.5890663,0.0 107.4187974,-6.589341,0.0 107.4188849,-6.589592,0.0 107.4189536,-6.5898364,0.0 107.4190039,-6.590087,0.0 107.4190087,-6.590302,0.0 107.4189761,-6.5905619,0.0 107.4189107,-6.590786,0.0 107.4188269,-6.5910224,0.0 107.4186956,-6.5912454,0.0 107.4185858,-6.5913949,0.0 107.4184514,-6.5915445,0.0 107.4183314,-6.5916507,0.0 107.4181806,-6.591763,0.0 107.4178227,-6.5919607,0.0 107.4173158,-6.5922004,0.0 107.416731,-6.5924617,0.0</coordinates>
            </LineString>
        </Placemark>
        <Placemark id="4324">
            <name>Jalur Kereta Api Cikampek–Padalarang</name>
            <styleUrl>#4325</styleUrl>
            <LineString id="4323">
                <coordinates>107.4189449,-6.5874252,0.0 107.4187803,-6.5877322,0.0</coordinates>
            </LineString>
        </Placemark>
        <Placemark id="4328">
            <name>Jalur Kereta Api Padalarang–Kasugihan</name>
            <styleUrl>#4329</styleUrl>
            <LineString id="4327">
                <coordinates>107.7226254,-6.9527255,0.0 107.72254,-6.9526955,0.0</coordinates>
            </LineString>
        </Placemark>
        <Placemark id="4332">
            <name>Jalur Kereta Api Cikampek–Padalarang</name>
            <styleUrl>#4333</styleUrl>
            <LineString id="4331">
                <coordinates>107.4240536,-6.5692676,0.0 107.4238709,-6.5691259,0.0 107.4236961,-6.5690262,0.0 107.4234887,-6.568932,0.0 107.4231465,-6.5688507,0.0</coordinates>
            </LineString>
        </Placemark>
        <Placemark id="4336">
            <name>Jalur Kereta Api Cikampek–Padalarang</name>
            <styleUrl>#4337</styleUrl>
            <LineString id="4335">
                <coordinates>107.4231465,-6.5688507,0.0 107.4230087,-6.5688328,0.0 107.4226797,-6.5688389,0.0 107.4223511,-6.5689019,0.0 107.4221045,-6.5690017,0.0 107.4219053,-6.5691041,0.0</coordinates>
            </LineString>
        </Placemark>
        <Placemark id="4340">
            <name>Jalur Kereta Api Cikampek–Padalarang</name>
            <styleUrl>#4341</styleUrl>
            <LineString id="4339">
                <coordinates>107.4259205,-6.7778073,0.0 107.4260482,-6.7779773,0.0 107.4261938,-6.778105,0.0 107.4262435,-6.7781486,0.0 107.4262942,-6.7781874,0.0 107.426377,-6.7782426,0.0 107.4264483,-6.7782901,0.0 107.4266019,-6.7783685,0.0 107.4267334,-6.7784261,0.0 107.4268587,-6.778467,0.0 107.4270589,-6.7785071,0.0 107.4272332,-6.778523,0.0 107.427475,-6.7785168,0.0</coordinates>
            </LineString>
        </Placemark>
        <Placemark id="4344">
            <name>Jalur Kereta Api Padalarang–Kasugihan</name>
            <styleUrl>#4345</styleUrl>
            <LineString id="4343">
                <coordinates>107.5410005,-6.8896245,0.0 107.5406827,-6.8895519,0.0 107.5402678,-6.8894369,0.0 107.5399538,-6.8893249,0.0 107.5396363,-6.8891922,0.0 107.5393685,-6.8890531,0.0 107.5391054,-6.8888924,0.0 107.5388905,-6.8887402,0.0 107.5386191,-6.8885276,0.0 107.538314,-6.8882493,0.0 107.5380903,-6.8880165,0.0 107.5378161,-6.8877282,0.0 107.5377138,-6.8876213,0.0 107.5375078,-6.8873908,0.0</coordinates>
            </LineString>
        </Placemark>
        <Placemark id="4348">
            <name>Jalur Kereta Api Bandung–Ciroyom–Andir</name>
            <styleUrl>#4349</styleUrl>
            <LineString id="4347">
                <coordinates>107.596535,-6.9142984,0.0 107.5964666,-6.9142987,0.0 107.5957626,-6.9143013,0.0 107.5956125,-6.914298,0.0 107.5953565,-6.9142887,0.0 107.595235,-6.9142813,0.0 107.5951289,-6.9142731,0.0 107.5949477,-6.9142503,0.0 107.594931,-6.9142478,0.0 107.5948908,-6.9142419,0.0 107.5948764,-6.9142398,0.0 107.5947453,-6.9142212,0.0 107.5943546,-6.9141601,0.0 107.5938368,-6.914079,0.0 107.5936817,-6.9140559,0.0 107.5934507,-6.9140331,0.0 107.5932717,-6.9140215,0.0 107.593135,-6.9140181,0.0 107.5930139,-6.9140175,0.0 107.592956,-6.9140186,0.0 107.5925022,-6.9140219,0.0</coordinates>
            </LineString>
        </Placemark>
        <Placemark id="4352">
            <name>Jalur Kereta Api Cibatu–Cikajang</name>
            <styleUrl>#4353</styleUrl>
            <LineString id="4351">
                <coordinates>107.9759501,-7.1665904,0.0 107.9759409,-7.1666109,0.0 107.9756925,-7.1671632,0.0 107.9754015,-7.167799,0.0 107.9745913,-7.1696116,0.0 107.9736433,-7.1717144,0.0 107.9733159,-7.1724446,0.0 107.9727252,-7.1737638,0.0 107.9723564,-7.1746011,0.0 107.9719916,-7.1753945,0.0 107.9718374,-7.1757065,0.0 107.9717237,-7.1759227,0.0 107.9716495,-7.1760557,0.0 107.9715776,-7.1761831,0.0 107.9715152,-7.1762937,0.0</coordinates>
            </LineString>
        </Placemark>
        <Placemark id="4356">
            <name>Jalur Kereta Api Padalarang–Kasugihan</name>
            <styleUrl>#4357</styleUrl>
            <LineString id="4355">
                <coordinates>107.8242952,-6.9800513,0.0 107.8248516,-6.979499,0.0 107.8250394,-6.9793387,0.0 107.825135,-6.9792667,0.0 107.8255234,-6.9790011,0.0 107.8257959,-6.9788497,0.0 107.8260988,-6.9787077,0.0 107.8264642,-6.9785665,0.0 107.8268151,-6.9784676,0.0 107.8270784,-6.9784168,0.0 107.8274563,-6.9783613,0.0 107.8277725,-6.9783443,0.0 107.8280887,-6.9783456,0.0 107.828341,-6.9783681,0.0 107.8286152,-6.9784054,0.0 107.8288173,-6.9784449,0.0 107.829129,-6.9785273,0.0 107.8294206,-6.9786199,0.0 107.8296609,-6.9787149,0.0 107.8299319,-6.9788423,0.0 107.8301127,-6.9789423,0.0 107.8304311,-6.9791459,0.0 107.830663,-6.9793137,0.0 107.8308363,-6.9794522,0.0 107.8309949,-6.9795984,0.0 107.831129,-6.97973,0.0 107.8312481,-6.9798592,0.0</coordinates>
            </LineString>
        </Placemark>
        <Placemark id="4360">
            <name>Jalur Kereta Api Padalarang–Kasugihan</name>
            <styleUrl>#4361</styleUrl>
            <LineString id="4359">
                <coordinates>107.8998031,-7.084983,0.0 107.8998663,-7.0854923,0.0 107.8998805,-7.0856022,0.0</coordinates>
            </LineString>
        </Placemark>
        <Placemark id="4364">
            <name>Jalur Kereta Api Padalarang–Kasugihan</name>
            <styleUrl>#4365</styleUrl>
            <LineString id="4363">
                <coordinates>107.9317695,-7.1002485,0.0 107.9318218,-7.100355,0.0 107.9319267,-7.1005325,0.0 107.9320681,-7.1007407,0.0 107.9322653,-7.100934,0.0 107.9323868,-7.1010286,0.0 107.9325212,-7.1011105,0.0 107.9328613,-7.1012257,0.0 107.9338314,-7.1014341,0.0 107.9340272,-7.1015032,0.0 107.9341717,-7.101566,0.0 107.9343522,-7.101672,0.0 107.9350807,-7.1021928,0.0 107.9352321,-7.1022846,0.0 107.9354093,-7.1023636,0.0 107.9355797,-7.1024073,0.0 107.9357502,-7.1024361,0.0 107.9359908,-7.1024542,0.0 107.9367224,-7.1024758,0.0 107.9369211,-7.1024987,0.0 107.9370873,-7.1025293,0.0 107.9372534,-7.1025768,0.0 107.937538,-7.1027056,0.0 107.9376785,-7.1027932,0.0 107.9377975,-7.1028894,0.0 107.9380623,-7.1031542,0.0</coordinates>
            </LineString>
        </Placemark>
        <Placemark id="4368">
            <name>Jalur Kereta Api Padalarang–Kasugihan</name>
            <styleUrl>#4369</styleUrl>
            <LineString id="4367">
                <coordinates>107.7276043,-6.9545373,0.0 107.7226254,-6.9527255,0.0</coordinates>
            </LineString>
        </Placemark>
        <Placemark id="4372">
            <name>Jalur Kereta Api Padalarang–Kasugihan</name>
            <styleUrl>#4373</styleUrl>
            <LineString id="4371">
                <coordinates>107.7277488,-6.954594,0.0 107.7276043,-6.9545373,0.0</coordinates>
            </LineString>
        </Placemark>
        <Placemark id="4376">
            <name>Jalur Kereta Api Cikampek–Padalarang</name>
            <styleUrl>#4377</styleUrl>
            <LineString id="4375">
                <coordinates>107.4040506,-6.6191345,0.0 107.4034171,-6.6200699,0.0 107.4027642,-6.6210326,0.0 107.4023283,-6.6216986,0.0 107.4007573,-6.6240305,0.0 107.400215,-6.6248498,0.0 107.3992659,-6.6262819,0.0 107.3982708,-6.6277419,0.0 107.3980829,-6.6279823,0.0 107.3978521,-6.6282386,0.0 107.3974833,-6.6285524,0.0 107.3971133,-6.6288158,0.0 107.3970501,-6.6288608,0.0 107.3967138,-6.629043,0.0 107.3954498,-6.6298004,0.0 107.3950977,-6.6300114,0.0 107.3947515,-6.6302259,0.0 107.3924159,-6.6316471,0.0 107.3920445,-6.6319236,0.0 107.3918107,-6.6321806,0.0 107.3916603,-6.6324754,0.0 107.3915813,-6.6326703,0.0 107.3915344,-6.6328519,0.0 107.3915142,-6.6330991,0.0 107.3915081,-6.6331536,0.0 107.3915071,-6.6332439,0.0 107.3915086,-6.6333303,0.0 107.3915256,-6.6335348,0.0 107.3915499,-6.6337106,0.0</coordinates>
            </LineString>
        </Placemark>
        <Placemark id="4380">
            <name>Jalur Kereta Api Cikampek–Padalarang</name>
            <styleUrl>#4381</styleUrl>
            <LineString id="4379">
                <coordinates>107.404282,-6.6187908,0.0 107.4040506,-6.6191345,0.0</coordinates>
            </LineString>
        </Placemark>
        <Placemark id="4384">
            <name>Jalur Kereta Api Padalarang–Kasugihan</name>
            <styleUrl>#4385</styleUrl>
            <LineString id="4383">
                <coordinates>107.496014,-6.8415647,0.0 107.4958234,-6.8413833,0.0 107.495795,-6.841356,0.0 107.4953869,-6.8409687,0.0</coordinates>
            </LineString>
        </Placemark>
        <Placemark id="4388">
            <name>Jalur Kereta Api Padalarang–Kasugihan</name>
            <styleUrl>#4389</styleUrl>
            <LineString id="4387">
                <coordinates>107.4969052,-6.8423863,0.0 107.4968587,-6.8423431,0.0</coordinates>
            </LineString>
        </Placemark>
        <Placemark id="4392">
            <name>Route Segment</name>
            <styleUrl>#4393</styleUrl>
            <LineString id="4391">
                <coordinates>107.5817323,-6.9096453,0.0 107.5819094,-6.9097817,0.0 107.5821404,-6.9099596,0.0</coordinates>
            </LineString>
        </Placemark>
        <Placemark id="4396">
            <name>Jalur Kereta Api Padalarang–Kasugihan</name>
            <styleUrl>#4397</styleUrl>
            <LineString id="4395">
                <coordinates>107.6542969,-6.9277719,0.0 107.65416,-6.9277192,0.0</coordinates>
            </LineString>
        </Placemark>
        <Placemark id="4400">
            <name>Jalur Kereta Api Padalarang–Kasugihan</name>
            <styleUrl>#4401</styleUrl>
            <LineString id="4399">
                <coordinates>107.6667411,-6.9323004,0.0 107.6660783,-6.9320545,0.0 107.6647585,-6.9315856,0.0 107.664081,-6.9313327,0.0 107.6634016,-6.9310974,0.0 107.6628319,-6.9308905,0.0 107.6620263,-6.9305895,0.0 107.6606464,-6.9300902,0.0 107.6593045,-6.9296065,0.0</coordinates>
            </LineString>
        </Placemark>
        <Placemark id="4404">
            <name>Jalur Kereta Api Padalarang–Kasugihan</name>
            <styleUrl>#4405</styleUrl>
            <LineString id="4403">
                <coordinates>107.6669288,-6.9323711,0.0 107.6667411,-6.9323004,0.0</coordinates>
            </LineString>
        </Placemark>
        <Placemark id="4408">
            <name>Jalur Kereta Api Padalarang–Kasugihan</name>
            <styleUrl>#4409</styleUrl>
            <LineString id="4407">
                <coordinates>107.6726991,-6.9344835,0.0 107.6716228,-6.9340933,0.0 107.6687697,-6.9330437,0.0 107.668176,-6.9328296,0.0 107.6669288,-6.9323711,0.0</coordinates>
            </LineString>
        </Placemark>
        <Placemark id="4412">
            <name>Jalur Kereta Api Padalarang–Kasugihan</name>
            <styleUrl>#4413</styleUrl>
            <LineString id="4411">
                <coordinates>107.6730219,-6.9346028,0.0 107.6726991,-6.9344835,0.0</coordinates>
            </LineString>
        </Placemark>
        <Placemark id="4416">
            <name>Jalur Kereta Api Padalarang–Kasugihan</name>
            <styleUrl>#4417</styleUrl>
            <LineString id="4415">
                <coordinates>107.6756776,-6.9355825,0.0 107.6752611,-6.9354338,0.0 107.6730219,-6.9346028,0.0</coordinates>
            </LineString>
        </Placemark>
        <Placemark id="4420">
            <name>Jalur Kereta Api Padalarang–Kasugihan</name>
            <styleUrl>#4421</styleUrl>
            <LineString id="4419">
                <coordinates>107.6757683,-6.9356168,0.0 107.6756776,-6.9355825,0.0</coordinates>
            </LineString>
        </Placemark>
        <Placemark id="4424">
            <name>Jalur Kereta Api Cikampek–Padalarang</name>
            <styleUrl>#4425</styleUrl>
            <LineString id="4423">
                <coordinates>107.471878,-6.8060404,0.0 107.4719768,-6.8061055,0.0 107.4724182,-6.8063915,0.0 107.4728706,-6.8066639,0.0 107.4730707,-6.8067561,0.0 107.4732859,-6.8068258,0.0 107.473475,-6.8068721,0.0 107.4737111,-6.8069221,0.0 107.4738811,-6.8069494,0.0 107.4740349,-6.8069852,0.0</coordinates>
            </LineString>
        </Placemark>
        <Placemark id="4428">
            <name>Jalur Kereta Api Cikampek–Padalarang</name>
            <styleUrl>#4429</styleUrl>
            <LineString id="4427">
                <coordinates>107.4709343,-6.8054566,0.0 107.471122,-6.8055513,0.0 107.4713212,-6.8056713,0.0 107.4715347,-6.8058032,0.0 107.471878,-6.8060404,0.0</coordinates>
            </LineString>
        </Placemark>
        <Placemark id="4432">
            <name>Jalur Kereta Api Cikampek–Padalarang</name>
            <styleUrl>#4433</styleUrl>
            <LineString id="4431">
                <coordinates>107.459508,-6.8020002,0.0 107.4602498,-6.8023429,0.0 107.4606392,-6.8025192,0.0 107.4608711,-6.8026173,0.0 107.4610252,-6.802682,0.0 107.4611913,-6.8027433,0.0 107.4613978,-6.802802,0.0</coordinates>
            </LineString>
        </Placemark>
        <Placemark id="4436">
            <name>Jalur Kereta Api Cikampek–Padalarang</name>
            <styleUrl>#4437</styleUrl>
            <LineString id="4435">
                <coordinates>107.4613978,-6.802802,0.0 107.4620828,-6.8029839,0.0</coordinates>
            </LineString>
        </Placemark>
        <Placemark id="4440">
            <name>Jalur Kereta Api Cikampek–Padalarang</name>
            <styleUrl>#4441</styleUrl>
            <LineString id="4439">
                <coordinates>107.3979275,-6.6941341,0.0 107.3979786,-6.6936119,0.0 107.3980066,-6.6933122,0.0 107.3980244,-6.6930866,0.0 107.398058,-6.6926623,0.0 107.398049,-6.6922265,0.0 107.397977,-6.6917735,0.0 107.3978385,-6.6912461,0.0 107.397738,-6.6910069,0.0 107.3975588,-6.6906659,0.0 107.3973445,-6.6903495,0.0 107.39672,-6.6896119,0.0 107.3965569,-6.6893823,0.0 107.396448,-6.689209,0.0</coordinates>
            </LineString>
        </Placemark>
        <Placemark id="4444">
            <name>Jalur Kereta Api Cikampek–Padalarang</name>
            <styleUrl>#4445</styleUrl>
            <LineString id="4443">
                <coordinates>107.3962624,-6.6886125,0.0 107.3962932,-6.6887568,0.0 107.3963319,-6.6889266,0.0 107.3963816,-6.6890725,0.0 107.396448,-6.689209,0.0</coordinates>
            </LineString>
        </Placemark>
        <Placemark id="4448">
            <name>Jalur Kereta Api Cikampek–Padalarang</name>
            <styleUrl>#4449</styleUrl>
            <LineString id="4447">
                <coordinates>107.3957143,-6.6621455,0.0 107.396477,-6.6609978,0.0 107.3969467,-6.6603111,0.0 107.3971389,-6.6598289,0.0 107.3971814,-6.6595788,0.0 107.3971944,-6.6593328,0.0 107.3970975,-6.6588183,0.0 107.3969691,-6.6585299,0.0 107.3968122,-6.6582863,0.0 107.3966126,-6.6580778,0.0 107.3964004,-6.6579155,0.0 107.3961266,-6.6577586,0.0 107.396049,-6.6577307,0.0 107.3958178,-6.6576475,0.0 107.3957238,-6.6576265,0.0 107.3949532,-6.6574578,0.0 107.394677,-6.6573465,0.0 107.3944153,-6.6571822,0.0 107.3942219,-6.6570156,0.0 107.3940678,-6.6568368,0.0 107.3939047,-6.656569,0.0 107.3937773,-6.6562371,0.0 107.3937352,-6.6560411,0.0 107.3937177,-6.6558984,0.0 107.3936372,-6.6536646,0.0 107.3935473,-6.653172,0.0 107.3934452,-6.6527672,0.0 107.3933522,-6.6524842,0.0 107.3930754,-6.6516417,0.0 107.3928499,-6.6510233,0.0 107.392715,-6.6507367,0.0 107.3925765,-6.6504772,0.0 107.3922913,-6.6501042,0.0 107.3921782,-6.6500082,0.0 107.3915832,-6.6495181,0.0 107.3905228,-6.6487526,0.0 107.3902435,-6.6485361,0.0 107.3899848,-6.6482693,0.0 107.3897898,-6.647976,0.0 107.389677,-6.6477337,0.0 107.3895665,-6.6474436,0.0 107.3895184,-6.6472044,0.0 107.3895056,-6.6471115,0.0 107.3894867,-6.6468995,0.0 107.3894927,-6.6466381,0.0 107.3895181,-6.6464447,0.0 107.3895718,-6.6462302,0.0 107.3896837,-6.6459423,0.0 107.3897917,-6.6457262,0.0 107.3900056,-6.6454404,0.0 107.3902049,-6.6452243,0.0 107.3905024,-6.6449387,0.0 107.3907592,-6.6446696,0.0 107.3910095,-6.6443347,0.0 107.3911057,-6.6440921,0.0 107.3911515,-6.6439497,0.0 107.3911838,-6.643802,0.0 107.3912108,-6.6436173,0.0 107.3912214,-6.6434605,0.0 107.3912298,-6.6433113,0.0 107.3912606,-6.6426593,0.0</coordinates>
            </LineString>
        </Placemark>
        <Placemark id="4452">
            <name>Jalur Kereta Api Cikampek–Padalarang</name>
            <styleUrl>#4453</styleUrl>
            <LineString id="4451">
                <coordinates>107.3957143,-6.6621455,0.0 107.3956432,-6.6622818,0.0 107.3955684,-6.662471,0.0 107.3955368,-6.6626682,0.0</coordinates>
            </LineString>
        </Placemark>
        <Placemark id="4456">
            <name>Jalur Kereta Api Cikampek–Padalarang</name>
            <styleUrl>#4457</styleUrl>
            <LineString id="4455">
                <coordinates>107.3909458,-6.6375898,0.0 107.3911517,-6.638103,0.0 107.3912032,-6.6382355,0.0 107.3912456,-6.638353,0.0 107.3913215,-6.6385892,0.0 107.3913546,-6.6387333,0.0</coordinates>
            </LineString>
        </Placemark>
        <Placemark id="4460">
            <name>Jalur Kereta Api Cikampek–Padalarang</name>
            <styleUrl>#4461</styleUrl>
            <LineString id="4459">
                <coordinates>107.3913546,-6.6387333,0.0 107.3913789,-6.6388823,0.0</coordinates>
            </LineString>
        </Placemark>
        <Placemark id="4464">
            <name>Jalur Kereta Api Cikampek–Padalarang</name>
            <styleUrl>#4465</styleUrl>
            <LineString id="4463">
                <coordinates>107.3915977,-6.6343461,0.0 107.391595,-6.634448,0.0 107.3915702,-6.6346335,0.0 107.391519,-6.6348034,0.0 107.3914607,-6.6349486,0.0 107.391344,-6.6351672,0.0 107.391167,-6.6354612,0.0 107.3909624,-6.6358065,0.0 107.3908573,-6.6360295,0.0 107.3908023,-6.6361976,0.0 107.3907645,-6.6363753,0.0 107.390742,-6.636584,0.0 107.3907408,-6.6367079,0.0 107.3907537,-6.6368944,0.0 107.3908052,-6.6371636,0.0 107.3908359,-6.6372744,0.0 107.390896,-6.6374529,0.0 107.3909458,-6.6375898,0.0</coordinates>
            </LineString>
        </Placemark>
        <Placemark id="4468">
            <name>Jalur Kereta Api Cikampek–Padalarang</name>
            <styleUrl>#4469</styleUrl>
            <LineString id="4467">
                <coordinates>107.3915499,-6.6337106,0.0 107.3915771,-6.6338757,0.0 107.3915987,-6.6341052,0.0 107.3916019,-6.6342426,0.0 107.3915977,-6.6343461,0.0</coordinates>
            </LineString>
        </Placemark>
        <Placemark id="4472">
            <name>Jalur Kereta Api Padalarang–Kasugihan</name>
            <styleUrl>#4473</styleUrl>
            <LineString id="4471">
                <coordinates>107.9290591,-7.0926521,0.0 107.9295771,-7.0941119,0.0 107.9302718,-7.096042,0.0 107.9303184,-7.0961738,0.0</coordinates>
            </LineString>
        </Placemark>
        <Placemark id="4476">
            <name>Jalur Kereta Api Padalarang–Kasugihan</name>
            <styleUrl>#4477</styleUrl>
            <LineString id="4475">
                <coordinates>107.9290276,-7.0925618,0.0 107.9290591,-7.0926521,0.0</coordinates>
            </LineString>
        </Placemark>
        <Placemark id="4480">
            <name>Jalur Kereta Api Padalarang–Kasugihan</name>
            <styleUrl>#4481</styleUrl>
            <LineString id="4479">
                <coordinates>107.9317367,-7.10017,0.0 107.9317695,-7.1002485,0.0</coordinates>
            </LineString>
        </Placemark>
        <Placemark id="4484">
            <name>Jalur Kereta Api Padalarang–Kasugihan</name>
            <styleUrl>#4485</styleUrl>
            <LineString id="4483">
                <coordinates>107.5822692,-6.9100431,0.0 107.5824446,-6.9101631,0.0</coordinates>
            </LineString>
        </Placemark>
        <Placemark id="4488">
            <name>Jalur Kereta Api Padalarang–Kasugihan</name>
            <styleUrl>#4489</styleUrl>
            <LineString id="4487">
                <coordinates>107.4999081,-6.8451768,0.0 107.4998543,-6.8451305,0.0 107.4996116,-6.844918,0.0 107.4992125,-6.8445534,0.0 107.4990409,-6.8443892,0.0</coordinates>
            </LineString>
        </Placemark>
        <Placemark id="4492">
            <name>Jalur Kereta Api Bandung–Ciroyom–Andir</name>
            <styleUrl>#4493</styleUrl>
            <LineString id="4491">
                <coordinates>107.5970032,-6.914311,0.0 107.5969474,-6.9143093,0.0 107.5968982,-6.9143078,0.0 107.596535,-6.9142984,0.0</coordinates>
            </LineString>
        </Placemark>
        <Placemark id="4496">
            <name>Route Segment</name>
            <styleUrl>#4497</styleUrl>
            <LineString id="4495">
                <coordinates>107.599955,-6.9144203,0.0 107.5997983,-6.9144259,0.0 107.5997018,-6.9144303,0.0 107.5996119,-6.9144347,0.0 107.5994548,-6.9144323,0.0 107.5984729,-6.9143841,0.0 107.5984428,-6.9143828,0.0 107.5984093,-6.9143813,0.0 107.5979056,-6.914356,0.0</coordinates>
            </LineString>
        </Placemark>
        <Placemark id="4500">
            <name>Route Segment</name>
            <styleUrl>#4501</styleUrl>
            <LineString id="4499">
                <coordinates>107.5979056,-6.914356,0.0 107.5972371,-6.9143227,0.0</coordinates>
            </LineString>
        </Placemark>
        <Placemark id="4504">
            <name>Jalur Kereta Api Padalarang–Kasugihan</name>
            <styleUrl>#4505</styleUrl>
            <LineString id="4503">
                <coordinates>107.6044783,-6.9145824,0.0 107.6046639,-6.9146074,0.0 107.604827,-6.9146301,0.0</coordinates>
            </LineString>
        </Placemark>
        <Placemark id="4508">
            <name>Jalur Kereta Api Padalarang–Kasugihan</name>
            <styleUrl>#4509</styleUrl>
            <LineString id="4507">
                <coordinates>107.6434821,-6.9239355,0.0 107.644388,-6.924264,0.0 107.6444962,-6.9243006,0.0 107.6446813,-6.9243697,0.0</coordinates>
            </LineString>
        </Placemark>
        <Placemark id="4512">
            <name>Jalur Kereta Api Padalarang–Kasugihan</name>
            <styleUrl>#4513</styleUrl>
            <LineString id="4511">
                <coordinates>107.6863148,-6.9395132,0.0 107.686263,-6.939494,0.0 107.6862144,-6.939476,0.0 107.6854729,-6.9392074,0.0 107.6854535,-6.9392004,0.0 107.6844703,-6.9388405,0.0</coordinates>
            </LineString>
        </Placemark>
        <Placemark id="4516">
            <name>Jalur Kereta Api Padalarang–Kasugihan</name>
            <styleUrl>#4517</styleUrl>
            <LineString id="4515">
                <coordinates>107.7516173,-6.9632786,0.0 107.7515823,-6.9632656,0.0 107.7515427,-6.963251,0.0 107.7503992,-6.9628279,0.0 107.7498949,-6.9626439,0.0 107.7498533,-6.9626287,0.0 107.7480496,-6.9619745,0.0</coordinates>
            </LineString>
        </Placemark>
        <Placemark id="4520">
            <name>Jalur Kereta Api Padalarang–Kasugihan</name>
            <styleUrl>#4521</styleUrl>
            <LineString id="4519">
                <coordinates>107.7532243,-6.9638555,0.0 107.7531297,-6.9638212,0.0 107.7523729,-6.9635497,0.0 107.7516173,-6.9632786,0.0</coordinates>
            </LineString>
        </Placemark>
        <Placemark id="4524">
            <name>Jalur Kereta Api Cikampek–Padalarang</name>
            <styleUrl>#4525</styleUrl>
            <LineString id="4523">
                <coordinates>107.4072596,-6.6136833,0.0 107.4068713,-6.61466,0.0 107.4064965,-6.6154391,0.0 107.4059818,-6.6162623,0.0 107.4053881,-6.617114,0.0 107.4048114,-6.6179866,0.0 107.404282,-6.6187908,0.0</coordinates>
            </LineString>
        </Placemark>
        <Placemark id="4528">
            <name>Jalur Kereta Api Cikampek–Padalarang</name>
            <styleUrl>#4529</styleUrl>
            <LineString id="4527">
                <coordinates>107.4340114,-6.576024,0.0 107.4338411,-6.575964,0.0 107.4336277,-6.5758593,0.0 107.4333768,-6.5756931,0.0 107.4332221,-6.5755723,0.0 107.433008,-6.575396,0.0</coordinates>
            </LineString>
        </Placemark>
        <Placemark id="4532">
            <name>Route Segment</name>
            <styleUrl>#4533</styleUrl>
            <LineString id="4531">
                <coordinates>107.6031495,-6.9145291,0.0 107.6034413,-6.9145438,0.0 107.6034922,-6.9145447,0.0 107.6035404,-6.9145463,0.0 107.6037773,-6.9145503,0.0 107.6040044,-6.9145595,0.0</coordinates>
            </LineString>
        </Placemark>
        <Placemark id="4536">
            <name>Route Segment</name>
            <styleUrl>#4537</styleUrl>
            <LineString id="4535">
                <coordinates>107.599955,-6.9144203,0.0 107.6001797,-6.9144283,0.0 107.6004008,-6.9144394,0.0 107.6004734,-6.9144408,0.0 107.6005699,-6.9144403,0.0 107.6006699,-6.9144376,0.0 107.6008304,-6.9144337,0.0 107.6009876,-6.9144314,0.0 107.601079,-6.9144326,0.0 107.6011382,-6.9144355,0.0 107.601222,-6.9144392,0.0 107.6013661,-6.9144483,0.0</coordinates>
            </LineString>
        </Placemark>
        <Placemark id="4540">
            <name>Jalur Kereta Api Padalarang–Kasugihan</name>
            <styleUrl>#4541</styleUrl>
            <LineString id="4539">
                <coordinates>107.5353528,-6.8849429,0.0 107.5347216,-6.8841796,0.0</coordinates>
            </LineString>
        </Placemark>
        <Placemark id="4544">
            <name>Jalur Kereta Api Padalarang–Kasugihan</name>
            <styleUrl>#4545</styleUrl>
            <LineString id="4543">
                <coordinates>107.5375078,-6.8873908,0.0 107.5370713,-6.8868856,0.0 107.5367227,-6.8864892,0.0</coordinates>
            </LineString>
        </Placemark>
        <Placemark id="4548">
            <name>Route Segment</name>
            <styleUrl>#4549</styleUrl>
            <LineString id="4547">
                <coordinates>107.6044783,-6.9145824,0.0 107.6043329,-6.914568,0.0 107.6041726,-6.9145639,0.0 107.6040044,-6.9145595,0.0</coordinates>
            </LineString>
        </Placemark>
        <Placemark id="4552">
            <name>Jalur Kereta Api Padalarang–Kasugihan</name>
            <styleUrl>#4553</styleUrl>
            <LineString id="4551">
                <coordinates>107.7998894,-6.9807949,0.0 107.7990524,-6.9804942,0.0 107.7983447,-6.9802356,0.0</coordinates>
            </LineString>
        </Placemark>
        <Placemark id="4556">
            <name>Jalur Kereta Api Cibatu–Cikajang</name>
            <styleUrl>#4557</styleUrl>
            <LineString id="4555">
                <coordinates>107.9061448,-7.2134977,0.0 107.9056478,-7.2134783,0.0 107.905318,-7.2134704,0.0</coordinates>
            </LineString>
        </Placemark>
        <Placemark id="4560">
            <name>Jalur Kereta Api Cibatu–Cikajang</name>
            <styleUrl>#4561</styleUrl>
            <LineString id="4559">
                <coordinates>107.9062381,-7.2135006,0.0 107.9061677,-7.2134984,0.0 107.9061448,-7.2134977,0.0</coordinates>
            </LineString>
        </Placemark>
        <Placemark id="4564">
            <name>Jalur Kereta Api Cibatu–Cikajang</name>
            <styleUrl>#4565</styleUrl>
            <LineString id="4563">
                <coordinates>107.9876108,-7.1016801,0.0 107.9881153,-7.1034863,0.0 107.9884432,-7.1045874,0.0 107.9885962,-7.1049665,0.0 107.9887981,-7.1053196,0.0 107.9889503,-7.1055432,0.0 107.9892088,-7.1057939,0.0 107.9892452,-7.1058224,0.0 107.9894539,-7.1059859,0.0 107.9897415,-7.1061538,0.0 107.9899791,-7.1062694,0.0 107.9902955,-7.1063789,0.0 107.9913692,-7.1067132,0.0 107.9935709,-7.107442,0.0 107.9938707,-7.107576,0.0 107.9940939,-7.1077016,0.0 107.9943424,-7.1079126,0.0 107.9945609,-7.1081279,0.0 107.9948989,-7.1086006,0.0 107.9949905,-7.1087859,0.0 107.9951102,-7.1090959,0.0 107.9952062,-7.1094336,0.0 107.9952583,-7.1097623,0.0 107.9952453,-7.1100229,0.0 107.9951893,-7.1104603,0.0 107.9951447,-7.1107766,0.0 107.9951058,-7.1110394,0.0 107.9949124,-7.1123863,0.0 107.9945736,-7.1146266,0.0 107.9944541,-7.1153999,0.0 107.9943557,-7.1160365,0.0 107.9940651,-7.1178699,0.0 107.9937672,-7.1197491,0.0 107.993366,-7.1223542,0.0 107.9929765,-7.1248395,0.0 107.9928865,-7.1254358,0.0 107.9928785,-7.1254888,0.0</coordinates>
            </LineString>
        </Placemark>
        <Placemark id="4568">
            <name>Jalur Kereta Api Cibatu–Cikajang</name>
            <styleUrl>#4569</styleUrl>
            <LineString id="4567">
                <coordinates>107.9928785,-7.1254888,0.0 107.9926125,-7.1271964,0.0 107.9925883,-7.1273374,0.0 107.9923073,-7.129161,0.0 107.9922553,-7.129497,0.0 107.9922162,-7.1297273,0.0 107.9921597,-7.1300512,0.0</coordinates>
            </LineString>
        </Placemark>
        <Placemark id="4572">
            <name>Jalur Kereta Api Padalarang–Kasugihan</name>
            <styleUrl>#4573</styleUrl>
            <LineString id="4571">
                <coordinates>107.9807261,-7.0996015,0.0 107.9809457,-7.0995253,0.0 107.9811865,-7.0994288,0.0 107.9812083,-7.0994189,0.0 107.9814615,-7.0993043,0.0</coordinates>
            </LineString>
        </Placemark>
        <Placemark id="4576">
            <name>Jalur Kereta Api Padalarang–Kasugihan</name>
            <styleUrl>#4577</styleUrl>
            <LineString id="4575">
                <coordinates>107.9769994,-7.1008387,0.0 107.9772145,-7.1007682,0.0 107.9787237,-7.100267,0.0</coordinates>
            </LineString>
        </Placemark>
        <Placemark id="4580">
            <name>Jalur Kereta Api Padalarang–Kasugihan</name>
            <styleUrl>#4581</styleUrl>
            <LineString id="4579">
                <coordinates>107.9315276,-7.0996055,0.0 107.9317367,-7.10017,0.0</coordinates>
            </LineString>
        </Placemark>
        <Placemark id="4584">
            <name>Jalur Kereta Api Padalarang–Kasugihan</name>
            <styleUrl>#4585</styleUrl>
            <LineString id="4583">
                <coordinates>107.8882733,-7.0192589,0.0 107.8882852,-7.0192648,0.0 107.8883175,-7.0192807,0.0 107.8905209,-7.0203662,0.0 107.8910993,-7.020652,0.0 107.8914667,-7.0208336,0.0 107.8916853,-7.0209461,0.0 107.8919105,-7.0210731,0.0 107.8921037,-7.0211982,0.0 107.8922792,-7.0213257,0.0 107.8924008,-7.0214202,0.0 107.8926266,-7.0216181,0.0 107.892831,-7.0218181,0.0 107.8930072,-7.0220196,0.0 107.8931991,-7.0222547,0.0 107.894274,-7.0236198,0.0 107.8944394,-7.0238326,0.0 107.8945408,-7.023964,0.0 107.894639,-7.0240986,0.0 107.8947191,-7.0242327,0.0 107.8947786,-7.0243422,0.0 107.89484,-7.024488,0.0 107.8948859,-7.0246234,0.0 107.8949163,-7.0247419,0.0 107.8949453,-7.0249131,0.0 107.8949559,-7.0250605,0.0 107.8949532,-7.0252012,0.0 107.8949458,-7.0253077,0.0 107.8949266,-7.0254411,0.0 107.8948791,-7.0256528,0.0 107.8946241,-7.0263635,0.0 107.8945719,-7.0265374,0.0 107.8945307,-7.0267332,0.0 107.894518,-7.0269137,0.0 107.8945197,-7.0271011,0.0 107.8945379,-7.0272608,0.0 107.894603,-7.0275025,0.0 107.8947076,-7.0277401,0.0 107.8948173,-7.02794,0.0 107.8949511,-7.0281228,0.0 107.8951525,-7.0283401,0.0 107.8953849,-7.0285167,0.0 107.8958425,-7.0287915,0.0 107.8962869,-7.0290553,0.0 107.8966037,-7.0292275,0.0 107.8970309,-7.0294161,0.0 107.8972532,-7.0294887,0.0 107.8980966,-7.0297001,0.0 107.898438,-7.029787,0.0 107.8987102,-7.0298856,0.0 107.8989123,-7.0299842,0.0 107.9007563,-7.0313474,0.0 107.9011562,-7.0317102,0.0 107.9014485,-7.0320741,0.0 107.9019384,-7.0327634,0.0 107.9020808,-7.033056,0.0 107.9021306,-7.0333371,0.0 107.9021257,-7.0336298,0.0 107.9020484,-7.0339365,0.0 107.9019111,-7.0341835,0.0 107.9017137,-7.0344306,0.0 107.9014476,-7.0346095,0.0 107.9011987,-7.0347117,0.0 107.900902,-7.0347988,0.0 107.9005591,-7.0348111,0.0 107.8999997,-7.0347797,0.0 107.8997022,-7.0348131,0.0 107.8993905,-7.0349111,0.0 107.8990877,-7.0350679,0.0 107.8988985,-7.0352569,0.0 107.8988137,-7.0353686,0.0 107.8987283,-7.0355205,0.0</coordinates>
            </LineString>
        </Placemark>
        <Placemark id="4588">
            <name>Jalur Kereta Api Padalarang–Kasugihan</name>
            <styleUrl>#4589</styleUrl>
            <LineString id="4587">
                <coordinates>107.8845712,-7.017428,0.0 107.8851492,-7.0177142,0.0 107.8857201,-7.0179955,0.0 107.886623,-7.0184399,0.0 107.8869857,-7.0186209,0.0 107.8880144,-7.0191297,0.0 107.8882733,-7.0192589,0.0</coordinates>
            </LineString>
        </Placemark>
        <Placemark id="4592">
            <name>Jalur Kereta Api Padalarang–Kasugihan</name>
            <styleUrl>#4593</styleUrl>
            <LineString id="4591">
                <coordinates>107.8336581,-6.982616,0.0 107.8339869,-6.9829872,0.0</coordinates>
            </LineString>
        </Placemark>
        <Placemark id="4596">
            <name>Route Segment</name>
            <styleUrl>#4597</styleUrl>
            <LineString id="4595">
                <coordinates>107.8317564,-6.9804762,0.0 107.8318749,-6.9806215,0.0 107.8319414,-6.9807043,0.0 107.8320575,-6.9808456,0.0 107.8321639,-6.98098,0.0</coordinates>
            </LineString>
        </Placemark>
        <Placemark id="4600">
            <name>Route Segment</name>
            <styleUrl>#4601</styleUrl>
            <LineString id="4599">
                <coordinates>107.8242952,-6.9800513,0.0 107.8237874,-6.9804909,0.0</coordinates>
            </LineString>
        </Placemark>
        <Placemark id="4604">
            <name>Jalur Kereta Api Padalarang–Kasugihan</name>
            <styleUrl>#4605</styleUrl>
            <LineString id="4603">
                <coordinates>107.6873668,-6.9398957,0.0 107.6863148,-6.9395132,0.0</coordinates>
            </LineString>
        </Placemark>
        <Placemark id="4608">
            <name>Jalur Kereta Api Padalarang–Kasugihan</name>
            <styleUrl>#4609</styleUrl>
            <LineString id="4607">
                <coordinates>107.6939787,-6.9423053,0.0 107.6939199,-6.942284,0.0 107.6938758,-6.942268,0.0 107.6935402,-6.9421457,0.0 107.6918702,-6.9415374,0.0 107.6916047,-6.9414389,0.0</coordinates>
            </LineString>
        </Placemark>
        <Placemark id="4612">
            <name>Jalur Kereta Api Padalarang–Kasugihan</name>
            <styleUrl>#4613</styleUrl>
            <LineString id="4611">
                <coordinates>107.65416,-6.9277192,0.0 107.6538565,-6.92761,0.0 107.6532309,-6.9273913,0.0 107.6529879,-6.9273106,0.0 107.652771,-6.9272452,0.0 107.6523225,-6.9271026,0.0 107.6518809,-6.9269579,0.0 107.6515062,-6.9268172,0.0 107.6507626,-6.9265488,0.0</coordinates>
            </LineString>
        </Placemark>
        <Placemark id="4616">
            <name>Route Segment</name>
            <styleUrl>#4617</styleUrl>
            <LineString id="4615">
                <coordinates>107.6434821,-6.9239355,0.0 107.6428714,-6.9236661,0.0</coordinates>
            </LineString>
        </Placemark>
        <Placemark id="4620">
            <name>Jalur Kereta Api Padalarang–Kasugihan</name>
            <styleUrl>#4621</styleUrl>
            <LineString id="4619">
                <coordinates>107.6428714,-6.9236661,0.0 107.6422372,-6.9234402,0.0</coordinates>
            </LineString>
        </Placemark>
        <Placemark id="4624">
            <name>Route Segment</name>
            <styleUrl>#4625</styleUrl>
            <LineString id="4623">
                <coordinates>107.6453531,-6.924662,0.0 107.6454626,-6.9247025,0.0 107.6456145,-6.9247603,0.0</coordinates>
            </LineString>
        </Placemark>
        <Placemark id="4628">
            <name>Route Segment</name>
            <styleUrl>#4629</styleUrl>
            <LineString id="4627">
                <coordinates>107.6500686,-6.9262961,0.0 107.6493896,-6.9260901,0.0</coordinates>
            </LineString>
        </Placemark>
        <Placemark id="4632">
            <name>Jalur Kereta Api Padalarang–Kasugihan</name>
            <styleUrl>#4633</styleUrl>
            <LineString id="4631">
                <coordinates>107.5347216,-6.8841796,0.0 107.5338517,-6.8831516,0.0 107.5332502,-6.882474,0.0 107.5329868,-6.8821902,0.0 107.5324174,-6.881615,0.0 107.5318216,-6.8810669,0.0 107.5315466,-6.8808085,0.0 107.5315291,-6.8807924,0.0 107.53151,-6.8807747,0.0 107.5309803,-6.8802851,0.0 107.5306047,-6.879938,0.0 107.5305888,-6.8799225,0.0 107.530329,-6.8796827,0.0 107.5284864,-6.8779688,0.0 107.5281164,-6.8776325,0.0 107.5272551,-6.8768314,0.0 107.5254986,-6.8752089,0.0 107.5247992,-6.8745614,0.0 107.5244936,-6.8742937,0.0 107.5240994,-6.8739823,0.0 107.5237786,-6.873751,0.0 107.5234978,-6.8735712,0.0 107.5233321,-6.8734717,0.0 107.52313,-6.8733504,0.0 107.5227263,-6.8731355,0.0 107.5218812,-6.8727232,0.0 107.5211703,-6.8723841,0.0 107.5198363,-6.8717366,0.0</coordinates>
            </LineString>
        </Placemark>
        <Placemark id="4636">
            <name>Jalur Kereta Api Padalarang–Kasugihan</name>
            <styleUrl>#4637</styleUrl>
            <LineString id="4635">
                <coordinates>107.5008325,-6.8459445,0.0 107.5006227,-6.8457696,0.0 107.5003694,-6.8455597,0.0 107.5001304,-6.8453661,0.0 107.4999081,-6.8451768,0.0</coordinates>
            </LineString>
        </Placemark>
        <Placemark id="4640">
            <name>Jalur Kereta Api Cikampek–Padalarang</name>
            <styleUrl>#4641</styleUrl>
            <LineString id="4639">
                <coordinates>107.4620828,-6.8029839,0.0 107.4621508,-6.8030026,0.0</coordinates>
            </LineString>
        </Placemark>
        <Placemark id="4644">
            <name>Jalur Kereta Api Cikampek–Padalarang</name>
            <styleUrl>#4645</styleUrl>
            <LineString id="4643">
                <coordinates>107.4653527,-6.8039981,0.0 107.4654279,-6.8040342,0.0 107.4655961,-6.8041159,0.0</coordinates>
            </LineString>
        </Placemark>
        <Placemark id="4648">
            <name>Jalur Kereta Api Cikampek–Padalarang</name>
            <styleUrl>#4649</styleUrl>
            <LineString id="4647">
                <coordinates>107.4323756,-6.7810819,0.0 107.4325336,-6.7814369,0.0 107.4326399,-6.7816477,0.0 107.43274,-6.7818081,0.0</coordinates>
            </LineString>
        </Placemark>
        <Placemark id="4652">
            <name>Jalur Kereta Api Cikampek–Padalarang</name>
            <styleUrl>#4653</styleUrl>
            <LineString id="4651">
                <coordinates>107.427475,-6.7785168,0.0 107.4276297,-6.7784936,0.0 107.4278829,-6.778446,0.0 107.4288326,-6.7782672,0.0</coordinates>
            </LineString>
        </Placemark>
        <Placemark id="4656">
            <name>Jalur Kereta Api Cikampek–Padalarang</name>
            <styleUrl>#4657</styleUrl>
            <LineString id="4655">
                <coordinates>107.4119786,-6.7605815,0.0 107.4122187,-6.7605319,0.0 107.4130165,-6.7603644,0.0 107.4133055,-6.7602774,0.0 107.4135222,-6.7601838,0.0 107.4136284,-6.7601287,0.0 107.4138353,-6.7599867,0.0 107.4141265,-6.7597228,0.0 107.4142871,-6.7595029,0.0 107.4144435,-6.759212,0.0 107.4145383,-6.7589302,0.0 107.4146704,-6.7585666,0.0 107.4147415,-6.758418,0.0 107.4147925,-6.7583118,0.0 107.4148737,-6.7581835,0.0 107.4149672,-6.7580551,0.0 107.4150718,-6.7579305,0.0 107.4152182,-6.7578001,0.0</coordinates>
            </LineString>
        </Placemark>
        <Placemark id="4660">
            <name>Jalur Kereta Api Cikampek–Padalarang</name>
            <styleUrl>#4661</styleUrl>
            <LineString id="4659">
                <coordinates>107.407886,-6.760887,0.0 107.4083999,-6.7608714,0.0 107.4084571,-6.7608697,0.0 107.4087526,-6.7608595,0.0 107.4093565,-6.7608404,0.0 107.4097923,-6.7608274,0.0 107.4104461,-6.7608077,0.0 107.4107656,-6.7607916,0.0 107.4109361,-6.7607812,0.0 107.4110945,-6.7607602,0.0 107.4112337,-6.7607381,0.0 107.4112755,-6.7607314,0.0 107.4114917,-6.7606883,0.0 107.4119786,-6.7605815,0.0</coordinates>
            </LineString>
        </Placemark>
        <Placemark id="4664">
            <name>Jalur Kereta Api Cikampek–Padalarang</name>
            <styleUrl>#4665</styleUrl>
            <LineString id="4663">
                <coordinates>107.3954126,-6.7331626,0.0 107.3954142,-6.733367,0.0 107.3954164,-6.7335045,0.0 107.3954376,-6.7336636,0.0 107.3954751,-6.7338194,0.0 107.395549,-6.7341058,0.0 107.3956385,-6.7343457,0.0 107.3957647,-6.7346003,0.0 107.3959423,-6.7348754,0.0 107.3961527,-6.7351239,0.0 107.3963767,-6.735318,0.0 107.3966157,-6.7354676,0.0 107.3968382,-6.7355745,0.0</coordinates>
            </LineString>
        </Placemark>
        <Placemark id="4668">
            <name>Jalur Kereta Api Cikampek–Padalarang</name>
            <styleUrl>#4669</styleUrl>
            <LineString id="4667">
                <coordinates>107.3898939,-6.7148342,0.0 107.3903795,-6.7151762,0.0 107.3912463,-6.7157799,0.0 107.3916331,-6.7160739,0.0 107.3917271,-6.7161544,0.0 107.3919147,-6.7163325,0.0 107.3920143,-6.7164207,0.0</coordinates>
            </LineString>
        </Placemark>
        <Placemark id="4672">
            <name>Jalur Kereta Api Cikampek–Padalarang</name>
            <styleUrl>#4673</styleUrl>
            <LineString id="4671">
                <coordinates>107.3912606,-6.6426593,0.0 107.3912872,-6.6422182,0.0 107.3913237,-6.6416574,0.0 107.3913276,-6.641597,0.0 107.3913358,-6.641402,0.0 107.3913437,-6.640949,0.0 107.3913568,-6.6402787,0.0 107.3913642,-6.6400186,0.0 107.3913698,-6.6398407,0.0 107.3913906,-6.6394804,0.0 107.3914039,-6.6391807,0.0 107.3913881,-6.6389615,0.0 107.3913789,-6.6388823,0.0</coordinates>
            </LineString>
        </Placemark>
        <Placemark id="4676">
            <name>Jalur Kereta Api Cikampek–Padalarang</name>
            <styleUrl>#4677</styleUrl>
            <LineString id="4675">
                <coordinates>107.4094523,-6.6063977,0.0 107.4094499,-6.6071784,0.0 107.409414,-6.6075826,0.0 107.4093473,-6.6079894,0.0 107.409269,-6.608421,0.0 107.4092223,-6.6086436,0.0 107.4090921,-6.6092042,0.0 107.4089465,-6.6096916,0.0 107.4089136,-6.6097853,0.0 107.4086071,-6.6105348,0.0 107.4084911,-6.6108232,0.0 107.4084476,-6.6109312,0.0 107.4082975,-6.6112928,0.0 107.4076166,-6.6129585,0.0 107.4073379,-6.613553,0.0 107.4072596,-6.6136833,0.0</coordinates>
            </LineString>
        </Placemark>
        <Placemark id="4680">
            <name>Jalur Kereta Api Cikampek–Padalarang</name>
            <styleUrl>#4681</styleUrl>
            <LineString id="4679">
                <coordinates>107.429238,-6.5721503,0.0 107.4286401,-6.5716426,0.0 107.428249,-6.5713095,0.0 107.4280256,-6.5711324,0.0 107.427817,-6.570998,0.0 107.4275801,-6.5708861,0.0 107.4274986,-6.5708596,0.0 107.4274159,-6.570835,0.0 107.4273696,-6.5708241,0.0 107.4270381,-6.5707626,0.0 107.4264808,-6.5706964,0.0 107.4259939,-6.5706317,0.0 107.4257176,-6.5705709,0.0 107.4253846,-6.5704592,0.0 107.4252242,-6.5703604,0.0</coordinates>
            </LineString>
        </Placemark>
        <Placemark id="4684">
            <name>Route Segment</name>
            <styleUrl>#4685</styleUrl>
            <LineString id="4683">
                <coordinates>107.4472627,-6.554094,0.0 107.4465326,-6.5526111,0.0</coordinates>
            </LineString>
        </Placemark>
        <Placemark id="4688">
            <name>Jalur Kereta Api Cikampek–Padalarang</name>
            <styleUrl>#4689</styleUrl>
            <LineString id="4687">
                <coordinates>107.4489388,-6.5577751,0.0 107.4492487,-6.5584123,0.0</coordinates>
            </LineString>
        </Placemark>
        <Placemark id="4692">
            <name>Route Segment</name>
            <styleUrl>#4693</styleUrl>
            <LineString id="4691">
                <coordinates>107.4489388,-6.5577751,0.0 107.4487733,-6.5573415,0.0</coordinates>
            </LineString>
        </Placemark>
        <Placemark id="4696">
            <name>Jalur Kereta Api Padalarang–Kasugihan</name>
            <styleUrl>#4697</styleUrl>
            <LineString id="4695">
                <coordinates>107.4953869,-6.8409687,0.0 107.4953035,-6.8408899,0.0 107.4952595,-6.8408493,0.0</coordinates>
            </LineString>
        </Placemark>
        <Placemark id="4700">
            <name>Jalur Kereta Api Padalarang–Kasugihan</name>
            <styleUrl>#4701</styleUrl>
            <LineString id="4699">
                <coordinates>107.5155013,-6.8652886,0.0 107.514957,-6.8640733,0.0 107.5146052,-6.863278,0.0</coordinates>
            </LineString>
        </Placemark>
        <Placemark id="4704">
            <name>Jalur Kereta Api Padalarang–Kasugihan</name>
            <styleUrl>#4705</styleUrl>
            <LineString id="4703">
                <coordinates>107.5709107,-6.9024837,0.0 107.5698989,-6.9018151,0.0 107.5683033,-6.9007588,0.0 107.5673941,-6.9001551,0.0 107.565307,-6.8987909,0.0 107.5652834,-6.8987755,0.0 107.5642368,-6.8980752,0.0 107.5641854,-6.8980408,0.0</coordinates>
            </LineString>
        </Placemark>
        <Placemark id="4708">
            <name>Jalur Kereta Api Padalarang–Kasugihan</name>
            <styleUrl>#4709</styleUrl>
            <LineString id="4707">
                <coordinates>107.5641854,-6.8980408,0.0 107.5637707,-6.8977636,0.0 107.5633281,-6.8974853,0.0 107.5629527,-6.8972258,0.0 107.5626565,-6.8970211,0.0 107.5618409,-6.8964887,0.0 107.5608515,-6.8958324,0.0 107.5605771,-6.8956591,0.0 107.5604131,-6.8955578,0.0 107.5603777,-6.8955359,0.0 107.5602416,-6.8954572,0.0 107.5599064,-6.8952689,0.0 107.5598132,-6.8952145,0.0 107.5596795,-6.8951484,0.0 107.5594408,-6.8950192,0.0 107.5591238,-6.8948543,0.0 107.5587546,-6.8946591,0.0</coordinates>
            </LineString>
        </Placemark>
        <Placemark id="4712">
            <name>Jalur Kereta Api Padalarang–Kasugihan</name>
            <styleUrl>#4713</styleUrl>
            <LineString id="4711">
                <coordinates>107.7113976,-6.9486453,0.0 107.710294,-6.9482369,0.0 107.7102534,-6.9482218,0.0 107.7058078,-6.9466049,0.0 107.7039779,-6.9459422,0.0</coordinates>
            </LineString>
        </Placemark>
        <Placemark id="4716">
            <name>Jalur Kereta Api Padalarang–Kasugihan</name>
            <styleUrl>#4717</styleUrl>
            <LineString id="4715">
                <coordinates>107.7129817,-6.9492216,0.0 107.7121621,-6.9489291,0.0 107.7113976,-6.9486453,0.0</coordinates>
            </LineString>
        </Placemark>
        <Placemark id="4720">
            <name>Route Segment</name>
            <styleUrl>#4721</styleUrl>
            <LineString id="4719">
                <coordinates>107.8332587,-6.9822242,0.0 107.8336581,-6.982616,0.0</coordinates>
            </LineString>
        </Placemark>
        <Placemark id="4724">
            <name>Jalur Kereta Api Padalarang–Kasugihan</name>
            <styleUrl>#4725</styleUrl>
            <LineString id="4723">
                <coordinates>107.8102516,-6.9845392,0.0 107.8080189,-6.9837287,0.0 107.8066751,-6.9832475,0.0 107.8046926,-6.9825162,0.0 107.8040472,-6.9822804,0.0 107.8032502,-6.9819907,0.0</coordinates>
            </LineString>
        </Placemark>
        <Placemark id="4728">
            <name>Jalur Kereta Api Padalarang–Kasugihan</name>
            <styleUrl>#4729</styleUrl>
            <LineString id="4727">
                <coordinates>107.8103948,-6.984591,0.0 107.8102516,-6.9845392,0.0</coordinates>
            </LineString>
        </Placemark>
        <Placemark id="4732">
            <name>Jalur Kereta Api Padalarang–Kasugihan</name>
            <styleUrl>#4733</styleUrl>
            <LineString id="4731">
                <coordinates>107.8030634,-6.9819217,0.0 107.8021286,-6.9815946,0.0 107.8016699,-6.9814282,0.0 107.7998894,-6.9807949,0.0</coordinates>
            </LineString>
        </Placemark>
        <Placemark id="4736">
            <name>Jalur Kereta Api Padalarang–Kasugihan</name>
            <styleUrl>#4737</styleUrl>
            <LineString id="4735">
                <coordinates>107.8032502,-6.9819907,0.0 107.8030634,-6.9819217,0.0</coordinates>
            </LineString>
        </Placemark>
        <Placemark id="4740">
            <name>Jalur Kereta Api Padalarang–Kasugihan</name>
            <styleUrl>#4741</styleUrl>
            <LineString id="4739">
                <coordinates>107.9803087,-7.0997388,0.0 107.9807261,-7.0996015,0.0</coordinates>
            </LineString>
        </Placemark>
        <Placemark id="4744">
            <name>Route Segment</name>
            <styleUrl>#4745</styleUrl>
            <LineString id="4743">
                <coordinates>107.8331538,-6.9821056,0.0 107.8331966,-6.9821559,0.0 107.8332587,-6.9822242,0.0</coordinates>
            </LineString>
        </Placemark>
        <Placemark id="4748">
            <name>Jalur Kereta Api Padalarang–Kasugihan</name>
            <styleUrl>#4749</styleUrl>
            <LineString id="4747">
                <coordinates>107.6422372,-6.9234402,0.0 107.6421269,-6.9234014,0.0</coordinates>
            </LineString>
        </Placemark>
        <Placemark id="4752">
            <name>Jalur Kereta Api Padalarang–Kasugihan</name>
            <styleUrl>#4753</styleUrl>
            <LineString id="4751">
                <coordinates>107.6507626,-6.9265488,0.0 107.6506588,-6.9265112,0.0</coordinates>
            </LineString>
        </Placemark>
        <Placemark id="4756">
            <name>Jalur Kereta Api Padalarang–Kasugihan</name>
            <styleUrl>#4757</styleUrl>
            <LineString id="4755">
                <coordinates>107.6492885,-6.9260515,0.0 107.6493896,-6.9260901,0.0</coordinates>
            </LineString>
        </Placemark>
        <Placemark id="4760">
            <name>Jalur Kereta Api Padalarang–Kasugihan</name>
            <styleUrl>#4761</styleUrl>
            <LineString id="4759">
                <coordinates>107.6506588,-6.9265112,0.0 107.6500686,-6.9262961,0.0</coordinates>
            </LineString>
        </Placemark>
        <Placemark id="4764">
            <name>Jalur Kereta Api Padalarang–Kasugihan</name>
            <styleUrl>#4765</styleUrl>
            <LineString id="4763">
                <coordinates>107.6592233,-6.9295781,0.0 107.6553246,-6.928145,0.0 107.654374,-6.9278013,0.0 107.6542969,-6.9277719,0.0</coordinates>
            </LineString>
        </Placemark>
        <Placemark id="4768">
            <name>Jalur Kereta Api Padalarang–Kasugihan</name>
            <styleUrl>#4769</styleUrl>
            <LineString id="4767">
                <coordinates>107.6593045,-6.9296065,0.0 107.6592233,-6.9295781,0.0</coordinates>
            </LineString>
        </Placemark>
        <Placemark id="4772">
            <name>Jalur Kereta Api Padalarang–Kasugihan</name>
            <styleUrl>#4773</styleUrl>
            <LineString id="4771">
                <coordinates>107.8315606,-6.980216,0.0 107.8317564,-6.9804762,0.0</coordinates>
            </LineString>
        </Placemark>
        <Placemark id="4776">
            <name>Jalur Kereta Api Padalarang–Kasugihan</name>
            <styleUrl>#4777</styleUrl>
            <LineString id="4775">
                <coordinates>107.8312481,-6.9798592,0.0 107.8313747,-6.9800025,0.0 107.8315012,-6.9801457,0.0 107.8315606,-6.980216,0.0</coordinates>
            </LineString>
        </Placemark>
        <Placemark id="4780">
            <name>Jalur Kereta Api Padalarang–Kasugihan</name>
            <styleUrl>#4781</styleUrl>
            <LineString id="4779">
                <coordinates>107.5164575,-6.8674713,0.0 107.516039,-6.866468,0.0 107.5156616,-6.8656295,0.0 107.5155013,-6.8652886,0.0</coordinates>
            </LineString>
        </Placemark>
        <Placemark id="4784">
            <name>Jalur Kereta Api Padalarang–Kasugihan</name>
            <styleUrl>#4785</styleUrl>
            <LineString id="4783">
                <coordinates>107.5198363,-6.8717366,0.0 107.5195403,-6.8715831,0.0 107.519437,-6.8715243,0.0 107.5190963,-6.8713304,0.0 107.5187013,-6.8710674,0.0 107.5184179,-6.8708275,0.0 107.5180554,-6.8704601,0.0 107.5178026,-6.8701628,0.0 107.5174659,-6.8696423,0.0 107.5174045,-6.8695454,0.0 107.5171455,-6.8690121,0.0 107.5168314,-6.8683035,0.0 107.5164575,-6.8674713,0.0</coordinates>
            </LineString>
        </Placemark>
        <Placemark id="4788">
            <name>Jalur Kereta Api Padalarang–Kasugihan</name>
            <styleUrl>#4789</styleUrl>
            <LineString id="4787">
                <coordinates>107.7039191,-6.9459216,0.0 107.7024436,-6.9453853,0.0 107.7002589,-6.9445913,0.0</coordinates>
            </LineString>
        </Placemark>
        <Placemark id="4792">
            <name>Jalur Kereta Api Padalarang–Kasugihan</name>
            <styleUrl>#4793</styleUrl>
            <LineString id="4791">
                <coordinates>107.7039779,-6.9459422,0.0 107.7039191,-6.9459216,0.0</coordinates>
            </LineString>
        </Placemark>
        <Placemark id="4796">
            <name>Route Segment</name>
            <styleUrl>#4797</styleUrl>
            <LineString id="4795">
                <coordinates>107.6027956,-6.9145101,0.0 107.6031495,-6.9145291,0.0</coordinates>
            </LineString>
        </Placemark>
        <Placemark id="4800">
            <name>Route Segment</name>
            <styleUrl>#4801</styleUrl>
            <LineString id="4799">
                <coordinates>107.6013661,-6.9144483,0.0 107.6016923,-6.9144609,0.0</coordinates>
            </LineString>
        </Placemark>
        <Placemark id="4804">
            <name>Jalur Kereta Api Padalarang–Kasugihan</name>
            <styleUrl>#4805</styleUrl>
            <LineString id="4803">
                <coordinates>107.5358816,-6.8855398,0.0 107.5353528,-6.8849429,0.0</coordinates>
            </LineString>
        </Placemark>
        <Placemark id="4808">
            <name>Jalur Kereta Api Padalarang–Kasugihan</name>
            <styleUrl>#4809</styleUrl>
            <LineString id="4807">
                <coordinates>107.5362929,-6.886004,0.0 107.5358816,-6.8855398,0.0</coordinates>
            </LineString>
        </Placemark>
        <Placemark id="4812">
            <name>Jalur Kereta Api Padalarang–Kasugihan</name>
            <styleUrl>#4813</styleUrl>
            <LineString id="4811">
                <coordinates>107.4971738,-6.8426391,0.0 107.4969052,-6.8423863,0.0</coordinates>
            </LineString>
        </Placemark>
        <Placemark id="4816">
            <name>Jalur Kereta Api Padalarang–Kasugihan</name>
            <styleUrl>#4817</styleUrl>
            <LineString id="4815">
                <coordinates>107.4976235,-6.8430624,0.0 107.4971738,-6.8426391,0.0</coordinates>
            </LineString>
        </Placemark>
        <Placemark id="4820">
            <name>Route Segment</name>
            <styleUrl>#4821</styleUrl>
            <LineString id="4819">
                <coordinates>107.5972072,-6.9143212,0.0 107.5970032,-6.914311,0.0</coordinates>
            </LineString>
        </Placemark>
        <Placemark id="4824">
            <name>Route Segment</name>
            <styleUrl>#4825</styleUrl>
            <LineString id="4823">
                <coordinates>107.5972371,-6.9143227,0.0 107.5972072,-6.9143212,0.0</coordinates>
            </LineString>
        </Placemark>
        <Placemark id="4828">
            <name>Jalur Kereta Api Cibatu–Cikajang</name>
            <styleUrl>#4829</styleUrl>
            <LineString id="4827">
                <coordinates>107.9714348,-7.1764312,0.0 107.9712289,-7.1767573,0.0 107.9710042,-7.1770755,0.0 107.9708346,-7.1772962,0.0 107.9706408,-7.1775302,0.0 107.9705516,-7.1776349,0.0 107.9702957,-7.1779155,0.0 107.9700108,-7.1781914,0.0 107.9696234,-7.1785357,0.0 107.9692766,-7.1788023,0.0 107.9692115,-7.1788523,0.0 107.9683684,-7.1795286,0.0 107.9677882,-7.1799563,0.0 107.9674919,-7.1801718,0.0 107.9669255,-7.1806204,0.0 107.9668414,-7.1806894,0.0 107.9664101,-7.1810151,0.0</coordinates>
            </LineString>
        </Placemark>
        <Placemark id="4832">
            <name>Jalur Kereta Api Cibatu–Cikajang</name>
            <styleUrl>#4833</styleUrl>
            <LineString id="4831">
                <coordinates>107.9715152,-7.1762937,0.0 107.9714348,-7.1764312,0.0</coordinates>
            </LineString>
        </Placemark>
        <Placemark id="4836">
            <name>Jalur Kereta Api Cibatu–Cikajang</name>
            <styleUrl>#4837</styleUrl>
            <LineString id="4835">
                <coordinates>107.9921597,-7.1300512,0.0 107.9921476,-7.1301191,0.0 107.9921112,-7.1302927,0.0 107.9919447,-7.130846,0.0 107.9917407,-7.1314114,0.0 107.9916243,-7.131714,0.0 107.9914471,-7.1321465,0.0 107.9914008,-7.132251,0.0 107.9910727,-7.1329806,0.0 107.9896051,-7.1362448,0.0 107.9893089,-7.1368967,0.0 107.9891273,-7.1372965,0.0</coordinates>
            </LineString>
        </Placemark>
        <Placemark id="4840">
            <name>Jalur Kereta Api Cibatu–Cikajang</name>
            <styleUrl>#4841</styleUrl>
            <LineString id="4839">
                <coordinates>107.9891273,-7.1372965,0.0 107.988985,-7.1376098,0.0</coordinates>
            </LineString>
        </Placemark>
        <Placemark id="4844">
            <name>Jalur Kereta Api Padalarang–Kasugihan</name>
            <styleUrl>#4845</styleUrl>
            <LineString id="4843">
                <coordinates>107.8988956,-7.0821417,0.0 107.8991557,-7.0824243,0.0 107.8991925,-7.0824691,0.0 107.8992545,-7.0825445,0.0 107.899321,-7.0826386,0.0 107.8994015,-7.0827755,0.0 107.8994388,-7.0828584,0.0 107.8994589,-7.0829082,0.0</coordinates>
            </LineString>
        </Placemark>
        <Placemark id="4848">
            <name>Jalur Kereta Api Padalarang–Kasugihan</name>
            <styleUrl>#4849</styleUrl>
            <LineString id="4847">
                <coordinates>107.8994589,-7.0829082,0.0 107.8994745,-7.0829479,0.0</coordinates>
            </LineString>
        </Placemark>
        <Placemark id="4852">
            <name>Jalur Kereta Api Padalarang–Kasugihan</name>
            <styleUrl>#4853</styleUrl>
            <LineString id="4851">
                <coordinates>107.8998805,-7.0856022,0.0 107.8998888,-7.0856616,0.0 107.8999094,-7.085808,0.0 107.8999298,-7.085916,0.0 107.8999571,-7.0860397,0.0 107.8999891,-7.0861483,0.0 107.9000469,-7.0863026,0.0 107.9001146,-7.0864578,0.0 107.9002313,-7.0866723,0.0 107.9003524,-7.086841,0.0 107.9004774,-7.0869839,0.0 107.9006046,-7.0871181,0.0 107.900742,-7.0872272,0.0 107.9008902,-7.0873329,0.0 107.9012194,-7.0875253,0.0 107.901391,-7.0875895,0.0 107.9015748,-7.0876538,0.0 107.9016087,-7.0876603,0.0 107.9018587,-7.0877081,0.0 107.9021013,-7.0877323,0.0 107.9022155,-7.0877337,0.0 107.9024839,-7.0877166,0.0 107.904298,-7.0875667,0.0 107.9060643,-7.0874161,0.0</coordinates>
            </LineString>
        </Placemark>
        <Placemark id="4856">
            <name>Jalur Kereta Api Padalarang–Kasugihan</name>
            <styleUrl>#4857</styleUrl>
            <LineString id="4855">
                <coordinates>107.9060643,-7.0874161,0.0 107.9061038,-7.0874137,0.0</coordinates>
            </LineString>
        </Placemark>
        <Placemark id="4860">
            <name>Jalur Kereta Api Padalarang–Kasugihan</name>
            <styleUrl>#4861</styleUrl>
            <LineString id="4859">
                <coordinates>107.9796136,-7.0999704,0.0 107.9803087,-7.0997388,0.0</coordinates>
            </LineString>
        </Placemark>
        <Placemark id="4864">
            <name>Jalur Kereta Api Padalarang–Kasugihan</name>
            <styleUrl>#4865</styleUrl>
            <LineString id="4863">
                <coordinates>107.9793058,-7.100073,0.0 107.9796136,-7.0999704,0.0</coordinates>
            </LineString>
        </Placemark>
    </Document>
</kml>
