<?xml version="1.0" encoding="UTF-8"?>
<kml xmlns="http://www.opengis.net/kml/2.2" xmlns:gx="http://www.google.com/kml/ext/2.2">
    <Document id="13207">
        <Style id="13213">
            <IconStyle id="13214">
                <colorMode>normal</colorMode>
                <scale>1</scale>
                <heading>0</heading>
                <Icon id="13215">
                    <href>http://maps.google.com/mapfiles/kml/pushpin/ylw-pushpin.png</href>
                </Icon>
            </IconStyle>
        </Style>
        <Style id="13218">
            <IconStyle id="13219">
                <colorMode>normal</colorMode>
                <scale>1</scale>
                <heading>0</heading>
                <Icon id="13220">
                    <href>http://maps.google.com/mapfiles/kml/pushpin/ylw-pushpin.png</href>
                </Icon>
            </IconStyle>
        </Style>
        <Style id="13223">
            <IconStyle id="13224">
                <colorMode>normal</colorMode>
                <scale>1</scale>
                <heading>0</heading>
                <Icon id="13225">
                    <href>http://maps.google.com/mapfiles/kml/pushpin/ylw-pushpin.png</href>
                </Icon>
            </IconStyle>
        </Style>
        <Style id="13228">
            <IconStyle id="13229">
                <colorMode>normal</colorMode>
                <scale>1</scale>
                <heading>0</heading>
                <Icon id="13230">
                    <href>http://maps.google.com/mapfiles/kml/pushpin/ylw-pushpin.png</href>
                </Icon>
            </IconStyle>
        </Style>
        <Style id="13233">
            <IconStyle id="13234">
                <colorMode>normal</colorMode>
                <scale>1</scale>
                <heading>0</heading>
                <Icon id="13235">
                    <href>http://maps.google.com/mapfiles/kml/pushpin/ylw-pushpin.png</href>
                </Icon>
            </IconStyle>
        </Style>
        <Style id="13238">
            <IconStyle id="13239">
                <colorMode>normal</colorMode>
                <scale>1</scale>
                <heading>0</heading>
                <Icon id="13240">
                    <href>http://maps.google.com/mapfiles/kml/pushpin/ylw-pushpin.png</href>
                </Icon>
            </IconStyle>
        </Style>
        <Style id="13243">
            <IconStyle id="13244">
                <colorMode>normal</colorMode>
                <scale>1</scale>
                <heading>0</heading>
                <Icon id="13245">
                    <href>http://maps.google.com/mapfiles/kml/pushpin/ylw-pushpin.png</href>
                </Icon>
            </IconStyle>
        </Style>
        <Style id="13248">
            <IconStyle id="13249">
                <colorMode>normal</colorMode>
                <scale>1</scale>
                <heading>0</heading>
                <Icon id="13250">
                    <href>http://maps.google.com/mapfiles/kml/pushpin/ylw-pushpin.png</href>
                </Icon>
            </IconStyle>
        </Style>
        <Style id="13253">
            <IconStyle id="13254">
                <colorMode>normal</colorMode>
                <scale>1</scale>
                <heading>0</heading>
                <Icon id="13255">
                    <href>http://maps.google.com/mapfiles/kml/pushpin/ylw-pushpin.png</href>
                </Icon>
            </IconStyle>
        </Style>
        <Style id="13258">
            <IconStyle id="13259">
                <colorMode>normal</colorMode>
                <scale>1</scale>
                <heading>0</heading>
                <Icon id="13260">
                    <href>http://maps.google.com/mapfiles/kml/pushpin/ylw-pushpin.png</href>
                </Icon>
            </IconStyle>
        </Style>
        <Style id="13263">
            <IconStyle id="13264">
                <colorMode>normal</colorMode>
                <scale>1</scale>
                <heading>0</heading>
                <Icon id="13265">
                    <href>http://maps.google.com/mapfiles/kml/pushpin/ylw-pushpin.png</href>
                </Icon>
            </IconStyle>
        </Style>
        <Style id="13268">
            <IconStyle id="13269">
                <colorMode>normal</colorMode>
                <scale>1</scale>
                <heading>0</heading>
                <Icon id="13270">
                    <href>http://maps.google.com/mapfiles/kml/pushpin/ylw-pushpin.png</href>
                </Icon>
            </IconStyle>
        </Style>
        <Style id="13273">
            <IconStyle id="13274">
                <colorMode>normal</colorMode>
                <scale>1</scale>
                <heading>0</heading>
                <Icon id="13275">
                    <href>http://maps.google.com/mapfiles/kml/pushpin/ylw-pushpin.png</href>
                </Icon>
            </IconStyle>
        </Style>
        <Style id="13278">
            <IconStyle id="13279">
                <colorMode>normal</colorMode>
                <scale>1</scale>
                <heading>0</heading>
                <Icon id="13280">
                    <href>http://maps.google.com/mapfiles/kml/pushpin/ylw-pushpin.png</href>
                </Icon>
            </IconStyle>
        </Style>
        <Style id="13283">
            <IconStyle id="13284">
                <colorMode>normal</colorMode>
                <scale>1</scale>
                <heading>0</heading>
                <Icon id="13285">
                    <href>http://maps.google.com/mapfiles/kml/pushpin/ylw-pushpin.png</href>
                </Icon>
            </IconStyle>
        </Style>
        <Style id="13288">
            <IconStyle id="13289">
                <colorMode>normal</colorMode>
                <scale>1</scale>
                <heading>0</heading>
                <Icon id="13290">
                    <href>http://maps.google.com/mapfiles/kml/pushpin/ylw-pushpin.png</href>
                </Icon>
            </IconStyle>
        </Style>
        <Style id="13293">
            <IconStyle id="13294">
                <colorMode>normal</colorMode>
                <scale>1</scale>
                <heading>0</heading>
                <Icon id="13295">
                    <href>http://maps.google.com/mapfiles/kml/pushpin/ylw-pushpin.png</href>
                </Icon>
            </IconStyle>
        </Style>
        <Style id="13298">
            <IconStyle id="13299">
                <colorMode>normal</colorMode>
                <scale>1</scale>
                <heading>0</heading>
                <Icon id="13300">
                    <href>http://maps.google.com/mapfiles/kml/pushpin/ylw-pushpin.png</href>
                </Icon>
            </IconStyle>
        </Style>
        <Style id="13303">
            <IconStyle id="13304">
                <colorMode>normal</colorMode>
                <scale>1</scale>
                <heading>0</heading>
                <Icon id="13305">
                    <href>http://maps.google.com/mapfiles/kml/pushpin/ylw-pushpin.png</href>
                </Icon>
            </IconStyle>
        </Style>
        <Style id="13308">
            <IconStyle id="13309">
                <colorMode>normal</colorMode>
                <scale>1</scale>
                <heading>0</heading>
                <Icon id="13310">
                    <href>http://maps.google.com/mapfiles/kml/pushpin/ylw-pushpin.png</href>
                </Icon>
            </IconStyle>
        </Style>
        <Style id="13313">
            <IconStyle id="13314">
                <colorMode>normal</colorMode>
                <scale>1</scale>
                <heading>0</heading>
                <Icon id="13315">
                    <href>http://maps.google.com/mapfiles/kml/pushpin/ylw-pushpin.png</href>
                </Icon>
            </IconStyle>
        </Style>
        <Style id="13318">
            <IconStyle id="13319">
                <colorMode>normal</colorMode>
                <scale>1</scale>
                <heading>0</heading>
                <Icon id="13320">
                    <href>http://maps.google.com/mapfiles/kml/pushpin/ylw-pushpin.png</href>
                </Icon>
            </IconStyle>
        </Style>
        <Style id="13323">
            <IconStyle id="13324">
                <colorMode>normal</colorMode>
                <scale>1</scale>
                <heading>0</heading>
                <Icon id="13325">
                    <href>http://maps.google.com/mapfiles/kml/pushpin/ylw-pushpin.png</href>
                </Icon>
            </IconStyle>
        </Style>
        <Style id="13328">
            <IconStyle id="13329">
                <colorMode>normal</colorMode>
                <scale>1</scale>
                <heading>0</heading>
                <Icon id="13330">
                    <href>http://maps.google.com/mapfiles/kml/pushpin/ylw-pushpin.png</href>
                </Icon>
            </IconStyle>
        </Style>
        <Style id="13333">
            <IconStyle id="13334">
                <colorMode>normal</colorMode>
                <scale>1</scale>
                <heading>0</heading>
                <Icon id="13335">
                    <href>http://maps.google.com/mapfiles/kml/pushpin/ylw-pushpin.png</href>
                </Icon>
            </IconStyle>
        </Style>
        <Style id="13338">
            <IconStyle id="13339">
                <colorMode>normal</colorMode>
                <scale>1</scale>
                <heading>0</heading>
                <Icon id="13340">
                    <href>http://maps.google.com/mapfiles/kml/pushpin/ylw-pushpin.png</href>
                </Icon>
            </IconStyle>
        </Style>
        <Style id="13343">
            <IconStyle id="13344">
                <colorMode>normal</colorMode>
                <scale>1</scale>
                <heading>0</heading>
                <Icon id="13345">
                    <href>http://maps.google.com/mapfiles/kml/pushpin/ylw-pushpin.png</href>
                </Icon>
            </IconStyle>
        </Style>
        <Style id="13348">
            <IconStyle id="13349">
                <colorMode>normal</colorMode>
                <scale>1</scale>
                <heading>0</heading>
                <Icon id="13350">
                    <href>http://maps.google.com/mapfiles/kml/pushpin/ylw-pushpin.png</href>
                </Icon>
            </IconStyle>
        </Style>
        <Style id="13353">
            <IconStyle id="13354">
                <colorMode>normal</colorMode>
                <scale>1</scale>
                <heading>0</heading>
                <Icon id="13355">
                    <href>http://maps.google.com/mapfiles/kml/pushpin/ylw-pushpin.png</href>
                </Icon>
            </IconStyle>
        </Style>
        <Style id="13358">
            <IconStyle id="13359">
                <colorMode>normal</colorMode>
                <scale>1</scale>
                <heading>0</heading>
                <Icon id="13360">
                    <href>http://maps.google.com/mapfiles/kml/pushpin/ylw-pushpin.png</href>
                </Icon>
            </IconStyle>
        </Style>
        <Style id="13363">
            <IconStyle id="13364">
                <colorMode>normal</colorMode>
                <scale>1</scale>
                <heading>0</heading>
                <Icon id="13365">
                    <href>http://maps.google.com/mapfiles/kml/pushpin/ylw-pushpin.png</href>
                </Icon>
            </IconStyle>
        </Style>
        <Style id="13368">
            <IconStyle id="13369">
                <colorMode>normal</colorMode>
                <scale>1</scale>
                <heading>0</heading>
                <Icon id="13370">
                    <href>http://maps.google.com/mapfiles/kml/pushpin/ylw-pushpin.png</href>
                </Icon>
            </IconStyle>
        </Style>
        <Style id="13373">
            <IconStyle id="13374">
                <colorMode>normal</colorMode>
                <scale>1</scale>
                <heading>0</heading>
                <Icon id="13375">
                    <href>http://maps.google.com/mapfiles/kml/pushpin/ylw-pushpin.png</href>
                </Icon>
            </IconStyle>
        </Style>
        <Style id="13378">
            <IconStyle id="13379">
                <colorMode>normal</colorMode>
                <scale>1</scale>
                <heading>0</heading>
                <Icon id="13380">
                    <href>http://maps.google.com/mapfiles/kml/pushpin/ylw-pushpin.png</href>
                </Icon>
            </IconStyle>
        </Style>
        <Style id="13383">
            <IconStyle id="13384">
                <colorMode>normal</colorMode>
                <scale>1</scale>
                <heading>0</heading>
                <Icon id="13385">
                    <href>http://maps.google.com/mapfiles/kml/pushpin/ylw-pushpin.png</href>
                </Icon>
            </IconStyle>
        </Style>
        <Style id="13388">
            <IconStyle id="13389">
                <colorMode>normal</colorMode>
                <scale>1</scale>
                <heading>0</heading>
                <Icon id="13390">
                    <href>http://maps.google.com/mapfiles/kml/pushpin/ylw-pushpin.png</href>
                </Icon>
            </IconStyle>
        </Style>
        <Style id="13393">
            <IconStyle id="13394">
                <colorMode>normal</colorMode>
                <scale>1</scale>
                <heading>0</heading>
                <Icon id="13395">
                    <href>http://maps.google.com/mapfiles/kml/pushpin/ylw-pushpin.png</href>
                </Icon>
            </IconStyle>
        </Style>
        <Style id="13398">
            <IconStyle id="13399">
                <colorMode>normal</colorMode>
                <scale>1</scale>
                <heading>0</heading>
                <Icon id="13400">
                    <href>http://maps.google.com/mapfiles/kml/pushpin/ylw-pushpin.png</href>
                </Icon>
            </IconStyle>
        </Style>
        <Style id="13403">
            <IconStyle id="13404">
                <colorMode>normal</colorMode>
                <scale>1</scale>
                <heading>0</heading>
                <Icon id="13405">
                    <href>http://maps.google.com/mapfiles/kml/pushpin/ylw-pushpin.png</href>
                </Icon>
            </IconStyle>
        </Style>
        <Style id="13408">
            <IconStyle id="13409">
                <colorMode>normal</colorMode>
                <scale>1</scale>
                <heading>0</heading>
                <Icon id="13410">
                    <href>http://maps.google.com/mapfiles/kml/pushpin/ylw-pushpin.png</href>
                </Icon>
            </IconStyle>
        </Style>
        <Style id="13413">
            <IconStyle id="13414">
                <colorMode>normal</colorMode>
                <scale>1</scale>
                <heading>0</heading>
                <Icon id="13415">
                    <href>http://maps.google.com/mapfiles/kml/pushpin/ylw-pushpin.png</href>
                </Icon>
            </IconStyle>
        </Style>
        <Style id="13418">
            <IconStyle id="13419">
                <colorMode>normal</colorMode>
                <scale>1</scale>
                <heading>0</heading>
                <Icon id="13420">
                    <href>http://maps.google.com/mapfiles/kml/pushpin/ylw-pushpin.png</href>
                </Icon>
            </IconStyle>
        </Style>
        <Style id="13423">
            <IconStyle id="13424">
                <colorMode>normal</colorMode>
                <scale>1</scale>
                <heading>0</heading>
                <Icon id="13425">
                    <href>http://maps.google.com/mapfiles/kml/pushpin/ylw-pushpin.png</href>
                </Icon>
            </IconStyle>
        </Style>
        <Style id="13428">
            <IconStyle id="13429">
                <colorMode>normal</colorMode>
                <scale>1</scale>
                <heading>0</heading>
                <Icon id="13430">
                    <href>http://maps.google.com/mapfiles/kml/pushpin/ylw-pushpin.png</href>
                </Icon>
            </IconStyle>
        </Style>
        <Style id="13433">
            <IconStyle id="13434">
                <colorMode>normal</colorMode>
                <scale>1</scale>
                <heading>0</heading>
                <Icon id="13435">
                    <href>http://maps.google.com/mapfiles/kml/pushpin/ylw-pushpin.png</href>
                </Icon>
            </IconStyle>
        </Style>
        <Style id="13438">
            <IconStyle id="13439">
                <colorMode>normal</colorMode>
                <scale>1</scale>
                <heading>0</heading>
                <Icon id="13440">
                    <href>http://maps.google.com/mapfiles/kml/pushpin/ylw-pushpin.png</href>
                </Icon>
            </IconStyle>
        </Style>
        <Style id="13443">
            <IconStyle id="13444">
                <colorMode>normal</colorMode>
                <scale>1</scale>
                <heading>0</heading>
                <Icon id="13445">
                    <href>http://maps.google.com/mapfiles/kml/pushpin/ylw-pushpin.png</href>
                </Icon>
            </IconStyle>
        </Style>
        <Style id="13448">
            <IconStyle id="13449">
                <colorMode>normal</colorMode>
                <scale>1</scale>
                <heading>0</heading>
                <Icon id="13450">
                    <href>http://maps.google.com/mapfiles/kml/pushpin/ylw-pushpin.png</href>
                </Icon>
            </IconStyle>
        </Style>
        <Style id="13453">
            <IconStyle id="13454">
                <colorMode>normal</colorMode>
                <scale>1</scale>
                <heading>0</heading>
                <Icon id="13455">
                    <href>http://maps.google.com/mapfiles/kml/pushpin/ylw-pushpin.png</href>
                </Icon>
            </IconStyle>
        </Style>
        <Style id="13458">
            <IconStyle id="13459">
                <colorMode>normal</colorMode>
                <scale>1</scale>
                <heading>0</heading>
                <Icon id="13460">
                    <href>http://maps.google.com/mapfiles/kml/pushpin/ylw-pushpin.png</href>
                </Icon>
            </IconStyle>
        </Style>
        <Style id="13463">
            <IconStyle id="13464">
                <colorMode>normal</colorMode>
                <scale>1</scale>
                <heading>0</heading>
                <Icon id="13465">
                    <href>http://maps.google.com/mapfiles/kml/pushpin/ylw-pushpin.png</href>
                </Icon>
            </IconStyle>
        </Style>
        <Style id="13468">
            <IconStyle id="13469">
                <colorMode>normal</colorMode>
                <scale>1</scale>
                <heading>0</heading>
                <Icon id="13470">
                    <href>http://maps.google.com/mapfiles/kml/pushpin/ylw-pushpin.png</href>
                </Icon>
            </IconStyle>
        </Style>
        <Style id="13473">
            <IconStyle id="13474">
                <colorMode>normal</colorMode>
                <scale>1</scale>
                <heading>0</heading>
                <Icon id="13475">
                    <href>http://maps.google.com/mapfiles/kml/pushpin/ylw-pushpin.png</href>
                </Icon>
            </IconStyle>
        </Style>
        <Style id="13478">
            <IconStyle id="13479">
                <colorMode>normal</colorMode>
                <scale>1</scale>
                <heading>0</heading>
                <Icon id="13480">
                    <href>http://maps.google.com/mapfiles/kml/pushpin/ylw-pushpin.png</href>
                </Icon>
            </IconStyle>
        </Style>
        <Style id="13483">
            <LineStyle id="13484">
                <color>ff73B422</color>
                <colorMode>normal</colorMode>
                <width>4</width>
            </LineStyle>
        </Style>
        <Style id="13487">
            <LineStyle id="13488">
                <color>ff73B422</color>
                <colorMode>normal</colorMode>
                <width>4</width>
            </LineStyle>
        </Style>
        <Style id="13491">
            <LineStyle id="13492">
                <color>ff73B422</color>
                <colorMode>normal</colorMode>
                <width>4</width>
            </LineStyle>
        </Style>
        <Style id="13495">
            <LineStyle id="13496">
                <color>ff73B422</color>
                <colorMode>normal</colorMode>
                <width>4</width>
            </LineStyle>
        </Style>
        <Style id="13499">
            <LineStyle id="13500">
                <color>ff73B422</color>
                <colorMode>normal</colorMode>
                <width>4</width>
            </LineStyle>
        </Style>
        <Style id="13503">
            <LineStyle id="13504">
                <color>ff73B422</color>
                <colorMode>normal</colorMode>
                <width>4</width>
            </LineStyle>
        </Style>
        <Style id="13507">
            <LineStyle id="13508">
                <color>ff73B422</color>
                <colorMode>normal</colorMode>
                <width>4</width>
            </LineStyle>
        </Style>
        <Style id="13511">
            <LineStyle id="13512">
                <color>ff73B422</color>
                <colorMode>normal</colorMode>
                <width>4</width>
            </LineStyle>
        </Style>
        <Style id="13515">
            <LineStyle id="13516">
                <color>ff73B422</color>
                <colorMode>normal</colorMode>
                <width>4</width>
            </LineStyle>
        </Style>
        <Style id="13519">
            <LineStyle id="13520">
                <color>ff73B422</color>
                <colorMode>normal</colorMode>
                <width>4</width>
            </LineStyle>
        </Style>
        <Style id="13523">
            <LineStyle id="13524">
                <color>ff73B422</color>
                <colorMode>normal</colorMode>
                <width>4</width>
            </LineStyle>
        </Style>
        <Style id="13527">
            <LineStyle id="13528">
                <color>ff73B422</color>
                <colorMode>normal</colorMode>
                <width>4</width>
            </LineStyle>
        </Style>
        <Style id="13531">
            <LineStyle id="13532">
                <color>ff73B422</color>
                <colorMode>normal</colorMode>
                <width>4</width>
            </LineStyle>
        </Style>
        <Style id="13535">
            <LineStyle id="13536">
                <color>ff73B422</color>
                <colorMode>normal</colorMode>
                <width>4</width>
            </LineStyle>
        </Style>
        <Style id="13539">
            <LineStyle id="13540">
                <color>ff73B422</color>
                <colorMode>normal</colorMode>
                <width>4</width>
            </LineStyle>
        </Style>
        <Style id="13543">
            <LineStyle id="13544">
                <color>ff73B422</color>
                <colorMode>normal</colorMode>
                <width>4</width>
            </LineStyle>
        </Style>
        <Style id="13547">
            <LineStyle id="13548">
                <color>ff73B422</color>
                <colorMode>normal</colorMode>
                <width>4</width>
            </LineStyle>
        </Style>
        <Style id="13551">
            <LineStyle id="13552">
                <color>ff73B422</color>
                <colorMode>normal</colorMode>
                <width>4</width>
            </LineStyle>
        </Style>
        <Style id="13555">
            <LineStyle id="13556">
                <color>ff73B422</color>
                <colorMode>normal</colorMode>
                <width>4</width>
            </LineStyle>
        </Style>
        <Style id="13559">
            <LineStyle id="13560">
                <color>ff73B422</color>
                <colorMode>normal</colorMode>
                <width>4</width>
            </LineStyle>
        </Style>
        <Style id="13563">
            <LineStyle id="13564">
                <color>ff73B422</color>
                <colorMode>normal</colorMode>
                <width>4</width>
            </LineStyle>
        </Style>
        <Style id="13567">
            <LineStyle id="13568">
                <color>ff73B422</color>
                <colorMode>normal</colorMode>
                <width>4</width>
            </LineStyle>
        </Style>
        <Style id="13571">
            <LineStyle id="13572">
                <color>ff73B422</color>
                <colorMode>normal</colorMode>
                <width>4</width>
            </LineStyle>
        </Style>
        <Style id="13575">
            <LineStyle id="13576">
                <color>ff73B422</color>
                <colorMode>normal</colorMode>
                <width>4</width>
            </LineStyle>
        </Style>
        <Style id="13579">
            <LineStyle id="13580">
                <color>ff73B422</color>
                <colorMode>normal</colorMode>
                <width>4</width>
            </LineStyle>
        </Style>
        <Style id="13583">
            <LineStyle id="13584">
                <color>ff73B422</color>
                <colorMode>normal</colorMode>
                <width>4</width>
            </LineStyle>
        </Style>
        <Style id="13587">
            <LineStyle id="13588">
                <color>ff73B422</color>
                <colorMode>normal</colorMode>
                <width>4</width>
            </LineStyle>
        </Style>
        <Style id="13591">
            <LineStyle id="13592">
                <color>ff73B422</color>
                <colorMode>normal</colorMode>
                <width>4</width>
            </LineStyle>
        </Style>
        <Style id="13595">
            <LineStyle id="13596">
                <color>ff73B422</color>
                <colorMode>normal</colorMode>
                <width>4</width>
            </LineStyle>
        </Style>
        <Style id="13599">
            <LineStyle id="13600">
                <color>ff73B422</color>
                <colorMode>normal</colorMode>
                <width>4</width>
            </LineStyle>
        </Style>
        <Style id="13603">
            <LineStyle id="13604">
                <color>ff73B422</color>
                <colorMode>normal</colorMode>
                <width>4</width>
            </LineStyle>
        </Style>
        <Style id="13607">
            <LineStyle id="13608">
                <color>ff73B422</color>
                <colorMode>normal</colorMode>
                <width>4</width>
            </LineStyle>
        </Style>
        <Style id="13611">
            <LineStyle id="13612">
                <color>ff73B422</color>
                <colorMode>normal</colorMode>
                <width>4</width>
            </LineStyle>
        </Style>
        <Style id="13615">
            <LineStyle id="13616">
                <color>ff73B422</color>
                <colorMode>normal</colorMode>
                <width>4</width>
            </LineStyle>
        </Style>
        <Style id="13619">
            <LineStyle id="13620">
                <color>ff73B422</color>
                <colorMode>normal</colorMode>
                <width>4</width>
            </LineStyle>
        </Style>
        <Style id="13623">
            <LineStyle id="13624">
                <color>ff73B422</color>
                <colorMode>normal</colorMode>
                <width>4</width>
            </LineStyle>
        </Style>
        <Style id="13627">
            <LineStyle id="13628">
                <color>ff73B422</color>
                <colorMode>normal</colorMode>
                <width>4</width>
            </LineStyle>
        </Style>
        <Style id="13631">
            <LineStyle id="13632">
                <color>ff73B422</color>
                <colorMode>normal</colorMode>
                <width>4</width>
            </LineStyle>
        </Style>
        <Style id="13635">
            <LineStyle id="13636">
                <color>ff73B422</color>
                <colorMode>normal</colorMode>
                <width>4</width>
            </LineStyle>
        </Style>
        <Style id="13639">
            <LineStyle id="13640">
                <color>ff73B422</color>
                <colorMode>normal</colorMode>
                <width>4</width>
            </LineStyle>
        </Style>
        <Style id="13643">
            <LineStyle id="13644">
                <color>ff73B422</color>
                <colorMode>normal</colorMode>
                <width>4</width>
            </LineStyle>
        </Style>
        <Style id="13647">
            <LineStyle id="13648">
                <color>ff73B422</color>
                <colorMode>normal</colorMode>
                <width>4</width>
            </LineStyle>
        </Style>
        <Style id="13651">
            <LineStyle id="13652">
                <color>ff73B422</color>
                <colorMode>normal</colorMode>
                <width>4</width>
            </LineStyle>
        </Style>
        <Style id="13655">
            <LineStyle id="13656">
                <color>ff73B422</color>
                <colorMode>normal</colorMode>
                <width>4</width>
            </LineStyle>
        </Style>
        <Style id="13659">
            <LineStyle id="13660">
                <color>ff73B422</color>
                <colorMode>normal</colorMode>
                <width>4</width>
            </LineStyle>
        </Style>
        <Style id="13663">
            <LineStyle id="13664">
                <color>ff73B422</color>
                <colorMode>normal</colorMode>
                <width>4</width>
            </LineStyle>
        </Style>
        <Style id="13667">
            <LineStyle id="13668">
                <color>ff73B422</color>
                <colorMode>normal</colorMode>
                <width>4</width>
            </LineStyle>
        </Style>
        <Style id="13671">
            <LineStyle id="13672">
                <color>ff73B422</color>
                <colorMode>normal</colorMode>
                <width>4</width>
            </LineStyle>
        </Style>
        <Style id="13675">
            <LineStyle id="13676">
                <color>ff73B422</color>
                <colorMode>normal</colorMode>
                <width>4</width>
            </LineStyle>
        </Style>
        <Style id="13679">
            <LineStyle id="13680">
                <color>ff73B422</color>
                <colorMode>normal</colorMode>
                <width>4</width>
            </LineStyle>
        </Style>
        <Style id="13683">
            <LineStyle id="13684">
                <color>ff73B422</color>
                <colorMode>normal</colorMode>
                <width>4</width>
            </LineStyle>
        </Style>
        <Style id="13687">
            <LineStyle id="13688">
                <color>ff73B422</color>
                <colorMode>normal</colorMode>
                <width>4</width>
            </LineStyle>
        </Style>
        <Style id="13691">
            <LineStyle id="13692">
                <color>ff73B422</color>
                <colorMode>normal</colorMode>
                <width>4</width>
            </LineStyle>
        </Style>
        <Style id="13695">
            <LineStyle id="13696">
                <color>ff73B422</color>
                <colorMode>normal</colorMode>
                <width>4</width>
            </LineStyle>
        </Style>
        <Style id="13699">
            <LineStyle id="13700">
                <color>ff73B422</color>
                <colorMode>normal</colorMode>
                <width>4</width>
            </LineStyle>
        </Style>
        <Style id="13703">
            <LineStyle id="13704">
                <color>ff73B422</color>
                <colorMode>normal</colorMode>
                <width>4</width>
            </LineStyle>
        </Style>
        <Style id="13707">
            <LineStyle id="13708">
                <color>ff73B422</color>
                <colorMode>normal</colorMode>
                <width>4</width>
            </LineStyle>
        </Style>
        <Style id="13711">
            <LineStyle id="13712">
                <color>ff73B422</color>
                <colorMode>normal</colorMode>
                <width>4</width>
            </LineStyle>
        </Style>
        <Style id="13715">
            <LineStyle id="13716">
                <color>ff73B422</color>
                <colorMode>normal</colorMode>
                <width>4</width>
            </LineStyle>
        </Style>
        <Style id="13719">
            <LineStyle id="13720">
                <color>ff73B422</color>
                <colorMode>normal</colorMode>
                <width>4</width>
            </LineStyle>
        </Style>
        <Style id="13723">
            <LineStyle id="13724">
                <color>ff73B422</color>
                <colorMode>normal</colorMode>
                <width>4</width>
            </LineStyle>
        </Style>
        <Style id="13727">
            <LineStyle id="13728">
                <color>ff73B422</color>
                <colorMode>normal</colorMode>
                <width>4</width>
            </LineStyle>
        </Style>
        <Style id="13731">
            <LineStyle id="13732">
                <color>ff73B422</color>
                <colorMode>normal</colorMode>
                <width>4</width>
            </LineStyle>
        </Style>
        <Style id="13735">
            <LineStyle id="13736">
                <color>ff73B422</color>
                <colorMode>normal</colorMode>
                <width>4</width>
            </LineStyle>
        </Style>
        <Style id="13739">
            <LineStyle id="13740">
                <color>ff73B422</color>
                <colorMode>normal</colorMode>
                <width>4</width>
            </LineStyle>
        </Style>
        <Style id="13743">
            <LineStyle id="13744">
                <color>ff73B422</color>
                <colorMode>normal</colorMode>
                <width>4</width>
            </LineStyle>
        </Style>
        <Style id="13747">
            <LineStyle id="13748">
                <color>ff73B422</color>
                <colorMode>normal</colorMode>
                <width>4</width>
            </LineStyle>
        </Style>
        <Style id="13751">
            <LineStyle id="13752">
                <color>ff73B422</color>
                <colorMode>normal</colorMode>
                <width>4</width>
            </LineStyle>
        </Style>
        <Style id="13755">
            <LineStyle id="13756">
                <color>ff73B422</color>
                <colorMode>normal</colorMode>
                <width>4</width>
            </LineStyle>
        </Style>
        <Style id="13759">
            <LineStyle id="13760">
                <color>ff73B422</color>
                <colorMode>normal</colorMode>
                <width>4</width>
            </LineStyle>
        </Style>
        <Style id="13763">
            <LineStyle id="13764">
                <color>ff73B422</color>
                <colorMode>normal</colorMode>
                <width>4</width>
            </LineStyle>
        </Style>
        <Style id="13767">
            <LineStyle id="13768">
                <color>ff73B422</color>
                <colorMode>normal</colorMode>
                <width>4</width>
            </LineStyle>
        </Style>
        <Style id="13771">
            <LineStyle id="13772">
                <color>ff73B422</color>
                <colorMode>normal</colorMode>
                <width>4</width>
            </LineStyle>
        </Style>
        <Style id="13775">
            <LineStyle id="13776">
                <color>ff73B422</color>
                <colorMode>normal</colorMode>
                <width>4</width>
            </LineStyle>
        </Style>
        <Style id="13779">
            <LineStyle id="13780">
                <color>ff73B422</color>
                <colorMode>normal</colorMode>
                <width>4</width>
            </LineStyle>
        </Style>
        <Style id="13783">
            <LineStyle id="13784">
                <color>ff73B422</color>
                <colorMode>normal</colorMode>
                <width>4</width>
            </LineStyle>
        </Style>
        <Style id="13787">
            <LineStyle id="13788">
                <color>ff73B422</color>
                <colorMode>normal</colorMode>
                <width>4</width>
            </LineStyle>
        </Style>
        <Style id="13791">
            <LineStyle id="13792">
                <color>ff73B422</color>
                <colorMode>normal</colorMode>
                <width>4</width>
            </LineStyle>
        </Style>
        <Style id="13795">
            <LineStyle id="13796">
                <color>ff73B422</color>
                <colorMode>normal</colorMode>
                <width>4</width>
            </LineStyle>
        </Style>
        <Style id="13799">
            <LineStyle id="13800">
                <color>ff73B422</color>
                <colorMode>normal</colorMode>
                <width>4</width>
            </LineStyle>
        </Style>
        <Style id="13803">
            <LineStyle id="13804">
                <color>ff73B422</color>
                <colorMode>normal</colorMode>
                <width>4</width>
            </LineStyle>
        </Style>
        <Style id="13807">
            <LineStyle id="13808">
                <color>ff73B422</color>
                <colorMode>normal</colorMode>
                <width>4</width>
            </LineStyle>
        </Style>
        <Style id="13811">
            <LineStyle id="13812">
                <color>ff73B422</color>
                <colorMode>normal</colorMode>
                <width>4</width>
            </LineStyle>
        </Style>
        <Style id="13815">
            <LineStyle id="13816">
                <color>ff73B422</color>
                <colorMode>normal</colorMode>
                <width>4</width>
            </LineStyle>
        </Style>
        <Style id="13819">
            <LineStyle id="13820">
                <color>ff73B422</color>
                <colorMode>normal</colorMode>
                <width>4</width>
            </LineStyle>
        </Style>
        <Style id="13823">
            <LineStyle id="13824">
                <color>ff73B422</color>
                <colorMode>normal</colorMode>
                <width>4</width>
            </LineStyle>
        </Style>
        <Style id="13827">
            <LineStyle id="13828">
                <color>ff73B422</color>
                <colorMode>normal</colorMode>
                <width>4</width>
            </LineStyle>
        </Style>
        <Style id="13831">
            <LineStyle id="13832">
                <color>ff73B422</color>
                <colorMode>normal</colorMode>
                <width>4</width>
            </LineStyle>
        </Style>
        <Style id="13835">
            <LineStyle id="13836">
                <color>ff73B422</color>
                <colorMode>normal</colorMode>
                <width>4</width>
            </LineStyle>
        </Style>
        <Style id="13839">
            <LineStyle id="13840">
                <color>ff73B422</color>
                <colorMode>normal</colorMode>
                <width>4</width>
            </LineStyle>
        </Style>
        <Style id="13843">
            <LineStyle id="13844">
                <color>ff73B422</color>
                <colorMode>normal</colorMode>
                <width>4</width>
            </LineStyle>
        </Style>
        <Style id="13847">
            <LineStyle id="13848">
                <color>ff73B422</color>
                <colorMode>normal</colorMode>
                <width>4</width>
            </LineStyle>
        </Style>
        <Style id="13851">
            <LineStyle id="13852">
                <color>ff73B422</color>
                <colorMode>normal</colorMode>
                <width>4</width>
            </LineStyle>
        </Style>
        <Style id="13855">
            <LineStyle id="13856">
                <color>ff73B422</color>
                <colorMode>normal</colorMode>
                <width>4</width>
            </LineStyle>
        </Style>
        <Style id="13859">
            <LineStyle id="13860">
                <color>ff73B422</color>
                <colorMode>normal</colorMode>
                <width>4</width>
            </LineStyle>
        </Style>
        <Style id="13863">
            <LineStyle id="13864">
                <color>ff73B422</color>
                <colorMode>normal</colorMode>
                <width>4</width>
            </LineStyle>
        </Style>
        <Style id="13867">
            <LineStyle id="13868">
                <color>ff73B422</color>
                <colorMode>normal</colorMode>
                <width>4</width>
            </LineStyle>
        </Style>
        <Style id="13871">
            <LineStyle id="13872">
                <color>ff73B422</color>
                <colorMode>normal</colorMode>
                <width>4</width>
            </LineStyle>
        </Style>
        <Style id="13875">
            <LineStyle id="13876">
                <color>ff73B422</color>
                <colorMode>normal</colorMode>
                <width>4</width>
            </LineStyle>
        </Style>
        <Style id="13879">
            <LineStyle id="13880">
                <color>ff73B422</color>
                <colorMode>normal</colorMode>
                <width>4</width>
            </LineStyle>
        </Style>
        <Style id="13883">
            <LineStyle id="13884">
                <color>ff73B422</color>
                <colorMode>normal</colorMode>
                <width>4</width>
            </LineStyle>
        </Style>
        <Style id="13887">
            <LineStyle id="13888">
                <color>ff73B422</color>
                <colorMode>normal</colorMode>
                <width>4</width>
            </LineStyle>
        </Style>
        <Style id="13891">
            <LineStyle id="13892">
                <color>ff73B422</color>
                <colorMode>normal</colorMode>
                <width>4</width>
            </LineStyle>
        </Style>
        <Style id="13895">
            <LineStyle id="13896">
                <color>ff73B422</color>
                <colorMode>normal</colorMode>
                <width>4</width>
            </LineStyle>
        </Style>
        <Style id="13899">
            <LineStyle id="13900">
                <color>ff73B422</color>
                <colorMode>normal</colorMode>
                <width>4</width>
            </LineStyle>
        </Style>
        <Style id="13903">
            <LineStyle id="13904">
                <color>ff73B422</color>
                <colorMode>normal</colorMode>
                <width>4</width>
            </LineStyle>
        </Style>
        <Style id="13907">
            <LineStyle id="13908">
                <color>ff73B422</color>
                <colorMode>normal</colorMode>
                <width>4</width>
            </LineStyle>
        </Style>
        <Style id="13911">
            <LineStyle id="13912">
                <color>ff73B422</color>
                <colorMode>normal</colorMode>
                <width>4</width>
            </LineStyle>
        </Style>
        <Style id="13915">
            <LineStyle id="13916">
                <color>ff73B422</color>
                <colorMode>normal</colorMode>
                <width>4</width>
            </LineStyle>
        </Style>
        <Style id="13919">
            <LineStyle id="13920">
                <color>ff73B422</color>
                <colorMode>normal</colorMode>
                <width>4</width>
            </LineStyle>
        </Style>
        <Style id="13923">
            <LineStyle id="13924">
                <color>ff73B422</color>
                <colorMode>normal</colorMode>
                <width>4</width>
            </LineStyle>
        </Style>
        <Style id="13927">
            <LineStyle id="13928">
                <color>ff73B422</color>
                <colorMode>normal</colorMode>
                <width>4</width>
            </LineStyle>
        </Style>
        <Style id="13931">
            <LineStyle id="13932">
                <color>ff73B422</color>
                <colorMode>normal</colorMode>
                <width>4</width>
            </LineStyle>
        </Style>
        <Style id="13935">
            <LineStyle id="13936">
                <color>ff73B422</color>
                <colorMode>normal</colorMode>
                <width>4</width>
            </LineStyle>
        </Style>
        <Style id="13939">
            <LineStyle id="13940">
                <color>ff73B422</color>
                <colorMode>normal</colorMode>
                <width>4</width>
            </LineStyle>
        </Style>
        <Style id="13943">
            <LineStyle id="13944">
                <color>ff73B422</color>
                <colorMode>normal</colorMode>
                <width>4</width>
            </LineStyle>
        </Style>
        <Style id="13947">
            <LineStyle id="13948">
                <color>ff73B422</color>
                <colorMode>normal</colorMode>
                <width>4</width>
            </LineStyle>
        </Style>
        <Style id="13951">
            <LineStyle id="13952">
                <color>ff73B422</color>
                <colorMode>normal</colorMode>
                <width>4</width>
            </LineStyle>
        </Style>
        <Style id="13955">
            <LineStyle id="13956">
                <color>ff73B422</color>
                <colorMode>normal</colorMode>
                <width>4</width>
            </LineStyle>
        </Style>
        <Style id="13959">
            <LineStyle id="13960">
                <color>ff73B422</color>
                <colorMode>normal</colorMode>
                <width>4</width>
            </LineStyle>
        </Style>
        <Style id="13963">
            <LineStyle id="13964">
                <color>ff73B422</color>
                <colorMode>normal</colorMode>
                <width>4</width>
            </LineStyle>
        </Style>
        <Style id="13967">
            <LineStyle id="13968">
                <color>ff73B422</color>
                <colorMode>normal</colorMode>
                <width>4</width>
            </LineStyle>
        </Style>
        <Style id="13971">
            <LineStyle id="13972">
                <color>ff73B422</color>
                <colorMode>normal</colorMode>
                <width>4</width>
            </LineStyle>
        </Style>
        <Style id="13975">
            <LineStyle id="13976">
                <color>ff73B422</color>
                <colorMode>normal</colorMode>
                <width>4</width>
            </LineStyle>
        </Style>
        <Style id="13979">
            <LineStyle id="13980">
                <color>ff73B422</color>
                <colorMode>normal</colorMode>
                <width>4</width>
            </LineStyle>
        </Style>
        <Style id="13983">
            <LineStyle id="13984">
                <color>ff73B422</color>
                <colorMode>normal</colorMode>
                <width>4</width>
            </LineStyle>
        </Style>
        <Style id="13987">
            <LineStyle id="13988">
                <color>ff73B422</color>
                <colorMode>normal</colorMode>
                <width>4</width>
            </LineStyle>
        </Style>
        <Style id="13991">
            <LineStyle id="13992">
                <color>ff73B422</color>
                <colorMode>normal</colorMode>
                <width>4</width>
            </LineStyle>
        </Style>
        <Style id="13995">
            <LineStyle id="13996">
                <color>ff73B422</color>
                <colorMode>normal</colorMode>
                <width>4</width>
            </LineStyle>
        </Style>
        <Style id="13999">
            <LineStyle id="14000">
                <color>ff73B422</color>
                <colorMode>normal</colorMode>
                <width>4</width>
            </LineStyle>
        </Style>
        <Style id="14003">
            <LineStyle id="14004">
                <color>ff73B422</color>
                <colorMode>normal</colorMode>
                <width>4</width>
            </LineStyle>
        </Style>
        <Style id="14007">
            <LineStyle id="14008">
                <color>ff73B422</color>
                <colorMode>normal</colorMode>
                <width>4</width>
            </LineStyle>
        </Style>
        <Style id="14011">
            <LineStyle id="14012">
                <color>ff73B422</color>
                <colorMode>normal</colorMode>
                <width>4</width>
            </LineStyle>
        </Style>
        <Style id="14015">
            <LineStyle id="14016">
                <color>ff73B422</color>
                <colorMode>normal</colorMode>
                <width>4</width>
            </LineStyle>
        </Style>
        <Style id="14019">
            <LineStyle id="14020">
                <color>ff73B422</color>
                <colorMode>normal</colorMode>
                <width>4</width>
            </LineStyle>
        </Style>
        <Style id="14023">
            <LineStyle id="14024">
                <color>ff73B422</color>
                <colorMode>normal</colorMode>
                <width>4</width>
            </LineStyle>
        </Style>
        <Style id="14027">
            <LineStyle id="14028">
                <color>ff73B422</color>
                <colorMode>normal</colorMode>
                <width>4</width>
            </LineStyle>
        </Style>
        <Style id="14031">
            <LineStyle id="14032">
                <color>ff73B422</color>
                <colorMode>normal</colorMode>
                <width>4</width>
            </LineStyle>
        </Style>
        <Style id="14035">
            <LineStyle id="14036">
                <color>ff73B422</color>
                <colorMode>normal</colorMode>
                <width>4</width>
            </LineStyle>
        </Style>
        <Style id="14039">
            <LineStyle id="14040">
                <color>ff73B422</color>
                <colorMode>normal</colorMode>
                <width>4</width>
            </LineStyle>
        </Style>
        <Style id="14043">
            <LineStyle id="14044">
                <color>ff73B422</color>
                <colorMode>normal</colorMode>
                <width>4</width>
            </LineStyle>
        </Style>
        <Style id="14047">
            <LineStyle id="14048">
                <color>ff73B422</color>
                <colorMode>normal</colorMode>
                <width>4</width>
            </LineStyle>
        </Style>
        <Style id="14051">
            <LineStyle id="14052">
                <color>ff73B422</color>
                <colorMode>normal</colorMode>
                <width>4</width>
            </LineStyle>
        </Style>
        <Style id="14055">
            <LineStyle id="14056">
                <color>ff73B422</color>
                <colorMode>normal</colorMode>
                <width>4</width>
            </LineStyle>
        </Style>
        <Style id="14059">
            <LineStyle id="14060">
                <color>ff73B422</color>
                <colorMode>normal</colorMode>
                <width>4</width>
            </LineStyle>
        </Style>
        <Style id="14063">
            <LineStyle id="14064">
                <color>ff73B422</color>
                <colorMode>normal</colorMode>
                <width>4</width>
            </LineStyle>
        </Style>
        <Style id="14067">
            <LineStyle id="14068">
                <color>ff73B422</color>
                <colorMode>normal</colorMode>
                <width>4</width>
            </LineStyle>
        </Style>
        <Style id="14071">
            <LineStyle id="14072">
                <color>ff73B422</color>
                <colorMode>normal</colorMode>
                <width>4</width>
            </LineStyle>
        </Style>
        <Style id="14075">
            <LineStyle id="14076">
                <color>ff73B422</color>
                <colorMode>normal</colorMode>
                <width>4</width>
            </LineStyle>
        </Style>
        <Style id="14079">
            <LineStyle id="14080">
                <color>ff73B422</color>
                <colorMode>normal</colorMode>
                <width>4</width>
            </LineStyle>
        </Style>
        <Style id="14083">
            <LineStyle id="14084">
                <color>ff73B422</color>
                <colorMode>normal</colorMode>
                <width>4</width>
            </LineStyle>
        </Style>
        <Style id="14087">
            <LineStyle id="14088">
                <color>ff73B422</color>
                <colorMode>normal</colorMode>
                <width>4</width>
            </LineStyle>
        </Style>
        <Style id="14091">
            <LineStyle id="14092">
                <color>ff73B422</color>
                <colorMode>normal</colorMode>
                <width>4</width>
            </LineStyle>
        </Style>
        <Style id="14095">
            <LineStyle id="14096">
                <color>ff73B422</color>
                <colorMode>normal</colorMode>
                <width>4</width>
            </LineStyle>
        </Style>
        <Style id="14099">
            <LineStyle id="14100">
                <color>ff73B422</color>
                <colorMode>normal</colorMode>
                <width>4</width>
            </LineStyle>
        </Style>
        <Style id="14103">
            <LineStyle id="14104">
                <color>ff73B422</color>
                <colorMode>normal</colorMode>
                <width>4</width>
            </LineStyle>
        </Style>
        <Style id="14107">
            <LineStyle id="14108">
                <color>ff73B422</color>
                <colorMode>normal</colorMode>
                <width>4</width>
            </LineStyle>
        </Style>
        <Style id="14111">
            <LineStyle id="14112">
                <color>ff73B422</color>
                <colorMode>normal</colorMode>
                <width>4</width>
            </LineStyle>
        </Style>
        <Style id="14115">
            <LineStyle id="14116">
                <color>ff73B422</color>
                <colorMode>normal</colorMode>
                <width>4</width>
            </LineStyle>
        </Style>
        <Style id="14119">
            <LineStyle id="14120">
                <color>ff73B422</color>
                <colorMode>normal</colorMode>
                <width>4</width>
            </LineStyle>
        </Style>
        <Style id="14123">
            <LineStyle id="14124">
                <color>ff73B422</color>
                <colorMode>normal</colorMode>
                <width>4</width>
            </LineStyle>
        </Style>
        <Style id="14127">
            <LineStyle id="14128">
                <color>ff73B422</color>
                <colorMode>normal</colorMode>
                <width>4</width>
            </LineStyle>
        </Style>
        <Style id="14131">
            <LineStyle id="14132">
                <color>ff73B422</color>
                <colorMode>normal</colorMode>
                <width>4</width>
            </LineStyle>
        </Style>
        <Style id="14135">
            <LineStyle id="14136">
                <color>ff73B422</color>
                <colorMode>normal</colorMode>
                <width>4</width>
            </LineStyle>
        </Style>
        <Style id="14139">
            <LineStyle id="14140">
                <color>ff73B422</color>
                <colorMode>normal</colorMode>
                <width>4</width>
            </LineStyle>
        </Style>
        <Style id="14143">
            <LineStyle id="14144">
                <color>ff73B422</color>
                <colorMode>normal</colorMode>
                <width>4</width>
            </LineStyle>
        </Style>
        <Style id="14147">
            <LineStyle id="14148">
                <color>ff73B422</color>
                <colorMode>normal</colorMode>
                <width>4</width>
            </LineStyle>
        </Style>
        <Style id="14151">
            <LineStyle id="14152">
                <color>ff73B422</color>
                <colorMode>normal</colorMode>
                <width>4</width>
            </LineStyle>
        </Style>
        <ExtendedData>
            <Data name="route-name">
                <value>Feeder 1: Pasar Baru ABC → Simpang Soetta Kiaracondong</value>
            </Data>
            <Data name="source">
                <value>Transport for Bandung</value>
            </Data>
        </ExtendedData>
        <Placemark id="13212">
            <name>Jalan Trunojoyo Riau Junction</name>
            <styleUrl>#13213</styleUrl>
            <Point id="13211">
                <coordinates>107.6127257,-6.90634,0.0</coordinates>
            </Point>
        </Placemark>
        <Placemark id="13217">
            <name>Lapangan Gasibu A</name>
            <styleUrl>#13218</styleUrl>
            <Point id="13216">
                <coordinates>107.6199195,-6.9011743,0.0</coordinates>
            </Point>
        </Placemark>
        <Placemark id="13222">
            <name>Museum Kota Bandung</name>
            <styleUrl>#13223</styleUrl>
            <Point id="13221">
                <coordinates>107.6097114,-6.9101169,0.0</coordinates>
            </Point>
        </Placemark>
        <Placemark id="13227">
            <name>Seberang  Museum Geologi</name>
            <styleUrl>#13228</styleUrl>
            <Point id="13226">
                <coordinates>107.6211128,-6.9012203,0.0</coordinates>
            </Point>
        </Placemark>
        <Placemark id="13232">
            <name>Simpang Cisangkuy - Citarum</name>
            <styleUrl>#13233</styleUrl>
            <Point id="13231">
                <coordinates>107.6238735,-6.9035556,0.0</coordinates>
            </Point>
        </Placemark>
        <Placemark id="13237">
            <name>SD Al-Azhar 36 Bandung</name>
            <styleUrl>#13238</styleUrl>
            <Point id="13236">
                <coordinates>107.623318,-6.9276837,0.0</coordinates>
            </Point>
        </Placemark>
        <Placemark id="13242">
            <name>Perintis Kemerdekaan</name>
            <styleUrl>#13243</styleUrl>
            <Point id="13241">
                <coordinates>107.607935,-6.9140241,0.0</coordinates>
            </Point>
        </Placemark>
        <Placemark id="13247">
            <name>RSU Bungsu</name>
            <styleUrl>#13248</styleUrl>
            <Point id="13246">
                <coordinates>107.6132908,-6.9182518,0.0</coordinates>
            </Point>
        </Placemark>
        <Placemark id="13252">
            <name>Merdeka</name>
            <styleUrl>#13253</styleUrl>
            <Point id="13251">
                <coordinates>107.6104461,-6.9127255,0.0</coordinates>
            </Point>
        </Placemark>
        <Placemark id="13257">
            <name>SMK Negeri 1 Bandung</name>
            <styleUrl>#13258</styleUrl>
            <Point id="13256">
                <coordinates>107.6090452,-6.9130028,0.0</coordinates>
            </Point>
        </Placemark>
        <Placemark id="13262">
            <name>Taman Pers Malabar 2</name>
            <styleUrl>#13263</styleUrl>
            <Point id="13261">
                <coordinates>107.6238253,-6.9256247,0.0</coordinates>
            </Point>
        </Placemark>
        <Placemark id="13267">
            <name>Sekelimus 1</name>
            <styleUrl>#13268</styleUrl>
            <Point id="13266">
                <coordinates>107.638452,-6.9463942,0.0</coordinates>
            </Point>
        </Placemark>
        <Placemark id="13272">
            <name>Simpang Buah Batu Soekarno Hatta 1</name>
            <styleUrl>#13273</styleUrl>
            <Point id="13271">
                <coordinates>107.6348946,-6.9474943,0.0</coordinates>
            </Point>
        </Placemark>
        <Placemark id="13277">
            <name>Seberang ISBI Bandung</name>
            <styleUrl>#13278</styleUrl>
            <Point id="13276">
                <coordinates>107.6282283,-6.9426596,0.0</coordinates>
            </Point>
        </Placemark>
        <Placemark id="13282">
            <name>Seberang Jalan Kangkung</name>
            <styleUrl>#13283</styleUrl>
            <Point id="13281">
                <coordinates>107.6261794,-6.9308642,0.0</coordinates>
            </Point>
        </Placemark>
        <Placemark id="13287">
            <name>Rumah Sakit Murni Teguh Naripan</name>
            <styleUrl>#13288</styleUrl>
            <Point id="13286">
                <coordinates>107.6159966,-6.9208368,0.0</coordinates>
            </Point>
        </Placemark>
        <Placemark id="13292">
            <name>Simpang Talaga Bodas - Patuha</name>
            <styleUrl>#13293</styleUrl>
            <Point id="13291">
                <coordinates>107.6238357,-6.9288198,0.0</coordinates>
            </Point>
        </Placemark>
        <Placemark id="13297">
            <name>SMK Negeri 4 Bandung</name>
            <styleUrl>#13298</styleUrl>
            <Point id="13296">
                <coordinates>107.6285303,-6.9412408,0.0</coordinates>
            </Point>
        </Placemark>
        <Placemark id="13302">
            <name>Seberang Jalan Melania RRI Bandung</name>
            <styleUrl>#13303</styleUrl>
            <Point id="13301">
                <coordinates>107.6233793,-6.9011688,0.0</coordinates>
            </Point>
        </Placemark>
        <Placemark id="13307">
            <name>Polsek Bandung Wetan 2</name>
            <styleUrl>#13308</styleUrl>
            <Point id="13306">
                <coordinates>107.6215431,-6.9083128,0.0</coordinates>
            </Point>
        </Placemark>
        <Placemark id="13312">
            <name>Jalan Braga Gang Cikapundung</name>
            <styleUrl>#13313</styleUrl>
            <Point id="13311">
                <coordinates>107.6094304,-6.9178369,0.0</coordinates>
            </Point>
        </Placemark>
        <Placemark id="13317">
            <name>Suniaraja Braga</name>
            <styleUrl>#13318</styleUrl>
            <Point id="13316">
                <coordinates>107.6080175,-6.9161132,0.0</coordinates>
            </Point>
        </Placemark>
        <Placemark id="13322">
            <name>Simpang Banceuy - ABC</name>
            <styleUrl>#13323</styleUrl>
            <Point id="13321">
                <coordinates>107.6070029,-6.9189529,0.0</coordinates>
            </Point>
        </Placemark>
        <Placemark id="13327">
            <name>Polrestabes Bandung 2</name>
            <styleUrl>#13328</styleUrl>
            <Point id="13326">
                <coordinates>107.6116601,-6.9146017,0.0</coordinates>
            </Point>
        </Placemark>
        <Placemark id="13332">
            <name>Seberang SMP Negeri 2 Bandung</name>
            <styleUrl>#13333</styleUrl>
            <Point id="13331">
                <coordinates>107.6135126,-6.9135895,0.0</coordinates>
            </Point>
        </Placemark>
        <Placemark id="13337">
            <name>Paguyuban Pasundan</name>
            <styleUrl>#13338</styleUrl>
            <Point id="13336">
                <coordinates>107.6125692,-6.9113098,0.0</coordinates>
            </Point>
        </Placemark>
        <Placemark id="13342">
            <name>Dinas Arsip dan Perpustakaan Kota Bandung</name>
            <styleUrl>#13343</styleUrl>
            <Point id="13341">
                <coordinates>107.6134793,-6.9083985,0.0</coordinates>
            </Point>
        </Placemark>
        <Placemark id="13347">
            <name>Simpang Sultan Tirtayasa - Trunojoyo 2</name>
            <styleUrl>#13348</styleUrl>
            <Point id="13346">
                <coordinates>107.6134911,-6.9031771,0.0</coordinates>
            </Point>
        </Placemark>
        <Placemark id="13352">
            <name>Taman Segitiga Trunojoyo 2</name>
            <styleUrl>#13353</styleUrl>
            <Point id="13351">
                <coordinates>107.6152904,-6.902041,0.0</coordinates>
            </Point>
        </Placemark>
        <Placemark id="13357">
            <name>Simpang Cisangkuy - Cimanuk</name>
            <styleUrl>#13358</styleUrl>
            <Point id="13356">
                <coordinates>107.6222697,-6.9029702,0.0</coordinates>
            </Point>
        </Placemark>
        <Placemark id="13362">
            <name>Pet Park</name>
            <styleUrl>#13363</styleUrl>
            <Point id="13361">
                <coordinates>107.6264917,-6.9048503,0.0</coordinates>
            </Point>
        </Placemark>
        <Placemark id="13367">
            <name>Taman Cibeunying Utara</name>
            <styleUrl>#13368</styleUrl>
            <Point id="13366">
                <coordinates>107.624427,-6.9046609,0.0</coordinates>
            </Point>
        </Placemark>
        <Placemark id="13372">
            <name>Simpang Brantas Cihapit 2</name>
            <styleUrl>#13373</styleUrl>
            <Point id="13371">
                <coordinates>107.6242814,-6.9067078,0.0</coordinates>
            </Point>
        </Placemark>
        <Placemark id="13377">
            <name>Pasar Cihapit 2</name>
            <styleUrl>#13378</styleUrl>
            <Point id="13376">
                <coordinates>107.6228706,-6.9078403,0.0</coordinates>
            </Point>
        </Placemark>
        <Placemark id="13382">
            <name>Simpang Menado - Aceh 2</name>
            <styleUrl>#13383</styleUrl>
            <Point id="13381">
                <coordinates>107.6210098,-6.9098459,0.0</coordinates>
            </Point>
        </Placemark>
        <Placemark id="13387">
            <name>Simpang Menado - Belitung</name>
            <styleUrl>#13388</styleUrl>
            <Point id="13386">
                <coordinates>107.6201164,-6.9122768,0.0</coordinates>
            </Point>
        </Placemark>
        <Placemark id="13392">
            <name>Simpang Menado - Gudang Utara</name>
            <styleUrl>#13393</styleUrl>
            <Point id="13391">
                <coordinates>107.6193915,-6.9152288,0.0</coordinates>
            </Point>
        </Placemark>
        <Placemark id="13397">
            <name>Simpang Jawa - Sunda</name>
            <styleUrl>#13398</styleUrl>
            <Point id="13396">
                <coordinates>107.6175022,-6.9157118,0.0</coordinates>
            </Point>
        </Placemark>
        <Placemark id="13402">
            <name>Seberang SMP Negeri 5 Bandung</name>
            <styleUrl>#13403</styleUrl>
            <Point id="13401">
                <coordinates>107.6144958,-6.9150621,0.0</coordinates>
            </Point>
        </Placemark>
        <Placemark id="13407">
            <name>Simpang Sumatera - Natuna</name>
            <styleUrl>#13408</styleUrl>
            <Point id="13406">
                <coordinates>107.6135654,-6.9171914,0.0</coordinates>
            </Point>
        </Placemark>
        <Placemark id="13412">
            <name>Simpang Embong - Veteran</name>
            <styleUrl>#13413</styleUrl>
            <Point id="13411">
                <coordinates>107.6155591,-6.9199229,0.0</coordinates>
            </Point>
        </Placemark>
        <Placemark id="13417">
            <name>Simpang Veteran -Sunda</name>
            <styleUrl>#13418</styleUrl>
            <Point id="13416">
                <coordinates>107.6185363,-6.9207327,0.0</coordinates>
            </Point>
        </Placemark>
        <Placemark id="13422">
            <name>Seberang SMK Negeri 15 Bandung</name>
            <styleUrl>#13423</styleUrl>
            <Point id="13421">
                <coordinates>107.6187747,-6.9225442,0.0</coordinates>
            </Point>
        </Placemark>
        <Placemark id="13427">
            <name>Simpang Gatot Subroto - Guntur</name>
            <styleUrl>#13428</styleUrl>
            <Point id="13426">
                <coordinates>107.6212055,-6.9228689,0.0</coordinates>
            </Point>
        </Placemark>
        <Placemark id="13432">
            <name>Simpang Malabar - Gatot  Subroto 2</name>
            <styleUrl>#13433</styleUrl>
            <Point id="13431">
                <coordinates>107.6242608,-6.9240678,0.0</coordinates>
            </Point>
        </Placemark>
        <Placemark id="13437">
            <name>Seberang Dinas Ketenagakerjaan Kota Bandung</name>
            <styleUrl>#13438</styleUrl>
            <Point id="13436">
                <coordinates>107.626494,-6.9328449,0.0</coordinates>
            </Point>
        </Placemark>
        <Placemark id="13442">
            <name>Sesko TNI</name>
            <styleUrl>#13443</styleUrl>
            <Point id="13441">
                <coordinates>107.6288528,-6.9334603,0.0</coordinates>
            </Point>
        </Placemark>
        <Placemark id="13447">
            <name>Simpang Reog - Martanegara</name>
            <styleUrl>#13448</styleUrl>
            <Point id="13446">
                <coordinates>107.6325634,-6.934615,0.0</coordinates>
            </Point>
        </Placemark>
        <Placemark id="13452">
            <name>Jalan Reog</name>
            <styleUrl>#13453</styleUrl>
            <Point id="13451">
                <coordinates>107.6321151,-6.9370549,0.0</coordinates>
            </Point>
        </Placemark>
        <Placemark id="13457">
            <name>Kantor Kelurahan Turangga</name>
            <styleUrl>#13458</styleUrl>
            <Point id="13456">
                <coordinates>107.6310553,-6.9394309,0.0</coordinates>
            </Point>
        </Placemark>
        <Placemark id="13462">
            <name>Jalan Kayuagung II</name>
            <styleUrl>#13463</styleUrl>
            <Point id="13461">
                <coordinates>107.6304557,-6.9449794,0.0</coordinates>
            </Point>
        </Placemark>
        <Placemark id="13467">
            <name>Jalan Guntursari Wetan</name>
            <styleUrl>#13468</styleUrl>
            <Point id="13466">
                <coordinates>107.6319503,-6.9465372,0.0</coordinates>
            </Point>
        </Placemark>
        <Placemark id="13472">
            <name>Pasar Baru ABC</name>
            <styleUrl>#13473</styleUrl>
            <Point id="13471">
                <coordinates>107.6048398,-6.9184569,0.0</coordinates>
            </Point>
        </Placemark>
        <Placemark id="13477">
            <name>Simpang Soetta Kiaracondong</name>
            <styleUrl>#13478</styleUrl>
            <Point id="13476">
                <coordinates>107.6408496,-6.9458361,0.0</coordinates>
            </Point>
        </Placemark>
        <Placemark id="13482">
            <name>Jalan Jawa</name>
            <styleUrl>#13483</styleUrl>
            <LineString id="13481">
                <coordinates>107.6102982,-6.9141706,0.0 107.6103247,-6.9142649,0.0 107.6103473,-6.914321,0.0 107.6104158,-6.9143899,0.0 107.610493,-6.9144379,0.0 107.6106029,-6.9145006,0.0</coordinates>
            </LineString>
        </Placemark>
        <Placemark id="13486">
            <name>Jalan Sentot Alibasyah</name>
            <styleUrl>#13487</styleUrl>
            <LineString id="13485">
                <coordinates>107.6193443,-6.89924,0.0 107.6193467,-6.8993194,0.0</coordinates>
            </LineString>
        </Placemark>
        <Placemark id="13490">
            <name>Jalan Braga</name>
            <styleUrl>#13491</styleUrl>
            <LineString id="13489">
                <coordinates>107.6099747,-6.9197157,0.0 107.6099352,-6.9195836,0.0 107.6096319,-6.9185764,0.0</coordinates>
            </LineString>
        </Placemark>
        <Placemark id="13494">
            <name>Jalan Perintis Kemerdekaan</name>
            <styleUrl>#13495</styleUrl>
            <LineString id="13493">
                <coordinates>107.6075641,-6.9142136,0.0 107.6078626,-6.9140606,0.0 107.607935,-6.9140241,0.0 107.6079799,-6.9140014,0.0 107.6081711,-6.9139136,0.0 107.6082715,-6.9138902,0.0 107.6087543,-6.9138526,0.0 107.6088925,-6.9138457,0.0 107.6089516,-6.913844,0.0</coordinates>
            </LineString>
        </Placemark>
        <Placemark id="13498">
            <name>Jalan ABC</name>
            <styleUrl>#13499</styleUrl>
            <LineString id="13497">
                <coordinates>107.6054461,-6.9186544,0.0 107.6065164,-6.9190052,0.0 107.6065461,-6.9190127,0.0 107.6065984,-6.9190097,0.0 107.6066534,-6.9189807,0.0 107.6066765,-6.9189704,0.0</coordinates>
            </LineString>
        </Placemark>
        <Placemark id="13502">
            <name>Jalan ABC</name>
            <styleUrl>#13503</styleUrl>
            <LineString id="13501">
                <coordinates>107.6066765,-6.9189704,0.0 107.6067119,-6.9189496,0.0 107.6067514,-6.9189366,0.0 107.6067924,-6.9189312,0.0 107.6070029,-6.9189529,0.0 107.6071304,-6.9189661,0.0 107.6073157,-6.9189903,0.0 107.6074965,-6.9190287,0.0 107.6076219,-6.919072,0.0 107.6077728,-6.9191385,0.0 107.6079125,-6.9192242,0.0 107.6080647,-6.9193303,0.0 107.6083693,-6.9195612,0.0 107.6084385,-6.9196004,0.0 107.6085661,-6.9196522,0.0</coordinates>
            </LineString>
        </Placemark>
        <Placemark id="13506">
            <name>Jalan Surapati</name>
            <styleUrl>#13507</styleUrl>
            <LineString id="13505">
                <coordinates>107.6132841,-6.8988423,0.0 107.6135004,-6.898852,0.0 107.6140011,-6.8988575,0.0 107.6147331,-6.8988511,0.0 107.615213,-6.8988527,0.0 107.6156959,-6.8989008,0.0 107.6158827,-6.8989216,0.0 107.6160286,-6.8989397,0.0</coordinates>
            </LineString>
        </Placemark>
        <Placemark id="13510">
            <name>Jalan Aria Jipang</name>
            <styleUrl>#13511</styleUrl>
            <LineString id="13509">
                <coordinates>107.6162456,-6.8994129,0.0 107.6162311,-6.8992765,0.0 107.616211,-6.89922,0.0 107.6161677,-6.8991816,0.0 107.6158534,-6.8991356,0.0</coordinates>
            </LineString>
        </Placemark>
        <Placemark id="13514">
            <name>Jalan Talaga Bodas</name>
            <styleUrl>#13515</styleUrl>
            <LineString id="13513">
                <coordinates>107.6262668,-6.9294503,0.0 107.6262232,-6.9294385,0.0 107.6254359,-6.9292386,0.0 107.6248666,-6.9290915,0.0 107.6248423,-6.929086,0.0 107.6244581,-6.9289842,0.0 107.6244323,-6.9289774,0.0 107.6242211,-6.9289197,0.0 107.6240487,-6.9288743,0.0 107.6238357,-6.9288198,0.0 107.6231162,-6.9286358,0.0 107.6230712,-6.9286235,0.0</coordinates>
            </LineString>
        </Placemark>
        <Placemark id="13518">
            <name>Jalan Seram</name>
            <styleUrl>#13519</styleUrl>
            <LineString id="13517">
                <coordinates>107.6148175,-6.9100394,0.0 107.6148456,-6.9099566,0.0 107.6148501,-6.9099167,0.0 107.6148475,-6.9098612,0.0 107.614357,-6.9094424,0.0 107.6140418,-6.9091957,0.0 107.6138097,-6.9090016,0.0</coordinates>
            </LineString>
        </Placemark>
        <Placemark id="13522">
            <name>Jalan Malabar</name>
            <styleUrl>#13523</styleUrl>
            <LineString id="13521">
                <coordinates>107.6238958,-6.925325,0.0 107.6238253,-6.9256247,0.0 107.6236147,-6.9265547,0.0</coordinates>
            </LineString>
        </Placemark>
        <Placemark id="13526">
            <name>Jalan Surapati</name>
            <styleUrl>#13527</styleUrl>
            <LineString id="13525">
                <coordinates>107.6164572,-6.8990452,0.0 107.6177545,-6.8992474,0.0 107.6179645,-6.899261,0.0 107.6181289,-6.8992635,0.0 107.6184335,-6.8992562,0.0</coordinates>
            </LineString>
        </Placemark>
        <Placemark id="13530">
            <name>Jalan Malabar</name>
            <styleUrl>#13531</styleUrl>
            <LineString id="13529">
                <coordinates>107.6238524,-6.9251131,0.0 107.6238645,-6.9250741,0.0 107.6240605,-6.9244408,0.0</coordinates>
            </LineString>
        </Placemark>
        <Placemark id="13534">
            <name>Jalan ABC</name>
            <styleUrl>#13535</styleUrl>
            <LineString id="13533">
                <coordinates>107.6088022,-6.9196932,0.0 107.6088626,-6.9197052,0.0 107.6089914,-6.9197261,0.0 107.6098858,-6.9197125,0.0 107.6099005,-6.9197134,0.0 107.6099747,-6.9197157,0.0</coordinates>
            </LineString>
        </Placemark>
        <Placemark id="13538">
            <name>Jalan ABC</name>
            <styleUrl>#13539</styleUrl>
            <LineString id="13537">
                <coordinates>107.6085661,-6.9196522,0.0 107.6088022,-6.9196932,0.0</coordinates>
            </LineString>
        </Placemark>
        <Placemark id="13542">
            <name>Jalan Menado</name>
            <styleUrl>#13543</styleUrl>
            <LineString id="13541">
                <coordinates>107.6203568,-6.9126014,0.0 107.6201925,-6.9132519,0.0 107.6200831,-6.9136824,0.0 107.6199587,-6.9141717,0.0 107.619819,-6.9147655,0.0 107.6196923,-6.9153016,0.0</coordinates>
            </LineString>
        </Placemark>
        <Placemark id="13546">
            <name>Jalan Embong</name>
            <styleUrl>#13547</styleUrl>
            <LineString id="13545">
                <coordinates>107.6157093,-6.9194533,0.0 107.6155773,-6.9198571,0.0 107.6155591,-6.9199229,0.0 107.6155288,-6.9200327,0.0 107.6153363,-6.92071,0.0</coordinates>
            </LineString>
        </Placemark>
        <Placemark id="13550">
            <name>Jalan Gudang Utara</name>
            <styleUrl>#13551</styleUrl>
            <LineString id="13549">
                <coordinates>107.6188506,-6.915098,0.0 107.618959,-6.9151242,0.0 107.6190377,-6.9151433,0.0 107.6191903,-6.9151802,0.0</coordinates>
            </LineString>
        </Placemark>
        <Placemark id="13554">
            <name>Jalan Menado</name>
            <styleUrl>#13555</styleUrl>
            <LineString id="13553">
                <coordinates>107.6206308,-6.9114044,0.0 107.6208299,-6.9105859,0.0 107.6208931,-6.910326,0.0 107.6209273,-6.9101852,0.0 107.6210098,-6.9098459,0.0 107.6210202,-6.909803,0.0 107.6210647,-6.9096202,0.0 107.6211132,-6.9094082,0.0 107.6211274,-6.9093568,0.0</coordinates>
            </LineString>
        </Placemark>
        <Placemark id="13558">
            <name>Jalan Sumatra</name>
            <styleUrl>#13559</styleUrl>
            <LineString id="13557">
                <coordinates>107.6135654,-6.9171914,0.0 107.6135267,-6.9173995,0.0 107.6134884,-6.9175076,0.0 107.6134611,-6.9175513,0.0 107.6133877,-6.9176597,0.0 107.6132116,-6.9178221,0.0 107.6131121,-6.917873,0.0 107.6130287,-6.9179018,0.0 107.6127986,-6.9179585,0.0 107.6127815,-6.9179662,0.0</coordinates>
            </LineString>
        </Placemark>
        <Placemark id="13562">
            <name>Jalan Menado</name>
            <styleUrl>#13563</styleUrl>
            <LineString id="13561">
                <coordinates>107.6206308,-6.9114044,0.0 107.6205353,-6.9114297,0.0 107.620429,-6.9114781,0.0 107.6203316,-6.9115426,0.0 107.6202457,-6.9116215,0.0 107.6201734,-6.9117128,0.0 107.6201165,-6.9118143,0.0 107.6200763,-6.9119234,0.0</coordinates>
            </LineString>
        </Placemark>
        <Placemark id="13566">
            <name>Jalan Sumatra</name>
            <styleUrl>#13567</styleUrl>
            <LineString id="13565">
                <coordinates>107.6139552,-6.9149332,0.0 107.6139821,-6.9147604,0.0 107.6139894,-6.9147065,0.0 107.6139967,-6.9146525,0.0 107.6140009,-6.9145513,0.0 107.6139982,-6.9145008,0.0 107.6139915,-6.9144408,0.0 107.6139902,-6.9144289,0.0 107.6139734,-6.9143683,0.0 107.6139539,-6.914317,0.0 107.61384,-6.9141333,0.0 107.6137642,-6.9140077,0.0 107.6137233,-6.9139398,0.0 107.6135925,-6.9137192,0.0 107.6135325,-6.913618,0.0 107.6135126,-6.9135895,0.0 107.6134268,-6.9134665,0.0 107.6133515,-6.9133639,0.0</coordinates>
            </LineString>
        </Placemark>
        <Placemark id="13570">
            <name>Jalan Cisangkuy</name>
            <styleUrl>#13571</styleUrl>
            <LineString id="13569">
                <coordinates>107.6235225,-6.903385,0.0 107.6238735,-6.9035556,0.0 107.6239465,-6.9035769,0.0 107.624033,-6.9035902,0.0 107.6243337,-6.903621,0.0 107.6246081,-6.9036537,0.0 107.6248236,-6.9036843,0.0 107.6250113,-6.9037217,0.0 107.625417,-6.9038236,0.0 107.6257265,-6.903917,0.0 107.6259342,-6.9039953,0.0 107.6261391,-6.9040869,0.0 107.6263571,-6.9042058,0.0 107.6265589,-6.9043823,0.0 107.6266857,-6.9045288,0.0 107.6267693,-6.9046604,0.0 107.6268715,-6.9048544,0.0 107.6268835,-6.9048896,0.0</coordinates>
            </LineString>
        </Placemark>
        <Placemark id="13574">
            <name>Jalan Taman Cibeunying Utara</name>
            <styleUrl>#13575</styleUrl>
            <LineString id="13573">
                <coordinates>107.624274,-6.9040642,0.0 107.6242413,-6.9041507,0.0 107.6242392,-6.9042294,0.0 107.6242613,-6.9042884,0.0 107.624283,-6.9043422,0.0 107.624427,-6.9046609,0.0 107.6246999,-6.9052647,0.0 107.6248374,-6.9055644,0.0 107.6249202,-6.9057155,0.0 107.6249819,-6.9058075,0.0 107.625002,-6.9058427,0.0 107.6250442,-6.9059109,0.0</coordinates>
            </LineString>
        </Placemark>
        <Placemark id="13578">
            <name>Jalan Kliningan</name>
            <styleUrl>#13579</styleUrl>
            <LineString id="13577">
                <coordinates>107.6279552,-6.9423722,0.0 107.6279829,-6.9423462,0.0 107.6282709,-6.9420535,0.0 107.6284445,-6.9418319,0.0 107.6284533,-6.9418199,0.0 107.6284594,-6.9418079,0.0 107.6284634,-6.9417947,0.0 107.6284981,-6.9415355,0.0 107.6285303,-6.9412408,0.0 107.6285618,-6.940999,0.0 107.6286132,-6.9407778,0.0 107.6287265,-6.9404408,0.0 107.6287555,-6.9403484,0.0 107.6288098,-6.9401794,0.0 107.6288279,-6.9401215,0.0 107.6288591,-6.9400365,0.0 107.6288818,-6.9399716,0.0 107.6289384,-6.939805,0.0 107.6290093,-6.9395855,0.0 107.6291175,-6.9392816,0.0 107.6291343,-6.9392403,0.0 107.6292882,-6.938873,0.0</coordinates>
            </LineString>
        </Placemark>
        <Placemark id="13582">
            <name>Jalan Palasari</name>
            <styleUrl>#13583</styleUrl>
            <LineString id="13581">
                <coordinates>107.6236147,-6.9265547,0.0 107.6235032,-6.9269791,0.0 107.6234034,-6.9273593,0.0 107.6233911,-6.9274059,0.0 107.623318,-6.9276837,0.0 107.6232698,-6.9278671,0.0 107.6231948,-6.9281529,0.0 107.6230845,-6.9285702,0.0 107.6230712,-6.9286235,0.0</coordinates>
            </LineString>
        </Placemark>
        <Placemark id="13586">
            <name>Jalan Perintis Kemerdekaan</name>
            <styleUrl>#13587</styleUrl>
            <LineString id="13585">
                <coordinates>107.6074143,-6.9150198,0.0 107.6074751,-6.9145255,0.0 107.6074837,-6.9144566,0.0 107.6075077,-6.9143598,0.0 107.6075641,-6.9142136,0.0</coordinates>
            </LineString>
        </Placemark>
        <Placemark id="13590">
            <name>Jalan Talaga Bodas</name>
            <styleUrl>#13591</styleUrl>
            <LineString id="13589">
                <coordinates>107.6264291,-6.9295004,0.0 107.6264718,-6.9295128,0.0 107.6265152,-6.9295231,0.0</coordinates>
            </LineString>
        </Placemark>
        <Placemark id="13594">
            <name>Jalan Suniaraja</name>
            <styleUrl>#13595</styleUrl>
            <LineString id="13593">
                <coordinates>107.6088792,-6.9162786,0.0 107.6088195,-6.9162932,0.0 107.6088005,-6.9162985,0.0 107.6084574,-6.9162802,0.0 107.6083144,-6.9162523,0.0 107.6081984,-6.9162109,0.0 107.6080929,-6.9161604,0.0 107.6080175,-6.9161132,0.0 107.6079775,-6.9160775,0.0</coordinates>
            </LineString>
        </Placemark>
        <Placemark id="13598">
            <name>Route Segment</name>
            <styleUrl>#13599</styleUrl>
            <LineString id="13597">
                <coordinates>107.609044,-6.9105515,0.0 107.6090971,-6.9104484,0.0 107.6091684,-6.9103572,0.0 107.6092148,-6.9103044,0.0</coordinates>
            </LineString>
        </Placemark>
        <Placemark id="13602">
            <name>Jalan Trunojoyo</name>
            <styleUrl>#13603</styleUrl>
            <LineString id="13601">
                <coordinates>107.6126957,-6.9070364,0.0 107.6126429,-6.9069041,0.0 107.6126235,-6.9068567,0.0 107.6126088,-6.9068195,0.0 107.6125874,-6.9067549,0.0 107.6125853,-6.9066749,0.0 107.6126058,-6.9065756,0.0 107.6126105,-6.9065663,0.0 107.6127257,-6.90634,0.0 107.6129187,-6.9060708,0.0 107.6132063,-6.9057434,0.0 107.6132894,-6.9056477,0.0 107.6135246,-6.9053818,0.0</coordinates>
            </LineString>
        </Placemark>
        <Placemark id="13606">
            <name>Jalan Soekarno-Hatta</name>
            <styleUrl>#13607</styleUrl>
            <LineString id="13605">
                <coordinates>107.6336406,-6.9478818,0.0 107.6337248,-6.9478543,0.0 107.6338763,-6.9478077,0.0 107.6340014,-6.9477692,0.0 107.6341745,-6.9477159,0.0 107.6348946,-6.9474943,0.0 107.6350137,-6.9474577,0.0 107.6350586,-6.9474439,0.0 107.6350976,-6.9474319,0.0 107.6352499,-6.947385,0.0 107.6355559,-6.9472909,0.0 107.6359684,-6.9471669,0.0 107.6359872,-6.9471621,0.0 107.6360687,-6.9471331,0.0 107.636143,-6.9471102,0.0 107.6363926,-6.9470334,0.0 107.636644,-6.9469561,0.0 107.6367049,-6.9469373,0.0 107.6370708,-6.9468247,0.0 107.6373665,-6.9467337,0.0 107.638253,-6.946461,0.0 107.638452,-6.9463942,0.0 107.6385798,-6.9463604,0.0 107.6390869,-6.9462044,0.0 107.6391553,-6.9461833,0.0 107.6395007,-6.946077,0.0 107.6395637,-6.9460577,0.0 107.639643,-6.9460333,0.0 107.6399381,-6.9459425,0.0 107.6400313,-6.9459138,0.0 107.6400988,-6.945893,0.0</coordinates>
            </LineString>
        </Placemark>
        <Placemark id="13610">
            <name>Route Segment</name>
            <styleUrl>#13611</styleUrl>
            <LineString id="13609">
                <coordinates>107.6332291,-6.9477884,0.0 107.6333036,-6.9478206,0.0 107.6333645,-6.947847,0.0 107.6334365,-6.9478646,0.0 107.6336406,-6.9478818,0.0</coordinates>
            </LineString>
        </Placemark>
        <Placemark id="13614">
            <name>Jalan Jenderal Gatot Subroto</name>
            <styleUrl>#13615</styleUrl>
            <LineString id="13613">
                <coordinates>107.6195437,-6.9226161,0.0 107.6190746,-6.9225723,0.0 107.6187747,-6.9225442,0.0 107.6185642,-6.9225245,0.0 107.6183395,-6.9225035,0.0 107.6180808,-6.9224786,0.0</coordinates>
            </LineString>
        </Placemark>
        <Placemark id="13618">
            <name>Jalan Cihapit</name>
            <styleUrl>#13619</styleUrl>
            <LineString id="13617">
                <coordinates>107.6211862,-6.9092178,0.0 107.6212073,-6.9091543,0.0 107.6213167,-6.9087987,0.0 107.6213897,-6.9085962,0.0 107.6214307,-6.9084922,0.0 107.6214489,-6.9084462,0.0 107.6214823,-6.9083753,0.0 107.6215234,-6.9083284,0.0 107.6215431,-6.9083128,0.0 107.6215802,-6.9082833,0.0 107.6218179,-6.9081501,0.0 107.6219509,-6.9080809,0.0 107.6220328,-6.9080703,0.0 107.6223745,-6.9081125,0.0 107.6224508,-6.9081053,0.0 107.6225029,-6.9080866,0.0 107.6225541,-6.9080673,0.0 107.6226557,-6.9079997,0.0</coordinates>
            </LineString>
        </Placemark>
        <Placemark id="13622">
            <name>Jalan Reog</name>
            <styleUrl>#13623</styleUrl>
            <LineString id="13621">
                <coordinates>107.6317661,-6.9379183,0.0 107.6317421,-6.9379689,0.0</coordinates>
            </LineString>
        </Placemark>
        <Placemark id="13626">
            <name>Jalan Reog</name>
            <styleUrl>#13627</styleUrl>
            <LineString id="13625">
                <coordinates>107.6325931,-6.9343034,0.0 107.6325962,-6.9343362,0.0 107.6325954,-6.934371,0.0 107.6325634,-6.934615,0.0 107.6325505,-6.9347184,0.0 107.6325426,-6.9347819,0.0 107.6325075,-6.9350377,0.0 107.6324639,-6.935345,0.0 107.6324368,-6.9355098,0.0 107.63239,-6.9357998,0.0 107.6323275,-6.9361852,0.0 107.6323086,-6.9363088,0.0 107.632262,-6.9365411,0.0 107.6322012,-6.9367769,0.0 107.6321575,-6.9369339,0.0 107.6321151,-6.9370549,0.0 107.6320281,-6.9373171,0.0 107.6319463,-6.9375285,0.0 107.6319288,-6.9375605,0.0 107.6317661,-6.9379183,0.0</coordinates>
            </LineString>
        </Placemark>
        <Placemark id="13630">
            <name>Jalan Karawitan</name>
            <styleUrl>#13631</styleUrl>
            <LineString id="13629">
                <coordinates>107.6303401,-6.9393626,0.0 107.6309641,-6.9396275,0.0</coordinates>
            </LineString>
        </Placemark>
        <Placemark id="13634">
            <name>Jalan Merdeka</name>
            <styleUrl>#13635</styleUrl>
            <LineString id="13633">
                <coordinates>107.6106164,-6.9099691,0.0 107.6106159,-6.9099991,0.0 107.6106153,-6.9100253,0.0 107.6106014,-6.9104158,0.0 107.6105812,-6.9108691,0.0 107.6105492,-6.9114267,0.0 107.6105236,-6.9118509,0.0 107.610489,-6.9122567,0.0 107.6104606,-6.9125904,0.0 107.6104461,-6.9127255,0.0 107.6104424,-6.9127679,0.0 107.6103525,-6.9136021,0.0</coordinates>
            </LineString>
        </Placemark>
        <Placemark id="13638">
            <name>Jalan Aceh</name>
            <styleUrl>#13639</styleUrl>
            <LineString id="13637">
                <coordinates>107.6140557,-6.9103011,0.0 107.6141557,-6.9102674,0.0 107.6146737,-6.9100856,0.0 107.6148175,-6.9100394,0.0</coordinates>
            </LineString>
        </Placemark>
        <Placemark id="13642">
            <name>Jalan Sumatra</name>
            <styleUrl>#13643</styleUrl>
            <LineString id="13641">
                <coordinates>107.6130444,-6.9126174,0.0 107.6130208,-6.9125339,0.0 107.6129967,-6.9124653,0.0 107.6129571,-6.912356,0.0 107.6128973,-6.9122028,0.0 107.6128197,-6.9120187,0.0 107.612748,-6.9118421,0.0 107.6126673,-6.9116438,0.0 107.6126418,-6.9115626,0.0 107.6125842,-6.9113906,0.0 107.6125692,-6.9113098,0.0 107.6125469,-6.9111891,0.0 107.6125064,-6.9107865,0.0 107.6124686,-6.9102774,0.0 107.6124452,-6.9100873,0.0 107.6124394,-6.910028,0.0</coordinates>
            </LineString>
        </Placemark>
        <Placemark id="13646">
            <name>Jalan Aceh</name>
            <styleUrl>#13647</styleUrl>
            <LineString id="13645">
                <coordinates>107.6126151,-6.9098105,0.0 107.6127279,-6.909855,0.0 107.6131518,-6.9100607,0.0 107.6137485,-6.9103432,0.0 107.6137788,-6.9103556,0.0</coordinates>
            </LineString>
        </Placemark>
        <Placemark id="13650">
            <name>Jalan L.L. RE. Martadinata</name>
            <styleUrl>#13651</styleUrl>
            <LineString id="13649">
                <coordinates>107.6128139,-6.9070149,0.0 107.6126957,-6.9070364,0.0</coordinates>
            </LineString>
        </Placemark>
        <Placemark id="13654">
            <name>Jalan Surapati</name>
            <styleUrl>#13655</styleUrl>
            <LineString id="13653">
                <coordinates>107.6160286,-6.8989397,0.0 107.6160918,-6.8989527,0.0 107.6161796,-6.8989698,0.0 107.6163593,-6.8990187,0.0 107.6164572,-6.8990452,0.0</coordinates>
            </LineString>
        </Placemark>
        <Placemark id="13658">
            <name>Jalan Diponegoro</name>
            <styleUrl>#13659</styleUrl>
            <LineString id="13657">
                <coordinates>107.6150711,-6.9006334,0.0 107.6154093,-6.900922,0.0</coordinates>
            </LineString>
        </Placemark>
        <Placemark id="13662">
            <name>Jalan Prabu Dimuntur</name>
            <styleUrl>#13663</styleUrl>
            <LineString id="13661">
                <coordinates>107.6158534,-6.8991356,0.0 107.6148451,-6.8991266,0.0 107.6136829,-6.8990999,0.0 107.6131076,-6.8990838,0.0 107.6130507,-6.8990822,0.0</coordinates>
            </LineString>
        </Placemark>
        <Placemark id="13666">
            <name>Jalan Surapati</name>
            <styleUrl>#13667</styleUrl>
            <LineString id="13665">
                <coordinates>107.6184335,-6.8992562,0.0 107.6189635,-6.8992333,0.0 107.6190223,-6.899231,0.0 107.6190829,-6.8992313,0.0 107.6192777,-6.8992377,0.0 107.6193443,-6.89924,0.0</coordinates>
            </LineString>
        </Placemark>
        <Placemark id="13670">
            <name>Jalan Aceh</name>
            <styleUrl>#13671</styleUrl>
            <LineString id="13669">
                <coordinates>107.6092148,-6.9103044,0.0 107.6097114,-6.9101169,0.0 107.6103674,-6.9098792,0.0 107.610426,-6.9098591,0.0 107.6105905,-6.9098058,0.0</coordinates>
            </LineString>
        </Placemark>
        <Placemark id="13674">
            <name>Jalan Wastukancana</name>
            <styleUrl>#13675</styleUrl>
            <LineString id="13673">
                <coordinates>107.6090309,-6.9137833,0.0 107.6090355,-6.9136767,0.0 107.609036,-6.9135295,0.0 107.6090452,-6.9130028,0.0 107.6090502,-6.9127472,0.0 107.6090523,-6.9126675,0.0 107.6090858,-6.9111585,0.0 107.6090891,-6.9110401,0.0 107.6090928,-6.9109499,0.0 107.6090952,-6.910906,0.0 107.6090943,-6.9108169,0.0 107.6090871,-6.9107051,0.0 107.6090715,-6.9106208,0.0 107.609044,-6.9105515,0.0</coordinates>
            </LineString>
        </Placemark>
        <Placemark id="13678">
            <name>Jalan Jenderal Ahmad Yani</name>
            <styleUrl>#13679</styleUrl>
            <LineString id="13677">
                <coordinates>107.6194592,-6.9213499,0.0 107.6191038,-6.9215541,0.0 107.6187221,-6.9217512,0.0</coordinates>
            </LineString>
        </Placemark>
        <Placemark id="13682">
            <name>Jalan Perintis Kemerdekaan</name>
            <styleUrl>#13683</styleUrl>
            <LineString id="13681">
                <coordinates>107.6089516,-6.913844,0.0 107.6089581,-6.9138231,0.0 107.6089707,-6.9138051,0.0 107.6089882,-6.9137917,0.0 107.6090089,-6.9137842,0.0 107.6090309,-6.9137833,0.0</coordinates>
            </LineString>
        </Placemark>
        <Placemark id="13686">
            <name>Jalan Jenderal Gatot Subroto</name>
            <styleUrl>#13687</styleUrl>
            <LineString id="13685">
                <coordinates>107.623622,-6.9235764,0.0 107.6233453,-6.9234601,0.0 107.623188,-6.9233901,0.0 107.6228133,-6.9232202,0.0 107.6226726,-6.9231584,0.0 107.6225264,-6.923098,0.0 107.622352,-6.9230532,0.0 107.6221612,-6.9230203,0.0 107.6220913,-6.9230082,0.0 107.6219829,-6.9229895,0.0 107.6215111,-6.9229149,0.0 107.6214244,-6.9229018,0.0 107.6214029,-6.9228986,0.0 107.6212055,-6.9228689,0.0 107.6211252,-6.9228568,0.0 107.6207357,-6.9227936,0.0 107.6200822,-6.9226889,0.0</coordinates>
            </LineString>
        </Placemark>
        <Placemark id="13690">
            <name>Jalan Pelajar Pejuang 45</name>
            <styleUrl>#13691</styleUrl>
            <LineString id="13689">
                <coordinates>107.6261515,-6.9309754,0.0 107.6258277,-6.9322856,0.0 107.6258213,-6.9323117,0.0</coordinates>
            </LineString>
        </Placemark>
        <Placemark id="13694">
            <name>Jalan R.A.A. Martanegara</name>
            <styleUrl>#13695</styleUrl>
            <LineString id="13693">
                <coordinates>107.6272158,-6.9330278,0.0 107.6277229,-6.9331834,0.0 107.6277833,-6.9331991,0.0 107.6278437,-6.9332148,0.0 107.6282092,-6.9333101,0.0 107.6288528,-6.9334603,0.0 107.6290573,-6.933508,0.0 107.6292413,-6.933555,0.0 107.6297626,-6.9336792,0.0 107.6306127,-6.9338832,0.0 107.6310515,-6.9339821,0.0 107.6313521,-6.9340498,0.0 107.6314371,-6.9340689,0.0 107.6321764,-6.9342353,0.0 107.6325931,-6.9343034,0.0</coordinates>
            </LineString>
        </Placemark>
        <Placemark id="13698">
            <name>Jalan Karawitan</name>
            <styleUrl>#13699</styleUrl>
            <LineString id="13697">
                <coordinates>107.6292882,-6.938873,0.0 107.629781,-6.9391159,0.0 107.6303401,-6.9393626,0.0</coordinates>
            </LineString>
        </Placemark>
        <Placemark id="13702">
            <name>Jalan Cihapit</name>
            <styleUrl>#13703</styleUrl>
            <LineString id="13701">
                <coordinates>107.6245656,-6.9064723,0.0 107.6245137,-6.9065153,0.0 107.6244513,-6.906567,0.0 107.6243084,-6.9066854,0.0 107.6242814,-6.9067078,0.0 107.624053,-6.906897,0.0 107.6234197,-6.9074172,0.0 107.623396,-6.9074377,0.0 107.6233077,-6.9075143,0.0</coordinates>
            </LineString>
        </Placemark>
        <Placemark id="13706">
            <name>Jalan Cisangkuy</name>
            <styleUrl>#13707</styleUrl>
            <LineString id="13705">
                <coordinates>107.6208411,-6.9012258,0.0 107.6208655,-6.9012973,0.0 107.6210263,-6.9016747,0.0 107.6212336,-6.9020291,0.0 107.621484,-6.9023549,0.0 107.6217737,-6.9026469,0.0 107.6219052,-6.9027577,0.0</coordinates>
            </LineString>
        </Placemark>
        <Placemark id="13710">
            <name>Jalan Soekarno-Hatta</name>
            <styleUrl>#13711</styleUrl>
            <LineString id="13709">
                <coordinates>107.6400988,-6.945893,0.0 107.6404015,-6.9458025,0.0</coordinates>
            </LineString>
        </Placemark>
        <Placemark id="13714">
            <name>Jalan Aria Jipang</name>
            <styleUrl>#13715</styleUrl>
            <LineString id="13713">
                <coordinates>107.6162456,-6.8994129,0.0 107.6162134,-6.8994493,0.0 107.6160568,-6.8995735,0.0 107.615847,-6.8997551,0.0 107.6156875,-6.8999054,0.0 107.6154024,-6.9002108,0.0 107.6153734,-6.9002409,0.0 107.6150711,-6.9006334,0.0</coordinates>
            </LineString>
        </Placemark>
        <Placemark id="13718">
            <name>Jalan Bangka</name>
            <styleUrl>#13719</styleUrl>
            <LineString id="13717">
                <coordinates>107.6188506,-6.915098,0.0 107.6188594,-6.91551,0.0 107.6188743,-6.9158959,0.0 107.6187726,-6.9159133,0.0</coordinates>
            </LineString>
        </Placemark>
        <Placemark id="13722">
            <name>Jalan Diponegoro</name>
            <styleUrl>#13723</styleUrl>
            <LineString id="13721">
                <coordinates>107.6199195,-6.9011743,0.0 107.6208401,-6.9011493,0.0</coordinates>
            </LineString>
        </Placemark>
        <Placemark id="13726">
            <name>Jalan Menado</name>
            <styleUrl>#13727</styleUrl>
            <LineString id="13725">
                <coordinates>107.6200763,-6.9119234,0.0 107.6200703,-6.9120193,0.0 107.6200757,-6.9121151,0.0 107.6200938,-6.9122093,0.0 107.6201164,-6.9122768,0.0 107.6201243,-6.9123003,0.0 107.6201667,-6.9123864,0.0 107.6202203,-6.9124662,0.0 107.620284,-6.9125383,0.0 107.6203568,-6.9126014,0.0</coordinates>
            </LineString>
        </Placemark>
        <Placemark id="13730">
            <name>Jalan Sentot Alibasyah</name>
            <styleUrl>#13731</styleUrl>
            <LineString id="13729">
                <coordinates>107.6193536,-6.8995642,0.0 107.6193611,-6.8998371,0.0 107.6193648,-6.89993,0.0</coordinates>
            </LineString>
        </Placemark>
        <Placemark id="13734">
            <name>Jalan Sentot Alibasyah</name>
            <styleUrl>#13735</styleUrl>
            <LineString id="13733">
                <coordinates>107.6193648,-6.89993,0.0 107.6193767,-6.9002364,0.0 107.6194077,-6.9010307,0.0 107.6194103,-6.9010674,0.0 107.619419,-6.9011883,0.0</coordinates>
            </LineString>
        </Placemark>
        <Placemark id="13738">
            <name>Jalan Soekarno-Hatta</name>
            <styleUrl>#13739</styleUrl>
            <LineString id="13737">
                <coordinates>107.6404015,-6.9458025,0.0 107.6404102,-6.9458005,0.0 107.6404977,-6.9457738,0.0 107.6405916,-6.9457492,0.0 107.6406739,-6.9457264,0.0 107.6408783,-6.9456725,0.0 107.6410307,-6.9456323,0.0 107.6411836,-6.9455872,0.0 107.641371,-6.945532,0.0 107.6413988,-6.945524,0.0</coordinates>
            </LineString>
        </Placemark>
        <Placemark id="13742">
            <name>Jalan Buah Batu</name>
            <styleUrl>#13743</styleUrl>
            <LineString id="13741">
                <coordinates>107.6322352,-6.9468242,0.0 107.632848,-6.9474115,0.0 107.6330285,-6.9475875,0.0 107.6332291,-6.9477884,0.0</coordinates>
            </LineString>
        </Placemark>
        <Placemark id="13746">
            <name>Jalan Jawa</name>
            <styleUrl>#13747</styleUrl>
            <LineString id="13745">
                <coordinates>107.6106029,-6.9145006,0.0 107.6106756,-6.9145062,0.0 107.6110233,-6.914537,0.0</coordinates>
            </LineString>
        </Placemark>
        <Placemark id="13750">
            <name>Jalan Seram</name>
            <styleUrl>#13751</styleUrl>
            <LineString id="13749">
                <coordinates>107.6138097,-6.9090016,0.0 107.6137549,-6.9089445,0.0 107.6137179,-6.9088917,0.0 107.6136771,-6.9088093,0.0 107.6134793,-6.9083985,0.0 107.6133982,-6.9082301,0.0 107.6132982,-6.9080225,0.0 107.6128951,-6.9072095,0.0 107.6128686,-6.9071505,0.0 107.6128409,-6.9070835,0.0 107.6128139,-6.9070149,0.0</coordinates>
            </LineString>
        </Placemark>
        <Placemark id="13754">
            <name>Jalan Perintis Kemerdekaan</name>
            <styleUrl>#13755</styleUrl>
            <LineString id="13753">
                <coordinates>107.6075959,-6.9156165,0.0 107.6075109,-6.9155083,0.0 107.6074262,-6.9153884,0.0 107.6074058,-6.9153434,0.0 107.6073961,-6.9152632,0.0 107.607408,-6.9150826,0.0 107.6074143,-6.9150198,0.0</coordinates>
            </LineString>
        </Placemark>
        <Placemark id="13758">
            <name>Route Segment</name>
            <styleUrl>#13759</styleUrl>
            <LineString id="13757">
                <coordinates>107.6156102,-6.9017268,0.0 107.6155959,-6.9010813,0.0</coordinates>
            </LineString>
        </Placemark>
        <Placemark id="13762">
            <name>Jalan Sumatra</name>
            <styleUrl>#13763</styleUrl>
            <LineString id="13761">
                <coordinates>107.6124394,-6.910028,0.0 107.612464,-6.909959,0.0 107.6124801,-6.9099262,0.0 107.612503,-6.9098979,0.0 107.6125409,-6.9098668,0.0 107.6126151,-6.9098105,0.0</coordinates>
            </LineString>
        </Placemark>
        <Placemark id="13766">
            <name>Jalan Braga</name>
            <styleUrl>#13767</styleUrl>
            <LineString id="13765">
                <coordinates>107.6090248,-6.9163578,0.0 107.6089975,-6.9163097,0.0 107.6089745,-6.9162895,0.0 107.6089571,-6.9162764,0.0 107.6089179,-6.9162712,0.0 107.6088792,-6.9162786,0.0</coordinates>
            </LineString>
        </Placemark>
        <Placemark id="13770">
            <name>Jalan Aceh</name>
            <styleUrl>#13771</styleUrl>
            <LineString id="13769">
                <coordinates>107.6137788,-6.9103556,0.0 107.6138875,-6.9103443,0.0 107.6139685,-6.9103244,0.0 107.6140557,-6.9103011,0.0</coordinates>
            </LineString>
        </Placemark>
        <Placemark id="13774">
            <name>Jalan Sumatra</name>
            <styleUrl>#13775</styleUrl>
            <LineString id="13773">
                <coordinates>107.6139552,-6.9149332,0.0 107.6138375,-6.9156373,0.0 107.6138145,-6.9157591,0.0 107.6138075,-6.9157964,0.0 107.6137957,-6.9158688,0.0 107.6137272,-6.9162973,0.0 107.6137087,-6.9163993,0.0 107.6135654,-6.9171914,0.0</coordinates>
            </LineString>
        </Placemark>
        <Placemark id="13778">
            <name>Jalan Bangka</name>
            <styleUrl>#13779</styleUrl>
            <LineString id="13777">
                <coordinates>107.6187726,-6.9159133,0.0 107.6185261,-6.915927,0.0</coordinates>
            </LineString>
        </Placemark>
        <Placemark id="13782">
            <name>Jalan Bangka</name>
            <styleUrl>#13783</styleUrl>
            <LineString id="13781">
                <coordinates>107.6185261,-6.915927,0.0 107.6183708,-6.9159304,0.0</coordinates>
            </LineString>
        </Placemark>
        <Placemark id="13786">
            <name>Jalan Cihapit</name>
            <styleUrl>#13787</styleUrl>
            <LineString id="13785">
                <coordinates>107.6233077,-6.9075143,0.0 107.6232259,-6.9075704,0.0 107.6231851,-6.9076019,0.0 107.6231498,-6.9076292,0.0 107.6228887,-6.9078266,0.0 107.6228706,-6.9078403,0.0 107.6226557,-6.9079997,0.0</coordinates>
            </LineString>
        </Placemark>
        <Placemark id="13790">
            <name>Jalan Melania</name>
            <styleUrl>#13791</styleUrl>
            <LineString id="13789">
                <coordinates>107.6236741,-6.9011631,0.0 107.6236693,-6.901079,0.0</coordinates>
            </LineString>
        </Placemark>
        <Placemark id="13794">
            <name>Jalan Malabar</name>
            <styleUrl>#13795</styleUrl>
            <LineString id="13793">
                <coordinates>107.6243612,-6.9238018,0.0 107.6242608,-6.9240678,0.0 107.6241504,-6.9243604,0.0 107.6240605,-6.9244408,0.0</coordinates>
            </LineString>
        </Placemark>
        <Placemark id="13798">
            <name>Jalan Jenderal Gatot Subroto</name>
            <styleUrl>#13799</styleUrl>
            <LineString id="13797">
                <coordinates>107.623622,-6.9235764,0.0 107.6237708,-6.9235618,0.0 107.6238642,-6.9235794,0.0 107.6242815,-6.9236784,0.0</coordinates>
            </LineString>
        </Placemark>
        <Placemark id="13802">
            <name>Jalan Sumatra</name>
            <styleUrl>#13803</styleUrl>
            <LineString id="13801">
                <coordinates>107.6133515,-6.9133639,0.0 107.6132672,-6.9133226,0.0 107.61317,-6.9132928,0.0</coordinates>
            </LineString>
        </Placemark>
        <Placemark id="13806">
            <name>Jalan Sumatra</name>
            <styleUrl>#13807</styleUrl>
            <LineString id="13805">
                <coordinates>107.61317,-6.9132928,0.0 107.6130756,-6.9132685,0.0 107.6130512,-6.9132456,0.0 107.6130348,-6.9132165,0.0 107.6130279,-6.9131838,0.0 107.6130312,-6.9131506,0.0 107.6130429,-6.9130986,0.0</coordinates>
            </LineString>
        </Placemark>
        <Placemark id="13810">
            <name>Jalan Sumatra</name>
            <styleUrl>#13811</styleUrl>
            <LineString id="13809">
                <coordinates>107.6130429,-6.9130986,0.0 107.6130649,-6.9130194,0.0 107.6130762,-6.9129388,0.0 107.6130799,-6.9128576,0.0 107.6130758,-6.9127765,0.0 107.613064,-6.9126961,0.0 107.6130444,-6.9126174,0.0</coordinates>
            </LineString>
        </Placemark>
        <Placemark id="13814">
            <name>Jalan Jenderal Gatot Subroto</name>
            <styleUrl>#13815</styleUrl>
            <LineString id="13813">
                <coordinates>107.6200822,-6.9226889,0.0 107.6197318,-6.9226423,0.0 107.619593,-6.9226234,0.0</coordinates>
            </LineString>
        </Placemark>
        <Placemark id="13818">
            <name>Jalan Aceh</name>
            <styleUrl>#13819</styleUrl>
            <LineString id="13817">
                <coordinates>107.6211274,-6.9093568,0.0 107.6211862,-6.9092178,0.0</coordinates>
            </LineString>
        </Placemark>
        <Placemark id="13822">
            <name>Route Segment</name>
            <styleUrl>#13823</styleUrl>
            <LineString id="13821">
                <coordinates>107.6179492,-6.9221334,0.0 107.6179433,-6.9221707,0.0 107.6179275,-6.9221929,0.0 107.6179117,-6.9222063,0.0 107.6178956,-6.9222235,0.0 107.6178799,-6.9222438,0.0 107.6178753,-6.92227,0.0 107.617877,-6.9222967,0.0 107.6178829,-6.9223279,0.0 107.6179,-6.9223552,0.0 107.6179184,-6.9223789,0.0 107.6179627,-6.9224051,0.0 107.6180808,-6.9224786,0.0</coordinates>
            </LineString>
        </Placemark>
        <Placemark id="13826">
            <name>Jalan Jenderal Ahmad Yani</name>
            <styleUrl>#13827</styleUrl>
            <LineString id="13825">
                <coordinates>107.6187221,-6.9217512,0.0 107.6179492,-6.9221334,0.0</coordinates>
            </LineString>
        </Placemark>
        <Placemark id="13830">
            <name>Jalan Trunojoyo</name>
            <styleUrl>#13831</styleUrl>
            <LineString id="13829">
                <coordinates>107.6131694,-6.9036641,0.0 107.6131488,-6.9037895,0.0 107.6131403,-6.9040385,0.0</coordinates>
            </LineString>
        </Placemark>
        <Placemark id="13834">
            <name>Jalan Buah Batu</name>
            <styleUrl>#13835</styleUrl>
            <LineString id="13833">
                <coordinates>107.6279552,-6.9423722,0.0 107.6282283,-6.9426596,0.0 107.630216,-6.9447298,0.0 107.6304557,-6.9449794,0.0 107.6305314,-6.9450583,0.0 107.6312283,-6.9457923,0.0 107.6319503,-6.9465372,0.0 107.6320775,-6.9466684,0.0</coordinates>
            </LineString>
        </Placemark>
        <Placemark id="13838">
            <name>Jalan Talaga Bodas</name>
            <styleUrl>#13839</styleUrl>
            <LineString id="13837">
                <coordinates>107.6264291,-6.9295004,0.0 107.6263833,-6.9294866,0.0 107.6263407,-6.9294733,0.0 107.6262668,-6.9294503,0.0</coordinates>
            </LineString>
        </Placemark>
        <Placemark id="13842">
            <name>Jalan Soekarno-Hatta</name>
            <styleUrl>#13843</styleUrl>
            <LineString id="13841">
                <coordinates>107.6414451,-6.9456922,0.0 107.6413182,-6.9457358,0.0 107.641115,-6.9457846,0.0 107.6408496,-6.9458361,0.0</coordinates>
            </LineString>
        </Placemark>
        <Placemark id="13846">
            <name>Jalan Soekarno-Hatta</name>
            <styleUrl>#13847</styleUrl>
            <LineString id="13845">
                <coordinates>107.6413988,-6.945524,0.0 107.641692,-6.9454403,0.0 107.6417778,-6.9454077,0.0 107.641837,-6.9453875,0.0</coordinates>
            </LineString>
        </Placemark>
        <Placemark id="13850">
            <name>Jalan Soekarno-Hatta</name>
            <styleUrl>#13851</styleUrl>
            <LineString id="13849">
                <coordinates>107.6419126,-6.9455527,0.0 107.6418208,-6.9455841,0.0</coordinates>
            </LineString>
        </Placemark>
        <Placemark id="13854">
            <name>Jalan Naripan</name>
            <styleUrl>#13855</styleUrl>
            <LineString id="13853">
                <coordinates>107.6177628,-6.9211858,0.0 107.6171928,-6.9210666,0.0 107.6166019,-6.9209531,0.0 107.6159966,-6.9208368,0.0 107.6153363,-6.92071,0.0</coordinates>
            </LineString>
        </Placemark>
        <Placemark id="13858">
            <name>Jalan Braga</name>
            <styleUrl>#13859</styleUrl>
            <LineString id="13857">
                <coordinates>107.6093197,-6.9174272,0.0 107.6092005,-6.9169948,0.0 107.6090248,-6.9163578,0.0</coordinates>
            </LineString>
        </Placemark>
        <Placemark id="13862">
            <name>Jalan Merdeka</name>
            <styleUrl>#13863</styleUrl>
            <LineString id="13861">
                <coordinates>107.6105905,-6.9098058,0.0 107.610596,-6.9098864,0.0 107.6106164,-6.9099691,0.0</coordinates>
            </LineString>
        </Placemark>
        <Placemark id="13866">
            <name>Jalan R.A.A. Martanegara</name>
            <styleUrl>#13867</styleUrl>
            <LineString id="13865">
                <coordinates>107.6257675,-6.932523,0.0 107.6258314,-6.9325903,0.0 107.6258765,-6.9326144,0.0 107.626038,-6.9326675,0.0 107.6261518,-6.9327082,0.0 107.6262334,-6.9327732,0.0</coordinates>
            </LineString>
        </Placemark>
        <Placemark id="13870">
            <name>Jalan Sentot Alibasyah</name>
            <styleUrl>#13871</styleUrl>
            <LineString id="13869">
                <coordinates>107.6193467,-6.8993194,0.0 107.6193483,-6.8994321,0.0</coordinates>
            </LineString>
        </Placemark>
        <Placemark id="13874">
            <name>Jalan Trunojoyo</name>
            <styleUrl>#13875</styleUrl>
            <LineString id="13873">
                <coordinates>107.6135246,-6.9053818,0.0 107.6134843,-6.9053028,0.0 107.6133714,-6.9050569,0.0 107.6133011,-6.9048873,0.0 107.6132193,-6.9046741,0.0 107.6131879,-6.9045416,0.0 107.6131606,-6.9043444,0.0 107.6131461,-6.9042098,0.0 107.6131403,-6.9040385,0.0</coordinates>
            </LineString>
        </Placemark>
        <Placemark id="13878">
            <name>Route Segment</name>
            <styleUrl>#13879</styleUrl>
            <LineString id="13877">
                <coordinates>107.6130507,-6.8990822,0.0 107.6129909,-6.8990718,0.0 107.6129463,-6.8990311,0.0 107.6129308,-6.8989728,0.0 107.6129556,-6.8989156,0.0 107.6129902,-6.89889,0.0 107.6130429,-6.8988772,0.0 107.6131341,-6.8988745,0.0 107.6131975,-6.8988744,0.0 107.6132233,-6.8988692,0.0 107.6132555,-6.8988522,0.0 107.6132841,-6.8988423,0.0</coordinates>
            </LineString>
        </Placemark>
        <Placemark id="13882">
            <name>Jalan Cihapit</name>
            <styleUrl>#13883</styleUrl>
            <LineString id="13881">
                <coordinates>107.6250787,-6.9059782,0.0 107.6250711,-6.9060171,0.0 107.6250616,-6.90605,0.0 107.6250351,-6.906091,0.0 107.6249718,-6.9061476,0.0 107.6247583,-6.9063237,0.0 107.6247175,-6.906361,0.0 107.6245994,-6.9064501,0.0 107.6245656,-6.9064723,0.0</coordinates>
            </LineString>
        </Placemark>
        <Placemark id="13886">
            <name>Jalan Suniaraja</name>
            <styleUrl>#13887</styleUrl>
            <LineString id="13885">
                <coordinates>107.6079775,-6.9160775,0.0 107.6079482,-6.9160431,0.0 107.6077131,-6.915765,0.0</coordinates>
            </LineString>
        </Placemark>
        <Placemark id="13890">
            <name>Jalan Malabar</name>
            <styleUrl>#13891</styleUrl>
            <LineString id="13889">
                <coordinates>107.624396,-6.9237055,0.0 107.6243612,-6.9238018,0.0</coordinates>
            </LineString>
        </Placemark>
        <Placemark id="13894">
            <name>Jalan Jenderal Gatot Subroto</name>
            <styleUrl>#13895</styleUrl>
            <LineString id="13893">
                <coordinates>107.6242815,-6.9236784,0.0 107.624396,-6.9237055,0.0</coordinates>
            </LineString>
        </Placemark>
        <Placemark id="13898">
            <name>Jalan Taman Cibeunying Utara</name>
            <styleUrl>#13899</styleUrl>
            <LineString id="13897">
                <coordinates>107.6250442,-6.9059109,0.0 107.6250787,-6.9059782,0.0</coordinates>
            </LineString>
        </Placemark>
        <Placemark id="13902">
            <name>Jalan Suniaraja</name>
            <styleUrl>#13903</styleUrl>
            <LineString id="13901">
                <coordinates>107.6077131,-6.915765,0.0 107.6076272,-6.9156556,0.0 107.6075959,-6.9156165,0.0</coordinates>
            </LineString>
        </Placemark>
        <Placemark id="13906">
            <name>Jalan Trunojoyo</name>
            <styleUrl>#13907</styleUrl>
            <LineString id="13905">
                <coordinates>107.6137283,-6.9028378,0.0 107.613638,-6.9029526,0.0 107.6134911,-6.9031771,0.0 107.6133173,-6.9034426,0.0 107.6132056,-6.9036031,0.0 107.6131828,-6.9036378,0.0 107.6131694,-6.9036641,0.0</coordinates>
            </LineString>
        </Placemark>
        <Placemark id="13910">
            <name>Jalan Sunda</name>
            <styleUrl>#13911</styleUrl>
            <LineString id="13909">
                <coordinates>107.6177628,-6.9211858,0.0 107.6177726,-6.9211032,0.0 107.6178524,-6.9204334,0.0</coordinates>
            </LineString>
        </Placemark>
        <Placemark id="13914">
            <name>Jalan Buah Batu</name>
            <styleUrl>#13915</styleUrl>
            <LineString id="13913">
                <coordinates>107.6320775,-6.9466684,0.0 107.6322352,-6.9468242,0.0</coordinates>
            </LineString>
        </Placemark>
        <Placemark id="13918">
            <name>Jalan Pelajar Pejuang 45</name>
            <styleUrl>#13919</styleUrl>
            <LineString id="13917">
                <coordinates>107.6265152,-6.9295231,0.0 107.6265047,-6.9295649,0.0 107.6261794,-6.9308642,0.0 107.6261515,-6.9309754,0.0</coordinates>
            </LineString>
        </Placemark>
        <Placemark id="13922">
            <name>Jalan Merdeka</name>
            <styleUrl>#13923</styleUrl>
            <LineString id="13921">
                <coordinates>107.6103525,-6.9136021,0.0 107.610315,-6.9139642,0.0 107.6102982,-6.9141706,0.0</coordinates>
            </LineString>
        </Placemark>
        <Placemark id="13926">
            <name>Jalan ABC</name>
            <styleUrl>#13927</styleUrl>
            <LineString id="13925">
                <coordinates>107.6048398,-6.9184569,0.0 107.6054461,-6.9186544,0.0</coordinates>
            </LineString>
        </Placemark>
        <Placemark id="13930">
            <name>Jalan Diponegoro</name>
            <styleUrl>#13931</styleUrl>
            <LineString id="13929">
                <coordinates>107.619419,-6.9011883,0.0 107.6195383,-6.9011835,0.0 107.6199195,-6.9011743,0.0</coordinates>
            </LineString>
        </Placemark>
        <Placemark id="13934">
            <name>Route Segment</name>
            <styleUrl>#13935</styleUrl>
            <LineString id="13933">
                <coordinates>107.6238524,-6.9251131,0.0 107.6238846,-6.9251244,0.0 107.6239122,-6.9251444,0.0 107.6239328,-6.9251713,0.0 107.6239449,-6.925203,0.0 107.6239473,-6.9252368,0.0 107.6239423,-6.9252626,0.0 107.6239317,-6.9252867,0.0 107.6239159,-6.9253079,0.0 107.6238958,-6.925325,0.0</coordinates>
            </LineString>
        </Placemark>
        <Placemark id="13938">
            <name>Jalan Veteran</name>
            <styleUrl>#13939</styleUrl>
            <LineString id="13937">
                <coordinates>107.6178524,-6.9204334,0.0 107.6185363,-6.9207327,0.0 107.6189214,-6.9208992,0.0 107.6190743,-6.9209818,0.0 107.6192209,-6.9210809,0.0 107.6192956,-6.9211535,0.0 107.619335,-6.9212014,0.0 107.6193754,-6.9212507,0.0 107.6194227,-6.9213067,0.0 107.6194592,-6.9213499,0.0</coordinates>
            </LineString>
        </Placemark>
        <Placemark id="13942">
            <name>Jalan R.A.A. Martanegara</name>
            <styleUrl>#13943</styleUrl>
            <LineString id="13941">
                <coordinates>107.6262334,-6.9327732,0.0 107.6264059,-6.9328203,0.0 107.626494,-6.9328449,0.0 107.6266861,-6.9328918,0.0 107.6267628,-6.9329091,0.0 107.6272158,-6.9330278,0.0</coordinates>
            </LineString>
        </Placemark>
        <Placemark id="13946">
            <name>Jalan Soekarno-Hatta</name>
            <styleUrl>#13947</styleUrl>
            <LineString id="13945">
                <coordinates>107.6418208,-6.9455841,0.0 107.6417664,-6.9456007,0.0 107.6414451,-6.9456922,0.0</coordinates>
            </LineString>
        </Placemark>
        <Placemark id="13950">
            <name>Jalan Jenderal Gatot Subroto</name>
            <styleUrl>#13951</styleUrl>
            <LineString id="13949">
                <coordinates>107.619593,-6.9226234,0.0 107.6195437,-6.9226161,0.0</coordinates>
            </LineString>
        </Placemark>
        <Placemark id="13954">
            <name>Jalan Soekarno-Hatta</name>
            <styleUrl>#13955</styleUrl>
            <LineString id="13953">
                <coordinates>107.641837,-6.9453875,0.0 107.6419307,-6.9453525,0.0</coordinates>
            </LineString>
        </Placemark>
        <Placemark id="13958">
            <name>Jalan Letnan Jenderal Ibrahim Adjie</name>
            <styleUrl>#13959</styleUrl>
            <LineString id="13957">
                <coordinates>107.6419307,-6.9453525,0.0 107.6419126,-6.9455527,0.0</coordinates>
            </LineString>
        </Placemark>
        <Placemark id="13962">
            <name>Route Segment</name>
            <styleUrl>#13963</styleUrl>
            <LineString id="13961">
                <coordinates>107.6268835,-6.9048896,0.0 107.6268467,-6.9049502,0.0 107.6268145,-6.9049802,0.0 107.6267808,-6.9049966,0.0 107.6267079,-6.9050125,0.0</coordinates>
            </LineString>
        </Placemark>
        <Placemark id="13966">
            <name>Jalan Cisangkuy</name>
            <styleUrl>#13967</styleUrl>
            <LineString id="13965">
                <coordinates>107.6219052,-6.9027577,0.0 107.622077,-6.9028673,0.0 107.6221642,-6.9029165,0.0 107.6222697,-6.9029702,0.0 107.6222768,-6.9029738,0.0 107.6226644,-6.9031522,0.0 107.622875,-6.9032241,0.0 107.6230614,-6.903268,0.0 107.6232089,-6.9032946,0.0 107.6234466,-6.9033607,0.0 107.6235225,-6.903385,0.0</coordinates>
            </LineString>
        </Placemark>
        <Placemark id="13970">
            <name>Jalan Veteran</name>
            <styleUrl>#13971</styleUrl>
            <LineString id="13969">
                <coordinates>107.6127815,-6.9179662,0.0 107.6132908,-6.9182518,0.0 107.6138001,-6.9185374,0.0 107.6143302,-6.918812,0.0 107.6157093,-6.9194533,0.0</coordinates>
            </LineString>
        </Placemark>
        <Placemark id="13974">
            <name>Jalan Sentot Alibasyah</name>
            <styleUrl>#13975</styleUrl>
            <LineString id="13973">
                <coordinates>107.6193483,-6.8994321,0.0 107.6193491,-6.8994587,0.0 107.6193536,-6.8995642,0.0</coordinates>
            </LineString>
        </Placemark>
        <Placemark id="13978">
            <name>Jalan Pelajar Pejuang 45</name>
            <styleUrl>#13979</styleUrl>
            <LineString id="13977">
                <coordinates>107.6258213,-6.9323117,0.0 107.6257675,-6.932523,0.0</coordinates>
            </LineString>
        </Placemark>
        <Placemark id="13982">
            <name>Jalan Gudang Utara</name>
            <styleUrl>#13983</styleUrl>
            <LineString id="13981">
                <coordinates>107.6191903,-6.9151802,0.0 107.6193043,-6.9152077,0.0 107.6193915,-6.9152288,0.0 107.6194468,-6.9152422,0.0 107.6196923,-6.9153016,0.0</coordinates>
            </LineString>
        </Placemark>
        <Placemark id="13986">
            <name>Jalan Cilaki</name>
            <styleUrl>#13987</styleUrl>
            <LineString id="13985">
                <coordinates>107.6267079,-6.9050125,0.0 107.6266183,-6.9049422,0.0 107.6264917,-6.9048503,0.0 107.6264202,-6.9047984,0.0 107.6262965,-6.9047129,0.0 107.6262015,-6.9046602,0.0 107.6260715,-6.9045902,0.0 107.6256387,-6.9044047,0.0</coordinates>
            </LineString>
        </Placemark>
        <Placemark id="13990">
            <name>Jalan Cilaki</name>
            <styleUrl>#13991</styleUrl>
            <LineString id="13989">
                <coordinates>107.6256387,-6.9044047,0.0 107.6253768,-6.9043031,0.0 107.6250808,-6.9042185,0.0 107.6249406,-6.9041774,0.0 107.6244779,-6.9040932,0.0 107.624274,-6.9040642,0.0</coordinates>
            </LineString>
        </Placemark>
        <Placemark id="13994">
            <name>Jalan Diponegoro</name>
            <styleUrl>#13995</styleUrl>
            <LineString id="13993">
                <coordinates>107.6236741,-6.9011631,0.0 107.6234939,-6.9011666,0.0</coordinates>
            </LineString>
        </Placemark>
        <Placemark id="13998">
            <name>Jalan Diponegoro</name>
            <styleUrl>#13999</styleUrl>
            <LineString id="13997">
                <coordinates>107.6234939,-6.9011666,0.0 107.6233793,-6.9011688,0.0 107.6232646,-6.901171,0.0</coordinates>
            </LineString>
        </Placemark>
        <Placemark id="14002">
            <name>Jalan Diponegoro</name>
            <styleUrl>#14003</styleUrl>
            <LineString id="14001">
                <coordinates>107.6232646,-6.901171,0.0 107.6231861,-6.9011725,0.0</coordinates>
            </LineString>
        </Placemark>
        <Placemark id="14006">
            <name>Jalan Diponegoro</name>
            <styleUrl>#14007</styleUrl>
            <LineString id="14005">
                <coordinates>107.6231861,-6.9011725,0.0 107.6229595,-6.9011769,0.0</coordinates>
            </LineString>
        </Placemark>
        <Placemark id="14010">
            <name>Jalan Diponegoro</name>
            <styleUrl>#14011</styleUrl>
            <LineString id="14009">
                <coordinates>107.6229595,-6.9011769,0.0 107.6229193,-6.9011777,0.0</coordinates>
            </LineString>
        </Placemark>
        <Placemark id="14014">
            <name>Jalan Diponegoro</name>
            <styleUrl>#14015</styleUrl>
            <LineString id="14013">
                <coordinates>107.6229193,-6.9011777,0.0 107.6227,-6.901182,0.0</coordinates>
            </LineString>
        </Placemark>
        <Placemark id="14018">
            <name>Jalan Diponegoro</name>
            <styleUrl>#14019</styleUrl>
            <LineString id="14017">
                <coordinates>107.6227,-6.901182,0.0 107.6226543,-6.9011828,0.0</coordinates>
            </LineString>
        </Placemark>
        <Placemark id="14022">
            <name>Jalan Diponegoro</name>
            <styleUrl>#14023</styleUrl>
            <LineString id="14021">
                <coordinates>107.6226543,-6.9011828,0.0 107.6224364,-6.9011901,0.0</coordinates>
            </LineString>
        </Placemark>
        <Placemark id="14026">
            <name>Jalan Diponegoro</name>
            <styleUrl>#14027</styleUrl>
            <LineString id="14025">
                <coordinates>107.6224364,-6.9011901,0.0 107.6223306,-6.9011924,0.0</coordinates>
            </LineString>
        </Placemark>
        <Placemark id="14030">
            <name>Jalan Diponegoro</name>
            <styleUrl>#14031</styleUrl>
            <LineString id="14029">
                <coordinates>107.6223306,-6.9011924,0.0 107.6222064,-6.9011951,0.0</coordinates>
            </LineString>
        </Placemark>
        <Placemark id="14034">
            <name>Jalan Diponegoro</name>
            <styleUrl>#14035</styleUrl>
            <LineString id="14033">
                <coordinates>107.6222064,-6.9011951,0.0 107.6216513,-6.9012073,0.0</coordinates>
            </LineString>
        </Placemark>
        <Placemark id="14038">
            <name>Jalan Diponegoro</name>
            <styleUrl>#14039</styleUrl>
            <LineString id="14037">
                <coordinates>107.6216513,-6.9012073,0.0 107.6215707,-6.9012091,0.0</coordinates>
            </LineString>
        </Placemark>
        <Placemark id="14042">
            <name>Jalan Diponegoro</name>
            <styleUrl>#14043</styleUrl>
            <LineString id="14041">
                <coordinates>107.6215707,-6.9012091,0.0 107.6211128,-6.9012203,0.0 107.6210608,-6.9012202,0.0</coordinates>
            </LineString>
        </Placemark>
        <Placemark id="14046">
            <name>Jalan Diponegoro</name>
            <styleUrl>#14047</styleUrl>
            <LineString id="14045">
                <coordinates>107.6210608,-6.9012202,0.0 107.6208411,-6.9012258,0.0</coordinates>
            </LineString>
        </Placemark>
        <Placemark id="14050">
            <name>Jalan Diponegoro</name>
            <styleUrl>#14051</styleUrl>
            <LineString id="14049">
                <coordinates>107.6208401,-6.9011493,0.0 107.6213033,-6.9011378,0.0</coordinates>
            </LineString>
        </Placemark>
        <Placemark id="14054">
            <name>Jalan Diponegoro</name>
            <styleUrl>#14055</styleUrl>
            <LineString id="14053">
                <coordinates>107.6213033,-6.9011378,0.0 107.6216766,-6.9011285,0.0</coordinates>
            </LineString>
        </Placemark>
        <Placemark id="14058">
            <name>Jalan Diponegoro</name>
            <styleUrl>#14059</styleUrl>
            <LineString id="14057">
                <coordinates>107.6216766,-6.9011285,0.0 107.6221254,-6.9011174,0.0</coordinates>
            </LineString>
        </Placemark>
        <Placemark id="14062">
            <name>Jalan Diponegoro</name>
            <styleUrl>#14063</styleUrl>
            <LineString id="14061">
                <coordinates>107.6221254,-6.9011174,0.0 107.6224081,-6.9011103,0.0</coordinates>
            </LineString>
        </Placemark>
        <Placemark id="14066">
            <name>Jalan Diponegoro</name>
            <styleUrl>#14067</styleUrl>
            <LineString id="14065">
                <coordinates>107.6224081,-6.9011103,0.0 107.6234934,-6.9010834,0.0</coordinates>
            </LineString>
        </Placemark>
        <Placemark id="14070">
            <name>Jalan Diponegoro</name>
            <styleUrl>#14071</styleUrl>
            <LineString id="14069">
                <coordinates>107.6234934,-6.9010834,0.0 107.6236693,-6.901079,0.0</coordinates>
            </LineString>
        </Placemark>
        <Placemark id="14074">
            <name>Jalan Jawa</name>
            <styleUrl>#14075</styleUrl>
            <LineString id="14073">
                <coordinates>107.6110233,-6.914537,0.0 107.611206,-6.9145527,0.0</coordinates>
            </LineString>
        </Placemark>
        <Placemark id="14078">
            <name>Jalan Jawa</name>
            <styleUrl>#14079</styleUrl>
            <LineString id="14077">
                <coordinates>107.611206,-6.9145527,0.0 107.6116145,-6.9145961,0.0 107.6116601,-6.9146017,0.0 107.6121127,-6.9146576,0.0</coordinates>
            </LineString>
        </Placemark>
        <Placemark id="14082">
            <name>Jalan Jawa</name>
            <styleUrl>#14083</styleUrl>
            <LineString id="14081">
                <coordinates>107.6121127,-6.9146576,0.0 107.6124478,-6.9147158,0.0</coordinates>
            </LineString>
        </Placemark>
        <Placemark id="14086">
            <name>Jalan Jawa</name>
            <styleUrl>#14087</styleUrl>
            <LineString id="14085">
                <coordinates>107.6124478,-6.9147158,0.0 107.6132899,-6.9148363,0.0</coordinates>
            </LineString>
        </Placemark>
        <Placemark id="14090">
            <name>Jalan Jawa</name>
            <styleUrl>#14091</styleUrl>
            <LineString id="14089">
                <coordinates>107.6132899,-6.9148363,0.0 107.6134413,-6.9148584,0.0</coordinates>
            </LineString>
        </Placemark>
        <Placemark id="14094">
            <name>Jalan Jawa</name>
            <styleUrl>#14095</styleUrl>
            <LineString id="14093">
                <coordinates>107.6134413,-6.9148584,0.0 107.6139552,-6.9149332,0.0</coordinates>
            </LineString>
        </Placemark>
        <Placemark id="14098">
            <name>Jalan Jawa</name>
            <styleUrl>#14099</styleUrl>
            <LineString id="14097">
                <coordinates>107.6178213,-6.9157925,0.0 107.6183708,-6.9159304,0.0</coordinates>
            </LineString>
        </Placemark>
        <Placemark id="14102">
            <name>Jalan Jawa</name>
            <styleUrl>#14103</styleUrl>
            <LineString id="14101">
                <coordinates>107.6169023,-6.9155618,0.0 107.6175022,-6.9157118,0.0 107.6176385,-6.9157459,0.0 107.6178213,-6.9157925,0.0</coordinates>
            </LineString>
        </Placemark>
        <Placemark id="14106">
            <name>Jalan Jawa</name>
            <styleUrl>#14107</styleUrl>
            <LineString id="14105">
                <coordinates>107.6155852,-6.9152856,0.0 107.6157753,-6.9153255,0.0 107.6160528,-6.9153837,0.0 107.6162616,-6.9154275,0.0 107.6167405,-6.9155279,0.0 107.6169023,-6.9155618,0.0</coordinates>
            </LineString>
        </Placemark>
        <Placemark id="14110">
            <name>Jalan Jawa</name>
            <styleUrl>#14111</styleUrl>
            <LineString id="14109">
                <coordinates>107.6139552,-6.9149332,0.0 107.6141988,-6.9149924,0.0 107.614486,-6.9150601,0.0 107.6144958,-6.9150621,0.0 107.6155852,-6.9152856,0.0</coordinates>
            </LineString>
        </Placemark>
        <Placemark id="14114">
            <name>Jalan Braga</name>
            <styleUrl>#14115</styleUrl>
            <LineString id="14113">
                <coordinates>107.6096319,-6.9185764,0.0 107.6095077,-6.9181188,0.0 107.60945,-6.917904,0.0</coordinates>
            </LineString>
        </Placemark>
        <Placemark id="14118">
            <name>Jalan Braga</name>
            <styleUrl>#14119</styleUrl>
            <LineString id="14117">
                <coordinates>107.60945,-6.917904,0.0 107.6094304,-6.9178369,0.0 107.6094071,-6.9177472,0.0</coordinates>
            </LineString>
        </Placemark>
        <Placemark id="14122">
            <name>Jalan Braga</name>
            <styleUrl>#14123</styleUrl>
            <LineString id="14121">
                <coordinates>107.6094071,-6.9177472,0.0 107.6093197,-6.9174272,0.0</coordinates>
            </LineString>
        </Placemark>
        <Placemark id="14126">
            <name>Jalan Reog</name>
            <styleUrl>#14127</styleUrl>
            <LineString id="14125">
                <coordinates>107.6317421,-6.9379689,0.0 107.6315151,-6.9384406,0.0</coordinates>
            </LineString>
        </Placemark>
        <Placemark id="14130">
            <name>Jalan Reog</name>
            <styleUrl>#14131</styleUrl>
            <LineString id="14129">
                <coordinates>107.6315151,-6.9384406,0.0 107.6313499,-6.9387944,0.0 107.6312907,-6.9389235,0.0</coordinates>
            </LineString>
        </Placemark>
        <Placemark id="14134">
            <name>Jalan Reog</name>
            <styleUrl>#14135</styleUrl>
            <LineString id="14133">
                <coordinates>107.6312907,-6.9389235,0.0 107.6310553,-6.9394309,0.0 107.6309641,-6.9396275,0.0</coordinates>
            </LineString>
        </Placemark>
        <Placemark id="14138">
            <name>Jalan Trunojoyo</name>
            <styleUrl>#14139</styleUrl>
            <LineString id="14137">
                <coordinates>107.6143729,-6.9022742,0.0 107.6139964,-6.9026034,0.0 107.6137283,-6.9028378,0.0</coordinates>
            </LineString>
        </Placemark>
        <Placemark id="14142">
            <name>Jalan Trunojoyo</name>
            <styleUrl>#14143</styleUrl>
            <LineString id="14141">
                <coordinates>107.6154632,-6.9018918,0.0 107.6153066,-6.9020254,0.0 107.6152904,-6.902041,0.0 107.6151956,-6.9021326,0.0 107.6151341,-6.9021756,0.0 107.6150537,-6.902206,0.0 107.6145138,-6.9022384,0.0 107.6143729,-6.9022742,0.0</coordinates>
            </LineString>
        </Placemark>
        <Placemark id="14146">
            <name>Jalan Trunojoyo</name>
            <styleUrl>#14147</styleUrl>
            <LineString id="14145">
                <coordinates>107.6156102,-6.9017268,0.0 107.6154632,-6.9018918,0.0</coordinates>
            </LineString>
        </Placemark>
        <Placemark id="14150">
            <name>Jalan Diponegoro</name>
            <styleUrl>#14151</styleUrl>
            <LineString id="14149">
                <coordinates>107.6154093,-6.900922,0.0 107.6155959,-6.9010813,0.0</coordinates>
            </LineString>
        </Placemark>
    </Document>
</kml>
