<?xml version="1.0" encoding="UTF-8"?>
<kml xmlns="http://www.opengis.net/kml/2.2" xmlns:gx="http://www.google.com/kml/ext/2.2">
    <Document id="15063">
        <Style id="15069">
            <IconStyle id="15070">
                <colorMode>normal</colorMode>
                <scale>1</scale>
                <heading>0</heading>
                <Icon id="15071">
                    <href>http://maps.google.com/mapfiles/kml/pushpin/ylw-pushpin.png</href>
                </Icon>
            </IconStyle>
        </Style>
        <Style id="15074">
            <IconStyle id="15075">
                <colorMode>normal</colorMode>
                <scale>1</scale>
                <heading>0</heading>
                <Icon id="15076">
                    <href>http://maps.google.com/mapfiles/kml/pushpin/ylw-pushpin.png</href>
                </Icon>
            </IconStyle>
        </Style>
        <Style id="15079">
            <IconStyle id="15080">
                <colorMode>normal</colorMode>
                <scale>1</scale>
                <heading>0</heading>
                <Icon id="15081">
                    <href>http://maps.google.com/mapfiles/kml/pushpin/ylw-pushpin.png</href>
                </Icon>
            </IconStyle>
        </Style>
        <Style id="15084">
            <IconStyle id="15085">
                <colorMode>normal</colorMode>
                <scale>1</scale>
                <heading>0</heading>
                <Icon id="15086">
                    <href>http://maps.google.com/mapfiles/kml/pushpin/ylw-pushpin.png</href>
                </Icon>
            </IconStyle>
        </Style>
        <Style id="15089">
            <IconStyle id="15090">
                <colorMode>normal</colorMode>
                <scale>1</scale>
                <heading>0</heading>
                <Icon id="15091">
                    <href>http://maps.google.com/mapfiles/kml/pushpin/ylw-pushpin.png</href>
                </Icon>
            </IconStyle>
        </Style>
        <Style id="15094">
            <IconStyle id="15095">
                <colorMode>normal</colorMode>
                <scale>1</scale>
                <heading>0</heading>
                <Icon id="15096">
                    <href>http://maps.google.com/mapfiles/kml/pushpin/ylw-pushpin.png</href>
                </Icon>
            </IconStyle>
        </Style>
        <Style id="15099">
            <IconStyle id="15100">
                <colorMode>normal</colorMode>
                <scale>1</scale>
                <heading>0</heading>
                <Icon id="15101">
                    <href>http://maps.google.com/mapfiles/kml/pushpin/ylw-pushpin.png</href>
                </Icon>
            </IconStyle>
        </Style>
        <Style id="15104">
            <IconStyle id="15105">
                <colorMode>normal</colorMode>
                <scale>1</scale>
                <heading>0</heading>
                <Icon id="15106">
                    <href>http://maps.google.com/mapfiles/kml/pushpin/ylw-pushpin.png</href>
                </Icon>
            </IconStyle>
        </Style>
        <Style id="15109">
            <IconStyle id="15110">
                <colorMode>normal</colorMode>
                <scale>1</scale>
                <heading>0</heading>
                <Icon id="15111">
                    <href>http://maps.google.com/mapfiles/kml/pushpin/ylw-pushpin.png</href>
                </Icon>
            </IconStyle>
        </Style>
        <Style id="15114">
            <IconStyle id="15115">
                <colorMode>normal</colorMode>
                <scale>1</scale>
                <heading>0</heading>
                <Icon id="15116">
                    <href>http://maps.google.com/mapfiles/kml/pushpin/ylw-pushpin.png</href>
                </Icon>
            </IconStyle>
        </Style>
        <Style id="15119">
            <IconStyle id="15120">
                <colorMode>normal</colorMode>
                <scale>1</scale>
                <heading>0</heading>
                <Icon id="15121">
                    <href>http://maps.google.com/mapfiles/kml/pushpin/ylw-pushpin.png</href>
                </Icon>
            </IconStyle>
        </Style>
        <Style id="15124">
            <IconStyle id="15125">
                <colorMode>normal</colorMode>
                <scale>1</scale>
                <heading>0</heading>
                <Icon id="15126">
                    <href>http://maps.google.com/mapfiles/kml/pushpin/ylw-pushpin.png</href>
                </Icon>
            </IconStyle>
        </Style>
        <Style id="15129">
            <IconStyle id="15130">
                <colorMode>normal</colorMode>
                <scale>1</scale>
                <heading>0</heading>
                <Icon id="15131">
                    <href>http://maps.google.com/mapfiles/kml/pushpin/ylw-pushpin.png</href>
                </Icon>
            </IconStyle>
        </Style>
        <Style id="15134">
            <IconStyle id="15135">
                <colorMode>normal</colorMode>
                <scale>1</scale>
                <heading>0</heading>
                <Icon id="15136">
                    <href>http://maps.google.com/mapfiles/kml/pushpin/ylw-pushpin.png</href>
                </Icon>
            </IconStyle>
        </Style>
        <Style id="15139">
            <IconStyle id="15140">
                <colorMode>normal</colorMode>
                <scale>1</scale>
                <heading>0</heading>
                <Icon id="15141">
                    <href>http://maps.google.com/mapfiles/kml/pushpin/ylw-pushpin.png</href>
                </Icon>
            </IconStyle>
        </Style>
        <Style id="15144">
            <IconStyle id="15145">
                <colorMode>normal</colorMode>
                <scale>1</scale>
                <heading>0</heading>
                <Icon id="15146">
                    <href>http://maps.google.com/mapfiles/kml/pushpin/ylw-pushpin.png</href>
                </Icon>
            </IconStyle>
        </Style>
        <Style id="15149">
            <IconStyle id="15150">
                <colorMode>normal</colorMode>
                <scale>1</scale>
                <heading>0</heading>
                <Icon id="15151">
                    <href>http://maps.google.com/mapfiles/kml/pushpin/ylw-pushpin.png</href>
                </Icon>
            </IconStyle>
        </Style>
        <Style id="15154">
            <IconStyle id="15155">
                <colorMode>normal</colorMode>
                <scale>1</scale>
                <heading>0</heading>
                <Icon id="15156">
                    <href>http://maps.google.com/mapfiles/kml/pushpin/ylw-pushpin.png</href>
                </Icon>
            </IconStyle>
        </Style>
        <Style id="15159">
            <IconStyle id="15160">
                <colorMode>normal</colorMode>
                <scale>1</scale>
                <heading>0</heading>
                <Icon id="15161">
                    <href>http://maps.google.com/mapfiles/kml/pushpin/ylw-pushpin.png</href>
                </Icon>
            </IconStyle>
        </Style>
        <Style id="15164">
            <IconStyle id="15165">
                <colorMode>normal</colorMode>
                <scale>1</scale>
                <heading>0</heading>
                <Icon id="15166">
                    <href>http://maps.google.com/mapfiles/kml/pushpin/ylw-pushpin.png</href>
                </Icon>
            </IconStyle>
        </Style>
        <Style id="15169">
            <IconStyle id="15170">
                <colorMode>normal</colorMode>
                <scale>1</scale>
                <heading>0</heading>
                <Icon id="15171">
                    <href>http://maps.google.com/mapfiles/kml/pushpin/ylw-pushpin.png</href>
                </Icon>
            </IconStyle>
        </Style>
        <Style id="15174">
            <IconStyle id="15175">
                <colorMode>normal</colorMode>
                <scale>1</scale>
                <heading>0</heading>
                <Icon id="15176">
                    <href>http://maps.google.com/mapfiles/kml/pushpin/ylw-pushpin.png</href>
                </Icon>
            </IconStyle>
        </Style>
        <Style id="15179">
            <IconStyle id="15180">
                <colorMode>normal</colorMode>
                <scale>1</scale>
                <heading>0</heading>
                <Icon id="15181">
                    <href>http://maps.google.com/mapfiles/kml/pushpin/ylw-pushpin.png</href>
                </Icon>
            </IconStyle>
        </Style>
        <Style id="15184">
            <IconStyle id="15185">
                <colorMode>normal</colorMode>
                <scale>1</scale>
                <heading>0</heading>
                <Icon id="15186">
                    <href>http://maps.google.com/mapfiles/kml/pushpin/ylw-pushpin.png</href>
                </Icon>
            </IconStyle>
        </Style>
        <Style id="15189">
            <IconStyle id="15190">
                <colorMode>normal</colorMode>
                <scale>1</scale>
                <heading>0</heading>
                <Icon id="15191">
                    <href>http://maps.google.com/mapfiles/kml/pushpin/ylw-pushpin.png</href>
                </Icon>
            </IconStyle>
        </Style>
        <Style id="15194">
            <IconStyle id="15195">
                <colorMode>normal</colorMode>
                <scale>1</scale>
                <heading>0</heading>
                <Icon id="15196">
                    <href>http://maps.google.com/mapfiles/kml/pushpin/ylw-pushpin.png</href>
                </Icon>
            </IconStyle>
        </Style>
        <Style id="15199">
            <IconStyle id="15200">
                <colorMode>normal</colorMode>
                <scale>1</scale>
                <heading>0</heading>
                <Icon id="15201">
                    <href>http://maps.google.com/mapfiles/kml/pushpin/ylw-pushpin.png</href>
                </Icon>
            </IconStyle>
        </Style>
        <Style id="15204">
            <IconStyle id="15205">
                <colorMode>normal</colorMode>
                <scale>1</scale>
                <heading>0</heading>
                <Icon id="15206">
                    <href>http://maps.google.com/mapfiles/kml/pushpin/ylw-pushpin.png</href>
                </Icon>
            </IconStyle>
        </Style>
        <Style id="15209">
            <IconStyle id="15210">
                <colorMode>normal</colorMode>
                <scale>1</scale>
                <heading>0</heading>
                <Icon id="15211">
                    <href>http://maps.google.com/mapfiles/kml/pushpin/ylw-pushpin.png</href>
                </Icon>
            </IconStyle>
        </Style>
        <Style id="15214">
            <IconStyle id="15215">
                <colorMode>normal</colorMode>
                <scale>1</scale>
                <heading>0</heading>
                <Icon id="15216">
                    <href>http://maps.google.com/mapfiles/kml/pushpin/ylw-pushpin.png</href>
                </Icon>
            </IconStyle>
        </Style>
        <Style id="15219">
            <IconStyle id="15220">
                <colorMode>normal</colorMode>
                <scale>1</scale>
                <heading>0</heading>
                <Icon id="15221">
                    <href>http://maps.google.com/mapfiles/kml/pushpin/ylw-pushpin.png</href>
                </Icon>
            </IconStyle>
        </Style>
        <Style id="15224">
            <IconStyle id="15225">
                <colorMode>normal</colorMode>
                <scale>1</scale>
                <heading>0</heading>
                <Icon id="15226">
                    <href>http://maps.google.com/mapfiles/kml/pushpin/ylw-pushpin.png</href>
                </Icon>
            </IconStyle>
        </Style>
        <Style id="15229">
            <IconStyle id="15230">
                <colorMode>normal</colorMode>
                <scale>1</scale>
                <heading>0</heading>
                <Icon id="15231">
                    <href>http://maps.google.com/mapfiles/kml/pushpin/ylw-pushpin.png</href>
                </Icon>
            </IconStyle>
        </Style>
        <Style id="15234">
            <IconStyle id="15235">
                <colorMode>normal</colorMode>
                <scale>1</scale>
                <heading>0</heading>
                <Icon id="15236">
                    <href>http://maps.google.com/mapfiles/kml/pushpin/ylw-pushpin.png</href>
                </Icon>
            </IconStyle>
        </Style>
        <Style id="15239">
            <IconStyle id="15240">
                <colorMode>normal</colorMode>
                <scale>1</scale>
                <heading>0</heading>
                <Icon id="15241">
                    <href>http://maps.google.com/mapfiles/kml/pushpin/ylw-pushpin.png</href>
                </Icon>
            </IconStyle>
        </Style>
        <Style id="15244">
            <IconStyle id="15245">
                <colorMode>normal</colorMode>
                <scale>1</scale>
                <heading>0</heading>
                <Icon id="15246">
                    <href>http://maps.google.com/mapfiles/kml/pushpin/ylw-pushpin.png</href>
                </Icon>
            </IconStyle>
        </Style>
        <Style id="15249">
            <IconStyle id="15250">
                <colorMode>normal</colorMode>
                <scale>1</scale>
                <heading>0</heading>
                <Icon id="15251">
                    <href>http://maps.google.com/mapfiles/kml/pushpin/ylw-pushpin.png</href>
                </Icon>
            </IconStyle>
        </Style>
        <Style id="15254">
            <IconStyle id="15255">
                <colorMode>normal</colorMode>
                <scale>1</scale>
                <heading>0</heading>
                <Icon id="15256">
                    <href>http://maps.google.com/mapfiles/kml/pushpin/ylw-pushpin.png</href>
                </Icon>
            </IconStyle>
        </Style>
        <Style id="15259">
            <IconStyle id="15260">
                <colorMode>normal</colorMode>
                <scale>1</scale>
                <heading>0</heading>
                <Icon id="15261">
                    <href>http://maps.google.com/mapfiles/kml/pushpin/ylw-pushpin.png</href>
                </Icon>
            </IconStyle>
        </Style>
        <Style id="15264">
            <IconStyle id="15265">
                <colorMode>normal</colorMode>
                <scale>1</scale>
                <heading>0</heading>
                <Icon id="15266">
                    <href>http://maps.google.com/mapfiles/kml/pushpin/ylw-pushpin.png</href>
                </Icon>
            </IconStyle>
        </Style>
        <Style id="15269">
            <IconStyle id="15270">
                <colorMode>normal</colorMode>
                <scale>1</scale>
                <heading>0</heading>
                <Icon id="15271">
                    <href>http://maps.google.com/mapfiles/kml/pushpin/ylw-pushpin.png</href>
                </Icon>
            </IconStyle>
        </Style>
        <Style id="15274">
            <IconStyle id="15275">
                <colorMode>normal</colorMode>
                <scale>1</scale>
                <heading>0</heading>
                <Icon id="15276">
                    <href>http://maps.google.com/mapfiles/kml/pushpin/ylw-pushpin.png</href>
                </Icon>
            </IconStyle>
        </Style>
        <Style id="15279">
            <IconStyle id="15280">
                <colorMode>normal</colorMode>
                <scale>1</scale>
                <heading>0</heading>
                <Icon id="15281">
                    <href>http://maps.google.com/mapfiles/kml/pushpin/ylw-pushpin.png</href>
                </Icon>
            </IconStyle>
        </Style>
        <Style id="15284">
            <IconStyle id="15285">
                <colorMode>normal</colorMode>
                <scale>1</scale>
                <heading>0</heading>
                <Icon id="15286">
                    <href>http://maps.google.com/mapfiles/kml/pushpin/ylw-pushpin.png</href>
                </Icon>
            </IconStyle>
        </Style>
        <Style id="15289">
            <IconStyle id="15290">
                <colorMode>normal</colorMode>
                <scale>1</scale>
                <heading>0</heading>
                <Icon id="15291">
                    <href>http://maps.google.com/mapfiles/kml/pushpin/ylw-pushpin.png</href>
                </Icon>
            </IconStyle>
        </Style>
        <Style id="15294">
            <IconStyle id="15295">
                <colorMode>normal</colorMode>
                <scale>1</scale>
                <heading>0</heading>
                <Icon id="15296">
                    <href>http://maps.google.com/mapfiles/kml/pushpin/ylw-pushpin.png</href>
                </Icon>
            </IconStyle>
        </Style>
        <Style id="15299">
            <IconStyle id="15300">
                <colorMode>normal</colorMode>
                <scale>1</scale>
                <heading>0</heading>
                <Icon id="15301">
                    <href>http://maps.google.com/mapfiles/kml/pushpin/ylw-pushpin.png</href>
                </Icon>
            </IconStyle>
        </Style>
        <Style id="15304">
            <IconStyle id="15305">
                <colorMode>normal</colorMode>
                <scale>1</scale>
                <heading>0</heading>
                <Icon id="15306">
                    <href>http://maps.google.com/mapfiles/kml/pushpin/ylw-pushpin.png</href>
                </Icon>
            </IconStyle>
        </Style>
        <Style id="15309">
            <IconStyle id="15310">
                <colorMode>normal</colorMode>
                <scale>1</scale>
                <heading>0</heading>
                <Icon id="15311">
                    <href>http://maps.google.com/mapfiles/kml/pushpin/ylw-pushpin.png</href>
                </Icon>
            </IconStyle>
        </Style>
        <Style id="15314">
            <IconStyle id="15315">
                <colorMode>normal</colorMode>
                <scale>1</scale>
                <heading>0</heading>
                <Icon id="15316">
                    <href>http://maps.google.com/mapfiles/kml/pushpin/ylw-pushpin.png</href>
                </Icon>
            </IconStyle>
        </Style>
        <Style id="15319">
            <IconStyle id="15320">
                <colorMode>normal</colorMode>
                <scale>1</scale>
                <heading>0</heading>
                <Icon id="15321">
                    <href>http://maps.google.com/mapfiles/kml/pushpin/ylw-pushpin.png</href>
                </Icon>
            </IconStyle>
        </Style>
        <Style id="15324">
            <IconStyle id="15325">
                <colorMode>normal</colorMode>
                <scale>1</scale>
                <heading>0</heading>
                <Icon id="15326">
                    <href>http://maps.google.com/mapfiles/kml/pushpin/ylw-pushpin.png</href>
                </Icon>
            </IconStyle>
        </Style>
        <Style id="15329">
            <IconStyle id="15330">
                <colorMode>normal</colorMode>
                <scale>1</scale>
                <heading>0</heading>
                <Icon id="15331">
                    <href>http://maps.google.com/mapfiles/kml/pushpin/ylw-pushpin.png</href>
                </Icon>
            </IconStyle>
        </Style>
        <Style id="15334">
            <IconStyle id="15335">
                <colorMode>normal</colorMode>
                <scale>1</scale>
                <heading>0</heading>
                <Icon id="15336">
                    <href>http://maps.google.com/mapfiles/kml/pushpin/ylw-pushpin.png</href>
                </Icon>
            </IconStyle>
        </Style>
        <Style id="15339">
            <IconStyle id="15340">
                <colorMode>normal</colorMode>
                <scale>1</scale>
                <heading>0</heading>
                <Icon id="15341">
                    <href>http://maps.google.com/mapfiles/kml/pushpin/ylw-pushpin.png</href>
                </Icon>
            </IconStyle>
        </Style>
        <Style id="15344">
            <IconStyle id="15345">
                <colorMode>normal</colorMode>
                <scale>1</scale>
                <heading>0</heading>
                <Icon id="15346">
                    <href>http://maps.google.com/mapfiles/kml/pushpin/ylw-pushpin.png</href>
                </Icon>
            </IconStyle>
        </Style>
        <Style id="15349">
            <IconStyle id="15350">
                <colorMode>normal</colorMode>
                <scale>1</scale>
                <heading>0</heading>
                <Icon id="15351">
                    <href>http://maps.google.com/mapfiles/kml/pushpin/ylw-pushpin.png</href>
                </Icon>
            </IconStyle>
        </Style>
        <Style id="15354">
            <IconStyle id="15355">
                <colorMode>normal</colorMode>
                <scale>1</scale>
                <heading>0</heading>
                <Icon id="15356">
                    <href>http://maps.google.com/mapfiles/kml/pushpin/ylw-pushpin.png</href>
                </Icon>
            </IconStyle>
        </Style>
        <Style id="15359">
            <IconStyle id="15360">
                <colorMode>normal</colorMode>
                <scale>1</scale>
                <heading>0</heading>
                <Icon id="15361">
                    <href>http://maps.google.com/mapfiles/kml/pushpin/ylw-pushpin.png</href>
                </Icon>
            </IconStyle>
        </Style>
        <Style id="15364">
            <IconStyle id="15365">
                <colorMode>normal</colorMode>
                <scale>1</scale>
                <heading>0</heading>
                <Icon id="15366">
                    <href>http://maps.google.com/mapfiles/kml/pushpin/ylw-pushpin.png</href>
                </Icon>
            </IconStyle>
        </Style>
        <Style id="15369">
            <IconStyle id="15370">
                <colorMode>normal</colorMode>
                <scale>1</scale>
                <heading>0</heading>
                <Icon id="15371">
                    <href>http://maps.google.com/mapfiles/kml/pushpin/ylw-pushpin.png</href>
                </Icon>
            </IconStyle>
        </Style>
        <Style id="15374">
            <IconStyle id="15375">
                <colorMode>normal</colorMode>
                <scale>1</scale>
                <heading>0</heading>
                <Icon id="15376">
                    <href>http://maps.google.com/mapfiles/kml/pushpin/ylw-pushpin.png</href>
                </Icon>
            </IconStyle>
        </Style>
        <Style id="15379">
            <IconStyle id="15380">
                <colorMode>normal</colorMode>
                <scale>1</scale>
                <heading>0</heading>
                <Icon id="15381">
                    <href>http://maps.google.com/mapfiles/kml/pushpin/ylw-pushpin.png</href>
                </Icon>
            </IconStyle>
        </Style>
        <Style id="15384">
            <LineStyle id="15385">
                <color>ff2C28C0</color>
                <colorMode>normal</colorMode>
                <width>4</width>
            </LineStyle>
        </Style>
        <Style id="15388">
            <LineStyle id="15389">
                <color>ff2C28C0</color>
                <colorMode>normal</colorMode>
                <width>4</width>
            </LineStyle>
        </Style>
        <Style id="15392">
            <LineStyle id="15393">
                <color>ff2C28C0</color>
                <colorMode>normal</colorMode>
                <width>4</width>
            </LineStyle>
        </Style>
        <Style id="15396">
            <LineStyle id="15397">
                <color>ff2C28C0</color>
                <colorMode>normal</colorMode>
                <width>4</width>
            </LineStyle>
        </Style>
        <Style id="15400">
            <LineStyle id="15401">
                <color>ff2C28C0</color>
                <colorMode>normal</colorMode>
                <width>4</width>
            </LineStyle>
        </Style>
        <Style id="15404">
            <LineStyle id="15405">
                <color>ff2C28C0</color>
                <colorMode>normal</colorMode>
                <width>4</width>
            </LineStyle>
        </Style>
        <Style id="15408">
            <LineStyle id="15409">
                <color>ff2C28C0</color>
                <colorMode>normal</colorMode>
                <width>4</width>
            </LineStyle>
        </Style>
        <Style id="15412">
            <LineStyle id="15413">
                <color>ff2C28C0</color>
                <colorMode>normal</colorMode>
                <width>4</width>
            </LineStyle>
        </Style>
        <Style id="15416">
            <LineStyle id="15417">
                <color>ff2C28C0</color>
                <colorMode>normal</colorMode>
                <width>4</width>
            </LineStyle>
        </Style>
        <Style id="15420">
            <LineStyle id="15421">
                <color>ff2C28C0</color>
                <colorMode>normal</colorMode>
                <width>4</width>
            </LineStyle>
        </Style>
        <Style id="15424">
            <LineStyle id="15425">
                <color>ff2C28C0</color>
                <colorMode>normal</colorMode>
                <width>4</width>
            </LineStyle>
        </Style>
        <Style id="15428">
            <LineStyle id="15429">
                <color>ff2C28C0</color>
                <colorMode>normal</colorMode>
                <width>4</width>
            </LineStyle>
        </Style>
        <Style id="15432">
            <LineStyle id="15433">
                <color>ff2C28C0</color>
                <colorMode>normal</colorMode>
                <width>4</width>
            </LineStyle>
        </Style>
        <Style id="15436">
            <LineStyle id="15437">
                <color>ff2C28C0</color>
                <colorMode>normal</colorMode>
                <width>4</width>
            </LineStyle>
        </Style>
        <Style id="15440">
            <LineStyle id="15441">
                <color>ff2C28C0</color>
                <colorMode>normal</colorMode>
                <width>4</width>
            </LineStyle>
        </Style>
        <Style id="15444">
            <LineStyle id="15445">
                <color>ff2C28C0</color>
                <colorMode>normal</colorMode>
                <width>4</width>
            </LineStyle>
        </Style>
        <Style id="15448">
            <LineStyle id="15449">
                <color>ff2C28C0</color>
                <colorMode>normal</colorMode>
                <width>4</width>
            </LineStyle>
        </Style>
        <Style id="15452">
            <LineStyle id="15453">
                <color>ff2C28C0</color>
                <colorMode>normal</colorMode>
                <width>4</width>
            </LineStyle>
        </Style>
        <Style id="15456">
            <LineStyle id="15457">
                <color>ff2C28C0</color>
                <colorMode>normal</colorMode>
                <width>4</width>
            </LineStyle>
        </Style>
        <Style id="15460">
            <LineStyle id="15461">
                <color>ff2C28C0</color>
                <colorMode>normal</colorMode>
                <width>4</width>
            </LineStyle>
        </Style>
        <Style id="15464">
            <LineStyle id="15465">
                <color>ff2C28C0</color>
                <colorMode>normal</colorMode>
                <width>4</width>
            </LineStyle>
        </Style>
        <Style id="15468">
            <LineStyle id="15469">
                <color>ff2C28C0</color>
                <colorMode>normal</colorMode>
                <width>4</width>
            </LineStyle>
        </Style>
        <Style id="15472">
            <LineStyle id="15473">
                <color>ff2C28C0</color>
                <colorMode>normal</colorMode>
                <width>4</width>
            </LineStyle>
        </Style>
        <Style id="15476">
            <LineStyle id="15477">
                <color>ff2C28C0</color>
                <colorMode>normal</colorMode>
                <width>4</width>
            </LineStyle>
        </Style>
        <Style id="15480">
            <LineStyle id="15481">
                <color>ff2C28C0</color>
                <colorMode>normal</colorMode>
                <width>4</width>
            </LineStyle>
        </Style>
        <Style id="15484">
            <LineStyle id="15485">
                <color>ff2C28C0</color>
                <colorMode>normal</colorMode>
                <width>4</width>
            </LineStyle>
        </Style>
        <Style id="15488">
            <LineStyle id="15489">
                <color>ff2C28C0</color>
                <colorMode>normal</colorMode>
                <width>4</width>
            </LineStyle>
        </Style>
        <Style id="15492">
            <LineStyle id="15493">
                <color>ff2C28C0</color>
                <colorMode>normal</colorMode>
                <width>4</width>
            </LineStyle>
        </Style>
        <Style id="15496">
            <LineStyle id="15497">
                <color>ff2C28C0</color>
                <colorMode>normal</colorMode>
                <width>4</width>
            </LineStyle>
        </Style>
        <Style id="15500">
            <LineStyle id="15501">
                <color>ff2C28C0</color>
                <colorMode>normal</colorMode>
                <width>4</width>
            </LineStyle>
        </Style>
        <Style id="15504">
            <LineStyle id="15505">
                <color>ff2C28C0</color>
                <colorMode>normal</colorMode>
                <width>4</width>
            </LineStyle>
        </Style>
        <Style id="15508">
            <LineStyle id="15509">
                <color>ff2C28C0</color>
                <colorMode>normal</colorMode>
                <width>4</width>
            </LineStyle>
        </Style>
        <Style id="15512">
            <LineStyle id="15513">
                <color>ff2C28C0</color>
                <colorMode>normal</colorMode>
                <width>4</width>
            </LineStyle>
        </Style>
        <Style id="15516">
            <LineStyle id="15517">
                <color>ff2C28C0</color>
                <colorMode>normal</colorMode>
                <width>4</width>
            </LineStyle>
        </Style>
        <Style id="15520">
            <LineStyle id="15521">
                <color>ff2C28C0</color>
                <colorMode>normal</colorMode>
                <width>4</width>
            </LineStyle>
        </Style>
        <Style id="15524">
            <LineStyle id="15525">
                <color>ff2C28C0</color>
                <colorMode>normal</colorMode>
                <width>4</width>
            </LineStyle>
        </Style>
        <Style id="15528">
            <LineStyle id="15529">
                <color>ff2C28C0</color>
                <colorMode>normal</colorMode>
                <width>4</width>
            </LineStyle>
        </Style>
        <Style id="15532">
            <LineStyle id="15533">
                <color>ff2C28C0</color>
                <colorMode>normal</colorMode>
                <width>4</width>
            </LineStyle>
        </Style>
        <Style id="15536">
            <LineStyle id="15537">
                <color>ff2C28C0</color>
                <colorMode>normal</colorMode>
                <width>4</width>
            </LineStyle>
        </Style>
        <Style id="15540">
            <LineStyle id="15541">
                <color>ff2C28C0</color>
                <colorMode>normal</colorMode>
                <width>4</width>
            </LineStyle>
        </Style>
        <Style id="15544">
            <LineStyle id="15545">
                <color>ff2C28C0</color>
                <colorMode>normal</colorMode>
                <width>4</width>
            </LineStyle>
        </Style>
        <Style id="15548">
            <LineStyle id="15549">
                <color>ff2C28C0</color>
                <colorMode>normal</colorMode>
                <width>4</width>
            </LineStyle>
        </Style>
        <Style id="15552">
            <LineStyle id="15553">
                <color>ff2C28C0</color>
                <colorMode>normal</colorMode>
                <width>4</width>
            </LineStyle>
        </Style>
        <Style id="15556">
            <LineStyle id="15557">
                <color>ff2C28C0</color>
                <colorMode>normal</colorMode>
                <width>4</width>
            </LineStyle>
        </Style>
        <Style id="15560">
            <LineStyle id="15561">
                <color>ff2C28C0</color>
                <colorMode>normal</colorMode>
                <width>4</width>
            </LineStyle>
        </Style>
        <Style id="15564">
            <LineStyle id="15565">
                <color>ff2C28C0</color>
                <colorMode>normal</colorMode>
                <width>4</width>
            </LineStyle>
        </Style>
        <Style id="15568">
            <LineStyle id="15569">
                <color>ff2C28C0</color>
                <colorMode>normal</colorMode>
                <width>4</width>
            </LineStyle>
        </Style>
        <Style id="15572">
            <LineStyle id="15573">
                <color>ff2C28C0</color>
                <colorMode>normal</colorMode>
                <width>4</width>
            </LineStyle>
        </Style>
        <Style id="15576">
            <LineStyle id="15577">
                <color>ff2C28C0</color>
                <colorMode>normal</colorMode>
                <width>4</width>
            </LineStyle>
        </Style>
        <Style id="15580">
            <LineStyle id="15581">
                <color>ff2C28C0</color>
                <colorMode>normal</colorMode>
                <width>4</width>
            </LineStyle>
        </Style>
        <Style id="15584">
            <LineStyle id="15585">
                <color>ff2C28C0</color>
                <colorMode>normal</colorMode>
                <width>4</width>
            </LineStyle>
        </Style>
        <Style id="15588">
            <LineStyle id="15589">
                <color>ff2C28C0</color>
                <colorMode>normal</colorMode>
                <width>4</width>
            </LineStyle>
        </Style>
        <Style id="15592">
            <LineStyle id="15593">
                <color>ff2C28C0</color>
                <colorMode>normal</colorMode>
                <width>4</width>
            </LineStyle>
        </Style>
        <Style id="15596">
            <LineStyle id="15597">
                <color>ff2C28C0</color>
                <colorMode>normal</colorMode>
                <width>4</width>
            </LineStyle>
        </Style>
        <Style id="15600">
            <LineStyle id="15601">
                <color>ff2C28C0</color>
                <colorMode>normal</colorMode>
                <width>4</width>
            </LineStyle>
        </Style>
        <Style id="15604">
            <LineStyle id="15605">
                <color>ff2C28C0</color>
                <colorMode>normal</colorMode>
                <width>4</width>
            </LineStyle>
        </Style>
        <Style id="15608">
            <LineStyle id="15609">
                <color>ff2C28C0</color>
                <colorMode>normal</colorMode>
                <width>4</width>
            </LineStyle>
        </Style>
        <Style id="15612">
            <LineStyle id="15613">
                <color>ff2C28C0</color>
                <colorMode>normal</colorMode>
                <width>4</width>
            </LineStyle>
        </Style>
        <Style id="15616">
            <LineStyle id="15617">
                <color>ff2C28C0</color>
                <colorMode>normal</colorMode>
                <width>4</width>
            </LineStyle>
        </Style>
        <Style id="15620">
            <LineStyle id="15621">
                <color>ff2C28C0</color>
                <colorMode>normal</colorMode>
                <width>4</width>
            </LineStyle>
        </Style>
        <Style id="15624">
            <LineStyle id="15625">
                <color>ff2C28C0</color>
                <colorMode>normal</colorMode>
                <width>4</width>
            </LineStyle>
        </Style>
        <Style id="15628">
            <LineStyle id="15629">
                <color>ff2C28C0</color>
                <colorMode>normal</colorMode>
                <width>4</width>
            </LineStyle>
        </Style>
        <Style id="15632">
            <LineStyle id="15633">
                <color>ff2C28C0</color>
                <colorMode>normal</colorMode>
                <width>4</width>
            </LineStyle>
        </Style>
        <Style id="15636">
            <LineStyle id="15637">
                <color>ff2C28C0</color>
                <colorMode>normal</colorMode>
                <width>4</width>
            </LineStyle>
        </Style>
        <Style id="15640">
            <LineStyle id="15641">
                <color>ff2C28C0</color>
                <colorMode>normal</colorMode>
                <width>4</width>
            </LineStyle>
        </Style>
        <Style id="15644">
            <LineStyle id="15645">
                <color>ff2C28C0</color>
                <colorMode>normal</colorMode>
                <width>4</width>
            </LineStyle>
        </Style>
        <Style id="15648">
            <LineStyle id="15649">
                <color>ff2C28C0</color>
                <colorMode>normal</colorMode>
                <width>4</width>
            </LineStyle>
        </Style>
        <Style id="15652">
            <LineStyle id="15653">
                <color>ff2C28C0</color>
                <colorMode>normal</colorMode>
                <width>4</width>
            </LineStyle>
        </Style>
        <Style id="15656">
            <LineStyle id="15657">
                <color>ff2C28C0</color>
                <colorMode>normal</colorMode>
                <width>4</width>
            </LineStyle>
        </Style>
        <Style id="15660">
            <LineStyle id="15661">
                <color>ff2C28C0</color>
                <colorMode>normal</colorMode>
                <width>4</width>
            </LineStyle>
        </Style>
        <Style id="15664">
            <LineStyle id="15665">
                <color>ff2C28C0</color>
                <colorMode>normal</colorMode>
                <width>4</width>
            </LineStyle>
        </Style>
        <Style id="15668">
            <LineStyle id="15669">
                <color>ff2C28C0</color>
                <colorMode>normal</colorMode>
                <width>4</width>
            </LineStyle>
        </Style>
        <Style id="15672">
            <LineStyle id="15673">
                <color>ff2C28C0</color>
                <colorMode>normal</colorMode>
                <width>4</width>
            </LineStyle>
        </Style>
        <Style id="15676">
            <LineStyle id="15677">
                <color>ff2C28C0</color>
                <colorMode>normal</colorMode>
                <width>4</width>
            </LineStyle>
        </Style>
        <Style id="15680">
            <LineStyle id="15681">
                <color>ff2C28C0</color>
                <colorMode>normal</colorMode>
                <width>4</width>
            </LineStyle>
        </Style>
        <Style id="15684">
            <LineStyle id="15685">
                <color>ff2C28C0</color>
                <colorMode>normal</colorMode>
                <width>4</width>
            </LineStyle>
        </Style>
        <Style id="15688">
            <LineStyle id="15689">
                <color>ff2C28C0</color>
                <colorMode>normal</colorMode>
                <width>4</width>
            </LineStyle>
        </Style>
        <Style id="15692">
            <LineStyle id="15693">
                <color>ff2C28C0</color>
                <colorMode>normal</colorMode>
                <width>4</width>
            </LineStyle>
        </Style>
        <Style id="15696">
            <LineStyle id="15697">
                <color>ff2C28C0</color>
                <colorMode>normal</colorMode>
                <width>4</width>
            </LineStyle>
        </Style>
        <Style id="15700">
            <LineStyle id="15701">
                <color>ff2C28C0</color>
                <colorMode>normal</colorMode>
                <width>4</width>
            </LineStyle>
        </Style>
        <Style id="15704">
            <LineStyle id="15705">
                <color>ff2C28C0</color>
                <colorMode>normal</colorMode>
                <width>4</width>
            </LineStyle>
        </Style>
        <Style id="15708">
            <LineStyle id="15709">
                <color>ff2C28C0</color>
                <colorMode>normal</colorMode>
                <width>4</width>
            </LineStyle>
        </Style>
        <Style id="15712">
            <LineStyle id="15713">
                <color>ff2C28C0</color>
                <colorMode>normal</colorMode>
                <width>4</width>
            </LineStyle>
        </Style>
        <Style id="15716">
            <LineStyle id="15717">
                <color>ff2C28C0</color>
                <colorMode>normal</colorMode>
                <width>4</width>
            </LineStyle>
        </Style>
        <Style id="15720">
            <LineStyle id="15721">
                <color>ff2C28C0</color>
                <colorMode>normal</colorMode>
                <width>4</width>
            </LineStyle>
        </Style>
        <Style id="15724">
            <LineStyle id="15725">
                <color>ff2C28C0</color>
                <colorMode>normal</colorMode>
                <width>4</width>
            </LineStyle>
        </Style>
        <Style id="15728">
            <LineStyle id="15729">
                <color>ff2C28C0</color>
                <colorMode>normal</colorMode>
                <width>4</width>
            </LineStyle>
        </Style>
        <Style id="15732">
            <LineStyle id="15733">
                <color>ff2C28C0</color>
                <colorMode>normal</colorMode>
                <width>4</width>
            </LineStyle>
        </Style>
        <Style id="15736">
            <LineStyle id="15737">
                <color>ff2C28C0</color>
                <colorMode>normal</colorMode>
                <width>4</width>
            </LineStyle>
        </Style>
        <Style id="15740">
            <LineStyle id="15741">
                <color>ff2C28C0</color>
                <colorMode>normal</colorMode>
                <width>4</width>
            </LineStyle>
        </Style>
        <Style id="15744">
            <LineStyle id="15745">
                <color>ff2C28C0</color>
                <colorMode>normal</colorMode>
                <width>4</width>
            </LineStyle>
        </Style>
        <Style id="15748">
            <LineStyle id="15749">
                <color>ff2C28C0</color>
                <colorMode>normal</colorMode>
                <width>4</width>
            </LineStyle>
        </Style>
        <Style id="15752">
            <LineStyle id="15753">
                <color>ff2C28C0</color>
                <colorMode>normal</colorMode>
                <width>4</width>
            </LineStyle>
        </Style>
        <Style id="15756">
            <LineStyle id="15757">
                <color>ff2C28C0</color>
                <colorMode>normal</colorMode>
                <width>4</width>
            </LineStyle>
        </Style>
        <Style id="15760">
            <LineStyle id="15761">
                <color>ff2C28C0</color>
                <colorMode>normal</colorMode>
                <width>4</width>
            </LineStyle>
        </Style>
        <Style id="15764">
            <LineStyle id="15765">
                <color>ff2C28C0</color>
                <colorMode>normal</colorMode>
                <width>4</width>
            </LineStyle>
        </Style>
        <Style id="15768">
            <LineStyle id="15769">
                <color>ff2C28C0</color>
                <colorMode>normal</colorMode>
                <width>4</width>
            </LineStyle>
        </Style>
        <Style id="15772">
            <LineStyle id="15773">
                <color>ff2C28C0</color>
                <colorMode>normal</colorMode>
                <width>4</width>
            </LineStyle>
        </Style>
        <Style id="15776">
            <LineStyle id="15777">
                <color>ff2C28C0</color>
                <colorMode>normal</colorMode>
                <width>4</width>
            </LineStyle>
        </Style>
        <Style id="15780">
            <LineStyle id="15781">
                <color>ff2C28C0</color>
                <colorMode>normal</colorMode>
                <width>4</width>
            </LineStyle>
        </Style>
        <Style id="15784">
            <LineStyle id="15785">
                <color>ff2C28C0</color>
                <colorMode>normal</colorMode>
                <width>4</width>
            </LineStyle>
        </Style>
        <Style id="15788">
            <LineStyle id="15789">
                <color>ff2C28C0</color>
                <colorMode>normal</colorMode>
                <width>4</width>
            </LineStyle>
        </Style>
        <Style id="15792">
            <LineStyle id="15793">
                <color>ff2C28C0</color>
                <colorMode>normal</colorMode>
                <width>4</width>
            </LineStyle>
        </Style>
        <Style id="15796">
            <LineStyle id="15797">
                <color>ff2C28C0</color>
                <colorMode>normal</colorMode>
                <width>4</width>
            </LineStyle>
        </Style>
        <Style id="15800">
            <LineStyle id="15801">
                <color>ff2C28C0</color>
                <colorMode>normal</colorMode>
                <width>4</width>
            </LineStyle>
        </Style>
        <Style id="15804">
            <LineStyle id="15805">
                <color>ff2C28C0</color>
                <colorMode>normal</colorMode>
                <width>4</width>
            </LineStyle>
        </Style>
        <Style id="15808">
            <LineStyle id="15809">
                <color>ff2C28C0</color>
                <colorMode>normal</colorMode>
                <width>4</width>
            </LineStyle>
        </Style>
        <Style id="15812">
            <LineStyle id="15813">
                <color>ff2C28C0</color>
                <colorMode>normal</colorMode>
                <width>4</width>
            </LineStyle>
        </Style>
        <Style id="15816">
            <LineStyle id="15817">
                <color>ff2C28C0</color>
                <colorMode>normal</colorMode>
                <width>4</width>
            </LineStyle>
        </Style>
        <Style id="15820">
            <LineStyle id="15821">
                <color>ff2C28C0</color>
                <colorMode>normal</colorMode>
                <width>4</width>
            </LineStyle>
        </Style>
        <Style id="15824">
            <LineStyle id="15825">
                <color>ff2C28C0</color>
                <colorMode>normal</colorMode>
                <width>4</width>
            </LineStyle>
        </Style>
        <Style id="15828">
            <LineStyle id="15829">
                <color>ff2C28C0</color>
                <colorMode>normal</colorMode>
                <width>4</width>
            </LineStyle>
        </Style>
        <Style id="15832">
            <LineStyle id="15833">
                <color>ff2C28C0</color>
                <colorMode>normal</colorMode>
                <width>4</width>
            </LineStyle>
        </Style>
        <Style id="15836">
            <LineStyle id="15837">
                <color>ff2C28C0</color>
                <colorMode>normal</colorMode>
                <width>4</width>
            </LineStyle>
        </Style>
        <Style id="15840">
            <LineStyle id="15841">
                <color>ff2C28C0</color>
                <colorMode>normal</colorMode>
                <width>4</width>
            </LineStyle>
        </Style>
        <Style id="15844">
            <LineStyle id="15845">
                <color>ff2C28C0</color>
                <colorMode>normal</colorMode>
                <width>4</width>
            </LineStyle>
        </Style>
        <Style id="15848">
            <LineStyle id="15849">
                <color>ff2C28C0</color>
                <colorMode>normal</colorMode>
                <width>4</width>
            </LineStyle>
        </Style>
        <Style id="15852">
            <LineStyle id="15853">
                <color>ff2C28C0</color>
                <colorMode>normal</colorMode>
                <width>4</width>
            </LineStyle>
        </Style>
        <Style id="15856">
            <LineStyle id="15857">
                <color>ff2C28C0</color>
                <colorMode>normal</colorMode>
                <width>4</width>
            </LineStyle>
        </Style>
        <Style id="15860">
            <LineStyle id="15861">
                <color>ff2C28C0</color>
                <colorMode>normal</colorMode>
                <width>4</width>
            </LineStyle>
        </Style>
        <Style id="15864">
            <LineStyle id="15865">
                <color>ff2C28C0</color>
                <colorMode>normal</colorMode>
                <width>4</width>
            </LineStyle>
        </Style>
        <Style id="15868">
            <LineStyle id="15869">
                <color>ff2C28C0</color>
                <colorMode>normal</colorMode>
                <width>4</width>
            </LineStyle>
        </Style>
        <Style id="15872">
            <LineStyle id="15873">
                <color>ff2C28C0</color>
                <colorMode>normal</colorMode>
                <width>4</width>
            </LineStyle>
        </Style>
        <Style id="15876">
            <LineStyle id="15877">
                <color>ff2C28C0</color>
                <colorMode>normal</colorMode>
                <width>4</width>
            </LineStyle>
        </Style>
        <Style id="15880">
            <LineStyle id="15881">
                <color>ff2C28C0</color>
                <colorMode>normal</colorMode>
                <width>4</width>
            </LineStyle>
        </Style>
        <Style id="15884">
            <LineStyle id="15885">
                <color>ff2C28C0</color>
                <colorMode>normal</colorMode>
                <width>4</width>
            </LineStyle>
        </Style>
        <Style id="15888">
            <LineStyle id="15889">
                <color>ff2C28C0</color>
                <colorMode>normal</colorMode>
                <width>4</width>
            </LineStyle>
        </Style>
        <Style id="15892">
            <LineStyle id="15893">
                <color>ff2C28C0</color>
                <colorMode>normal</colorMode>
                <width>4</width>
            </LineStyle>
        </Style>
        <Style id="15896">
            <LineStyle id="15897">
                <color>ff2C28C0</color>
                <colorMode>normal</colorMode>
                <width>4</width>
            </LineStyle>
        </Style>
        <Style id="15900">
            <LineStyle id="15901">
                <color>ff2C28C0</color>
                <colorMode>normal</colorMode>
                <width>4</width>
            </LineStyle>
        </Style>
        <Style id="15904">
            <LineStyle id="15905">
                <color>ff2C28C0</color>
                <colorMode>normal</colorMode>
                <width>4</width>
            </LineStyle>
        </Style>
        <Style id="15908">
            <LineStyle id="15909">
                <color>ff2C28C0</color>
                <colorMode>normal</colorMode>
                <width>4</width>
            </LineStyle>
        </Style>
        <Style id="15912">
            <LineStyle id="15913">
                <color>ff2C28C0</color>
                <colorMode>normal</colorMode>
                <width>4</width>
            </LineStyle>
        </Style>
        <Style id="15916">
            <LineStyle id="15917">
                <color>ff2C28C0</color>
                <colorMode>normal</colorMode>
                <width>4</width>
            </LineStyle>
        </Style>
        <Style id="15920">
            <LineStyle id="15921">
                <color>ff2C28C0</color>
                <colorMode>normal</colorMode>
                <width>4</width>
            </LineStyle>
        </Style>
        <Style id="15924">
            <LineStyle id="15925">
                <color>ff2C28C0</color>
                <colorMode>normal</colorMode>
                <width>4</width>
            </LineStyle>
        </Style>
        <Style id="15928">
            <LineStyle id="15929">
                <color>ff2C28C0</color>
                <colorMode>normal</colorMode>
                <width>4</width>
            </LineStyle>
        </Style>
        <Style id="15932">
            <LineStyle id="15933">
                <color>ff2C28C0</color>
                <colorMode>normal</colorMode>
                <width>4</width>
            </LineStyle>
        </Style>
        <Style id="15936">
            <LineStyle id="15937">
                <color>ff2C28C0</color>
                <colorMode>normal</colorMode>
                <width>4</width>
            </LineStyle>
        </Style>
        <Style id="15940">
            <LineStyle id="15941">
                <color>ff2C28C0</color>
                <colorMode>normal</colorMode>
                <width>4</width>
            </LineStyle>
        </Style>
        <Style id="15944">
            <LineStyle id="15945">
                <color>ff2C28C0</color>
                <colorMode>normal</colorMode>
                <width>4</width>
            </LineStyle>
        </Style>
        <Style id="15948">
            <LineStyle id="15949">
                <color>ff2C28C0</color>
                <colorMode>normal</colorMode>
                <width>4</width>
            </LineStyle>
        </Style>
        <Style id="15952">
            <LineStyle id="15953">
                <color>ff2C28C0</color>
                <colorMode>normal</colorMode>
                <width>4</width>
            </LineStyle>
        </Style>
        <Style id="15956">
            <LineStyle id="15957">
                <color>ff2C28C0</color>
                <colorMode>normal</colorMode>
                <width>4</width>
            </LineStyle>
        </Style>
        <Style id="15960">
            <LineStyle id="15961">
                <color>ff2C28C0</color>
                <colorMode>normal</colorMode>
                <width>4</width>
            </LineStyle>
        </Style>
        <Style id="15964">
            <LineStyle id="15965">
                <color>ff2C28C0</color>
                <colorMode>normal</colorMode>
                <width>4</width>
            </LineStyle>
        </Style>
        <Style id="15968">
            <LineStyle id="15969">
                <color>ff2C28C0</color>
                <colorMode>normal</colorMode>
                <width>4</width>
            </LineStyle>
        </Style>
        <Style id="15972">
            <LineStyle id="15973">
                <color>ff2C28C0</color>
                <colorMode>normal</colorMode>
                <width>4</width>
            </LineStyle>
        </Style>
        <Style id="15976">
            <LineStyle id="15977">
                <color>ff2C28C0</color>
                <colorMode>normal</colorMode>
                <width>4</width>
            </LineStyle>
        </Style>
        <Style id="15980">
            <LineStyle id="15981">
                <color>ff2C28C0</color>
                <colorMode>normal</colorMode>
                <width>4</width>
            </LineStyle>
        </Style>
        <Style id="15984">
            <LineStyle id="15985">
                <color>ff2C28C0</color>
                <colorMode>normal</colorMode>
                <width>4</width>
            </LineStyle>
        </Style>
        <Style id="15988">
            <LineStyle id="15989">
                <color>ff2C28C0</color>
                <colorMode>normal</colorMode>
                <width>4</width>
            </LineStyle>
        </Style>
        <Style id="15992">
            <LineStyle id="15993">
                <color>ff2C28C0</color>
                <colorMode>normal</colorMode>
                <width>4</width>
            </LineStyle>
        </Style>
        <Style id="15996">
            <LineStyle id="15997">
                <color>ff2C28C0</color>
                <colorMode>normal</colorMode>
                <width>4</width>
            </LineStyle>
        </Style>
        <Style id="16000">
            <LineStyle id="16001">
                <color>ff2C28C0</color>
                <colorMode>normal</colorMode>
                <width>4</width>
            </LineStyle>
        </Style>
        <ExtendedData>
            <Data name="route-name">
                <value>Feeder 2: Elang → Cicadas</value>
            </Data>
            <Data name="source">
                <value>Transport for Bandung</value>
            </Data>
        </ExtendedData>
        <Placemark id="15068">
            <name>Pasar Baru</name>
            <styleUrl>#15069</styleUrl>
            <Point id="15067">
                <coordinates>107.6044519,-6.9164303,0.0</coordinates>
            </Point>
        </Placemark>
        <Placemark id="15073">
            <name>Stasiun Hall</name>
            <styleUrl>#15074</styleUrl>
            <Point id="15072">
                <coordinates>107.6024325,-6.9161432,0.0</coordinates>
            </Point>
        </Placemark>
        <Placemark id="15078">
            <name>Simpang Supratman - Ahmad Yani</name>
            <styleUrl>#15079</styleUrl>
            <Point id="15077">
                <coordinates>107.6348701,-6.9132101,0.0</coordinates>
            </Point>
        </Placemark>
        <Placemark id="15083">
            <name>MUJ Jalan Banten</name>
            <styleUrl>#15084</styleUrl>
            <Point id="15082">
                <coordinates>107.6398939,-6.914186,0.0</coordinates>
            </Point>
        </Placemark>
        <Placemark id="15088">
            <name>DPRD Kota Bandung</name>
            <styleUrl>#15089</styleUrl>
            <Point id="15087">
                <coordinates>107.634483,-6.9157469,0.0</coordinates>
            </Point>
        </Placemark>
        <Placemark id="15093">
            <name>Istana Plaza Pajajaran</name>
            <styleUrl>#15094</styleUrl>
            <Point id="15092">
                <coordinates>107.596056,-6.9065146,0.0</coordinates>
            </Point>
        </Placemark>
        <Placemark id="15098">
            <name>Jalan Mangga</name>
            <styleUrl>#15099</styleUrl>
            <Point id="15097">
                <coordinates>107.6310417,-6.9151604,0.0</coordinates>
            </Point>
        </Placemark>
        <Placemark id="15103">
            <name>SMK Negeri 12 Bandung</name>
            <styleUrl>#15104</styleUrl>
            <Point id="15102">
                <coordinates>107.5925401,-6.9070991,0.0</coordinates>
            </Point>
        </Placemark>
        <Placemark id="15108">
            <name>Simpang Reog - Martanegara 2</name>
            <styleUrl>#15109</styleUrl>
            <Point id="15107">
                <coordinates>107.6327072,-6.9342443,0.0</coordinates>
            </Point>
        </Placemark>
        <Placemark id="15113">
            <name>Bandung Creative Hub B</name>
            <styleUrl>#15114</styleUrl>
            <Point id="15112">
                <coordinates>107.6312506,-6.9184177,0.0</coordinates>
            </Point>
        </Placemark>
        <Placemark id="15118">
            <name>SMA Pasundan</name>
            <styleUrl>#15119</styleUrl>
            <Point id="15117">
                <coordinates>107.599627,-6.9162422,0.0</coordinates>
            </Point>
        </Placemark>
        <Placemark id="15123">
            <name>Jalan Bengawan</name>
            <styleUrl>#15124</styleUrl>
            <Point id="15122">
                <coordinates>107.6332108,-6.9140574,0.0</coordinates>
            </Point>
        </Placemark>
        <Placemark id="15128">
            <name>Simpang Cikaso - Bogor</name>
            <styleUrl>#15129</styleUrl>
            <Point id="15127">
                <coordinates>107.6372585,-6.9119218,0.0</coordinates>
            </Point>
        </Placemark>
        <Placemark id="15133">
            <name>Jembar Awi Bitung</name>
            <styleUrl>#15134</styleUrl>
            <Point id="15132">
                <coordinates>107.6395509,-6.9107061,0.0</coordinates>
            </Point>
        </Placemark>
        <Placemark id="15138">
            <name>Flyover Antapani</name>
            <styleUrl>#15139</styleUrl>
            <Point id="15137">
                <coordinates>107.6429791,-6.9138756,0.0</coordinates>
            </Point>
        </Placemark>
        <Placemark id="15143">
            <name>Kebon Waru</name>
            <styleUrl>#15144</styleUrl>
            <Point id="15142">
                <coordinates>107.6381956,-6.9144188,0.0</coordinates>
            </Point>
        </Placemark>
        <Placemark id="15148">
            <name>GOR KONI</name>
            <styleUrl>#15149</styleUrl>
            <Point id="15147">
                <coordinates>107.6362469,-6.9146627,0.0</coordinates>
            </Point>
        </Placemark>
        <Placemark id="15153">
            <name>Simpang Laswi Gatot Subroto 2</name>
            <styleUrl>#15154</styleUrl>
            <Point id="15152">
                <coordinates>107.6279402,-6.9236815,0.0</coordinates>
            </Point>
        </Placemark>
        <Placemark id="15158">
            <name>Seberang Jalan Warta</name>
            <styleUrl>#15159</styleUrl>
            <Point id="15157">
                <coordinates>107.6326707,-6.9258751,0.0</coordinates>
            </Point>
        </Placemark>
        <Placemark id="15163">
            <name>Seberang Trans Studio Mall</name>
            <styleUrl>#15164</styleUrl>
            <Point id="15162">
                <coordinates>107.6355184,-6.9274065,0.0</coordinates>
            </Point>
        </Placemark>
        <Placemark id="15168">
            <name>Gerbang Utara Kiara Artha Park</name>
            <styleUrl>#15169</styleUrl>
            <Point id="15167">
                <coordinates>107.6414919,-6.9139937,0.0</coordinates>
            </Point>
        </Placemark>
        <Placemark id="15173">
            <name>Samsat Pajajaran</name>
            <styleUrl>#15174</styleUrl>
            <Point id="15172">
                <coordinates>107.5937537,-6.9069123,0.0</coordinates>
            </Point>
        </Placemark>
        <Placemark id="15178">
            <name>Pasar Baru ABC</name>
            <styleUrl>#15179</styleUrl>
            <Point id="15177">
                <coordinates>107.6048398,-6.9184569,0.0</coordinates>
            </Point>
        </Placemark>
        <Placemark id="15183">
            <name>Simpang Banceuy - ABC</name>
            <styleUrl>#15184</styleUrl>
            <Point id="15182">
                <coordinates>107.6070029,-6.9189529,0.0</coordinates>
            </Point>
        </Placemark>
        <Placemark id="15188">
            <name>Seberang Dinas Ketenagakerjaan Kota Bandung</name>
            <styleUrl>#15189</styleUrl>
            <Point id="15187">
                <coordinates>107.626494,-6.9328449,0.0</coordinates>
            </Point>
        </Placemark>
        <Placemark id="15193">
            <name>Sesko TNI</name>
            <styleUrl>#15194</styleUrl>
            <Point id="15192">
                <coordinates>107.6288528,-6.9334603,0.0</coordinates>
            </Point>
        </Placemark>
        <Placemark id="15198">
            <name>Samoja-Laswi</name>
            <styleUrl>#15199</styleUrl>
            <Point id="15197">
                <coordinates>107.6306826,-6.9212967,0.0</coordinates>
            </Point>
        </Placemark>
        <Placemark id="15203">
            <name>Museum Kavaleri</name>
            <styleUrl>#15204</styleUrl>
            <Point id="15202">
                <coordinates>107.6304868,-6.9252612,0.0</coordinates>
            </Point>
        </Placemark>
        <Placemark id="15208">
            <name>Macan - Lodaya 2</name>
            <styleUrl>#15209</styleUrl>
            <Point id="15207">
                <coordinates>107.6196214,-6.9290687,0.0</coordinates>
            </Point>
        </Placemark>
        <Placemark id="15213">
            <name>Seberang SD Negeri 115 Turangga</name>
            <styleUrl>#15214</styleUrl>
            <Point id="15212">
                <coordinates>107.6349977,-6.9314343,0.0</coordinates>
            </Point>
        </Placemark>
        <Placemark id="15218">
            <name>Simpang Turangga-Salak</name>
            <styleUrl>#15219</styleUrl>
            <Point id="15217">
                <coordinates>107.6355448,-6.9292849,0.0</coordinates>
            </Point>
        </Placemark>
        <Placemark id="15223">
            <name>Banteng Dalam - Lodaya 2</name>
            <styleUrl>#15224</styleUrl>
            <Point id="15222">
                <coordinates>107.6240705,-6.931675,0.0</coordinates>
            </Point>
        </Placemark>
        <Placemark id="15228">
            <name>Pasar Bunga Palasari 2</name>
            <styleUrl>#15229</styleUrl>
            <Point id="15227">
                <coordinates>107.6229672,-6.9312035,0.0</coordinates>
            </Point>
        </Placemark>
        <Placemark id="15233">
            <name>Seberang Lapangan Lodaya</name>
            <styleUrl>#15234</styleUrl>
            <Point id="15232">
                <coordinates>107.6209177,-6.9303091,0.0</coordinates>
            </Point>
        </Placemark>
        <Placemark id="15238">
            <name>Gedung Merdeka</name>
            <styleUrl>#15239</styleUrl>
            <Point id="15237">
                <coordinates>107.6090723,-6.9213678,0.0</coordinates>
            </Point>
        </Placemark>
        <Placemark id="15243">
            <name>Seberang Jalan Simpang Industri</name>
            <styleUrl>#15244</styleUrl>
            <Point id="15242">
                <coordinates>107.5908452,-6.9098054,0.0</coordinates>
            </Point>
        </Placemark>
        <Placemark id="15248">
            <name>Alun-alun Cicendo 2</name>
            <styleUrl>#15249</styleUrl>
            <Point id="15247">
                <coordinates>107.5896621,-6.9111206,0.0</coordinates>
            </Point>
        </Placemark>
        <Placemark id="15253">
            <name>Seberang Gang 5 Ciroyom</name>
            <styleUrl>#15254</styleUrl>
            <Point id="15252">
                <coordinates>107.5859605,-6.9127241,0.0</coordinates>
            </Point>
        </Placemark>
        <Placemark id="15258">
            <name>Simpang Andir - Ciroyom 2</name>
            <styleUrl>#15259</styleUrl>
            <Point id="15257">
                <coordinates>107.5832037,-6.9108829,0.0</coordinates>
            </Point>
        </Placemark>
        <Placemark id="15263">
            <name>Seberang Gang Moh. 1</name>
            <styleUrl>#15264</styleUrl>
            <Point id="15262">
                <coordinates>107.5810967,-6.9094937,0.0</coordinates>
            </Point>
        </Placemark>
        <Placemark id="15268">
            <name>Stasiun Andir 2</name>
            <styleUrl>#15269</styleUrl>
            <Point id="15267">
                <coordinates>107.5794756,-6.9083983,0.0</coordinates>
            </Point>
        </Placemark>
        <Placemark id="15273">
            <name>Simpang Garuda - Dadali</name>
            <styleUrl>#15274</styleUrl>
            <Point id="15272">
                <coordinates>107.5782065,-6.910981,0.0</coordinates>
            </Point>
        </Placemark>
        <Placemark id="15278">
            <name>Simpang Garuda - Rajawali Timur</name>
            <styleUrl>#15279</styleUrl>
            <Point id="15277">
                <coordinates>107.5778075,-6.9127704,0.0</coordinates>
            </Point>
        </Placemark>
        <Placemark id="15283">
            <name>Seberang Kantor Kelurahan Arjuna</name>
            <styleUrl>#15284</styleUrl>
            <Point id="15282">
                <coordinates>107.5919303,-6.908541,0.0</coordinates>
            </Point>
        </Placemark>
        <Placemark id="15288">
            <name>Moch. Yunus - Pajajaran</name>
            <styleUrl>#15289</styleUrl>
            <Point id="15287">
                <coordinates>107.5995516,-6.907135,0.0</coordinates>
            </Point>
        </Placemark>
        <Placemark id="15293">
            <name>Gang Moch. Mesri Dalam</name>
            <styleUrl>#15294</styleUrl>
            <Point id="15292">
                <coordinates>107.6004587,-6.9089484,0.0</coordinates>
            </Point>
        </Placemark>
        <Placemark id="15298">
            <name>H. Mesri - H. Moh. Iskat</name>
            <styleUrl>#15299</styleUrl>
            <Point id="15297">
                <coordinates>107.6007332,-6.9104962,0.0</coordinates>
            </Point>
        </Placemark>
        <Placemark id="15303">
            <name>Simpang H. Mesri - Kebon Kawung 2</name>
            <styleUrl>#15304</styleUrl>
            <Point id="15302">
                <coordinates>107.6006673,-6.9121312,0.0</coordinates>
            </Point>
        </Placemark>
        <Placemark id="15308">
            <name>Gedong Sembilan - Pasir Kaliki</name>
            <styleUrl>#15309</styleUrl>
            <Point id="15307">
                <coordinates>107.5980673,-6.9127983,0.0</coordinates>
            </Point>
        </Placemark>
        <Placemark id="15313">
            <name>Seberang Paskal 23</name>
            <styleUrl>#15314</styleUrl>
            <Point id="15312">
                <coordinates>107.5982121,-6.9155148,0.0</coordinates>
            </Point>
        </Placemark>
        <Placemark id="15318">
            <name>Taman Braga</name>
            <styleUrl>#15319</styleUrl>
            <Point id="15317">
                <coordinates>107.6099761,-6.9200538,0.0</coordinates>
            </Point>
        </Placemark>
        <Placemark id="15323">
            <name>Jalan Alun-alun Timur</name>
            <styleUrl>#15324</styleUrl>
            <Point id="15322">
                <coordinates>107.6077246,-6.921955,0.0</coordinates>
            </Point>
        </Placemark>
        <Placemark id="15328">
            <name>Kantor Kelurahan Balong Gede</name>
            <styleUrl>#15329</styleUrl>
            <Point id="15327">
                <coordinates>107.6077934,-6.9239483,0.0</coordinates>
            </Point>
        </Placemark>
        <Placemark id="15333">
            <name>Samping SMP Negeri 43 Bandung</name>
            <styleUrl>#15334</styleUrl>
            <Point id="15332">
                <coordinates>107.6071994,-6.9253454,0.0</coordinates>
            </Point>
        </Placemark>
        <Placemark id="15338">
            <name>Sekolah Assalaam</name>
            <styleUrl>#15339</styleUrl>
            <Point id="15337">
                <coordinates>107.6078656,-6.9258625,0.0</coordinates>
            </Point>
        </Placemark>
        <Placemark id="15343">
            <name>Simpang Sasak Gantung - Pasundan</name>
            <styleUrl>#15344</styleUrl>
            <Point id="15342">
                <coordinates>107.6097211,-6.9260499,0.0</coordinates>
            </Point>
        </Placemark>
        <Placemark id="15348">
            <name>Gang Sasak Gantung IV</name>
            <styleUrl>#15349</styleUrl>
            <Point id="15347">
                <coordinates>107.6112135,-6.9261277,0.0</coordinates>
            </Point>
        </Placemark>
        <Placemark id="15353">
            <name>Monumen Pertempuran Lengkong Besar</name>
            <styleUrl>#15354</styleUrl>
            <Point id="15352">
                <coordinates>107.6132822,-6.927209,0.0</coordinates>
            </Point>
        </Placemark>
        <Placemark id="15358">
            <name>Cikawao - Melong Kaler</name>
            <styleUrl>#15359</styleUrl>
            <Point id="15357">
                <coordinates>107.6147806,-6.9279607,0.0</coordinates>
            </Point>
        </Placemark>
        <Placemark id="15363">
            <name>Simpang Cikawao - Karapitan</name>
            <styleUrl>#15364</styleUrl>
            <Point id="15362">
                <coordinates>107.6169027,-6.9289448,0.0</coordinates>
            </Point>
        </Placemark>
        <Placemark id="15368">
            <name>Plaza Telkom Rajawali</name>
            <styleUrl>#15369</styleUrl>
            <Point id="15367">
                <coordinates>107.5753653,-6.9129722,0.0</coordinates>
            </Point>
        </Placemark>
        <Placemark id="15373">
            <name>Dinas Perhubungan Provinsi Jawa Barat</name>
            <styleUrl>#15374</styleUrl>
            <Point id="15372">
                <coordinates>107.6324739,-6.9181019,0.0</coordinates>
            </Point>
        </Placemark>
        <Placemark id="15378">
            <name>Simpang Cicadas Kiaracondong</name>
            <styleUrl>#15379</styleUrl>
            <Point id="15377">
                <coordinates>107.6433703,-6.9099716,0.0</coordinates>
            </Point>
        </Placemark>
        <Placemark id="15383">
            <name>Jalan Pajajaran</name>
            <styleUrl>#15384</styleUrl>
            <LineString id="15382">
                <coordinates>107.5976387,-6.9064293,0.0 107.5977572,-6.906505,0.0 107.5978766,-6.9065641,0.0</coordinates>
            </LineString>
        </Placemark>
        <Placemark id="15387">
            <name>Jalan H. Ibrahim Adjie</name>
            <styleUrl>#15388</styleUrl>
            <LineString id="15386">
                <coordinates>107.6430381,-6.9088519,0.0 107.6430734,-6.9088371,0.0 107.6430931,-6.9088341,0.0 107.6431223,-6.9088325,0.0 107.6431581,-6.9088428,0.0 107.6431794,-6.9088613,0.0 107.6431982,-6.9088983,0.0 107.6432051,-6.9089444,0.0 107.6432227,-6.9090441,0.0 107.6432642,-6.9093078,0.0 107.6432776,-6.9093765,0.0 107.6433224,-6.9094595,0.0</coordinates>
            </LineString>
        </Placemark>
        <Placemark id="15391">
            <name>Jalan HOS. Cokroaminoto</name>
            <styleUrl>#15392</styleUrl>
            <LineString id="15390">
                <coordinates>107.5981394,-6.9147779,0.0 107.5981365,-6.9148374,0.0 107.5981359,-6.91495,0.0 107.5981514,-6.9151141,0.0 107.5981684,-6.9152126,0.0 107.5981841,-6.9153059,0.0 107.5982121,-6.9155148,0.0 107.5982179,-6.9155581,0.0 107.5982323,-6.9156913,0.0 107.5982633,-6.916131,0.0 107.5982691,-6.91619,0.0</coordinates>
            </LineString>
        </Placemark>
        <Placemark id="15395">
            <name>Jalan Kebon Jati</name>
            <styleUrl>#15396</styleUrl>
            <LineString id="15394">
                <coordinates>107.5984551,-6.9163007,0.0 107.5986452,-6.9162913,0.0 107.5986682,-6.9162902,0.0 107.5987499,-6.9162865,0.0 107.5988546,-6.916282,0.0 107.5991941,-6.9162673,0.0 107.5995626,-6.9162453,0.0 107.599627,-6.9162422,0.0 107.6002509,-6.9162121,0.0 107.600424,-6.9162116,0.0 107.6005777,-6.9162099,0.0 107.6007548,-6.9162056,0.0 107.6010558,-6.9162013,0.0 107.6016262,-6.916191,0.0 107.6019595,-6.9161867,0.0 107.6022008,-6.9161702,0.0</coordinates>
            </LineString>
        </Placemark>
        <Placemark id="15399">
            <name>Jalan Rajawali Timur</name>
            <styleUrl>#15400</styleUrl>
            <LineString id="15398">
                <coordinates>107.5761151,-6.9132715,0.0 107.5762053,-6.9133088,0.0 107.5762519,-6.9133265,0.0 107.5765322,-6.9134206,0.0 107.5766744,-6.9134545,0.0 107.5768473,-6.9134956,0.0 107.5771173,-6.9135481,0.0 107.5772702,-6.9135797,0.0 107.5775341,-6.9136343,0.0 107.5776073,-6.9136496,0.0</coordinates>
            </LineString>
        </Placemark>
        <Placemark id="15403">
            <name>Jalan Arjuna</name>
            <styleUrl>#15404</styleUrl>
            <LineString id="15402">
                <coordinates>107.5894771,-6.9112533,0.0 107.589637,-6.9111417,0.0 107.5896485,-6.9111321,0.0 107.5896621,-6.9111206,0.0 107.5897685,-6.9110326,0.0 107.5901279,-6.9106741,0.0 107.590669,-6.9100086,0.0 107.5908452,-6.9098054,0.0 107.5908573,-6.9097914,0.0 107.591241,-6.909349,0.0 107.5914503,-6.90912,0.0</coordinates>
            </LineString>
        </Placemark>
        <Placemark id="15407">
            <name>Jalan Pandawa</name>
            <styleUrl>#15408</styleUrl>
            <LineString id="15406">
                <coordinates>107.5926308,-6.9075901,0.0 107.5921932,-6.9072382,0.0 107.5921335,-6.9071923,0.0 107.5920983,-6.9071603,0.0 107.5920701,-6.9071489,0.0</coordinates>
            </LineString>
        </Placemark>
        <Placemark id="15411">
            <name>Jalan Otto Iskandardinata</name>
            <styleUrl>#15412</styleUrl>
            <LineString id="15410">
                <coordinates>107.6045054,-6.9158364,0.0 107.6044945,-6.9159639,0.0 107.6044519,-6.9164303,0.0 107.6044248,-6.9167276,0.0 107.6044046,-6.9168859,0.0 107.6043842,-6.9170712,0.0 107.6043506,-6.917436,0.0</coordinates>
            </LineString>
        </Placemark>
        <Placemark id="15415">
            <name>Jalan Mochammad Yunus</name>
            <styleUrl>#15416</styleUrl>
            <LineString id="15414">
                <coordinates>107.599567,-6.9068341,0.0 107.5995516,-6.907135,0.0 107.5995263,-6.9076294,0.0 107.5995104,-6.9079566,0.0 107.5995005,-6.908121,0.0 107.599489,-6.9084569,0.0 107.5994851,-6.9085719,0.0 107.5994937,-6.9088673,0.0 107.5994985,-6.9089924,0.0</coordinates>
            </LineString>
        </Placemark>
        <Placemark id="15419">
            <name>Jalan Haji Mesri</name>
            <styleUrl>#15420</styleUrl>
            <LineString id="15418">
                <coordinates>107.6008146,-6.9089442,0.0 107.6008217,-6.9089724,0.0 107.6008155,-6.9091375,0.0 107.6008072,-6.9092928,0.0 107.6007988,-6.9094756,0.0 107.6007771,-6.9097499,0.0 107.600741,-6.9103134,0.0 107.6007332,-6.9104962,0.0 107.6006961,-6.9116789,0.0 107.6006794,-6.9119577,0.0 107.6006673,-6.9121312,0.0 107.6006435,-6.9124749,0.0</coordinates>
            </LineString>
        </Placemark>
        <Placemark id="15423">
            <name>Jalan ABC</name>
            <styleUrl>#15424</styleUrl>
            <LineString id="15422">
                <coordinates>107.6054461,-6.9186544,0.0 107.6065164,-6.9190052,0.0 107.6065461,-6.9190127,0.0 107.6065984,-6.9190097,0.0 107.6066534,-6.9189807,0.0 107.6066765,-6.9189704,0.0</coordinates>
            </LineString>
        </Placemark>
        <Placemark id="15427">
            <name>Jalan ABC</name>
            <styleUrl>#15428</styleUrl>
            <LineString id="15426">
                <coordinates>107.6066765,-6.9189704,0.0 107.6067119,-6.9189496,0.0 107.6067514,-6.9189366,0.0 107.6067924,-6.9189312,0.0 107.6070029,-6.9189529,0.0 107.6071304,-6.9189661,0.0 107.6073157,-6.9189903,0.0 107.6074965,-6.9190287,0.0 107.6076219,-6.919072,0.0 107.6077728,-6.9191385,0.0 107.6079125,-6.9192242,0.0 107.6080647,-6.9193303,0.0 107.6083693,-6.9195612,0.0 107.6084385,-6.9196004,0.0 107.6085661,-6.9196522,0.0</coordinates>
            </LineString>
        </Placemark>
        <Placemark id="15431">
            <name>Jalan Lengkong Besar</name>
            <styleUrl>#15432</styleUrl>
            <LineString id="15430">
                <coordinates>107.612647,-6.9262231,0.0 107.6128857,-6.926502,0.0 107.6130005,-6.9266412,0.0 107.6130714,-6.926733,0.0 107.6131037,-6.9268116,0.0 107.6131248,-6.9268697,0.0 107.6131331,-6.9269146,0.0 107.6131443,-6.9269688,0.0</coordinates>
            </LineString>
        </Placemark>
        <Placemark id="15435">
            <name>Jalan Turangga</name>
            <styleUrl>#15436</styleUrl>
            <LineString id="15434">
                <coordinates>107.6348227,-6.9321233,0.0 107.6349144,-6.9317675,0.0 107.6349593,-6.9315874,0.0 107.6349787,-6.9315093,0.0 107.6349977,-6.9314343,0.0 107.6350129,-6.931374,0.0 107.6350713,-6.9311431,0.0 107.6350864,-6.931084,0.0 107.6351532,-6.9308208,0.0 107.6352273,-6.9305365,0.0 107.6353063,-6.9302285,0.0 107.635324,-6.930155,0.0 107.6353583,-6.9300131,0.0</coordinates>
            </LineString>
        </Placemark>
        <Placemark id="15439">
            <name>Jalan HOS. Cokroaminoto</name>
            <styleUrl>#15440</styleUrl>
            <LineString id="15438">
                <coordinates>107.5981313,-6.9141206,0.0 107.5981201,-6.9145111,0.0</coordinates>
            </LineString>
        </Placemark>
        <Placemark id="15443">
            <name>Jalan Sasak Gantung</name>
            <styleUrl>#15444</styleUrl>
            <LineString id="15442">
                <coordinates>107.6103732,-6.9260808,0.0 107.6104299,-6.9260813,0.0 107.6105193,-6.9260793,0.0 107.6105512,-6.9260797,0.0 107.6105891,-6.9260802,0.0 107.6108127,-6.9260972,0.0 107.6110927,-6.9261185,0.0 107.6112135,-6.9261277,0.0 107.6116436,-6.9261605,0.0 107.6120161,-6.926201,0.0 107.612271,-6.9262338,0.0 107.6124142,-6.9262465,0.0 107.6124645,-6.9262509,0.0 107.6125231,-6.9262489,0.0 107.6125611,-6.9262438,0.0 107.612647,-6.9262231,0.0</coordinates>
            </LineString>
        </Placemark>
        <Placemark id="15447">
            <name>Jalan Sasak Gantung</name>
            <styleUrl>#15448</styleUrl>
            <LineString id="15446">
                <coordinates>107.6101859,-6.9260796,0.0 107.6103732,-6.9260808,0.0</coordinates>
            </LineString>
        </Placemark>
        <Placemark id="15451">
            <name>Jalan Sasak Gantung</name>
            <styleUrl>#15452</styleUrl>
            <LineString id="15450">
                <coordinates>107.6087809,-6.9259738,0.0 107.6091796,-6.9260052,0.0 107.6097211,-6.9260499,0.0 107.609843,-6.9260601,0.0 107.6101859,-6.9260796,0.0</coordinates>
            </LineString>
        </Placemark>
        <Placemark id="15455">
            <name>Jalan ABC</name>
            <styleUrl>#15456</styleUrl>
            <LineString id="15454">
                <coordinates>107.6088022,-6.9196932,0.0 107.6088626,-6.9197052,0.0 107.6089914,-6.9197261,0.0 107.6098858,-6.9197125,0.0 107.6099005,-6.9197134,0.0 107.6099747,-6.9197157,0.0</coordinates>
            </LineString>
        </Placemark>
        <Placemark id="15459">
            <name>Jalan ABC</name>
            <styleUrl>#15460</styleUrl>
            <LineString id="15458">
                <coordinates>107.6085661,-6.9196522,0.0 107.6088022,-6.9196932,0.0</coordinates>
            </LineString>
        </Placemark>
        <Placemark id="15463">
            <name>Jalan Jenderal Ahmad Yani</name>
            <styleUrl>#15464</styleUrl>
            <LineString id="15462">
                <coordinates>107.6299627,-6.9157488,0.0 107.6300393,-6.9157014,0.0</coordinates>
            </LineString>
        </Placemark>
        <Placemark id="15467">
            <name>Jalan Jenderal Gatot Subroto</name>
            <styleUrl>#15468</styleUrl>
            <LineString id="15466">
                <coordinates>107.6334031,-6.9262659,0.0 107.6333707,-6.9262479,0.0 107.6326707,-6.9258751,0.0 107.6325012,-6.9257858,0.0 107.6324209,-6.9257545,0.0 107.6323257,-6.9257173,0.0 107.6320441,-6.9256493,0.0 107.6319599,-6.9256296,0.0 107.6318543,-6.9256028,0.0 107.631741,-6.9255768,0.0 107.6316712,-6.925558,0.0 107.6316116,-6.9255428,0.0 107.6315418,-6.9255251,0.0 107.6308773,-6.9253565,0.0 107.6304868,-6.9252612,0.0 107.6300352,-6.925151,0.0 107.6299412,-6.9251288,0.0 107.6293476,-6.9249786,0.0 107.6284463,-6.9247644,0.0</coordinates>
            </LineString>
        </Placemark>
        <Placemark id="15471">
            <name>Jalan Cikawao</name>
            <styleUrl>#15472</styleUrl>
            <LineString id="15470">
                <coordinates>107.6131443,-6.9269688,0.0 107.6132071,-6.9270879,0.0 107.6132753,-6.9272001,0.0 107.6132822,-6.927209,0.0 107.6133419,-6.9272867,0.0 107.6134072,-6.9273393,0.0</coordinates>
            </LineString>
        </Placemark>
        <Placemark id="15475">
            <name>Jalan Garuda</name>
            <styleUrl>#15476</styleUrl>
            <LineString id="15474">
                <coordinates>107.5783486,-6.9103499,0.0 107.5783752,-6.9100639,0.0 107.5784087,-6.9098364,0.0 107.5784326,-6.9096934,0.0 107.5784364,-6.9096748,0.0 107.5784528,-6.9095942,0.0 107.5785409,-6.9091998,0.0 107.5786247,-6.9088403,0.0 107.5786595,-6.9087083,0.0 107.5786964,-6.9085902,0.0 107.5787618,-6.908442,0.0 107.5788095,-6.9083461,0.0 107.5788453,-6.9082798,0.0 107.5788862,-6.9082163,0.0 107.5789444,-6.9081253,0.0 107.5790233,-6.9079984,0.0</coordinates>
            </LineString>
        </Placemark>
        <Placemark id="15479">
            <name>Jalan Jenderal Ahmad Yani</name>
            <styleUrl>#15480</styleUrl>
            <LineString id="15478">
                <coordinates>107.6343755,-6.9133841,0.0 107.6344369,-6.9133475,0.0 107.6344903,-6.913351,0.0 107.6345359,-6.9133508,0.0 107.6346004,-6.9133622,0.0</coordinates>
            </LineString>
        </Placemark>
        <Placemark id="15483">
            <name>Jalan Sukabumi</name>
            <styleUrl>#15484</styleUrl>
            <LineString id="15482">
                <coordinates>107.6348552,-6.9143329,0.0 107.6348313,-6.9143399,0.0 107.6347873,-6.9143636,0.0 107.6347627,-6.9143996,0.0 107.6347483,-6.9144516,0.0 107.6347173,-6.914512,0.0</coordinates>
            </LineString>
        </Placemark>
        <Placemark id="15487">
            <name>Jalan Jenderal Ahmad Yani</name>
            <styleUrl>#15488</styleUrl>
            <LineString id="15486">
                <coordinates>107.6342542,-6.9134469,0.0 107.6342922,-6.9134291,0.0 107.6343755,-6.9133841,0.0</coordinates>
            </LineString>
        </Placemark>
        <Placemark id="15491">
            <name>Jalan Lodaya</name>
            <styleUrl>#15492</styleUrl>
            <LineString id="15490">
                <coordinates>107.622434,-6.9309756,0.0 107.6226407,-6.931064,0.0 107.6227405,-6.9311066,0.0 107.6228866,-6.9311691,0.0 107.6229314,-6.9311882,0.0 107.6229672,-6.9312035,0.0 107.6233795,-6.9313797,0.0 107.6234448,-6.9314076,0.0 107.6240705,-6.931675,0.0 107.6241025,-6.9316887,0.0 107.6243775,-6.9318062,0.0 107.6244842,-6.9318518,0.0 107.6246625,-6.9319336,0.0 107.625024,-6.9320993,0.0 107.6252034,-6.9321877,0.0</coordinates>
            </LineString>
        </Placemark>
        <Placemark id="15495">
            <name>Jalan Lodaya</name>
            <styleUrl>#15496</styleUrl>
            <LineString id="15494">
                <coordinates>107.622434,-6.9309756,0.0 107.6218256,-6.9307043,0.0 107.6214202,-6.9305302,0.0 107.6210719,-6.9303807,0.0 107.6209177,-6.9303091,0.0 107.6205023,-6.9301164,0.0 107.6202446,-6.9299968,0.0 107.6198226,-6.9298046,0.0</coordinates>
            </LineString>
        </Placemark>
        <Placemark id="15499">
            <name>Jalan Cikawao</name>
            <styleUrl>#15500</styleUrl>
            <LineString id="15498">
                <coordinates>107.6157613,-6.9283977,0.0 107.6151581,-6.9281304,0.0 107.6147806,-6.9279607,0.0 107.614603,-6.9278809,0.0 107.6144924,-6.927831,0.0 107.6138049,-6.9275287,0.0 107.6137563,-6.9275081,0.0 107.6134072,-6.9273393,0.0</coordinates>
            </LineString>
        </Placemark>
        <Placemark id="15503">
            <name>Jalan Garuda</name>
            <styleUrl>#15504</styleUrl>
            <LineString id="15502">
                <coordinates>107.5783486,-6.9103499,0.0 107.5782065,-6.910981,0.0 107.5781807,-6.9110965,0.0 107.5780214,-6.9117553,0.0</coordinates>
            </LineString>
        </Placemark>
        <Placemark id="15507">
            <name>Jalan Sukabumi</name>
            <styleUrl>#15508</styleUrl>
            <LineString id="15506">
                <coordinates>107.634419,-6.9161223,0.0 107.6344004,-6.9162388,0.0 107.6343511,-6.9164827,0.0 107.6342682,-6.916856,0.0 107.634252,-6.9169288,0.0 107.6342422,-6.9169744,0.0 107.6342207,-6.9170356,0.0 107.6341961,-6.9170831,0.0</coordinates>
            </LineString>
        </Placemark>
        <Placemark id="15511">
            <name>Jalan Laswi</name>
            <styleUrl>#15512</styleUrl>
            <LineString id="15510">
                <coordinates>107.6313458,-6.9186198,0.0 107.6312891,-6.9184991,0.0 107.6312618,-6.9184409,0.0 107.6312506,-6.9184177,0.0 107.6307984,-6.9174779,0.0 107.6307188,-6.9173125,0.0</coordinates>
            </LineString>
        </Placemark>
        <Placemark id="15515">
            <name>Jalan Pajajaran</name>
            <styleUrl>#15516</styleUrl>
            <LineString id="15514">
                <coordinates>107.5962889,-6.9064673,0.0 107.5965716,-6.9064194,0.0 107.5967306,-6.9063983,0.0 107.5968629,-6.9063832,0.0 107.597019,-6.9063754,0.0 107.5972896,-6.9063654,0.0 107.5974482,-6.9063626,0.0 107.5975495,-6.9063779,0.0</coordinates>
            </LineString>
        </Placemark>
        <Placemark id="15519">
            <name>Jalan Suniaraja</name>
            <styleUrl>#15520</styleUrl>
            <LineString id="15518">
                <coordinates>107.6027081,-6.91612,0.0 107.6031079,-6.9160834,0.0</coordinates>
            </LineString>
        </Placemark>
        <Placemark id="15523">
            <name>Jalan Suniaraja</name>
            <styleUrl>#15524</styleUrl>
            <LineString id="15522">
                <coordinates>107.6024325,-6.9161432,0.0 107.6025481,-6.9161309,0.0 107.6027081,-6.91612,0.0</coordinates>
            </LineString>
        </Placemark>
        <Placemark id="15527">
            <name>Jalan Pajajaran</name>
            <styleUrl>#15528</styleUrl>
            <LineString id="15526">
                <coordinates>107.5978766,-6.9065641,0.0 107.5979786,-6.9065883,0.0 107.5982101,-6.9066424,0.0 107.5983334,-6.9066643,0.0 107.5987941,-6.906746,0.0</coordinates>
            </LineString>
        </Placemark>
        <Placemark id="15531">
            <name>Jalan Jenderal Ahmad Yani</name>
            <styleUrl>#15532</styleUrl>
            <LineString id="15530">
                <coordinates>107.6374263,-6.9118346,0.0 107.6376746,-6.9117059,0.0 107.6380463,-6.9115125,0.0 107.6381052,-6.9114812,0.0 107.6384087,-6.9113142,0.0 107.6385292,-6.9112521,0.0 107.6386772,-6.911175,0.0 107.6388085,-6.9111044,0.0 107.6393511,-6.9108148,0.0 107.6394945,-6.9107372,0.0 107.6395509,-6.9107061,0.0 107.6397159,-6.9106143,0.0 107.6397829,-6.9105782,0.0 107.6399162,-6.9105033,0.0 107.6402409,-6.9103278,0.0 107.64053,-6.9101769,0.0 107.6407412,-6.9100688,0.0 107.641164,-6.9098457,0.0 107.641445,-6.9096983,0.0 107.6415409,-6.9096449,0.0 107.6416706,-6.9095775,0.0 107.6417659,-6.9095225,0.0 107.6418156,-6.9094919,0.0 107.641865,-6.9094557,0.0</coordinates>
            </LineString>
        </Placemark>
        <Placemark id="15535">
            <name>Jalan H. Ibrahim Adjie</name>
            <styleUrl>#15536</styleUrl>
            <LineString id="15534">
                <coordinates>107.6435055,-6.9113592,0.0 107.6435255,-6.9115834,0.0 107.6435572,-6.9119253,0.0 107.6435846,-6.9122429,0.0 107.6436146,-6.9125869,0.0 107.6436356,-6.9128822,0.0 107.6436422,-6.9130175,0.0</coordinates>
            </LineString>
        </Placemark>
        <Placemark id="15539">
            <name>Jalan Jenderal Ahmad Yani</name>
            <styleUrl>#15540</styleUrl>
            <LineString id="15538">
                <coordinates>107.641865,-6.9094557,0.0 107.641886,-6.9094523,0.0 107.6419246,-6.9094416,0.0 107.6420289,-6.9093976,0.0 107.6421602,-6.9093246,0.0 107.6427522,-6.9090058,0.0 107.6430381,-6.9088519,0.0</coordinates>
            </LineString>
        </Placemark>
        <Placemark id="15543">
            <name>Jalan Ciroyom</name>
            <styleUrl>#15544</styleUrl>
            <LineString id="15542">
                <coordinates>107.5834264,-6.911033,0.0 107.5832037,-6.9108829,0.0 107.5831698,-6.9108601,0.0 107.5826513,-6.9105104,0.0 107.5821809,-6.9101938,0.0 107.5816797,-6.9098712,0.0 107.5815439,-6.9097842,0.0 107.5813924,-6.9096894,0.0 107.5811508,-6.9095295,0.0 107.5810967,-6.9094937,0.0 107.5810602,-6.9094696,0.0 107.5799006,-6.9086849,0.0 107.5794756,-6.9083983,0.0 107.5794427,-6.9083767,0.0 107.5792165,-6.9082306,0.0 107.5791712,-6.9082041,0.0 107.5791303,-6.9081795,0.0 107.5791236,-6.908176,0.0 107.5790983,-6.9081626,0.0</coordinates>
            </LineString>
        </Placemark>
        <Placemark id="15547">
            <name>Jalan Ciroyom</name>
            <styleUrl>#15548</styleUrl>
            <LineString id="15546">
                <coordinates>107.5858255,-6.912692,0.0 107.5857994,-6.912677,0.0 107.5857541,-6.912651,0.0 107.5857253,-6.9126318,0.0 107.584839,-6.912027,0.0 107.5845003,-6.911786,0.0 107.5839364,-6.9113821,0.0 107.5838485,-6.9113187,0.0 107.5834264,-6.911033,0.0</coordinates>
            </LineString>
        </Placemark>
        <Placemark id="15551">
            <name>Jalan R.A.A. Martanegara</name>
            <styleUrl>#15552</styleUrl>
            <LineString id="15550">
                <coordinates>107.6272158,-6.9330278,0.0 107.6277229,-6.9331834,0.0 107.6277833,-6.9331991,0.0 107.6278437,-6.9332148,0.0 107.6282092,-6.9333101,0.0 107.6288528,-6.9334603,0.0 107.6290573,-6.933508,0.0 107.6292413,-6.933555,0.0 107.6297626,-6.9336792,0.0 107.6306127,-6.9338832,0.0 107.6310515,-6.9339821,0.0 107.6313521,-6.9340498,0.0 107.6314371,-6.9340689,0.0 107.6321764,-6.9342353,0.0 107.6325931,-6.9343034,0.0</coordinates>
            </LineString>
        </Placemark>
        <Placemark id="15555">
            <name>Jalan Jakarta</name>
            <styleUrl>#15556</styleUrl>
            <LineString id="15554">
                <coordinates>107.6374221,-6.9145133,0.0 107.6374071,-6.9145151,0.0 107.6373588,-6.9145209,0.0</coordinates>
            </LineString>
        </Placemark>
        <Placemark id="15559">
            <name>Jalan Jakarta</name>
            <styleUrl>#15560</styleUrl>
            <LineString id="15558">
                <coordinates>107.6375505,-6.9144979,0.0 107.6374221,-6.9145133,0.0</coordinates>
            </LineString>
        </Placemark>
        <Placemark id="15563">
            <name>Jalan Laswi</name>
            <styleUrl>#15564</styleUrl>
            <LineString id="15562">
                <coordinates>107.6276565,-6.9244917,0.0 107.6276661,-6.9244494,0.0 107.6277032,-6.9243052,0.0</coordinates>
            </LineString>
        </Placemark>
        <Placemark id="15567">
            <name>Jalan Laswi</name>
            <styleUrl>#15568</styleUrl>
            <LineString id="15566">
                <coordinates>107.6277032,-6.9243052,0.0 107.6277874,-6.9240325,0.0 107.6278773,-6.9237948,0.0 107.6279402,-6.9236815,0.0 107.6280107,-6.9235725,0.0 107.6281061,-6.9234454,0.0 107.6282488,-6.9232816,0.0 107.6283977,-6.9231452,0.0 107.628511,-6.9230652,0.0 107.6286525,-6.92299,0.0 107.6288204,-6.9229136,0.0</coordinates>
            </LineString>
        </Placemark>
        <Placemark id="15571">
            <name>Jalan Cikawao</name>
            <styleUrl>#15572</styleUrl>
            <LineString id="15570">
                <coordinates>107.6157613,-6.9283977,0.0 107.6157999,-6.9283989,0.0 107.6158546,-6.9284142,0.0 107.6160481,-6.9285111,0.0 107.6164635,-6.9287163,0.0</coordinates>
            </LineString>
        </Placemark>
        <Placemark id="15575">
            <name>Jalan Balonggede</name>
            <styleUrl>#15576</styleUrl>
            <LineString id="15574">
                <coordinates>107.6076772,-6.9225455,0.0 107.6076218,-6.9229728,0.0 107.6076338,-6.923028,0.0 107.6076686,-6.9230574,0.0 107.6079674,-6.9231291,0.0 107.6080058,-6.9231433,0.0 107.608032,-6.9231795,0.0 107.6080297,-6.9232205,0.0 107.6079833,-6.9238598,0.0 107.6079733,-6.9239037,0.0 107.6079567,-6.9239301,0.0 107.6079221,-6.9239537,0.0 107.6077934,-6.9239483,0.0 107.6074201,-6.9239327,0.0 107.6073779,-6.9239376,0.0 107.607352,-6.9239683,0.0 107.6073443,-6.9240092,0.0 107.6073093,-6.9243478,0.0 107.6072989,-6.9244695,0.0 107.6072674,-6.9248198,0.0 107.6071994,-6.9253454,0.0 107.6071427,-6.9257843,0.0</coordinates>
            </LineString>
        </Placemark>
        <Placemark id="15579">
            <name>Jalan Jenderal Ahmad Yani</name>
            <styleUrl>#15580</styleUrl>
            <LineString id="15578">
                <coordinates>107.6311335,-6.9151604,0.0 107.6313219,-6.9150573,0.0 107.631392,-6.915019,0.0 107.6314854,-6.9149679,0.0 107.6316428,-6.9148818,0.0 107.6320747,-6.9146547,0.0 107.6322869,-6.9145432,0.0 107.6325601,-6.9143996,0.0 107.6327618,-6.9142935,0.0 107.6327884,-6.9142791,0.0 107.6328365,-6.9142566,0.0 107.6329881,-6.9141745,0.0 107.6332108,-6.9140574,0.0 107.6333413,-6.9139888,0.0</coordinates>
            </LineString>
        </Placemark>
        <Placemark id="15583">
            <name>Jalan Jakarta</name>
            <styleUrl>#15584</styleUrl>
            <LineString id="15582">
                <coordinates>107.6417884,-6.9139622,0.0 107.641697,-6.9139738,0.0 107.6414919,-6.9139937,0.0 107.641334,-6.9140119,0.0 107.6412274,-6.9140241,0.0 107.6410877,-6.9140393,0.0 107.6409956,-6.9140515,0.0 107.6405312,-6.9141105,0.0 107.6404431,-6.9141209,0.0 107.6403048,-6.9141385,0.0 107.6402144,-6.914148,0.0 107.6399554,-6.914178,0.0 107.6398939,-6.914186,0.0 107.6397497,-6.9142026,0.0 107.6394855,-6.9142369,0.0 107.6393217,-6.9142593,0.0 107.6391686,-6.914281,0.0 107.6390956,-6.9142912,0.0 107.6389363,-6.9143117,0.0 107.6388474,-6.9143228,0.0 107.6386441,-6.9143525,0.0 107.6385822,-6.9143614,0.0 107.6385215,-6.9143724,0.0 107.6384678,-6.9143807,0.0 107.6381956,-6.9144188,0.0 107.6379503,-6.9144499,0.0 107.6378321,-6.9144641,0.0 107.6377113,-6.9144786,0.0 107.6376149,-6.9144902,0.0 107.6375655,-6.9144961,0.0 107.6375505,-6.9144979,0.0</coordinates>
            </LineString>
        </Placemark>
        <Placemark id="15587">
            <name>Jalan Jakarta</name>
            <styleUrl>#15588</styleUrl>
            <LineString id="15586">
                <coordinates>107.6373588,-6.9145209,0.0 107.6371438,-6.9145467,0.0 107.6369043,-6.9145755,0.0 107.6368147,-6.9145887,0.0 107.636513,-6.914633,0.0 107.6362469,-6.9146627,0.0 107.6362076,-6.9146671,0.0 107.6361335,-6.9146647,0.0 107.6360082,-6.9146453,0.0 107.6357903,-6.914575,0.0</coordinates>
            </LineString>
        </Placemark>
        <Placemark id="15591">
            <name>Jalan Lodaya</name>
            <styleUrl>#15592</styleUrl>
            <LineString id="15590">
                <coordinates>107.6254228,-6.9322425,0.0 107.6255951,-6.9323168,0.0 107.6256023,-6.932323,0.0 107.6256263,-6.9323445,0.0 107.6256947,-6.9324168,0.0</coordinates>
            </LineString>
        </Placemark>
        <Placemark id="15595">
            <name>Jalan Laswi</name>
            <styleUrl>#15596</styleUrl>
            <LineString id="15594">
                <coordinates>107.6300893,-6.9160089,0.0 107.6300294,-6.9158899,0.0 107.6299922,-6.9158161,0.0</coordinates>
            </LineString>
        </Placemark>
        <Placemark id="15599">
            <name>Jalan H. Ibrahim Adjie</name>
            <styleUrl>#15600</styleUrl>
            <LineString id="15598">
                <coordinates>107.6433703,-6.9099716,0.0 107.6434142,-6.9104391,0.0 107.6434287,-6.9105814,0.0 107.6434818,-6.9111241,0.0 107.6434906,-6.9112086,0.0 107.6435055,-6.9113592,0.0</coordinates>
            </LineString>
        </Placemark>
        <Placemark id="15603">
            <name>Jalan Rajawali Barat</name>
            <styleUrl>#15604</styleUrl>
            <LineString id="15602">
                <coordinates>107.575721,-6.9131092,0.0 107.5758021,-6.913142,0.0</coordinates>
            </LineString>
        </Placemark>
        <Placemark id="15607">
            <name>Jalan Braga</name>
            <styleUrl>#15608</styleUrl>
            <LineString id="15606">
                <coordinates>107.6099747,-6.9197157,0.0 107.6099923,-6.9198142,0.0 107.6099897,-6.9198527,0.0 107.6099795,-6.920004,0.0 107.6099761,-6.9200538,0.0 107.6099601,-6.9202908,0.0 107.6099483,-6.9206209,0.0 107.6099129,-6.9209043,0.0 107.6098389,-6.9213864,0.0 107.6098267,-6.921461,0.0</coordinates>
            </LineString>
        </Placemark>
        <Placemark id="15611">
            <name>Jalan Alun-alun Timur</name>
            <styleUrl>#15612</styleUrl>
            <LineString id="15610">
                <coordinates>107.6077961,-6.9212245,0.0 107.6077834,-6.9212944,0.0 107.6077674,-6.9214098,0.0 107.6077311,-6.9218743,0.0 107.6077246,-6.921955,0.0 107.6076839,-6.9224622,0.0 107.6076772,-6.9225455,0.0</coordinates>
            </LineString>
        </Placemark>
        <Placemark id="15615">
            <name>Jalan Arjuna</name>
            <styleUrl>#15616</styleUrl>
            <LineString id="15614">
                <coordinates>107.591537,-6.9090238,0.0 107.5917513,-6.9087742,0.0</coordinates>
            </LineString>
        </Placemark>
        <Placemark id="15619">
            <name>Jalan Arjuna</name>
            <styleUrl>#15620</styleUrl>
            <LineString id="15618">
                <coordinates>107.5914503,-6.90912,0.0 107.591537,-6.9090238,0.0</coordinates>
            </LineString>
        </Placemark>
        <Placemark id="15623">
            <name>Jalan Sadakeling</name>
            <styleUrl>#15624</styleUrl>
            <LineString id="15622">
                <coordinates>107.6189294,-6.9281126,0.0 107.6188734,-6.9281252,0.0 107.6186304,-6.9281843,0.0 107.6185619,-6.928201,0.0 107.6183605,-6.928268,0.0 107.6180821,-6.9283765,0.0 107.6176336,-6.9285877,0.0 107.6175084,-6.9286661,0.0 107.6173911,-6.9287632,0.0 107.6173256,-6.928839,0.0 107.6172517,-6.928943,0.0 107.6171713,-6.9290845,0.0</coordinates>
            </LineString>
        </Placemark>
        <Placemark id="15627">
            <name>Jalan Sadakeling</name>
            <styleUrl>#15628</styleUrl>
            <LineString id="15626">
                <coordinates>107.6164635,-6.9287163,0.0 107.6169027,-6.9289448,0.0 107.6171713,-6.9290845,0.0</coordinates>
            </LineString>
        </Placemark>
        <Placemark id="15631">
            <name>Jalan Pajajaran</name>
            <styleUrl>#15632</styleUrl>
            <LineString id="15630">
                <coordinates>107.5959262,-6.9065893,0.0 107.5952568,-6.9066609,0.0 107.595037,-6.9066943,0.0 107.5945793,-6.9067595,0.0 107.5945435,-6.9067649,0.0 107.5942472,-6.906822,0.0 107.5941987,-6.9068309,0.0 107.594084,-6.9068527,0.0 107.5937537,-6.9069123,0.0 107.5936226,-6.9069359,0.0 107.5930436,-6.9070358,0.0</coordinates>
            </LineString>
        </Placemark>
        <Placemark id="15635">
            <name>Jalan Jenderal Ahmad Yani</name>
            <styleUrl>#15636</styleUrl>
            <LineString id="15634">
                <coordinates>107.6303085,-6.9155587,0.0 107.6310417,-6.9151604,0.0 107.6311335,-6.9151604,0.0</coordinates>
            </LineString>
        </Placemark>
        <Placemark id="15639">
            <name>Jalan Jakarta</name>
            <styleUrl>#15640</styleUrl>
            <LineString id="15638">
                <coordinates>107.6422876,-6.9139498,0.0 107.6421252,-6.9139589,0.0 107.6417884,-6.9139622,0.0</coordinates>
            </LineString>
        </Placemark>
        <Placemark id="15643">
            <name>Jalan Laswi</name>
            <styleUrl>#15644</styleUrl>
            <LineString id="15642">
                <coordinates>107.6305572,-6.921776,0.0 107.6306587,-6.9213913,0.0 107.6306826,-6.9212967,0.0 107.6307838,-6.9208916,0.0 107.6308352,-6.9206729,0.0 107.6309208,-6.920344,0.0 107.6309798,-6.9201332,0.0 107.6310123,-6.9200044,0.0 107.6310227,-6.9199664,0.0</coordinates>
            </LineString>
        </Placemark>
        <Placemark id="15647">
            <name>Jalan Laswi</name>
            <styleUrl>#15648</styleUrl>
            <LineString id="15646">
                <coordinates>107.630505,-6.9219065,0.0 107.6305572,-6.921776,0.0</coordinates>
            </LineString>
        </Placemark>
        <Placemark id="15651">
            <name>Jalan Lodaya</name>
            <styleUrl>#15652</styleUrl>
            <LineString id="15650">
                <coordinates>107.6195718,-6.9286068,0.0 107.6196214,-6.9290687,0.0 107.6196297,-6.9291336,0.0 107.6196589,-6.9293677,0.0 107.619694,-6.9295664,0.0 107.6197219,-6.9296623,0.0 107.619745,-6.9297243,0.0</coordinates>
            </LineString>
        </Placemark>
        <Placemark id="15655">
            <name>Jalan Talaga Bodas</name>
            <styleUrl>#15656</styleUrl>
            <LineString id="15654">
                <coordinates>107.6194441,-6.9279633,0.0 107.6195135,-6.9279564,0.0</coordinates>
            </LineString>
        </Placemark>
        <Placemark id="15659">
            <name>Jalan Sadakeling</name>
            <styleUrl>#15660</styleUrl>
            <LineString id="15658">
                <coordinates>107.6189294,-6.9281126,0.0 107.6189991,-6.9280574,0.0 107.6190743,-6.9280311,0.0 107.6192084,-6.9280005,0.0 107.6194441,-6.9279633,0.0</coordinates>
            </LineString>
        </Placemark>
        <Placemark id="15663">
            <name>Jalan Jenderal Ahmad Yani</name>
            <styleUrl>#15664</styleUrl>
            <LineString id="15662">
                <coordinates>107.6337931,-6.9136907,0.0 107.6341252,-6.9135115,0.0 107.6341698,-6.91349,0.0 107.6342542,-6.9134469,0.0</coordinates>
            </LineString>
        </Placemark>
        <Placemark id="15667">
            <name>Jalan Arjuna</name>
            <styleUrl>#15668</styleUrl>
            <LineString id="15666">
                <coordinates>107.5893783,-6.9112937,0.0 107.5893814,-6.9112661,0.0 107.5893978,-6.9112436,0.0 107.5894232,-6.9112319,0.0 107.5894511,-6.9112342,0.0</coordinates>
            </LineString>
        </Placemark>
        <Placemark id="15671">
            <name>Jalan Pajajaran</name>
            <styleUrl>#15672</styleUrl>
            <LineString id="15670">
                <coordinates>107.5959262,-6.9065893,0.0 107.5960029,-6.9065331,0.0 107.5960368,-6.9065206,0.0 107.596056,-6.9065146,0.0 107.596066,-6.9065114,0.0 107.5962889,-6.9064673,0.0</coordinates>
            </LineString>
        </Placemark>
        <Placemark id="15675">
            <name>Jalan HOS. Cokroaminoto</name>
            <styleUrl>#15676</styleUrl>
            <LineString id="15674">
                <coordinates>107.5982527,-6.912368,0.0 107.5981712,-6.9123893,0.0 107.5981013,-6.9124336,0.0 107.5980813,-6.9124536,0.0 107.5980631,-6.9124827,0.0 107.5980572,-6.9125176,0.0 107.5980576,-6.912581,0.0 107.5980619,-6.912679,0.0 107.5980673,-6.9127983,0.0 107.5980682,-6.9128159,0.0 107.5980735,-6.9128984,0.0 107.5980862,-6.9131496,0.0 107.5980866,-6.9131574,0.0 107.5980924,-6.9133033,0.0 107.5980951,-6.9133446,0.0 107.5980899,-6.9133886,0.0 107.5980724,-6.9134153,0.0</coordinates>
            </LineString>
        </Placemark>
        <Placemark id="15679">
            <name>Jalan Jenderal Gatot Subroto</name>
            <styleUrl>#15680</styleUrl>
            <LineString id="15678">
                <coordinates>107.635966,-6.9276578,0.0 107.6355184,-6.9274065,0.0 107.6342519,-6.9267189,0.0 107.633548,-6.9263466,0.0</coordinates>
            </LineString>
        </Placemark>
        <Placemark id="15683">
            <name>Route Segment</name>
            <styleUrl>#15684</styleUrl>
            <LineString id="15682">
                <coordinates>107.6435161,-6.9136526,0.0 107.643488,-6.9136797,0.0 107.6434706,-6.9136988,0.0 107.6434637,-6.9137166,0.0 107.6434595,-6.9137474,0.0 107.6434586,-6.9137687,0.0 107.6434476,-6.9137912,0.0 107.6434317,-6.9138202,0.0</coordinates>
            </LineString>
        </Placemark>
        <Placemark id="15687">
            <name>Jalan Pajajaran</name>
            <styleUrl>#15688</styleUrl>
            <LineString id="15686">
                <coordinates>107.5987941,-6.906746,0.0 107.5992067,-6.9068065,0.0 107.599567,-6.9068341,0.0</coordinates>
            </LineString>
        </Placemark>
        <Placemark id="15691">
            <name>Jalan HOS. Cokroaminoto</name>
            <styleUrl>#15692</styleUrl>
            <LineString id="15690">
                <coordinates>107.5981201,-6.9145111,0.0 107.5981205,-6.9145443,0.0</coordinates>
            </LineString>
        </Placemark>
        <Placemark id="15695">
            <name>Jalan H. Ibrahim Adjie</name>
            <styleUrl>#15696</styleUrl>
            <LineString id="15694">
                <coordinates>107.6436422,-6.9130175,0.0 107.6436086,-6.913104,0.0 107.6436418,-6.9133935,0.0</coordinates>
            </LineString>
        </Placemark>
        <Placemark id="15699">
            <name>Route Segment</name>
            <styleUrl>#15700</styleUrl>
            <LineString id="15698">
                <coordinates>107.6436418,-6.9133935,0.0 107.6436179,-6.9134822,0.0 107.64361,-6.9135135,0.0 107.6435938,-6.9135535,0.0 107.643568,-6.9135924,0.0 107.6435352,-6.9136306,0.0 107.6435161,-6.9136526,0.0</coordinates>
            </LineString>
        </Placemark>
        <Placemark id="15703">
            <name>Jalan Jakarta</name>
            <styleUrl>#15704</styleUrl>
            <LineString id="15702">
                <coordinates>107.6429791,-6.9138756,0.0 107.6422876,-6.9139498,0.0</coordinates>
            </LineString>
        </Placemark>
        <Placemark id="15707">
            <name>Jalan HOS. Cokroaminoto</name>
            <styleUrl>#15708</styleUrl>
            <LineString id="15706">
                <coordinates>107.5981205,-6.9145443,0.0 107.5981401,-6.9145877,0.0 107.5981422,-6.9146201,0.0 107.5981394,-6.9147779,0.0</coordinates>
            </LineString>
        </Placemark>
        <Placemark id="15711">
            <name>Jalan Laswi</name>
            <styleUrl>#15712</styleUrl>
            <LineString id="15710">
                <coordinates>107.6307188,-6.9173125,0.0 107.6306282,-6.9171247,0.0 107.6301434,-6.916119,0.0 107.6300893,-6.9160089,0.0</coordinates>
            </LineString>
        </Placemark>
        <Placemark id="15715">
            <name>Jalan Jakarta</name>
            <styleUrl>#15716</styleUrl>
            <LineString id="15714">
                <coordinates>107.6357903,-6.914575,0.0 107.6357337,-6.9145811,0.0 107.6356898,-6.9145768,0.0 107.6356137,-6.9145582,0.0 107.6354322,-6.914512,0.0 107.6352266,-6.9144508,0.0 107.6348552,-6.9143329,0.0</coordinates>
            </LineString>
        </Placemark>
        <Placemark id="15719">
            <name>Jalan Asia Afrika</name>
            <styleUrl>#15720</styleUrl>
            <LineString id="15718">
                <coordinates>107.6094601,-6.9214117,0.0 107.6092801,-6.921392,0.0 107.6090723,-6.9213678,0.0 107.6088911,-6.921347,0.0 107.6087921,-6.9213346,0.0 107.6082723,-6.9212776,0.0 107.6080497,-6.9212529,0.0 107.6077961,-6.9212245,0.0</coordinates>
            </LineString>
        </Placemark>
        <Placemark id="15723">
            <name>Jalan Jenderal Gatot Subroto</name>
            <styleUrl>#15724</styleUrl>
            <LineString id="15722">
                <coordinates>107.6277936,-6.9246112,0.0 107.6276371,-6.9245722,0.0</coordinates>
            </LineString>
        </Placemark>
        <Placemark id="15727">
            <name>Jalan Jenderal Gatot Subroto</name>
            <styleUrl>#15728</styleUrl>
            <LineString id="15726">
                <coordinates>107.6279789,-6.9246573,0.0 107.6278534,-6.9246249,0.0 107.6278411,-6.9246233,0.0 107.6277936,-6.9246112,0.0</coordinates>
            </LineString>
        </Placemark>
        <Placemark id="15731">
            <name>Jalan R.A.A. Martanegara</name>
            <styleUrl>#15732</styleUrl>
            <LineString id="15730">
                <coordinates>107.6257675,-6.932523,0.0 107.6258314,-6.9325903,0.0 107.6258765,-6.9326144,0.0 107.626038,-6.9326675,0.0 107.6261518,-6.9327082,0.0 107.6262334,-6.9327732,0.0</coordinates>
            </LineString>
        </Placemark>
        <Placemark id="15735">
            <name>Jalan Sukabumi</name>
            <styleUrl>#15736</styleUrl>
            <LineString id="15734">
                <coordinates>107.6347173,-6.914512,0.0 107.634483,-6.9157469,0.0 107.6344729,-6.9158077,0.0 107.634447,-6.9159625,0.0</coordinates>
            </LineString>
        </Placemark>
        <Placemark id="15739">
            <name>Jalan R.A.A. Martanegara</name>
            <styleUrl>#15740</styleUrl>
            <LineString id="15738">
                <coordinates>107.6256947,-6.9324168,0.0 107.6257675,-6.932523,0.0</coordinates>
            </LineString>
        </Placemark>
        <Placemark id="15743">
            <name>Jalan Jenderal Gatot Subroto</name>
            <styleUrl>#15744</styleUrl>
            <LineString id="15742">
                <coordinates>107.6284463,-6.9247644,0.0 107.6279789,-6.9246573,0.0</coordinates>
            </LineString>
        </Placemark>
        <Placemark id="15747">
            <name>Jalan Sasak Gantung</name>
            <styleUrl>#15748</styleUrl>
            <LineString id="15746">
                <coordinates>107.6071427,-6.9257843,0.0 107.6078076,-6.9258549,0.0 107.6078656,-6.9258625,0.0 107.6082439,-6.9259119,0.0 107.6087809,-6.9259738,0.0</coordinates>
            </LineString>
        </Placemark>
        <Placemark id="15751">
            <name>Jalan Sukabumi</name>
            <styleUrl>#15752</styleUrl>
            <LineString id="15750">
                <coordinates>107.6339445,-6.9173179,0.0 107.6337948,-6.9174252,0.0</coordinates>
            </LineString>
        </Placemark>
        <Placemark id="15755">
            <name>Jalan Sukabumi</name>
            <styleUrl>#15756</styleUrl>
            <LineString id="15754">
                <coordinates>107.634447,-6.9159625,0.0 107.634419,-6.9161223,0.0</coordinates>
            </LineString>
        </Placemark>
        <Placemark id="15759">
            <name>Jalan Suniaraja</name>
            <styleUrl>#15760</styleUrl>
            <LineString id="15758">
                <coordinates>107.6031079,-6.9160834,0.0 107.60326,-6.9160638,0.0 107.6040403,-6.915928,0.0 107.6043695,-6.9158689,0.0 107.6045054,-6.9158364,0.0</coordinates>
            </LineString>
        </Placemark>
        <Placemark id="15763">
            <name>Jalan Jenderal Ahmad Yani</name>
            <styleUrl>#15764</styleUrl>
            <LineString id="15762">
                <coordinates>107.6333413,-6.9139888,0.0 107.6333677,-6.9139334,0.0 107.6333958,-6.9139024,0.0 107.6334392,-6.9138763,0.0 107.6337931,-6.9136907,0.0</coordinates>
            </LineString>
        </Placemark>
        <Placemark id="15767">
            <name>Jalan H. Ibrahim Adjie</name>
            <styleUrl>#15768</styleUrl>
            <LineString id="15766">
                <coordinates>107.6433224,-6.9094595,0.0 107.6433364,-6.9096111,0.0 107.6433703,-6.9099716,0.0</coordinates>
            </LineString>
        </Placemark>
        <Placemark id="15771">
            <name>Jalan Turangga</name>
            <styleUrl>#15772</styleUrl>
            <LineString id="15770">
                <coordinates>107.6338825,-6.9343972,0.0 107.6339321,-6.9342955,0.0 107.6339467,-6.9342632,0.0 107.6340607,-6.9339893,0.0 107.6341116,-6.9338668,0.0 107.6342774,-6.9335348,0.0 107.6345227,-6.9330865,0.0 107.6345527,-6.9330294,0.0 107.6346375,-6.9328351,0.0 107.6346984,-6.9326057,0.0 107.6348134,-6.9321597,0.0 107.6348227,-6.9321233,0.0</coordinates>
            </LineString>
        </Placemark>
        <Placemark id="15775">
            <name>Jalan Jenderal Gatot Subroto</name>
            <styleUrl>#15776</styleUrl>
            <LineString id="15774">
                <coordinates>107.633548,-6.9263466,0.0 107.6334031,-6.9262659,0.0</coordinates>
            </LineString>
        </Placemark>
        <Placemark id="15779">
            <name>Jalan Sukabumi</name>
            <styleUrl>#15780</styleUrl>
            <LineString id="15778">
                <coordinates>107.6341961,-6.9170831,0.0 107.6340932,-6.917204,0.0 107.6339445,-6.9173179,0.0</coordinates>
            </LineString>
        </Placemark>
        <Placemark id="15783">
            <name>Jalan Laswi</name>
            <styleUrl>#15784</styleUrl>
            <LineString id="15782">
                <coordinates>107.6288204,-6.9229136,0.0 107.6289665,-6.9228357,0.0 107.6291932,-6.9227271,0.0</coordinates>
            </LineString>
        </Placemark>
        <Placemark id="15787">
            <name>Jalan Laswi</name>
            <styleUrl>#15788</styleUrl>
            <LineString id="15786">
                <coordinates>107.6291932,-6.9227271,0.0 107.6294774,-6.9225864,0.0 107.6301417,-6.9222589,0.0 107.630297,-6.9221614,0.0 107.6303896,-6.9220755,0.0 107.6304543,-6.9219897,0.0 107.630505,-6.9219065,0.0</coordinates>
            </LineString>
        </Placemark>
        <Placemark id="15791">
            <name>Jalan Otto Iskandardinata</name>
            <styleUrl>#15792</styleUrl>
            <LineString id="15790">
                <coordinates>107.6043506,-6.917436,0.0 107.6043216,-6.9177621,0.0 107.6042891,-6.9181663,0.0 107.6042799,-6.9182744,0.0</coordinates>
            </LineString>
        </Placemark>
        <Placemark id="15795">
            <name>Jalan Lodaya</name>
            <styleUrl>#15796</styleUrl>
            <LineString id="15794">
                <coordinates>107.619522,-6.9280484,0.0 107.6195924,-6.9285248,0.0 107.6195718,-6.9286068,0.0</coordinates>
            </LineString>
        </Placemark>
        <Placemark id="15799">
            <name>Jalan Haji Mesri</name>
            <styleUrl>#15800</styleUrl>
            <LineString id="15798">
                <coordinates>107.5994985,-6.9089924,0.0 107.6000525,-6.9089632,0.0 107.6001763,-6.9089589,0.0 107.6003913,-6.9089512,0.0 107.6004587,-6.9089484,0.0 107.6007808,-6.9089356,0.0 107.6008146,-6.9089442,0.0</coordinates>
            </LineString>
        </Placemark>
        <Placemark id="15803">
            <name>Jalan HOS. Cokroaminoto</name>
            <styleUrl>#15804</styleUrl>
            <LineString id="15802">
                <coordinates>107.5980758,-6.9134531,0.0 107.5981284,-6.913989,0.0 107.5981313,-6.9140657,0.0 107.5981313,-6.9141206,0.0</coordinates>
            </LineString>
        </Placemark>
        <Placemark id="15807">
            <name>Jalan HOS. Cokroaminoto</name>
            <styleUrl>#15808</styleUrl>
            <LineString id="15806">
                <coordinates>107.5980724,-6.9134153,0.0 107.5980758,-6.9134531,0.0</coordinates>
            </LineString>
        </Placemark>
        <Placemark id="15811">
            <name>Jalan Jenderal Ahmad Yani</name>
            <styleUrl>#15812</styleUrl>
            <LineString id="15810">
                <coordinates>107.6300393,-6.9157014,0.0 107.630088,-6.9156756,0.0 107.6303085,-6.9155587,0.0</coordinates>
            </LineString>
        </Placemark>
        <Placemark id="15815">
            <name>Jalan Laswi</name>
            <styleUrl>#15816</styleUrl>
            <LineString id="15814">
                <coordinates>107.6299922,-6.9158161,0.0 107.6299627,-6.9157488,0.0</coordinates>
            </LineString>
        </Placemark>
        <Placemark id="15819">
            <name>Jalan Lodaya</name>
            <styleUrl>#15820</styleUrl>
            <LineString id="15818">
                <coordinates>107.6252506,-6.9322109,0.0 107.6253502,-6.9322173,0.0 107.6254228,-6.9322425,0.0</coordinates>
            </LineString>
        </Placemark>
        <Placemark id="15823">
            <name>Jalan Laswi</name>
            <styleUrl>#15824</styleUrl>
            <LineString id="15822">
                <coordinates>107.6276371,-6.9245722,0.0 107.6276565,-6.9244917,0.0</coordinates>
            </LineString>
        </Placemark>
        <Placemark id="15827">
            <name>Jalan Laswi</name>
            <styleUrl>#15828</styleUrl>
            <LineString id="15826">
                <coordinates>107.6310227,-6.9199664,0.0 107.631071,-6.9197854,0.0 107.6313572,-6.9186866,0.0</coordinates>
            </LineString>
        </Placemark>
        <Placemark id="15831">
            <name>Jalan ABC</name>
            <styleUrl>#15832</styleUrl>
            <LineString id="15830">
                <coordinates>107.6048398,-6.9184569,0.0 107.6054461,-6.9186544,0.0</coordinates>
            </LineString>
        </Placemark>
        <Placemark id="15835">
            <name>Jalan Pajajaran</name>
            <styleUrl>#15836</styleUrl>
            <LineString id="15834">
                <coordinates>107.5930436,-6.9070358,0.0 107.592893,-6.9070548,0.0 107.5928538,-6.9070598,0.0 107.5926825,-6.9070846,0.0 107.5925401,-6.9070991,0.0 107.5923942,-6.9071118,0.0 107.592239,-6.9071272,0.0 107.5920701,-6.9071489,0.0</coordinates>
            </LineString>
        </Placemark>
        <Placemark id="15839">
            <name>Jalan Arjuna</name>
            <styleUrl>#15840</styleUrl>
            <LineString id="15838">
                <coordinates>107.5894511,-6.9112342,0.0 107.5894655,-6.9112418,0.0 107.5894771,-6.9112533,0.0</coordinates>
            </LineString>
        </Placemark>
        <Placemark id="15843">
            <name>Jalan Suniaraja</name>
            <styleUrl>#15844</styleUrl>
            <LineString id="15842">
                <coordinates>107.6022008,-6.9161702,0.0 107.6023308,-6.916154,0.0 107.6024325,-6.9161432,0.0</coordinates>
            </LineString>
        </Placemark>
        <Placemark id="15847">
            <name>Jalan R.A.A. Martanegara</name>
            <styleUrl>#15848</styleUrl>
            <LineString id="15846">
                <coordinates>107.6325931,-6.9343034,0.0 107.632626,-6.9342645,0.0 107.6326614,-6.9342515,0.0 107.6327072,-6.9342443,0.0 107.6327216,-6.934244,0.0 107.6336699,-6.93437,0.0 107.6337971,-6.934385,0.0 107.6338825,-6.9343972,0.0</coordinates>
            </LineString>
        </Placemark>
        <Placemark id="15851">
            <name>Jalan R.A.A. Martanegara</name>
            <styleUrl>#15852</styleUrl>
            <LineString id="15850">
                <coordinates>107.6262334,-6.9327732,0.0 107.6264059,-6.9328203,0.0 107.626494,-6.9328449,0.0 107.6266861,-6.9328918,0.0 107.6267628,-6.9329091,0.0 107.6272158,-6.9330278,0.0</coordinates>
            </LineString>
        </Placemark>
        <Placemark id="15855">
            <name>Jalan Layang Ciroyom</name>
            <styleUrl>#15856</styleUrl>
            <LineString id="15854">
                <coordinates>107.5869574,-6.9132909,0.0 107.587254,-6.913434,0.0</coordinates>
            </LineString>
        </Placemark>
        <Placemark id="15859">
            <name>Jalan Layang Ciroyom</name>
            <styleUrl>#15860</styleUrl>
            <LineString id="15858">
                <coordinates>107.5893166,-6.9121005,0.0 107.5893455,-6.911919,0.0</coordinates>
            </LineString>
        </Placemark>
        <Placemark id="15863">
            <name>Jalan Layang Ciroyom</name>
            <styleUrl>#15864</styleUrl>
            <LineString id="15862">
                <coordinates>107.587254,-6.913434,0.0 107.588191,-6.9137939,0.0 107.588437,-6.9138722,0.0 107.5885401,-6.9138874,0.0 107.5886196,-6.9138868,0.0 107.588728,-6.9138625,0.0 107.5888188,-6.9138239,0.0 107.588893,-6.9137668,0.0 107.5889601,-6.9136911,0.0 107.5890025,-6.9136299,0.0 107.5890418,-6.9135555,0.0 107.5890796,-6.9134472,0.0 107.5890983,-6.9133449,0.0 107.5891155,-6.9132456,0.0 107.5893166,-6.9121005,0.0</coordinates>
            </LineString>
        </Placemark>
        <Placemark id="15867">
            <name>Jalan Garuda</name>
            <styleUrl>#15868</styleUrl>
            <LineString id="15866">
                <coordinates>107.5780214,-6.9117553,0.0 107.5780145,-6.9117904,0.0 107.578003,-6.9118487,0.0 107.5779564,-6.9120857,0.0 107.5779077,-6.9123395,0.0 107.5778207,-6.9127137,0.0 107.5778075,-6.9127704,0.0 107.5776241,-6.9135596,0.0 107.5776188,-6.9135881,0.0 107.5776073,-6.9136496,0.0</coordinates>
            </LineString>
        </Placemark>
        <Placemark id="15871">
            <name>Jalan Pajajaran</name>
            <styleUrl>#15872</styleUrl>
            <LineString id="15870">
                <coordinates>107.5975495,-6.9063779,0.0 107.5975809,-6.9063901,0.0 107.5976087,-6.9064051,0.0 107.5976387,-6.9064293,0.0</coordinates>
            </LineString>
        </Placemark>
        <Placemark id="15875">
            <name>Jalan Laswi</name>
            <styleUrl>#15876</styleUrl>
            <LineString id="15874">
                <coordinates>107.6313572,-6.9186866,0.0 107.6313458,-6.9186198,0.0</coordinates>
            </LineString>
        </Placemark>
        <Placemark id="15879">
            <name>Jalan Sukabumi</name>
            <styleUrl>#15880</styleUrl>
            <LineString id="15878">
                <coordinates>107.6337948,-6.9174252,0.0 107.6337656,-6.9174454,0.0 107.6330451,-6.9178143,0.0 107.6324739,-6.9181019,0.0</coordinates>
            </LineString>
        </Placemark>
        <Placemark id="15883">
            <name>Jalan Layang Ciroyom</name>
            <styleUrl>#15884</styleUrl>
            <LineString id="15882">
                <coordinates>107.5867539,-6.9131493,0.0 107.5868152,-6.9131915,0.0 107.5868754,-6.9132297,0.0 107.5869574,-6.9132909,0.0</coordinates>
            </LineString>
        </Placemark>
        <Placemark id="15887">
            <name>Jalan Layang Ciroyom</name>
            <styleUrl>#15888</styleUrl>
            <LineString id="15886">
                <coordinates>107.5893455,-6.911919,0.0 107.589345,-6.9118194,0.0 107.5893383,-6.9117366,0.0</coordinates>
            </LineString>
        </Placemark>
        <Placemark id="15891">
            <name>Jalan Arjuna</name>
            <styleUrl>#15892</styleUrl>
            <LineString id="15890">
                <coordinates>107.5893951,-6.9113257,0.0 107.589384,-6.9113111,0.0 107.5893783,-6.9112937,0.0</coordinates>
            </LineString>
        </Placemark>
        <Placemark id="15895">
            <name>Jalan Jakarta</name>
            <styleUrl>#15896</styleUrl>
            <LineString id="15894">
                <coordinates>107.6434317,-6.9138202,0.0 107.6429791,-6.9138756,0.0</coordinates>
            </LineString>
        </Placemark>
        <Placemark id="15899">
            <name>Jalan Arjuna</name>
            <styleUrl>#15900</styleUrl>
            <LineString id="15898">
                <coordinates>107.5893383,-6.9117366,0.0 107.5893578,-6.9116214,0.0 107.5893778,-6.911519,0.0 107.589394,-6.9114111,0.0 107.5893951,-6.9113257,0.0</coordinates>
            </LineString>
        </Placemark>
        <Placemark id="15903">
            <name>Jalan Ciroyom</name>
            <styleUrl>#15904</styleUrl>
            <LineString id="15902">
                <coordinates>107.5858255,-6.912692,0.0 107.585893,-6.9127104,0.0 107.5859605,-6.9127241,0.0 107.5860131,-6.9127328,0.0 107.5860552,-6.9127416,0.0 107.586119,-6.9127619,0.0</coordinates>
            </LineString>
        </Placemark>
        <Placemark id="15907">
            <name>Jalan Ciroyom</name>
            <styleUrl>#15908</styleUrl>
            <LineString id="15906">
                <coordinates>107.586119,-6.9127619,0.0 107.5867539,-6.9131493,0.0</coordinates>
            </LineString>
        </Placemark>
        <Placemark id="15911">
            <name>Jalan HOS. Cokroaminoto</name>
            <styleUrl>#15912</styleUrl>
            <LineString id="15910">
                <coordinates>107.5982691,-6.91619,0.0 107.5983153,-6.9162595,0.0 107.598357,-6.9162838,0.0 107.5984551,-6.9163007,0.0</coordinates>
            </LineString>
        </Placemark>
        <Placemark id="15915">
            <name>Jalan Rajawali Barat</name>
            <styleUrl>#15916</styleUrl>
            <LineString id="15914">
                <coordinates>107.5753653,-6.9129722,0.0 107.5754115,-6.9129902,0.0 107.5755013,-6.9130253,0.0 107.575721,-6.9131092,0.0</coordinates>
            </LineString>
        </Placemark>
        <Placemark id="15919">
            <name>Jalan Lodaya</name>
            <styleUrl>#15920</styleUrl>
            <LineString id="15918">
                <coordinates>107.6252034,-6.9321877,0.0 107.6252506,-6.9322109,0.0</coordinates>
            </LineString>
        </Placemark>
        <Placemark id="15923">
            <name>Jalan ABC</name>
            <styleUrl>#15924</styleUrl>
            <LineString id="15922">
                <coordinates>107.6042799,-6.9182744,0.0 107.6043277,-6.91829,0.0 107.6043619,-6.9183012,0.0 107.6044656,-6.918335,0.0 107.6048398,-6.9184569,0.0</coordinates>
            </LineString>
        </Placemark>
        <Placemark id="15927">
            <name>Jalan Maleber Utara</name>
            <styleUrl>#15928</styleUrl>
            <LineString id="15926">
                <coordinates>107.5790233,-6.9079984,0.0 107.5790861,-6.9080411,0.0 107.5791212,-6.9080671,0.0 107.5791281,-6.9080803,0.0 107.5791321,-6.908099,0.0 107.5791287,-6.9081131,0.0</coordinates>
            </LineString>
        </Placemark>
        <Placemark id="15931">
            <name>Jalan Arjuna</name>
            <styleUrl>#15932</styleUrl>
            <LineString id="15930">
                <coordinates>107.5917513,-6.9087742,0.0 107.5917888,-6.9087296,0.0</coordinates>
            </LineString>
        </Placemark>
        <Placemark id="15935">
            <name>Jalan Arjuna</name>
            <styleUrl>#15936</styleUrl>
            <LineString id="15934">
                <coordinates>107.5917888,-6.9087296,0.0 107.5919303,-6.908541,0.0 107.5923855,-6.9079342,0.0</coordinates>
            </LineString>
        </Placemark>
        <Placemark id="15939">
            <name>Jalan Arjuna</name>
            <styleUrl>#15940</styleUrl>
            <LineString id="15938">
                <coordinates>107.5923855,-6.9079342,0.0 107.5924594,-6.9078306,0.0</coordinates>
            </LineString>
        </Placemark>
        <Placemark id="15943">
            <name>Jalan Arjuna</name>
            <styleUrl>#15944</styleUrl>
            <LineString id="15942">
                <coordinates>107.5924594,-6.9078306,0.0 107.5926308,-6.9075901,0.0</coordinates>
            </LineString>
        </Placemark>
        <Placemark id="15947">
            <name>Jalan Kebon Kawung</name>
            <styleUrl>#15948</styleUrl>
            <LineString id="15946">
                <coordinates>107.6006435,-6.9124749,0.0 107.6002224,-6.9124495,0.0</coordinates>
            </LineString>
        </Placemark>
        <Placemark id="15951">
            <name>Jalan Kebon Kawung</name>
            <styleUrl>#15952</styleUrl>
            <LineString id="15950">
                <coordinates>107.6002224,-6.9124495,0.0 107.6000202,-6.912439,0.0</coordinates>
            </LineString>
        </Placemark>
        <Placemark id="15955">
            <name>Jalan Kebon Kawung</name>
            <styleUrl>#15956</styleUrl>
            <LineString id="15954">
                <coordinates>107.6000202,-6.912439,0.0 107.5993874,-6.9123994,0.0</coordinates>
            </LineString>
        </Placemark>
        <Placemark id="15959">
            <name>Jalan Kebon Kawung</name>
            <styleUrl>#15960</styleUrl>
            <LineString id="15958">
                <coordinates>107.5993874,-6.9123994,0.0 107.5990408,-6.912374,0.0 107.5990132,-6.912372,0.0</coordinates>
            </LineString>
        </Placemark>
        <Placemark id="15963">
            <name>Jalan Kebon Kawung</name>
            <styleUrl>#15964</styleUrl>
            <LineString id="15962">
                <coordinates>107.5990132,-6.912372,0.0 107.5982527,-6.912368,0.0</coordinates>
            </LineString>
        </Placemark>
        <Placemark id="15967">
            <name>Jalan Asia Afrika</name>
            <styleUrl>#15968</styleUrl>
            <LineString id="15966">
                <coordinates>107.6098267,-6.921461,0.0 107.6097986,-6.9214572,0.0 107.6094601,-6.9214117,0.0</coordinates>
            </LineString>
        </Placemark>
        <Placemark id="15971">
            <name>Jalan Burangrang</name>
            <styleUrl>#15972</styleUrl>
            <LineString id="15970">
                <coordinates>107.6195135,-6.9279564,0.0 107.619522,-6.9280484,0.0</coordinates>
            </LineString>
        </Placemark>
        <Placemark id="15975">
            <name>Jalan Garuda</name>
            <styleUrl>#15976</styleUrl>
            <LineString id="15974">
                <coordinates>107.5791287,-6.9081131,0.0 107.5790983,-6.9081626,0.0</coordinates>
            </LineString>
        </Placemark>
        <Placemark id="15979">
            <name>Jalan Rajawali Timur</name>
            <styleUrl>#15980</styleUrl>
            <LineString id="15978">
                <coordinates>107.5758021,-6.913142,0.0 107.5761151,-6.9132715,0.0</coordinates>
            </LineString>
        </Placemark>
        <Placemark id="15983">
            <name>Jalan Turangga</name>
            <styleUrl>#15984</styleUrl>
            <LineString id="15982">
                <coordinates>107.6353583,-6.9300131,0.0 107.6354405,-6.9296823,0.0 107.6354571,-6.9296186,0.0 107.6355016,-6.9294512,0.0 107.6355097,-6.9294192,0.0 107.6355448,-6.9292849,0.0 107.6355557,-6.9292433,0.0 107.6355813,-6.9291539,0.0</coordinates>
            </LineString>
        </Placemark>
        <Placemark id="15987">
            <name>Jalan Turangga</name>
            <styleUrl>#15988</styleUrl>
            <LineString id="15986">
                <coordinates>107.6355813,-6.9291539,0.0 107.6356061,-6.9290657,0.0 107.6357588,-6.9285046,0.0 107.6358294,-6.9281885,0.0 107.6359524,-6.9277105,0.0 107.635966,-6.9276578,0.0</coordinates>
            </LineString>
        </Placemark>
        <Placemark id="15991">
            <name>Jalan Lodaya</name>
            <styleUrl>#15992</styleUrl>
            <LineString id="15990">
                <coordinates>107.619745,-6.9297243,0.0 107.6197636,-6.9297198,0.0 107.6197827,-6.9297212,0.0 107.6198003,-6.9297285,0.0 107.6198148,-6.9297409,0.0 107.6198247,-6.9297572,0.0 107.6198289,-6.9297757,0.0 107.6198267,-6.929796,0.0 107.6198226,-6.9298046,0.0</coordinates>
            </LineString>
        </Placemark>
        <Placemark id="15995">
            <name>Jalan Jenderal Ahmad Yani</name>
            <styleUrl>#15996</styleUrl>
            <LineString id="15994">
                <coordinates>107.6373187,-6.9118909,0.0 107.6374263,-6.9118346,0.0</coordinates>
            </LineString>
        </Placemark>
        <Placemark id="15999">
            <name>Jalan Jenderal Ahmad Yani</name>
            <styleUrl>#16000</styleUrl>
            <LineString id="15998">
                <coordinates>107.6346004,-6.9133622,0.0 107.6348701,-6.9132101,0.0 107.6350944,-6.9130848,0.0 107.6360221,-6.9125878,0.0 107.6362555,-6.9124665,0.0 107.6363636,-6.912405,0.0 107.6365694,-6.9123013,0.0 107.6367997,-6.9121741,0.0 107.6368611,-6.91214,0.0 107.6370716,-6.9120251,0.0 107.6372585,-6.9119218,0.0 107.6373187,-6.9118909,0.0</coordinates>
            </LineString>
        </Placemark>
    </Document>
</kml>
