<?xml version="1.0" encoding="UTF-8"?>
<kml xmlns="http://www.opengis.net/kml/2.2" xmlns:gx="http://www.google.com/kml/ext/2.2">
    <Document id="14154">
        <Style id="14160">
            <IconStyle id="14161">
                <colorMode>normal</colorMode>
                <scale>1</scale>
                <heading>0</heading>
                <Icon id="14162">
                    <href>http://maps.google.com/mapfiles/kml/pushpin/ylw-pushpin.png</href>
                </Icon>
            </IconStyle>
        </Style>
        <Style id="14165">
            <IconStyle id="14166">
                <colorMode>normal</colorMode>
                <scale>1</scale>
                <heading>0</heading>
                <Icon id="14167">
                    <href>http://maps.google.com/mapfiles/kml/pushpin/ylw-pushpin.png</href>
                </Icon>
            </IconStyle>
        </Style>
        <Style id="14170">
            <IconStyle id="14171">
                <colorMode>normal</colorMode>
                <scale>1</scale>
                <heading>0</heading>
                <Icon id="14172">
                    <href>http://maps.google.com/mapfiles/kml/pushpin/ylw-pushpin.png</href>
                </Icon>
            </IconStyle>
        </Style>
        <Style id="14175">
            <IconStyle id="14176">
                <colorMode>normal</colorMode>
                <scale>1</scale>
                <heading>0</heading>
                <Icon id="14177">
                    <href>http://maps.google.com/mapfiles/kml/pushpin/ylw-pushpin.png</href>
                </Icon>
            </IconStyle>
        </Style>
        <Style id="14180">
            <IconStyle id="14181">
                <colorMode>normal</colorMode>
                <scale>1</scale>
                <heading>0</heading>
                <Icon id="14182">
                    <href>http://maps.google.com/mapfiles/kml/pushpin/ylw-pushpin.png</href>
                </Icon>
            </IconStyle>
        </Style>
        <Style id="14185">
            <IconStyle id="14186">
                <colorMode>normal</colorMode>
                <scale>1</scale>
                <heading>0</heading>
                <Icon id="14187">
                    <href>http://maps.google.com/mapfiles/kml/pushpin/ylw-pushpin.png</href>
                </Icon>
            </IconStyle>
        </Style>
        <Style id="14190">
            <IconStyle id="14191">
                <colorMode>normal</colorMode>
                <scale>1</scale>
                <heading>0</heading>
                <Icon id="14192">
                    <href>http://maps.google.com/mapfiles/kml/pushpin/ylw-pushpin.png</href>
                </Icon>
            </IconStyle>
        </Style>
        <Style id="14195">
            <IconStyle id="14196">
                <colorMode>normal</colorMode>
                <scale>1</scale>
                <heading>0</heading>
                <Icon id="14197">
                    <href>http://maps.google.com/mapfiles/kml/pushpin/ylw-pushpin.png</href>
                </Icon>
            </IconStyle>
        </Style>
        <Style id="14200">
            <IconStyle id="14201">
                <colorMode>normal</colorMode>
                <scale>1</scale>
                <heading>0</heading>
                <Icon id="14202">
                    <href>http://maps.google.com/mapfiles/kml/pushpin/ylw-pushpin.png</href>
                </Icon>
            </IconStyle>
        </Style>
        <Style id="14205">
            <IconStyle id="14206">
                <colorMode>normal</colorMode>
                <scale>1</scale>
                <heading>0</heading>
                <Icon id="14207">
                    <href>http://maps.google.com/mapfiles/kml/pushpin/ylw-pushpin.png</href>
                </Icon>
            </IconStyle>
        </Style>
        <Style id="14210">
            <IconStyle id="14211">
                <colorMode>normal</colorMode>
                <scale>1</scale>
                <heading>0</heading>
                <Icon id="14212">
                    <href>http://maps.google.com/mapfiles/kml/pushpin/ylw-pushpin.png</href>
                </Icon>
            </IconStyle>
        </Style>
        <Style id="14215">
            <IconStyle id="14216">
                <colorMode>normal</colorMode>
                <scale>1</scale>
                <heading>0</heading>
                <Icon id="14217">
                    <href>http://maps.google.com/mapfiles/kml/pushpin/ylw-pushpin.png</href>
                </Icon>
            </IconStyle>
        </Style>
        <Style id="14220">
            <IconStyle id="14221">
                <colorMode>normal</colorMode>
                <scale>1</scale>
                <heading>0</heading>
                <Icon id="14222">
                    <href>http://maps.google.com/mapfiles/kml/pushpin/ylw-pushpin.png</href>
                </Icon>
            </IconStyle>
        </Style>
        <Style id="14225">
            <IconStyle id="14226">
                <colorMode>normal</colorMode>
                <scale>1</scale>
                <heading>0</heading>
                <Icon id="14227">
                    <href>http://maps.google.com/mapfiles/kml/pushpin/ylw-pushpin.png</href>
                </Icon>
            </IconStyle>
        </Style>
        <Style id="14230">
            <IconStyle id="14231">
                <colorMode>normal</colorMode>
                <scale>1</scale>
                <heading>0</heading>
                <Icon id="14232">
                    <href>http://maps.google.com/mapfiles/kml/pushpin/ylw-pushpin.png</href>
                </Icon>
            </IconStyle>
        </Style>
        <Style id="14235">
            <IconStyle id="14236">
                <colorMode>normal</colorMode>
                <scale>1</scale>
                <heading>0</heading>
                <Icon id="14237">
                    <href>http://maps.google.com/mapfiles/kml/pushpin/ylw-pushpin.png</href>
                </Icon>
            </IconStyle>
        </Style>
        <Style id="14240">
            <IconStyle id="14241">
                <colorMode>normal</colorMode>
                <scale>1</scale>
                <heading>0</heading>
                <Icon id="14242">
                    <href>http://maps.google.com/mapfiles/kml/pushpin/ylw-pushpin.png</href>
                </Icon>
            </IconStyle>
        </Style>
        <Style id="14245">
            <IconStyle id="14246">
                <colorMode>normal</colorMode>
                <scale>1</scale>
                <heading>0</heading>
                <Icon id="14247">
                    <href>http://maps.google.com/mapfiles/kml/pushpin/ylw-pushpin.png</href>
                </Icon>
            </IconStyle>
        </Style>
        <Style id="14250">
            <IconStyle id="14251">
                <colorMode>normal</colorMode>
                <scale>1</scale>
                <heading>0</heading>
                <Icon id="14252">
                    <href>http://maps.google.com/mapfiles/kml/pushpin/ylw-pushpin.png</href>
                </Icon>
            </IconStyle>
        </Style>
        <Style id="14255">
            <IconStyle id="14256">
                <colorMode>normal</colorMode>
                <scale>1</scale>
                <heading>0</heading>
                <Icon id="14257">
                    <href>http://maps.google.com/mapfiles/kml/pushpin/ylw-pushpin.png</href>
                </Icon>
            </IconStyle>
        </Style>
        <Style id="14260">
            <IconStyle id="14261">
                <colorMode>normal</colorMode>
                <scale>1</scale>
                <heading>0</heading>
                <Icon id="14262">
                    <href>http://maps.google.com/mapfiles/kml/pushpin/ylw-pushpin.png</href>
                </Icon>
            </IconStyle>
        </Style>
        <Style id="14265">
            <IconStyle id="14266">
                <colorMode>normal</colorMode>
                <scale>1</scale>
                <heading>0</heading>
                <Icon id="14267">
                    <href>http://maps.google.com/mapfiles/kml/pushpin/ylw-pushpin.png</href>
                </Icon>
            </IconStyle>
        </Style>
        <Style id="14270">
            <IconStyle id="14271">
                <colorMode>normal</colorMode>
                <scale>1</scale>
                <heading>0</heading>
                <Icon id="14272">
                    <href>http://maps.google.com/mapfiles/kml/pushpin/ylw-pushpin.png</href>
                </Icon>
            </IconStyle>
        </Style>
        <Style id="14275">
            <IconStyle id="14276">
                <colorMode>normal</colorMode>
                <scale>1</scale>
                <heading>0</heading>
                <Icon id="14277">
                    <href>http://maps.google.com/mapfiles/kml/pushpin/ylw-pushpin.png</href>
                </Icon>
            </IconStyle>
        </Style>
        <Style id="14280">
            <IconStyle id="14281">
                <colorMode>normal</colorMode>
                <scale>1</scale>
                <heading>0</heading>
                <Icon id="14282">
                    <href>http://maps.google.com/mapfiles/kml/pushpin/ylw-pushpin.png</href>
                </Icon>
            </IconStyle>
        </Style>
        <Style id="14285">
            <IconStyle id="14286">
                <colorMode>normal</colorMode>
                <scale>1</scale>
                <heading>0</heading>
                <Icon id="14287">
                    <href>http://maps.google.com/mapfiles/kml/pushpin/ylw-pushpin.png</href>
                </Icon>
            </IconStyle>
        </Style>
        <Style id="14290">
            <IconStyle id="14291">
                <colorMode>normal</colorMode>
                <scale>1</scale>
                <heading>0</heading>
                <Icon id="14292">
                    <href>http://maps.google.com/mapfiles/kml/pushpin/ylw-pushpin.png</href>
                </Icon>
            </IconStyle>
        </Style>
        <Style id="14295">
            <IconStyle id="14296">
                <colorMode>normal</colorMode>
                <scale>1</scale>
                <heading>0</heading>
                <Icon id="14297">
                    <href>http://maps.google.com/mapfiles/kml/pushpin/ylw-pushpin.png</href>
                </Icon>
            </IconStyle>
        </Style>
        <Style id="14300">
            <IconStyle id="14301">
                <colorMode>normal</colorMode>
                <scale>1</scale>
                <heading>0</heading>
                <Icon id="14302">
                    <href>http://maps.google.com/mapfiles/kml/pushpin/ylw-pushpin.png</href>
                </Icon>
            </IconStyle>
        </Style>
        <Style id="14305">
            <IconStyle id="14306">
                <colorMode>normal</colorMode>
                <scale>1</scale>
                <heading>0</heading>
                <Icon id="14307">
                    <href>http://maps.google.com/mapfiles/kml/pushpin/ylw-pushpin.png</href>
                </Icon>
            </IconStyle>
        </Style>
        <Style id="14310">
            <IconStyle id="14311">
                <colorMode>normal</colorMode>
                <scale>1</scale>
                <heading>0</heading>
                <Icon id="14312">
                    <href>http://maps.google.com/mapfiles/kml/pushpin/ylw-pushpin.png</href>
                </Icon>
            </IconStyle>
        </Style>
        <Style id="14315">
            <IconStyle id="14316">
                <colorMode>normal</colorMode>
                <scale>1</scale>
                <heading>0</heading>
                <Icon id="14317">
                    <href>http://maps.google.com/mapfiles/kml/pushpin/ylw-pushpin.png</href>
                </Icon>
            </IconStyle>
        </Style>
        <Style id="14320">
            <IconStyle id="14321">
                <colorMode>normal</colorMode>
                <scale>1</scale>
                <heading>0</heading>
                <Icon id="14322">
                    <href>http://maps.google.com/mapfiles/kml/pushpin/ylw-pushpin.png</href>
                </Icon>
            </IconStyle>
        </Style>
        <Style id="14325">
            <IconStyle id="14326">
                <colorMode>normal</colorMode>
                <scale>1</scale>
                <heading>0</heading>
                <Icon id="14327">
                    <href>http://maps.google.com/mapfiles/kml/pushpin/ylw-pushpin.png</href>
                </Icon>
            </IconStyle>
        </Style>
        <Style id="14330">
            <IconStyle id="14331">
                <colorMode>normal</colorMode>
                <scale>1</scale>
                <heading>0</heading>
                <Icon id="14332">
                    <href>http://maps.google.com/mapfiles/kml/pushpin/ylw-pushpin.png</href>
                </Icon>
            </IconStyle>
        </Style>
        <Style id="14335">
            <IconStyle id="14336">
                <colorMode>normal</colorMode>
                <scale>1</scale>
                <heading>0</heading>
                <Icon id="14337">
                    <href>http://maps.google.com/mapfiles/kml/pushpin/ylw-pushpin.png</href>
                </Icon>
            </IconStyle>
        </Style>
        <Style id="14340">
            <IconStyle id="14341">
                <colorMode>normal</colorMode>
                <scale>1</scale>
                <heading>0</heading>
                <Icon id="14342">
                    <href>http://maps.google.com/mapfiles/kml/pushpin/ylw-pushpin.png</href>
                </Icon>
            </IconStyle>
        </Style>
        <Style id="14345">
            <IconStyle id="14346">
                <colorMode>normal</colorMode>
                <scale>1</scale>
                <heading>0</heading>
                <Icon id="14347">
                    <href>http://maps.google.com/mapfiles/kml/pushpin/ylw-pushpin.png</href>
                </Icon>
            </IconStyle>
        </Style>
        <Style id="14350">
            <IconStyle id="14351">
                <colorMode>normal</colorMode>
                <scale>1</scale>
                <heading>0</heading>
                <Icon id="14352">
                    <href>http://maps.google.com/mapfiles/kml/pushpin/ylw-pushpin.png</href>
                </Icon>
            </IconStyle>
        </Style>
        <Style id="14355">
            <IconStyle id="14356">
                <colorMode>normal</colorMode>
                <scale>1</scale>
                <heading>0</heading>
                <Icon id="14357">
                    <href>http://maps.google.com/mapfiles/kml/pushpin/ylw-pushpin.png</href>
                </Icon>
            </IconStyle>
        </Style>
        <Style id="14360">
            <IconStyle id="14361">
                <colorMode>normal</colorMode>
                <scale>1</scale>
                <heading>0</heading>
                <Icon id="14362">
                    <href>http://maps.google.com/mapfiles/kml/pushpin/ylw-pushpin.png</href>
                </Icon>
            </IconStyle>
        </Style>
        <Style id="14365">
            <IconStyle id="14366">
                <colorMode>normal</colorMode>
                <scale>1</scale>
                <heading>0</heading>
                <Icon id="14367">
                    <href>http://maps.google.com/mapfiles/kml/pushpin/ylw-pushpin.png</href>
                </Icon>
            </IconStyle>
        </Style>
        <Style id="14370">
            <IconStyle id="14371">
                <colorMode>normal</colorMode>
                <scale>1</scale>
                <heading>0</heading>
                <Icon id="14372">
                    <href>http://maps.google.com/mapfiles/kml/pushpin/ylw-pushpin.png</href>
                </Icon>
            </IconStyle>
        </Style>
        <Style id="14375">
            <IconStyle id="14376">
                <colorMode>normal</colorMode>
                <scale>1</scale>
                <heading>0</heading>
                <Icon id="14377">
                    <href>http://maps.google.com/mapfiles/kml/pushpin/ylw-pushpin.png</href>
                </Icon>
            </IconStyle>
        </Style>
        <Style id="14380">
            <IconStyle id="14381">
                <colorMode>normal</colorMode>
                <scale>1</scale>
                <heading>0</heading>
                <Icon id="14382">
                    <href>http://maps.google.com/mapfiles/kml/pushpin/ylw-pushpin.png</href>
                </Icon>
            </IconStyle>
        </Style>
        <Style id="14385">
            <IconStyle id="14386">
                <colorMode>normal</colorMode>
                <scale>1</scale>
                <heading>0</heading>
                <Icon id="14387">
                    <href>http://maps.google.com/mapfiles/kml/pushpin/ylw-pushpin.png</href>
                </Icon>
            </IconStyle>
        </Style>
        <Style id="14390">
            <IconStyle id="14391">
                <colorMode>normal</colorMode>
                <scale>1</scale>
                <heading>0</heading>
                <Icon id="14392">
                    <href>http://maps.google.com/mapfiles/kml/pushpin/ylw-pushpin.png</href>
                </Icon>
            </IconStyle>
        </Style>
        <Style id="14395">
            <IconStyle id="14396">
                <colorMode>normal</colorMode>
                <scale>1</scale>
                <heading>0</heading>
                <Icon id="14397">
                    <href>http://maps.google.com/mapfiles/kml/pushpin/ylw-pushpin.png</href>
                </Icon>
            </IconStyle>
        </Style>
        <Style id="14400">
            <IconStyle id="14401">
                <colorMode>normal</colorMode>
                <scale>1</scale>
                <heading>0</heading>
                <Icon id="14402">
                    <href>http://maps.google.com/mapfiles/kml/pushpin/ylw-pushpin.png</href>
                </Icon>
            </IconStyle>
        </Style>
        <Style id="14405">
            <IconStyle id="14406">
                <colorMode>normal</colorMode>
                <scale>1</scale>
                <heading>0</heading>
                <Icon id="14407">
                    <href>http://maps.google.com/mapfiles/kml/pushpin/ylw-pushpin.png</href>
                </Icon>
            </IconStyle>
        </Style>
        <Style id="14410">
            <IconStyle id="14411">
                <colorMode>normal</colorMode>
                <scale>1</scale>
                <heading>0</heading>
                <Icon id="14412">
                    <href>http://maps.google.com/mapfiles/kml/pushpin/ylw-pushpin.png</href>
                </Icon>
            </IconStyle>
        </Style>
        <Style id="14415">
            <IconStyle id="14416">
                <colorMode>normal</colorMode>
                <scale>1</scale>
                <heading>0</heading>
                <Icon id="14417">
                    <href>http://maps.google.com/mapfiles/kml/pushpin/ylw-pushpin.png</href>
                </Icon>
            </IconStyle>
        </Style>
        <Style id="14420">
            <IconStyle id="14421">
                <colorMode>normal</colorMode>
                <scale>1</scale>
                <heading>0</heading>
                <Icon id="14422">
                    <href>http://maps.google.com/mapfiles/kml/pushpin/ylw-pushpin.png</href>
                </Icon>
            </IconStyle>
        </Style>
        <Style id="14425">
            <IconStyle id="14426">
                <colorMode>normal</colorMode>
                <scale>1</scale>
                <heading>0</heading>
                <Icon id="14427">
                    <href>http://maps.google.com/mapfiles/kml/pushpin/ylw-pushpin.png</href>
                </Icon>
            </IconStyle>
        </Style>
        <Style id="14430">
            <IconStyle id="14431">
                <colorMode>normal</colorMode>
                <scale>1</scale>
                <heading>0</heading>
                <Icon id="14432">
                    <href>http://maps.google.com/mapfiles/kml/pushpin/ylw-pushpin.png</href>
                </Icon>
            </IconStyle>
        </Style>
        <Style id="14435">
            <IconStyle id="14436">
                <colorMode>normal</colorMode>
                <scale>1</scale>
                <heading>0</heading>
                <Icon id="14437">
                    <href>http://maps.google.com/mapfiles/kml/pushpin/ylw-pushpin.png</href>
                </Icon>
            </IconStyle>
        </Style>
        <Style id="14440">
            <LineStyle id="14441">
                <color>ff2C28C0</color>
                <colorMode>normal</colorMode>
                <width>4</width>
            </LineStyle>
        </Style>
        <Style id="14444">
            <LineStyle id="14445">
                <color>ff2C28C0</color>
                <colorMode>normal</colorMode>
                <width>4</width>
            </LineStyle>
        </Style>
        <Style id="14448">
            <LineStyle id="14449">
                <color>ff2C28C0</color>
                <colorMode>normal</colorMode>
                <width>4</width>
            </LineStyle>
        </Style>
        <Style id="14452">
            <LineStyle id="14453">
                <color>ff2C28C0</color>
                <colorMode>normal</colorMode>
                <width>4</width>
            </LineStyle>
        </Style>
        <Style id="14456">
            <LineStyle id="14457">
                <color>ff2C28C0</color>
                <colorMode>normal</colorMode>
                <width>4</width>
            </LineStyle>
        </Style>
        <Style id="14460">
            <LineStyle id="14461">
                <color>ff2C28C0</color>
                <colorMode>normal</colorMode>
                <width>4</width>
            </LineStyle>
        </Style>
        <Style id="14464">
            <LineStyle id="14465">
                <color>ff2C28C0</color>
                <colorMode>normal</colorMode>
                <width>4</width>
            </LineStyle>
        </Style>
        <Style id="14468">
            <LineStyle id="14469">
                <color>ff2C28C0</color>
                <colorMode>normal</colorMode>
                <width>4</width>
            </LineStyle>
        </Style>
        <Style id="14472">
            <LineStyle id="14473">
                <color>ff2C28C0</color>
                <colorMode>normal</colorMode>
                <width>4</width>
            </LineStyle>
        </Style>
        <Style id="14476">
            <LineStyle id="14477">
                <color>ff2C28C0</color>
                <colorMode>normal</colorMode>
                <width>4</width>
            </LineStyle>
        </Style>
        <Style id="14480">
            <LineStyle id="14481">
                <color>ff2C28C0</color>
                <colorMode>normal</colorMode>
                <width>4</width>
            </LineStyle>
        </Style>
        <Style id="14484">
            <LineStyle id="14485">
                <color>ff2C28C0</color>
                <colorMode>normal</colorMode>
                <width>4</width>
            </LineStyle>
        </Style>
        <Style id="14488">
            <LineStyle id="14489">
                <color>ff2C28C0</color>
                <colorMode>normal</colorMode>
                <width>4</width>
            </LineStyle>
        </Style>
        <Style id="14492">
            <LineStyle id="14493">
                <color>ff2C28C0</color>
                <colorMode>normal</colorMode>
                <width>4</width>
            </LineStyle>
        </Style>
        <Style id="14496">
            <LineStyle id="14497">
                <color>ff2C28C0</color>
                <colorMode>normal</colorMode>
                <width>4</width>
            </LineStyle>
        </Style>
        <Style id="14500">
            <LineStyle id="14501">
                <color>ff2C28C0</color>
                <colorMode>normal</colorMode>
                <width>4</width>
            </LineStyle>
        </Style>
        <Style id="14504">
            <LineStyle id="14505">
                <color>ff2C28C0</color>
                <colorMode>normal</colorMode>
                <width>4</width>
            </LineStyle>
        </Style>
        <Style id="14508">
            <LineStyle id="14509">
                <color>ff2C28C0</color>
                <colorMode>normal</colorMode>
                <width>4</width>
            </LineStyle>
        </Style>
        <Style id="14512">
            <LineStyle id="14513">
                <color>ff2C28C0</color>
                <colorMode>normal</colorMode>
                <width>4</width>
            </LineStyle>
        </Style>
        <Style id="14516">
            <LineStyle id="14517">
                <color>ff2C28C0</color>
                <colorMode>normal</colorMode>
                <width>4</width>
            </LineStyle>
        </Style>
        <Style id="14520">
            <LineStyle id="14521">
                <color>ff2C28C0</color>
                <colorMode>normal</colorMode>
                <width>4</width>
            </LineStyle>
        </Style>
        <Style id="14524">
            <LineStyle id="14525">
                <color>ff2C28C0</color>
                <colorMode>normal</colorMode>
                <width>4</width>
            </LineStyle>
        </Style>
        <Style id="14528">
            <LineStyle id="14529">
                <color>ff2C28C0</color>
                <colorMode>normal</colorMode>
                <width>4</width>
            </LineStyle>
        </Style>
        <Style id="14532">
            <LineStyle id="14533">
                <color>ff2C28C0</color>
                <colorMode>normal</colorMode>
                <width>4</width>
            </LineStyle>
        </Style>
        <Style id="14536">
            <LineStyle id="14537">
                <color>ff2C28C0</color>
                <colorMode>normal</colorMode>
                <width>4</width>
            </LineStyle>
        </Style>
        <Style id="14540">
            <LineStyle id="14541">
                <color>ff2C28C0</color>
                <colorMode>normal</colorMode>
                <width>4</width>
            </LineStyle>
        </Style>
        <Style id="14544">
            <LineStyle id="14545">
                <color>ff2C28C0</color>
                <colorMode>normal</colorMode>
                <width>4</width>
            </LineStyle>
        </Style>
        <Style id="14548">
            <LineStyle id="14549">
                <color>ff2C28C0</color>
                <colorMode>normal</colorMode>
                <width>4</width>
            </LineStyle>
        </Style>
        <Style id="14552">
            <LineStyle id="14553">
                <color>ff2C28C0</color>
                <colorMode>normal</colorMode>
                <width>4</width>
            </LineStyle>
        </Style>
        <Style id="14556">
            <LineStyle id="14557">
                <color>ff2C28C0</color>
                <colorMode>normal</colorMode>
                <width>4</width>
            </LineStyle>
        </Style>
        <Style id="14560">
            <LineStyle id="14561">
                <color>ff2C28C0</color>
                <colorMode>normal</colorMode>
                <width>4</width>
            </LineStyle>
        </Style>
        <Style id="14564">
            <LineStyle id="14565">
                <color>ff2C28C0</color>
                <colorMode>normal</colorMode>
                <width>4</width>
            </LineStyle>
        </Style>
        <Style id="14568">
            <LineStyle id="14569">
                <color>ff2C28C0</color>
                <colorMode>normal</colorMode>
                <width>4</width>
            </LineStyle>
        </Style>
        <Style id="14572">
            <LineStyle id="14573">
                <color>ff2C28C0</color>
                <colorMode>normal</colorMode>
                <width>4</width>
            </LineStyle>
        </Style>
        <Style id="14576">
            <LineStyle id="14577">
                <color>ff2C28C0</color>
                <colorMode>normal</colorMode>
                <width>4</width>
            </LineStyle>
        </Style>
        <Style id="14580">
            <LineStyle id="14581">
                <color>ff2C28C0</color>
                <colorMode>normal</colorMode>
                <width>4</width>
            </LineStyle>
        </Style>
        <Style id="14584">
            <LineStyle id="14585">
                <color>ff2C28C0</color>
                <colorMode>normal</colorMode>
                <width>4</width>
            </LineStyle>
        </Style>
        <Style id="14588">
            <LineStyle id="14589">
                <color>ff2C28C0</color>
                <colorMode>normal</colorMode>
                <width>4</width>
            </LineStyle>
        </Style>
        <Style id="14592">
            <LineStyle id="14593">
                <color>ff2C28C0</color>
                <colorMode>normal</colorMode>
                <width>4</width>
            </LineStyle>
        </Style>
        <Style id="14596">
            <LineStyle id="14597">
                <color>ff2C28C0</color>
                <colorMode>normal</colorMode>
                <width>4</width>
            </LineStyle>
        </Style>
        <Style id="14600">
            <LineStyle id="14601">
                <color>ff2C28C0</color>
                <colorMode>normal</colorMode>
                <width>4</width>
            </LineStyle>
        </Style>
        <Style id="14604">
            <LineStyle id="14605">
                <color>ff2C28C0</color>
                <colorMode>normal</colorMode>
                <width>4</width>
            </LineStyle>
        </Style>
        <Style id="14608">
            <LineStyle id="14609">
                <color>ff2C28C0</color>
                <colorMode>normal</colorMode>
                <width>4</width>
            </LineStyle>
        </Style>
        <Style id="14612">
            <LineStyle id="14613">
                <color>ff2C28C0</color>
                <colorMode>normal</colorMode>
                <width>4</width>
            </LineStyle>
        </Style>
        <Style id="14616">
            <LineStyle id="14617">
                <color>ff2C28C0</color>
                <colorMode>normal</colorMode>
                <width>4</width>
            </LineStyle>
        </Style>
        <Style id="14620">
            <LineStyle id="14621">
                <color>ff2C28C0</color>
                <colorMode>normal</colorMode>
                <width>4</width>
            </LineStyle>
        </Style>
        <Style id="14624">
            <LineStyle id="14625">
                <color>ff2C28C0</color>
                <colorMode>normal</colorMode>
                <width>4</width>
            </LineStyle>
        </Style>
        <Style id="14628">
            <LineStyle id="14629">
                <color>ff2C28C0</color>
                <colorMode>normal</colorMode>
                <width>4</width>
            </LineStyle>
        </Style>
        <Style id="14632">
            <LineStyle id="14633">
                <color>ff2C28C0</color>
                <colorMode>normal</colorMode>
                <width>4</width>
            </LineStyle>
        </Style>
        <Style id="14636">
            <LineStyle id="14637">
                <color>ff2C28C0</color>
                <colorMode>normal</colorMode>
                <width>4</width>
            </LineStyle>
        </Style>
        <Style id="14640">
            <LineStyle id="14641">
                <color>ff2C28C0</color>
                <colorMode>normal</colorMode>
                <width>4</width>
            </LineStyle>
        </Style>
        <Style id="14644">
            <LineStyle id="14645">
                <color>ff2C28C0</color>
                <colorMode>normal</colorMode>
                <width>4</width>
            </LineStyle>
        </Style>
        <Style id="14648">
            <LineStyle id="14649">
                <color>ff2C28C0</color>
                <colorMode>normal</colorMode>
                <width>4</width>
            </LineStyle>
        </Style>
        <Style id="14652">
            <LineStyle id="14653">
                <color>ff2C28C0</color>
                <colorMode>normal</colorMode>
                <width>4</width>
            </LineStyle>
        </Style>
        <Style id="14656">
            <LineStyle id="14657">
                <color>ff2C28C0</color>
                <colorMode>normal</colorMode>
                <width>4</width>
            </LineStyle>
        </Style>
        <Style id="14660">
            <LineStyle id="14661">
                <color>ff2C28C0</color>
                <colorMode>normal</colorMode>
                <width>4</width>
            </LineStyle>
        </Style>
        <Style id="14664">
            <LineStyle id="14665">
                <color>ff2C28C0</color>
                <colorMode>normal</colorMode>
                <width>4</width>
            </LineStyle>
        </Style>
        <Style id="14668">
            <LineStyle id="14669">
                <color>ff2C28C0</color>
                <colorMode>normal</colorMode>
                <width>4</width>
            </LineStyle>
        </Style>
        <Style id="14672">
            <LineStyle id="14673">
                <color>ff2C28C0</color>
                <colorMode>normal</colorMode>
                <width>4</width>
            </LineStyle>
        </Style>
        <Style id="14676">
            <LineStyle id="14677">
                <color>ff2C28C0</color>
                <colorMode>normal</colorMode>
                <width>4</width>
            </LineStyle>
        </Style>
        <Style id="14680">
            <LineStyle id="14681">
                <color>ff2C28C0</color>
                <colorMode>normal</colorMode>
                <width>4</width>
            </LineStyle>
        </Style>
        <Style id="14684">
            <LineStyle id="14685">
                <color>ff2C28C0</color>
                <colorMode>normal</colorMode>
                <width>4</width>
            </LineStyle>
        </Style>
        <Style id="14688">
            <LineStyle id="14689">
                <color>ff2C28C0</color>
                <colorMode>normal</colorMode>
                <width>4</width>
            </LineStyle>
        </Style>
        <Style id="14692">
            <LineStyle id="14693">
                <color>ff2C28C0</color>
                <colorMode>normal</colorMode>
                <width>4</width>
            </LineStyle>
        </Style>
        <Style id="14696">
            <LineStyle id="14697">
                <color>ff2C28C0</color>
                <colorMode>normal</colorMode>
                <width>4</width>
            </LineStyle>
        </Style>
        <Style id="14700">
            <LineStyle id="14701">
                <color>ff2C28C0</color>
                <colorMode>normal</colorMode>
                <width>4</width>
            </LineStyle>
        </Style>
        <Style id="14704">
            <LineStyle id="14705">
                <color>ff2C28C0</color>
                <colorMode>normal</colorMode>
                <width>4</width>
            </LineStyle>
        </Style>
        <Style id="14708">
            <LineStyle id="14709">
                <color>ff2C28C0</color>
                <colorMode>normal</colorMode>
                <width>4</width>
            </LineStyle>
        </Style>
        <Style id="14712">
            <LineStyle id="14713">
                <color>ff2C28C0</color>
                <colorMode>normal</colorMode>
                <width>4</width>
            </LineStyle>
        </Style>
        <Style id="14716">
            <LineStyle id="14717">
                <color>ff2C28C0</color>
                <colorMode>normal</colorMode>
                <width>4</width>
            </LineStyle>
        </Style>
        <Style id="14720">
            <LineStyle id="14721">
                <color>ff2C28C0</color>
                <colorMode>normal</colorMode>
                <width>4</width>
            </LineStyle>
        </Style>
        <Style id="14724">
            <LineStyle id="14725">
                <color>ff2C28C0</color>
                <colorMode>normal</colorMode>
                <width>4</width>
            </LineStyle>
        </Style>
        <Style id="14728">
            <LineStyle id="14729">
                <color>ff2C28C0</color>
                <colorMode>normal</colorMode>
                <width>4</width>
            </LineStyle>
        </Style>
        <Style id="14732">
            <LineStyle id="14733">
                <color>ff2C28C0</color>
                <colorMode>normal</colorMode>
                <width>4</width>
            </LineStyle>
        </Style>
        <Style id="14736">
            <LineStyle id="14737">
                <color>ff2C28C0</color>
                <colorMode>normal</colorMode>
                <width>4</width>
            </LineStyle>
        </Style>
        <Style id="14740">
            <LineStyle id="14741">
                <color>ff2C28C0</color>
                <colorMode>normal</colorMode>
                <width>4</width>
            </LineStyle>
        </Style>
        <Style id="14744">
            <LineStyle id="14745">
                <color>ff2C28C0</color>
                <colorMode>normal</colorMode>
                <width>4</width>
            </LineStyle>
        </Style>
        <Style id="14748">
            <LineStyle id="14749">
                <color>ff2C28C0</color>
                <colorMode>normal</colorMode>
                <width>4</width>
            </LineStyle>
        </Style>
        <Style id="14752">
            <LineStyle id="14753">
                <color>ff2C28C0</color>
                <colorMode>normal</colorMode>
                <width>4</width>
            </LineStyle>
        </Style>
        <Style id="14756">
            <LineStyle id="14757">
                <color>ff2C28C0</color>
                <colorMode>normal</colorMode>
                <width>4</width>
            </LineStyle>
        </Style>
        <Style id="14760">
            <LineStyle id="14761">
                <color>ff2C28C0</color>
                <colorMode>normal</colorMode>
                <width>4</width>
            </LineStyle>
        </Style>
        <Style id="14764">
            <LineStyle id="14765">
                <color>ff2C28C0</color>
                <colorMode>normal</colorMode>
                <width>4</width>
            </LineStyle>
        </Style>
        <Style id="14768">
            <LineStyle id="14769">
                <color>ff2C28C0</color>
                <colorMode>normal</colorMode>
                <width>4</width>
            </LineStyle>
        </Style>
        <Style id="14772">
            <LineStyle id="14773">
                <color>ff2C28C0</color>
                <colorMode>normal</colorMode>
                <width>4</width>
            </LineStyle>
        </Style>
        <Style id="14776">
            <LineStyle id="14777">
                <color>ff2C28C0</color>
                <colorMode>normal</colorMode>
                <width>4</width>
            </LineStyle>
        </Style>
        <Style id="14780">
            <LineStyle id="14781">
                <color>ff2C28C0</color>
                <colorMode>normal</colorMode>
                <width>4</width>
            </LineStyle>
        </Style>
        <Style id="14784">
            <LineStyle id="14785">
                <color>ff2C28C0</color>
                <colorMode>normal</colorMode>
                <width>4</width>
            </LineStyle>
        </Style>
        <Style id="14788">
            <LineStyle id="14789">
                <color>ff2C28C0</color>
                <colorMode>normal</colorMode>
                <width>4</width>
            </LineStyle>
        </Style>
        <Style id="14792">
            <LineStyle id="14793">
                <color>ff2C28C0</color>
                <colorMode>normal</colorMode>
                <width>4</width>
            </LineStyle>
        </Style>
        <Style id="14796">
            <LineStyle id="14797">
                <color>ff2C28C0</color>
                <colorMode>normal</colorMode>
                <width>4</width>
            </LineStyle>
        </Style>
        <Style id="14800">
            <LineStyle id="14801">
                <color>ff2C28C0</color>
                <colorMode>normal</colorMode>
                <width>4</width>
            </LineStyle>
        </Style>
        <Style id="14804">
            <LineStyle id="14805">
                <color>ff2C28C0</color>
                <colorMode>normal</colorMode>
                <width>4</width>
            </LineStyle>
        </Style>
        <Style id="14808">
            <LineStyle id="14809">
                <color>ff2C28C0</color>
                <colorMode>normal</colorMode>
                <width>4</width>
            </LineStyle>
        </Style>
        <Style id="14812">
            <LineStyle id="14813">
                <color>ff2C28C0</color>
                <colorMode>normal</colorMode>
                <width>4</width>
            </LineStyle>
        </Style>
        <Style id="14816">
            <LineStyle id="14817">
                <color>ff2C28C0</color>
                <colorMode>normal</colorMode>
                <width>4</width>
            </LineStyle>
        </Style>
        <Style id="14820">
            <LineStyle id="14821">
                <color>ff2C28C0</color>
                <colorMode>normal</colorMode>
                <width>4</width>
            </LineStyle>
        </Style>
        <Style id="14824">
            <LineStyle id="14825">
                <color>ff2C28C0</color>
                <colorMode>normal</colorMode>
                <width>4</width>
            </LineStyle>
        </Style>
        <Style id="14828">
            <LineStyle id="14829">
                <color>ff2C28C0</color>
                <colorMode>normal</colorMode>
                <width>4</width>
            </LineStyle>
        </Style>
        <Style id="14832">
            <LineStyle id="14833">
                <color>ff2C28C0</color>
                <colorMode>normal</colorMode>
                <width>4</width>
            </LineStyle>
        </Style>
        <Style id="14836">
            <LineStyle id="14837">
                <color>ff2C28C0</color>
                <colorMode>normal</colorMode>
                <width>4</width>
            </LineStyle>
        </Style>
        <Style id="14840">
            <LineStyle id="14841">
                <color>ff2C28C0</color>
                <colorMode>normal</colorMode>
                <width>4</width>
            </LineStyle>
        </Style>
        <Style id="14844">
            <LineStyle id="14845">
                <color>ff2C28C0</color>
                <colorMode>normal</colorMode>
                <width>4</width>
            </LineStyle>
        </Style>
        <Style id="14848">
            <LineStyle id="14849">
                <color>ff2C28C0</color>
                <colorMode>normal</colorMode>
                <width>4</width>
            </LineStyle>
        </Style>
        <Style id="14852">
            <LineStyle id="14853">
                <color>ff2C28C0</color>
                <colorMode>normal</colorMode>
                <width>4</width>
            </LineStyle>
        </Style>
        <Style id="14856">
            <LineStyle id="14857">
                <color>ff2C28C0</color>
                <colorMode>normal</colorMode>
                <width>4</width>
            </LineStyle>
        </Style>
        <Style id="14860">
            <LineStyle id="14861">
                <color>ff2C28C0</color>
                <colorMode>normal</colorMode>
                <width>4</width>
            </LineStyle>
        </Style>
        <Style id="14864">
            <LineStyle id="14865">
                <color>ff2C28C0</color>
                <colorMode>normal</colorMode>
                <width>4</width>
            </LineStyle>
        </Style>
        <Style id="14868">
            <LineStyle id="14869">
                <color>ff2C28C0</color>
                <colorMode>normal</colorMode>
                <width>4</width>
            </LineStyle>
        </Style>
        <Style id="14872">
            <LineStyle id="14873">
                <color>ff2C28C0</color>
                <colorMode>normal</colorMode>
                <width>4</width>
            </LineStyle>
        </Style>
        <Style id="14876">
            <LineStyle id="14877">
                <color>ff2C28C0</color>
                <colorMode>normal</colorMode>
                <width>4</width>
            </LineStyle>
        </Style>
        <Style id="14880">
            <LineStyle id="14881">
                <color>ff2C28C0</color>
                <colorMode>normal</colorMode>
                <width>4</width>
            </LineStyle>
        </Style>
        <Style id="14884">
            <LineStyle id="14885">
                <color>ff2C28C0</color>
                <colorMode>normal</colorMode>
                <width>4</width>
            </LineStyle>
        </Style>
        <Style id="14888">
            <LineStyle id="14889">
                <color>ff2C28C0</color>
                <colorMode>normal</colorMode>
                <width>4</width>
            </LineStyle>
        </Style>
        <Style id="14892">
            <LineStyle id="14893">
                <color>ff2C28C0</color>
                <colorMode>normal</colorMode>
                <width>4</width>
            </LineStyle>
        </Style>
        <Style id="14896">
            <LineStyle id="14897">
                <color>ff2C28C0</color>
                <colorMode>normal</colorMode>
                <width>4</width>
            </LineStyle>
        </Style>
        <Style id="14900">
            <LineStyle id="14901">
                <color>ff2C28C0</color>
                <colorMode>normal</colorMode>
                <width>4</width>
            </LineStyle>
        </Style>
        <Style id="14904">
            <LineStyle id="14905">
                <color>ff2C28C0</color>
                <colorMode>normal</colorMode>
                <width>4</width>
            </LineStyle>
        </Style>
        <Style id="14908">
            <LineStyle id="14909">
                <color>ff2C28C0</color>
                <colorMode>normal</colorMode>
                <width>4</width>
            </LineStyle>
        </Style>
        <Style id="14912">
            <LineStyle id="14913">
                <color>ff2C28C0</color>
                <colorMode>normal</colorMode>
                <width>4</width>
            </LineStyle>
        </Style>
        <Style id="14916">
            <LineStyle id="14917">
                <color>ff2C28C0</color>
                <colorMode>normal</colorMode>
                <width>4</width>
            </LineStyle>
        </Style>
        <Style id="14920">
            <LineStyle id="14921">
                <color>ff2C28C0</color>
                <colorMode>normal</colorMode>
                <width>4</width>
            </LineStyle>
        </Style>
        <Style id="14924">
            <LineStyle id="14925">
                <color>ff2C28C0</color>
                <colorMode>normal</colorMode>
                <width>4</width>
            </LineStyle>
        </Style>
        <Style id="14928">
            <LineStyle id="14929">
                <color>ff2C28C0</color>
                <colorMode>normal</colorMode>
                <width>4</width>
            </LineStyle>
        </Style>
        <Style id="14932">
            <LineStyle id="14933">
                <color>ff2C28C0</color>
                <colorMode>normal</colorMode>
                <width>4</width>
            </LineStyle>
        </Style>
        <Style id="14936">
            <LineStyle id="14937">
                <color>ff2C28C0</color>
                <colorMode>normal</colorMode>
                <width>4</width>
            </LineStyle>
        </Style>
        <Style id="14940">
            <LineStyle id="14941">
                <color>ff2C28C0</color>
                <colorMode>normal</colorMode>
                <width>4</width>
            </LineStyle>
        </Style>
        <Style id="14944">
            <LineStyle id="14945">
                <color>ff2C28C0</color>
                <colorMode>normal</colorMode>
                <width>4</width>
            </LineStyle>
        </Style>
        <Style id="14948">
            <LineStyle id="14949">
                <color>ff2C28C0</color>
                <colorMode>normal</colorMode>
                <width>4</width>
            </LineStyle>
        </Style>
        <Style id="14952">
            <LineStyle id="14953">
                <color>ff2C28C0</color>
                <colorMode>normal</colorMode>
                <width>4</width>
            </LineStyle>
        </Style>
        <Style id="14956">
            <LineStyle id="14957">
                <color>ff2C28C0</color>
                <colorMode>normal</colorMode>
                <width>4</width>
            </LineStyle>
        </Style>
        <Style id="14960">
            <LineStyle id="14961">
                <color>ff2C28C0</color>
                <colorMode>normal</colorMode>
                <width>4</width>
            </LineStyle>
        </Style>
        <Style id="14964">
            <LineStyle id="14965">
                <color>ff2C28C0</color>
                <colorMode>normal</colorMode>
                <width>4</width>
            </LineStyle>
        </Style>
        <Style id="14968">
            <LineStyle id="14969">
                <color>ff2C28C0</color>
                <colorMode>normal</colorMode>
                <width>4</width>
            </LineStyle>
        </Style>
        <Style id="14972">
            <LineStyle id="14973">
                <color>ff2C28C0</color>
                <colorMode>normal</colorMode>
                <width>4</width>
            </LineStyle>
        </Style>
        <Style id="14976">
            <LineStyle id="14977">
                <color>ff2C28C0</color>
                <colorMode>normal</colorMode>
                <width>4</width>
            </LineStyle>
        </Style>
        <Style id="14980">
            <LineStyle id="14981">
                <color>ff2C28C0</color>
                <colorMode>normal</colorMode>
                <width>4</width>
            </LineStyle>
        </Style>
        <Style id="14984">
            <LineStyle id="14985">
                <color>ff2C28C0</color>
                <colorMode>normal</colorMode>
                <width>4</width>
            </LineStyle>
        </Style>
        <Style id="14988">
            <LineStyle id="14989">
                <color>ff2C28C0</color>
                <colorMode>normal</colorMode>
                <width>4</width>
            </LineStyle>
        </Style>
        <Style id="14992">
            <LineStyle id="14993">
                <color>ff2C28C0</color>
                <colorMode>normal</colorMode>
                <width>4</width>
            </LineStyle>
        </Style>
        <Style id="14996">
            <LineStyle id="14997">
                <color>ff2C28C0</color>
                <colorMode>normal</colorMode>
                <width>4</width>
            </LineStyle>
        </Style>
        <Style id="15000">
            <LineStyle id="15001">
                <color>ff2C28C0</color>
                <colorMode>normal</colorMode>
                <width>4</width>
            </LineStyle>
        </Style>
        <Style id="15004">
            <LineStyle id="15005">
                <color>ff2C28C0</color>
                <colorMode>normal</colorMode>
                <width>4</width>
            </LineStyle>
        </Style>
        <Style id="15008">
            <LineStyle id="15009">
                <color>ff2C28C0</color>
                <colorMode>normal</colorMode>
                <width>4</width>
            </LineStyle>
        </Style>
        <Style id="15012">
            <LineStyle id="15013">
                <color>ff2C28C0</color>
                <colorMode>normal</colorMode>
                <width>4</width>
            </LineStyle>
        </Style>
        <Style id="15016">
            <LineStyle id="15017">
                <color>ff2C28C0</color>
                <colorMode>normal</colorMode>
                <width>4</width>
            </LineStyle>
        </Style>
        <Style id="15020">
            <LineStyle id="15021">
                <color>ff2C28C0</color>
                <colorMode>normal</colorMode>
                <width>4</width>
            </LineStyle>
        </Style>
        <Style id="15024">
            <LineStyle id="15025">
                <color>ff2C28C0</color>
                <colorMode>normal</colorMode>
                <width>4</width>
            </LineStyle>
        </Style>
        <Style id="15028">
            <LineStyle id="15029">
                <color>ff2C28C0</color>
                <colorMode>normal</colorMode>
                <width>4</width>
            </LineStyle>
        </Style>
        <Style id="15032">
            <LineStyle id="15033">
                <color>ff2C28C0</color>
                <colorMode>normal</colorMode>
                <width>4</width>
            </LineStyle>
        </Style>
        <Style id="15036">
            <LineStyle id="15037">
                <color>ff2C28C0</color>
                <colorMode>normal</colorMode>
                <width>4</width>
            </LineStyle>
        </Style>
        <Style id="15040">
            <LineStyle id="15041">
                <color>ff2C28C0</color>
                <colorMode>normal</colorMode>
                <width>4</width>
            </LineStyle>
        </Style>
        <Style id="15044">
            <LineStyle id="15045">
                <color>ff2C28C0</color>
                <colorMode>normal</colorMode>
                <width>4</width>
            </LineStyle>
        </Style>
        <Style id="15048">
            <LineStyle id="15049">
                <color>ff2C28C0</color>
                <colorMode>normal</colorMode>
                <width>4</width>
            </LineStyle>
        </Style>
        <Style id="15052">
            <LineStyle id="15053">
                <color>ff2C28C0</color>
                <colorMode>normal</colorMode>
                <width>4</width>
            </LineStyle>
        </Style>
        <Style id="15056">
            <LineStyle id="15057">
                <color>ff2C28C0</color>
                <colorMode>normal</colorMode>
                <width>4</width>
            </LineStyle>
        </Style>
        <Style id="15060">
            <LineStyle id="15061">
                <color>ff2C28C0</color>
                <colorMode>normal</colorMode>
                <width>4</width>
            </LineStyle>
        </Style>
        <ExtendedData>
            <Data name="route-name">
                <value>Feeder 2: Cicadas → Elang</value>
            </Data>
            <Data name="source">
                <value>Transport for Bandung</value>
            </Data>
        </ExtendedData>
        <Placemark id="14159">
            <name>Stasiun Bandung</name>
            <styleUrl>#14160</styleUrl>
            <Point id="14158">
                <coordinates>107.6029303,-6.9125954,0.0</coordinates>
            </Point>
        </Placemark>
        <Placemark id="14164">
            <name>Seberang TK Kartika X-2 Jalan Turangga</name>
            <styleUrl>#14165</styleUrl>
            <Point id="14163">
                <coordinates>107.6358294,-6.9281885,0.0</coordinates>
            </Point>
        </Placemark>
        <Placemark id="14169">
            <name>Landmark Residence Bima</name>
            <styleUrl>#14170</styleUrl>
            <Point id="14168">
                <coordinates>107.5926545,-6.9109061,0.0</coordinates>
            </Point>
        </Placemark>
        <Placemark id="14174">
            <name>Stasiun Timur</name>
            <styleUrl>#14175</styleUrl>
            <Point id="14173">
                <coordinates>107.604546,-6.9153572,0.0</coordinates>
            </Point>
        </Placemark>
        <Placemark id="14179">
            <name>Alun-alun Bandung</name>
            <styleUrl>#14180</styleUrl>
            <Point id="14178">
                <coordinates>107.6071309,-6.9211347,0.0</coordinates>
            </Point>
        </Placemark>
        <Placemark id="14184">
            <name>Perintis Kemerdekaan</name>
            <styleUrl>#14185</styleUrl>
            <Point id="14183">
                <coordinates>107.607935,-6.9140241,0.0</coordinates>
            </Point>
        </Placemark>
        <Placemark id="14189">
            <name>Simpang Lima Asia Afrika</name>
            <styleUrl>#14190</styleUrl>
            <Point id="14188">
                <coordinates>107.6162228,-6.9222435,0.0</coordinates>
            </Point>
        </Placemark>
        <Placemark id="14194">
            <name>Monumen 0 KM Kota Bandung</name>
            <styleUrl>#14195</styleUrl>
            <Point id="14193">
                <coordinates>107.6110246,-6.9216047,0.0</coordinates>
            </Point>
        </Placemark>
        <Placemark id="14199">
            <name>SMK Negeri 1 Bandung</name>
            <styleUrl>#14200</styleUrl>
            <Point id="14198">
                <coordinates>107.6090452,-6.9130028,0.0</coordinates>
            </Point>
        </Placemark>
        <Placemark id="14204">
            <name>Simpang H. Mesri - Kebon Kawung 1</name>
            <styleUrl>#14205</styleUrl>
            <Point id="14203">
                <coordinates>107.6007223,-6.9124771,0.0</coordinates>
            </Point>
        </Placemark>
        <Placemark id="14209">
            <name>Simpang Laswi Gatot Subroto 1</name>
            <styleUrl>#14210</styleUrl>
            <Point id="14208">
                <coordinates>107.6282195,-6.9235671,0.0</coordinates>
            </Point>
        </Placemark>
        <Placemark id="14214">
            <name>DPPKB Kota Bandung</name>
            <styleUrl>#14215</styleUrl>
            <Point id="14213">
                <coordinates>107.6268327,-6.9342213,0.0</coordinates>
            </Point>
        </Placemark>
        <Placemark id="14219">
            <name>Kantor Pos Banceuy</name>
            <styleUrl>#14220</styleUrl>
            <Point id="14218">
                <coordinates>107.6065186,-6.9205454,0.0</coordinates>
            </Point>
        </Placemark>
        <Placemark id="14224">
            <name>Masjid Al-Ukhuwwah</name>
            <styleUrl>#14225</styleUrl>
            <Point id="14223">
                <coordinates>107.6090858,-6.9111585,0.0</coordinates>
            </Point>
        </Placemark>
        <Placemark id="14229">
            <name>Karapitan - Lengkong Kecil</name>
            <styleUrl>#14230</styleUrl>
            <Point id="14228">
                <coordinates>107.6174402,-6.9242266,0.0</coordinates>
            </Point>
        </Placemark>
        <Placemark id="14234">
            <name>Jalan Kasim</name>
            <styleUrl>#14235</styleUrl>
            <Point id="14233">
                <coordinates>107.6141864,-6.9219849,0.0</coordinates>
            </Point>
        </Placemark>
        <Placemark id="14239">
            <name>Banceuy Suniaraja</name>
            <styleUrl>#14240</styleUrl>
            <Point id="14238">
                <coordinates>107.6057907,-6.9155809,0.0</coordinates>
            </Point>
        </Placemark>
        <Placemark id="14244">
            <name>Gang Cinta Asih Selatan</name>
            <styleUrl>#14245</styleUrl>
            <Point id="14243">
                <coordinates>107.6307757,-6.9213371,0.0</coordinates>
            </Point>
        </Placemark>
        <Placemark id="14249">
            <name>Seberang Museum Kavaleri</name>
            <styleUrl>#14250</styleUrl>
            <Point id="14248">
                <coordinates>107.6304453,-6.9251819,0.0</coordinates>
            </Point>
        </Placemark>
        <Placemark id="14254">
            <name>Jalan Warta</name>
            <styleUrl>#14255</styleUrl>
            <Point id="14253">
                <coordinates>107.6326259,-6.9257745,0.0</coordinates>
            </Point>
        </Placemark>
        <Placemark id="14259">
            <name>Trans Studio Mall</name>
            <styleUrl>#14260</styleUrl>
            <Point id="14258">
                <coordinates>107.6350472,-6.9270783,0.0</coordinates>
            </Point>
        </Placemark>
        <Placemark id="14264">
            <name>Macan - Lodaya 1</name>
            <styleUrl>#14265</styleUrl>
            <Point id="14263">
                <coordinates>107.6196297,-6.9291336,0.0</coordinates>
            </Point>
        </Placemark>
        <Placemark id="14269">
            <name>SD Negeri 115 Turangga</name>
            <styleUrl>#14270</styleUrl>
            <Point id="14268">
                <coordinates>107.6349593,-6.9315874,0.0</coordinates>
            </Point>
        </Placemark>
        <Placemark id="14274">
            <name>Taman Tri G</name>
            <styleUrl>#14275</styleUrl>
            <Point id="14273">
                <coordinates>107.6344381,-6.9345238,0.0</coordinates>
            </Point>
        </Placemark>
        <Placemark id="14279">
            <name>Jalan RH Hasan Saputra Raya</name>
            <styleUrl>#14280</styleUrl>
            <Point id="14278">
                <coordinates>107.6348121,-6.9360006,0.0</coordinates>
            </Point>
        </Placemark>
        <Placemark id="14284">
            <name>Salendro Utara - Salendro Raya</name>
            <styleUrl>#14285</styleUrl>
            <Point id="14283">
                <coordinates>107.6347986,-6.9379993,0.0</coordinates>
            </Point>
        </Placemark>
        <Placemark id="14289">
            <name>Nayaga - Salendro Raya</name>
            <styleUrl>#14290</styleUrl>
            <Point id="14288">
                <coordinates>107.6345279,-6.9392471,0.0</coordinates>
            </Point>
        </Placemark>
        <Placemark id="14294">
            <name>Nayaga - Bongo</name>
            <styleUrl>#14295</styleUrl>
            <Point id="14293">
                <coordinates>107.6330399,-6.938523,0.0</coordinates>
            </Point>
        </Placemark>
        <Placemark id="14299">
            <name>Asmarandana - Reog</name>
            <styleUrl>#14300</styleUrl>
            <Point id="14298">
                <coordinates>107.6313829,-6.9377894,0.0</coordinates>
            </Point>
        </Placemark>
        <Placemark id="14304">
            <name>Asmarandana - Gamelan</name>
            <styleUrl>#14305</styleUrl>
            <Point id="14303">
                <coordinates>107.629769,-6.9369945,0.0</coordinates>
            </Point>
        </Placemark>
        <Placemark id="14309">
            <name>Asmarandana - Guntur Madu</name>
            <styleUrl>#14310</styleUrl>
            <Point id="14308">
                <coordinates>107.6276905,-6.9361408,0.0</coordinates>
            </Point>
        </Placemark>
        <Placemark id="14314">
            <name>Simpang Asmarandana - Maskumambang 2</name>
            <styleUrl>#14315</styleUrl>
            <Point id="14313">
                <coordinates>107.6264231,-6.9355289,0.0</coordinates>
            </Point>
        </Placemark>
        <Placemark id="14319">
            <name>Banteng Dalam - Lodaya 1</name>
            <styleUrl>#14320</styleUrl>
            <Point id="14318">
                <coordinates>107.6246625,-6.9319336,0.0</coordinates>
            </Point>
        </Placemark>
        <Placemark id="14324">
            <name>Pasar Bunga Palasari 1</name>
            <styleUrl>#14325</styleUrl>
            <Point id="14323">
                <coordinates>107.6228866,-6.9311691,0.0</coordinates>
            </Point>
        </Placemark>
        <Placemark id="14329">
            <name>Lapangan Lodaya</name>
            <styleUrl>#14330</styleUrl>
            <Point id="14328">
                <coordinates>107.6214202,-6.9305302,0.0</coordinates>
            </Point>
        </Placemark>
        <Placemark id="14334">
            <name>Simpang Burangrang - Halimun</name>
            <styleUrl>#14335</styleUrl>
            <Point id="14333">
                <coordinates>107.6196639,-6.9257467,0.0</coordinates>
            </Point>
        </Placemark>
        <Placemark id="14339">
            <name>Jalan Emong - BPI</name>
            <styleUrl>#14340</styleUrl>
            <Point id="14338">
                <coordinates>107.6189569,-6.9251181,0.0</coordinates>
            </Point>
        </Placemark>
        <Placemark id="14344">
            <name>Gedung Merdeka</name>
            <styleUrl>#14345</styleUrl>
            <Point id="14343">
                <coordinates>107.6090723,-6.9213678,0.0</coordinates>
            </Point>
        </Placemark>
        <Placemark id="14349">
            <name>Banceuy - Pecinan Lama</name>
            <styleUrl>#14350</styleUrl>
            <Point id="14348">
                <coordinates>107.6063839,-6.9176215,0.0</coordinates>
            </Point>
        </Placemark>
        <Placemark id="14354">
            <name>Aceh - Kebon Sirih Dalam</name>
            <styleUrl>#14355</styleUrl>
            <Point id="14353">
                <coordinates>107.6073266,-6.9103998,0.0</coordinates>
            </Point>
        </Placemark>
        <Placemark id="14359">
            <name>Polsek Sumur Bandung</name>
            <styleUrl>#14360</styleUrl>
            <Point id="14358">
                <coordinates>107.6058686,-6.9107801,0.0</coordinates>
            </Point>
        </Placemark>
        <Placemark id="14364">
            <name>Gedung Pakuan - Kebon Sirih</name>
            <styleUrl>#14365</styleUrl>
            <Point id="14363">
                <coordinates>107.6055935,-6.9123662,0.0</coordinates>
            </Point>
        </Placemark>
        <Placemark id="14369">
            <name>SMP Negeri 1 Bandung</name>
            <styleUrl>#14370</styleUrl>
            <Point id="14368">
                <coordinates>107.59645,-6.9120078,0.0</coordinates>
            </Point>
        </Placemark>
        <Placemark id="14374">
            <name>Masjid Jami Miftahul Khaer Jalan Bima</name>
            <styleUrl>#14375</styleUrl>
            <Point id="14373">
                <coordinates>107.5948863,-6.9112931,0.0</coordinates>
            </Point>
        </Placemark>
        <Placemark id="14379">
            <name>Kantor Kelurahan Arjuna</name>
            <styleUrl>#14380</styleUrl>
            <Point id="14378">
                <coordinates>107.592069,-6.9090267,0.0</coordinates>
            </Point>
        </Placemark>
        <Placemark id="14384">
            <name>Jalan Simpang Industri</name>
            <styleUrl>#14385</styleUrl>
            <Point id="14383">
                <coordinates>107.5908573,-6.9097914,0.0</coordinates>
            </Point>
        </Placemark>
        <Placemark id="14389">
            <name>Alun-alun Cicendo1</name>
            <styleUrl>#14390</styleUrl>
            <Point id="14388">
                <coordinates>107.5896485,-6.9111321,0.0</coordinates>
            </Point>
        </Placemark>
        <Placemark id="14394">
            <name>Gang 5 Ciroyom</name>
            <styleUrl>#14395</styleUrl>
            <Point id="14393">
                <coordinates>107.5857253,-6.9126318,0.0</coordinates>
            </Point>
        </Placemark>
        <Placemark id="14399">
            <name>Simpang Andir - Ciroyom 1</name>
            <styleUrl>#14400</styleUrl>
            <Point id="14398">
                <coordinates>107.5831698,-6.9108601,0.0</coordinates>
            </Point>
        </Placemark>
        <Placemark id="14404">
            <name>Gang Moh. 1</name>
            <styleUrl>#14405</styleUrl>
            <Point id="14403">
                <coordinates>107.5810602,-6.9094696,0.0</coordinates>
            </Point>
        </Placemark>
        <Placemark id="14409">
            <name>Stasiun Andir 1</name>
            <styleUrl>#14410</styleUrl>
            <Point id="14408">
                <coordinates>107.5794427,-6.9083767,0.0</coordinates>
            </Point>
        </Placemark>
        <Placemark id="14414">
            <name>Seberang Puskesmas Garuda</name>
            <styleUrl>#14415</styleUrl>
            <Point id="14413">
                <coordinates>107.5773293,-6.9115732,0.0</coordinates>
            </Point>
        </Placemark>
        <Placemark id="14419">
            <name>Simpang Dadali - Flamingo</name>
            <styleUrl>#14420</styleUrl>
            <Point id="14418">
                <coordinates>107.5751299,-6.910674,0.0</coordinates>
            </Point>
        </Placemark>
        <Placemark id="14424">
            <name>Institut Kesehatan Rajawali</name>
            <styleUrl>#14425</styleUrl>
            <Point id="14423">
                <coordinates>107.5730746,-6.9116873,0.0</coordinates>
            </Point>
        </Placemark>
        <Placemark id="14429">
            <name>Dinas Perhubungan Provinsi Jawa Barat</name>
            <styleUrl>#14430</styleUrl>
            <Point id="14428">
                <coordinates>107.6324739,-6.9181019,0.0</coordinates>
            </Point>
        </Placemark>
        <Placemark id="14434">
            <name>Plaza Telkom Rajawali</name>
            <styleUrl>#14435</styleUrl>
            <Point id="14433">
                <coordinates>107.5753653,-6.9129722,0.0</coordinates>
            </Point>
        </Placemark>
        <Placemark id="14439">
            <name>Jalan Kebon Kawung</name>
            <styleUrl>#14440</styleUrl>
            <LineString id="14438">
                <coordinates>107.5982527,-6.912368,0.0 107.5981735,-6.9123668,0.0 107.5980964,-6.9123486,0.0 107.5980334,-6.9123085,0.0 107.5979805,-6.912262,0.0</coordinates>
            </LineString>
        </Placemark>
        <Placemark id="14443">
            <name>Jalan Kebon Kawung</name>
            <styleUrl>#14444</styleUrl>
            <LineString id="14442">
                <coordinates>107.6019305,-6.9125353,0.0 107.601745,-6.9125245,0.0</coordinates>
            </LineString>
        </Placemark>
        <Placemark id="14447">
            <name>Jalan Arjuna</name>
            <styleUrl>#14448</styleUrl>
            <LineString id="14446">
                <coordinates>107.5894771,-6.9112533,0.0 107.589637,-6.9111417,0.0 107.5896485,-6.9111321,0.0 107.5896621,-6.9111206,0.0 107.5897685,-6.9110326,0.0 107.5901279,-6.9106741,0.0 107.590669,-6.9100086,0.0 107.5908452,-6.9098054,0.0 107.5908573,-6.9097914,0.0 107.591241,-6.909349,0.0 107.5914503,-6.90912,0.0</coordinates>
            </LineString>
        </Placemark>
        <Placemark id="14451">
            <name>Jalan Perintis Kemerdekaan</name>
            <styleUrl>#14452</styleUrl>
            <LineString id="14450">
                <coordinates>107.6071931,-6.9145156,0.0 107.6072105,-6.9144549,0.0 107.6072378,-6.9143977,0.0 107.6072741,-6.9143458,0.0 107.6073185,-6.9143005,0.0</coordinates>
            </LineString>
        </Placemark>
        <Placemark id="14455">
            <name>Jalan Perintis Kemerdekaan</name>
            <styleUrl>#14456</styleUrl>
            <LineString id="14454">
                <coordinates>107.6075641,-6.9142136,0.0 107.6078626,-6.9140606,0.0 107.607935,-6.9140241,0.0 107.6079799,-6.9140014,0.0 107.6081711,-6.9139136,0.0 107.6082715,-6.9138902,0.0 107.6087543,-6.9138526,0.0 107.6088925,-6.9138457,0.0 107.6089516,-6.913844,0.0</coordinates>
            </LineString>
        </Placemark>
        <Placemark id="14459">
            <name>Jalan Bima</name>
            <styleUrl>#14460</styleUrl>
            <LineString id="14458">
                <coordinates>107.5921094,-6.909176,0.0 107.5920953,-6.9092392,0.0 107.5920578,-6.9093044,0.0 107.5919861,-6.909406,0.0 107.5919236,-6.9095141,0.0 107.5918615,-6.9096866,0.0 107.5918333,-6.9098638,0.0 107.5918378,-6.9099515,0.0 107.5918692,-6.9100349,0.0 107.5924911,-6.910825,0.0 107.5925633,-6.9108728,0.0 107.5926545,-6.9109061,0.0 107.5930158,-6.9109776,0.0 107.59347,-6.9110404,0.0 107.5937153,-6.9110677,0.0 107.5945449,-6.9111599,0.0 107.5948029,-6.9112561,0.0 107.5948863,-6.9112931,0.0 107.5949433,-6.9113184,0.0 107.5950812,-6.9114021,0.0 107.5951832,-6.9114863,0.0</coordinates>
            </LineString>
        </Placemark>
        <Placemark id="14463">
            <name>Jalan Kasuari</name>
            <styleUrl>#14464</styleUrl>
            <LineString id="14462">
                <coordinates>107.5736296,-6.9102877,0.0 107.5734028,-6.9108464,0.0 107.5733675,-6.9109378,0.0 107.5732814,-6.9111572,0.0 107.5731904,-6.9113903,0.0 107.5730746,-6.9116873,0.0 107.5729803,-6.9118971,0.0 107.5729282,-6.9120185,0.0</coordinates>
            </LineString>
        </Placemark>
        <Placemark id="14467">
            <name>Jalan Dadali</name>
            <styleUrl>#14468</styleUrl>
            <LineString id="14466">
                <coordinates>107.5780214,-6.9117553,0.0 107.5779154,-6.9117422,0.0 107.577837,-6.9117255,0.0 107.5777312,-6.9116993,0.0 107.5776467,-6.9116756,0.0 107.5775814,-6.9116547,0.0 107.5774624,-6.9116163,0.0 107.5773293,-6.9115732,0.0 107.5773024,-6.9115645,0.0 107.5770389,-6.9114581,0.0 107.5766452,-6.9112801,0.0 107.5766052,-6.9112656,0.0 107.5765085,-6.9112305,0.0 107.57614,-6.9110817,0.0 107.5752686,-6.910731,0.0 107.5751299,-6.910674,0.0 107.5741958,-6.9102903,0.0 107.5737288,-6.9101067,0.0</coordinates>
            </LineString>
        </Placemark>
        <Placemark id="14471">
            <name>Jalan Stasiun Timur</name>
            <styleUrl>#14472</styleUrl>
            <LineString id="14470">
                <coordinates>107.6045889,-6.9148224,0.0 107.6045944,-6.9147921,0.0 107.6046031,-6.9147807,0.0 107.6046151,-6.914765,0.0 107.6046317,-6.9147543,0.0 107.6046427,-6.9147472,0.0 107.6046716,-6.9147379,0.0 107.6047205,-6.914736,0.0 107.6053917,-6.9148138,0.0 107.6063544,-6.9149336,0.0 107.6064066,-6.9149399,0.0</coordinates>
            </LineString>
        </Placemark>
        <Placemark id="14475">
            <name>Jalan Otto Iskandardinata</name>
            <styleUrl>#14476</styleUrl>
            <LineString id="14474">
                <coordinates>107.604546,-6.9153572,0.0 107.6045814,-6.9149387,0.0 107.6045889,-6.9148224,0.0</coordinates>
            </LineString>
        </Placemark>
        <Placemark id="14479">
            <name>Jalan Banceuy</name>
            <styleUrl>#14480</styleUrl>
            <LineString id="14478">
                <coordinates>107.6064585,-6.9210512,0.0 107.6064774,-6.9208936,0.0 107.6064789,-6.9208813,0.0 107.6065186,-6.9205454,0.0 107.6065406,-6.9203592,0.0 107.6065698,-6.92013,0.0 107.6065812,-6.9200148,0.0 107.6066381,-6.9195407,0.0 107.6066715,-6.9190952,0.0 107.6066765,-6.9189704,0.0</coordinates>
            </LineString>
        </Placemark>
        <Placemark id="14483">
            <name>Jalan Burangrang</name>
            <styleUrl>#14484</styleUrl>
            <LineString id="14482">
                <coordinates>107.6197363,-6.9253887,0.0 107.6196639,-6.9257467,0.0 107.6195875,-6.9261945,0.0 107.6195149,-6.926592,0.0 107.619482,-6.9268276,0.0 107.6194677,-6.9271239,0.0 107.6194626,-6.9274906,0.0</coordinates>
            </LineString>
        </Placemark>
        <Placemark id="14487">
            <name>Jalan Lodaya</name>
            <styleUrl>#14488</styleUrl>
            <LineString id="14486">
                <coordinates>107.6195718,-6.9286068,0.0 107.6195259,-6.9285383,0.0 107.6194542,-6.9280559,0.0</coordinates>
            </LineString>
        </Placemark>
        <Placemark id="14491">
            <name>Jalan R.A.A. Martanegara</name>
            <styleUrl>#14492</styleUrl>
            <LineString id="14490">
                <coordinates>107.6259726,-6.9327273,0.0 107.6258219,-6.93268,0.0 107.6258093,-6.9326685,0.0 107.625745,-6.9326113,0.0</coordinates>
            </LineString>
        </Placemark>
        <Placemark id="14495">
            <name>Jalan Turangga</name>
            <styleUrl>#14496</styleUrl>
            <LineString id="14494">
                <coordinates>107.6348227,-6.9321233,0.0 107.6349144,-6.9317675,0.0 107.6349593,-6.9315874,0.0 107.6349787,-6.9315093,0.0 107.6349977,-6.9314343,0.0 107.6350129,-6.931374,0.0 107.6350713,-6.9311431,0.0 107.6350864,-6.931084,0.0 107.6351532,-6.9308208,0.0 107.6352273,-6.9305365,0.0 107.6353063,-6.9302285,0.0 107.635324,-6.930155,0.0 107.6353583,-6.9300131,0.0</coordinates>
            </LineString>
        </Placemark>
        <Placemark id="14499">
            <name>Jalan Nayaga</name>
            <styleUrl>#14500</styleUrl>
            <LineString id="14498">
                <coordinates>107.6347468,-6.9393557,0.0 107.6345279,-6.9392471,0.0 107.6343513,-6.9391594,0.0 107.6342988,-6.9391295,0.0 107.633379,-6.9386987,0.0 107.6330399,-6.938523,0.0 107.6327636,-6.9383788,0.0 107.6325765,-6.9382866,0.0 107.6317661,-6.9379183,0.0</coordinates>
            </LineString>
        </Placemark>
        <Placemark id="14503">
            <name>Jalan Kebon Kawung</name>
            <styleUrl>#14504</styleUrl>
            <LineString id="14502">
                <coordinates>107.6041426,-6.9127091,0.0 107.603885,-6.9126611,0.0</coordinates>
            </LineString>
        </Placemark>
        <Placemark id="14507">
            <name>Jalan Aceh</name>
            <styleUrl>#14508</styleUrl>
            <LineString id="14506">
                <coordinates>107.6058701,-6.9103177,0.0 107.6059892,-6.9102637,0.0 107.606089,-6.9102211,0.0 107.6061846,-6.9102009,0.0 107.6062769,-6.9101941,0.0 107.6063586,-6.9102005,0.0 107.6064176,-6.9102045,0.0 107.6066832,-6.910259,0.0 107.6067136,-6.910267,0.0 107.6068307,-6.9102961,0.0 107.6072587,-6.9103858,0.0 107.6073266,-6.9103998,0.0 107.6074612,-6.9104277,0.0 107.6076369,-6.9104438,0.0 107.6077829,-6.9104544,0.0 107.6078677,-6.9104524,0.0 107.6079578,-6.9104352,0.0 107.6081078,-6.9104109,0.0 107.6082804,-6.9103861,0.0 107.6083655,-6.9103707,0.0 107.6085938,-6.9103312,0.0 107.6086417,-6.9103253,0.0 107.6087603,-6.910311,0.0 107.6088855,-6.9102984,0.0</coordinates>
            </LineString>
        </Placemark>
        <Placemark id="14511">
            <name>Jalan Aceh</name>
            <styleUrl>#14512</styleUrl>
            <LineString id="14510">
                <coordinates>107.6057556,-6.9103716,0.0 107.6058701,-6.9103177,0.0</coordinates>
            </LineString>
        </Placemark>
        <Placemark id="14515">
            <name>Jalan Jenderal Gatot Subroto</name>
            <styleUrl>#14516</styleUrl>
            <LineString id="14514">
                <coordinates>107.6284645,-6.9246942,0.0 107.6285558,-6.9247163,0.0 107.6291126,-6.924851,0.0 107.629371,-6.9249179,0.0 107.6299576,-6.925063,0.0 107.6300507,-6.9250863,0.0 107.6304453,-6.9251819,0.0 107.6313583,-6.9254032,0.0 107.6315463,-6.9254494,0.0 107.6318661,-6.9255282,0.0 107.6323215,-6.9256449,0.0 107.6324003,-6.9256695,0.0 107.6324746,-6.9257013,0.0 107.6325537,-6.9257386,0.0 107.6326259,-6.9257745,0.0 107.6327213,-6.9258218,0.0 107.6333989,-6.9261932,0.0 107.633424,-6.926207,0.0</coordinates>
            </LineString>
        </Placemark>
        <Placemark id="14519">
            <name>Jalan Karapitan</name>
            <styleUrl>#14520</styleUrl>
            <LineString id="14518">
                <coordinates>107.6173532,-6.925034,0.0 107.6173947,-6.9248147,0.0</coordinates>
            </LineString>
        </Placemark>
        <Placemark id="14523">
            <name>Jalan Lodaya</name>
            <styleUrl>#14524</styleUrl>
            <LineString id="14522">
                <coordinates>107.622434,-6.9309756,0.0 107.6226407,-6.931064,0.0 107.6227405,-6.9311066,0.0 107.6228866,-6.9311691,0.0 107.6229314,-6.9311882,0.0 107.6229672,-6.9312035,0.0 107.6233795,-6.9313797,0.0 107.6234448,-6.9314076,0.0 107.6240705,-6.931675,0.0 107.6241025,-6.9316887,0.0 107.6243775,-6.9318062,0.0 107.6244842,-6.9318518,0.0 107.6246625,-6.9319336,0.0 107.625024,-6.9320993,0.0 107.6252034,-6.9321877,0.0</coordinates>
            </LineString>
        </Placemark>
        <Placemark id="14527">
            <name>Jalan Lodaya</name>
            <styleUrl>#14528</styleUrl>
            <LineString id="14526">
                <coordinates>107.622434,-6.9309756,0.0 107.6218256,-6.9307043,0.0 107.6214202,-6.9305302,0.0 107.6210719,-6.9303807,0.0 107.6209177,-6.9303091,0.0 107.6205023,-6.9301164,0.0 107.6202446,-6.9299968,0.0 107.6198226,-6.9298046,0.0</coordinates>
            </LineString>
        </Placemark>
        <Placemark id="14531">
            <name>Jalan Garuda</name>
            <styleUrl>#14532</styleUrl>
            <LineString id="14530">
                <coordinates>107.5783486,-6.9103499,0.0 107.5782065,-6.910981,0.0 107.5781807,-6.9110965,0.0 107.5780214,-6.9117553,0.0</coordinates>
            </LineString>
        </Placemark>
        <Placemark id="14535">
            <name>Jalan Reog</name>
            <styleUrl>#14536</styleUrl>
            <LineString id="14534">
                <coordinates>107.6317661,-6.9379183,0.0 107.6317421,-6.9379689,0.0</coordinates>
            </LineString>
        </Placemark>
        <Placemark id="14539">
            <name>Jalan Asmarandana</name>
            <styleUrl>#14540</styleUrl>
            <LineString id="14538">
                <coordinates>107.6298765,-6.9370465,0.0 107.629769,-6.9369945,0.0 107.6294657,-6.9368461,0.0 107.6289867,-6.9366466,0.0 107.6286556,-6.9365198,0.0 107.628235,-6.9363559,0.0 107.6279487,-6.9362548,0.0</coordinates>
            </LineString>
        </Placemark>
        <Placemark id="14543">
            <name>Jalan Garuda</name>
            <styleUrl>#14544</styleUrl>
            <LineString id="14542">
                <coordinates>107.5790983,-6.9081626,0.0 107.5790187,-6.908286,0.0 107.5789712,-6.9083703,0.0 107.5789311,-6.9084452,0.0 107.578906,-6.908499,0.0 107.5788645,-6.9086014,0.0 107.5788205,-6.9087197,0.0 107.57878,-6.9088565,0.0 107.5787249,-6.9090819,0.0 107.57866,-6.9093468,0.0 107.5786212,-6.9095084,0.0 107.5785977,-6.9096065,0.0 107.5785672,-6.9097317,0.0 107.5785295,-6.9098609,0.0 107.5784607,-6.9100841,0.0 107.5783486,-6.9103499,0.0</coordinates>
            </LineString>
        </Placemark>
        <Placemark id="14547">
            <name>Jalan Aceh</name>
            <styleUrl>#14548</styleUrl>
            <LineString id="14546">
                <coordinates>107.6057336,-6.910385,0.0 107.6057136,-6.9103981,0.0 107.6057083,-6.9104162,0.0 107.6057173,-6.9104422,0.0 107.6058686,-6.9107801,0.0 107.6059282,-6.9109132,0.0 107.6060938,-6.9112342,0.0 107.6061515,-6.9113534,0.0 107.6061793,-6.9114227,0.0 107.6062013,-6.9115075,0.0 107.6062007,-6.9116384,0.0 107.6061894,-6.9117355,0.0 107.6061851,-6.911772,0.0 107.6061705,-6.911896,0.0 107.6061162,-6.9121642,0.0 107.6061042,-6.9122421,0.0 107.606091,-6.912293,0.0 107.6060623,-6.9123287,0.0 107.6060285,-6.9123457,0.0 107.6059806,-6.9123552,0.0 107.6055935,-6.9123662,0.0 107.6054199,-6.9123712,0.0 107.6053922,-6.9123826,0.0 107.6053807,-6.9124041,0.0 107.605371,-6.9124848,0.0 107.6053594,-6.9126302,0.0 107.6053436,-6.9126786,0.0 107.6053101,-6.9127171,0.0 107.6052721,-6.9127414,0.0 107.6052258,-6.9127516,0.0 107.6051901,-6.9127539,0.0 107.6051317,-6.9127539,0.0 107.604692,-6.9127619,0.0</coordinates>
            </LineString>
        </Placemark>
        <Placemark id="14551">
            <name>Jalan Wastukancana</name>
            <styleUrl>#14552</styleUrl>
            <LineString id="14550">
                <coordinates>107.6090309,-6.9137833,0.0 107.6090355,-6.9136767,0.0 107.609036,-6.9135295,0.0 107.6090452,-6.9130028,0.0 107.6090502,-6.9127472,0.0 107.6090523,-6.9126675,0.0 107.6090858,-6.9111585,0.0 107.6090891,-6.9110401,0.0 107.6090928,-6.9109499,0.0 107.6090952,-6.910906,0.0 107.6090943,-6.9108169,0.0 107.6090871,-6.9107051,0.0 107.6090715,-6.9106208,0.0 107.609044,-6.9105515,0.0</coordinates>
            </LineString>
        </Placemark>
        <Placemark id="14555">
            <name>Jalan Perintis Kemerdekaan</name>
            <styleUrl>#14556</styleUrl>
            <LineString id="14554">
                <coordinates>107.6070945,-6.9151362,0.0 107.6071194,-6.9149776,0.0 107.6071865,-6.9145473,0.0 107.6071931,-6.9145156,0.0</coordinates>
            </LineString>
        </Placemark>
        <Placemark id="14559">
            <name>Jalan Ciroyom</name>
            <styleUrl>#14560</styleUrl>
            <LineString id="14558">
                <coordinates>107.5834264,-6.911033,0.0 107.5832037,-6.9108829,0.0 107.5831698,-6.9108601,0.0 107.5826513,-6.9105104,0.0 107.5821809,-6.9101938,0.0 107.5816797,-6.9098712,0.0 107.5815439,-6.9097842,0.0 107.5813924,-6.9096894,0.0 107.5811508,-6.9095295,0.0 107.5810967,-6.9094937,0.0 107.5810602,-6.9094696,0.0 107.5799006,-6.9086849,0.0 107.5794756,-6.9083983,0.0 107.5794427,-6.9083767,0.0 107.5792165,-6.9082306,0.0 107.5791712,-6.9082041,0.0 107.5791303,-6.9081795,0.0 107.5791236,-6.908176,0.0 107.5790983,-6.9081626,0.0</coordinates>
            </LineString>
        </Placemark>
        <Placemark id="14563">
            <name>Jalan Ciroyom</name>
            <styleUrl>#14564</styleUrl>
            <LineString id="14562">
                <coordinates>107.5858255,-6.912692,0.0 107.5857994,-6.912677,0.0 107.5857541,-6.912651,0.0 107.5857253,-6.9126318,0.0 107.584839,-6.912027,0.0 107.5845003,-6.911786,0.0 107.5839364,-6.9113821,0.0 107.5838485,-6.9113187,0.0 107.5834264,-6.911033,0.0</coordinates>
            </LineString>
        </Placemark>
        <Placemark id="14567">
            <name>Jalan Perintis Kemerdekaan</name>
            <styleUrl>#14568</styleUrl>
            <LineString id="14566">
                <coordinates>107.6089516,-6.913844,0.0 107.6089581,-6.9138231,0.0 107.6089707,-6.9138051,0.0 107.6089882,-6.9137917,0.0 107.6090089,-6.9137842,0.0 107.6090309,-6.9137833,0.0</coordinates>
            </LineString>
        </Placemark>
        <Placemark id="14571">
            <name>Jalan Asia Afrika</name>
            <styleUrl>#14572</styleUrl>
            <LineString id="14570">
                <coordinates>107.607195,-6.9211421,0.0 107.6071709,-6.9211388,0.0 107.6071309,-6.9211347,0.0</coordinates>
            </LineString>
        </Placemark>
        <Placemark id="14575">
            <name>Jalan Banceuy</name>
            <styleUrl>#14576</styleUrl>
            <LineString id="14574">
                <coordinates>107.6066765,-6.9189704,0.0 107.6066529,-6.9187736,0.0 107.6066404,-6.9187122,0.0 107.6065971,-6.9184998,0.0 107.6065387,-6.9182135,0.0 107.6064269,-6.9177836,0.0 107.6063839,-6.9176215,0.0 107.6063193,-6.9173781,0.0 107.6061407,-6.9166856,0.0 107.6061393,-6.916603,0.0 107.6061807,-6.9164983,0.0 107.6064568,-6.916225,0.0 107.6064947,-6.9161623,0.0 107.6065161,-6.9160865,0.0 107.6065461,-6.9155971,0.0 107.6065499,-6.9154703,0.0</coordinates>
            </LineString>
        </Placemark>
        <Placemark id="14579">
            <name>Jalan Kaca Kaca Wetan</name>
            <styleUrl>#14580</styleUrl>
            <LineString id="14578">
                <coordinates>107.6166101,-6.923648,0.0 107.6168482,-6.9230059,0.0 107.6168671,-6.9229043,0.0 107.6169126,-6.9224071,0.0 107.61692,-6.9223302,0.0</coordinates>
            </LineString>
        </Placemark>
        <Placemark id="14583">
            <name>Route Segment</name>
            <styleUrl>#14584</styleUrl>
            <LineString id="14582">
                <coordinates>107.627857,-6.9243366,0.0 107.6278685,-6.924388,0.0 107.6278814,-6.9244435,0.0 107.627904,-6.9244766,0.0 107.6279168,-6.9244955,0.0 107.6279597,-6.9245416,0.0 107.6280091,-6.9245808,0.0</coordinates>
            </LineString>
        </Placemark>
        <Placemark id="14587">
            <name>Jalan HOS. Cokroaminoto</name>
            <styleUrl>#14588</styleUrl>
            <LineString id="14586">
                <coordinates>107.5979805,-6.912262,0.0 107.5979469,-6.9117824,0.0</coordinates>
            </LineString>
        </Placemark>
        <Placemark id="14591">
            <name>Jalan Kesatriaan</name>
            <styleUrl>#14592</styleUrl>
            <LineString id="14590">
                <coordinates>107.5979469,-6.9117824,0.0 107.5976903,-6.9117627,0.0 107.5975417,-6.9117642,0.0</coordinates>
            </LineString>
        </Placemark>
        <Placemark id="14595">
            <name>Jalan Suniaraja</name>
            <styleUrl>#14596</styleUrl>
            <LineString id="14594">
                <coordinates>107.6059861,-6.9155367,0.0 107.6057907,-6.9155809,0.0 107.6055816,-6.9156321,0.0 107.6054049,-6.9156698,0.0 107.605226,-6.9157035,0.0 107.6046673,-6.9158052,0.0 107.6045054,-6.9158364,0.0</coordinates>
            </LineString>
        </Placemark>
        <Placemark id="14599">
            <name>Jalan Laswi</name>
            <styleUrl>#14600</styleUrl>
            <LineString id="14598">
                <coordinates>107.6288628,-6.9229966,0.0 107.6287051,-6.9231187,0.0 107.6285911,-6.9232001,0.0 107.6284961,-6.9232789,0.0 107.6283736,-6.9233878,0.0 107.6282195,-6.9235671,0.0 107.6281442,-6.9236677,0.0 107.6280945,-6.9237366,0.0 107.6280446,-6.9238171,0.0 107.6279922,-6.9239465,0.0 107.6279346,-6.9241057,0.0 107.6278761,-6.92428,0.0 107.627857,-6.9243366,0.0</coordinates>
            </LineString>
        </Placemark>
        <Placemark id="14603">
            <name>Jalan Asia Afrika</name>
            <styleUrl>#14604</styleUrl>
            <LineString id="14602">
                <coordinates>107.6120154,-6.9217245,0.0 107.6118219,-6.9217006,0.0</coordinates>
            </LineString>
        </Placemark>
        <Placemark id="14607">
            <name>Jalan Asia Afrika</name>
            <styleUrl>#14608</styleUrl>
            <LineString id="14606">
                <coordinates>107.6077961,-6.9212245,0.0 107.6076762,-6.9212089,0.0 107.6075753,-6.921193,0.0 107.6072432,-6.9211493,0.0 107.607195,-6.9211421,0.0</coordinates>
            </LineString>
        </Placemark>
        <Placemark id="14611">
            <name>Jalan Arjuna</name>
            <styleUrl>#14612</styleUrl>
            <LineString id="14610">
                <coordinates>107.591537,-6.9090238,0.0 107.5917513,-6.9087742,0.0</coordinates>
            </LineString>
        </Placemark>
        <Placemark id="14615">
            <name>Jalan Arjuna</name>
            <styleUrl>#14616</styleUrl>
            <LineString id="14614">
                <coordinates>107.5914503,-6.90912,0.0 107.591537,-6.9090238,0.0</coordinates>
            </LineString>
        </Placemark>
        <Placemark id="14619">
            <name>Jalan Laswi</name>
            <styleUrl>#14620</styleUrl>
            <LineString id="14618">
                <coordinates>107.6306517,-6.921792,0.0 107.6306076,-6.9219152,0.0</coordinates>
            </LineString>
        </Placemark>
        <Placemark id="14623">
            <name>Jalan Laswi</name>
            <styleUrl>#14624</styleUrl>
            <LineString id="14622">
                <coordinates>107.6314582,-6.9186505,0.0 107.6314521,-6.9187098,0.0 107.6311743,-6.9198076,0.0 107.6311548,-6.9198845,0.0 107.6311255,-6.9199916,0.0 107.6311165,-6.9200314,0.0 107.6310834,-6.9201567,0.0 107.6310196,-6.9203743,0.0 107.6308919,-6.9209029,0.0 107.6307944,-6.9212635,0.0 107.6307757,-6.9213371,0.0 107.6306517,-6.921792,0.0</coordinates>
            </LineString>
        </Placemark>
        <Placemark id="14627">
            <name>Jalan Salendro</name>
            <styleUrl>#14628</styleUrl>
            <LineString id="14626">
                <coordinates>107.6347738,-6.9376191,0.0 107.6347941,-6.9366579,0.0 107.634804,-6.9362254,0.0 107.6348121,-6.9360006,0.0 107.6348155,-6.9358493,0.0 107.6348366,-6.9354586,0.0 107.6348645,-6.9350846,0.0 107.6348775,-6.9348508,0.0 107.6348947,-6.9346432,0.0</coordinates>
            </LineString>
        </Placemark>
        <Placemark id="14631">
            <name>Jalan Asmarandana</name>
            <styleUrl>#14632</styleUrl>
            <LineString id="14630">
                <coordinates>107.6317421,-6.9379689,0.0 107.6316871,-6.9379399,0.0 107.6313829,-6.9377894,0.0 107.6306151,-6.9374155,0.0 107.6300428,-6.9371376,0.0 107.6298765,-6.9370465,0.0</coordinates>
            </LineString>
        </Placemark>
        <Placemark id="14635">
            <name>Route Segment</name>
            <styleUrl>#14636</styleUrl>
            <LineString id="14634">
                <coordinates>107.6198534,-6.9247649,0.0 107.619819,-6.9246895,0.0 107.61979,-6.9246499,0.0 107.6197549,-6.9246218,0.0 107.6197141,-6.9246023,0.0 107.6196855,-6.9245931,0.0 107.6196526,-6.9245887,0.0 107.6196228,-6.9245918,0.0 107.6195958,-6.9246102,0.0</coordinates>
            </LineString>
        </Placemark>
        <Placemark id="14639">
            <name>Jalan Aceh</name>
            <styleUrl>#14640</styleUrl>
            <LineString id="14638">
                <coordinates>107.6057556,-6.9103716,0.0 107.6057336,-6.910385,0.0</coordinates>
            </LineString>
        </Placemark>
        <Placemark id="14643">
            <name>Jalan Lodaya</name>
            <styleUrl>#14644</styleUrl>
            <LineString id="14642">
                <coordinates>107.6195718,-6.9286068,0.0 107.6196214,-6.9290687,0.0 107.6196297,-6.9291336,0.0 107.6196589,-6.9293677,0.0 107.619694,-6.9295664,0.0 107.6197219,-6.9296623,0.0 107.619745,-6.9297243,0.0</coordinates>
            </LineString>
        </Placemark>
        <Placemark id="14647">
            <name>Jalan Burangrang</name>
            <styleUrl>#14648</styleUrl>
            <LineString id="14646">
                <coordinates>107.6194441,-6.9279633,0.0 107.6194323,-6.927579,0.0 107.6194626,-6.9274906,0.0</coordinates>
            </LineString>
        </Placemark>
        <Placemark id="14651">
            <name>Jalan Suniaraja</name>
            <styleUrl>#14652</styleUrl>
            <LineString id="14650">
                <coordinates>107.6065499,-6.9154703,0.0 107.6064784,-6.9154686,0.0 107.6063683,-6.9154661,0.0 107.6059861,-6.9155367,0.0</coordinates>
            </LineString>
        </Placemark>
        <Placemark id="14655">
            <name>Jalan Aceh</name>
            <styleUrl>#14656</styleUrl>
            <LineString id="14654">
                <coordinates>107.6041426,-6.9127091,0.0 107.604692,-6.9127619,0.0</coordinates>
            </LineString>
        </Placemark>
        <Placemark id="14659">
            <name>Jalan Stasiun Timur</name>
            <styleUrl>#14660</styleUrl>
            <LineString id="14658">
                <coordinates>107.606909,-6.9153005,0.0 107.6070035,-6.9152646,0.0 107.6070659,-6.9152151,0.0 107.6070945,-6.9151362,0.0</coordinates>
            </LineString>
        </Placemark>
        <Placemark id="14663">
            <name>Jalan Jenderal Gatot Subroto</name>
            <styleUrl>#14664</styleUrl>
            <LineString id="14662">
                <coordinates>107.6335757,-6.9262906,0.0 107.6340089,-6.9265293,0.0</coordinates>
            </LineString>
        </Placemark>
        <Placemark id="14667">
            <name>Route Segment</name>
            <styleUrl>#14668</styleUrl>
            <LineString id="14666">
                <coordinates>107.6364159,-6.9278948,0.0 107.6364437,-6.927832,0.0</coordinates>
            </LineString>
        </Placemark>
        <Placemark id="14671">
            <name>Jalan Bima</name>
            <styleUrl>#14672</styleUrl>
            <LineString id="14670">
                <coordinates>107.592034,-6.9089287,0.0 107.592069,-6.9090267,0.0 107.592104,-6.9091247,0.0 107.5921094,-6.909176,0.0</coordinates>
            </LineString>
        </Placemark>
        <Placemark id="14675">
            <name>Jalan Bima</name>
            <styleUrl>#14676</styleUrl>
            <LineString id="14674">
                <coordinates>107.5917888,-6.9087296,0.0 107.592034,-6.9089287,0.0</coordinates>
            </LineString>
        </Placemark>
        <Placemark id="14679">
            <name>Jalan Asia Afrika</name>
            <styleUrl>#14680</styleUrl>
            <LineString id="14678">
                <coordinates>107.6094601,-6.9214117,0.0 107.6092801,-6.921392,0.0 107.6090723,-6.9213678,0.0 107.6088911,-6.921347,0.0 107.6087921,-6.9213346,0.0 107.6082723,-6.9212776,0.0 107.6080497,-6.9212529,0.0 107.6077961,-6.9212245,0.0</coordinates>
            </LineString>
        </Placemark>
        <Placemark id="14683">
            <name>Jalan Lodaya</name>
            <styleUrl>#14684</styleUrl>
            <LineString id="14682">
                <coordinates>107.6256715,-6.9325087,0.0 107.6256353,-6.9324624,0.0 107.6255977,-6.9324167,0.0 107.6255464,-6.9323768,0.0 107.625349,-6.932288,0.0 107.6253065,-6.9322663,0.0 107.6252506,-6.9322109,0.0</coordinates>
            </LineString>
        </Placemark>
        <Placemark id="14687">
            <name>Jalan Maskumambang</name>
            <styleUrl>#14688</styleUrl>
            <LineString id="14686">
                <coordinates>107.6270975,-6.9333963,0.0 107.6272158,-6.9330278,0.0</coordinates>
            </LineString>
        </Placemark>
        <Placemark id="14691">
            <name>Jalan R.A.A. Martanegara</name>
            <styleUrl>#14692</styleUrl>
            <LineString id="14690">
                <coordinates>107.625745,-6.9326113,0.0 107.6256715,-6.9325087,0.0</coordinates>
            </LineString>
        </Placemark>
        <Placemark id="14695">
            <name>Jalan Jenderal Gatot Subroto</name>
            <styleUrl>#14696</styleUrl>
            <LineString id="14694">
                <coordinates>107.6280091,-6.9245808,0.0 107.6284645,-6.9246942,0.0</coordinates>
            </LineString>
        </Placemark>
        <Placemark id="14699">
            <name>Jalan Wastukancana</name>
            <styleUrl>#14700</styleUrl>
            <LineString id="14698">
                <coordinates>107.609044,-6.9105515,0.0 107.6088855,-6.9102984,0.0</coordinates>
            </LineString>
        </Placemark>
        <Placemark id="14703">
            <name>Jalan Otto Iskandardinata</name>
            <styleUrl>#14704</styleUrl>
            <LineString id="14702">
                <coordinates>107.6045054,-6.9158364,0.0 107.6045124,-6.9157548,0.0 107.6045273,-6.915589,0.0 107.604546,-6.9153572,0.0</coordinates>
            </LineString>
        </Placemark>
        <Placemark id="14707">
            <name>Jalan Turangga</name>
            <styleUrl>#14708</styleUrl>
            <LineString id="14706">
                <coordinates>107.6338825,-6.9343972,0.0 107.6339321,-6.9342955,0.0 107.6339467,-6.9342632,0.0 107.6340607,-6.9339893,0.0 107.6341116,-6.9338668,0.0 107.6342774,-6.9335348,0.0 107.6345227,-6.9330865,0.0 107.6345527,-6.9330294,0.0 107.6346375,-6.9328351,0.0 107.6346984,-6.9326057,0.0 107.6348134,-6.9321597,0.0 107.6348227,-6.9321233,0.0</coordinates>
            </LineString>
        </Placemark>
        <Placemark id="14711">
            <name>Jalan Jenderal Gatot Subroto</name>
            <styleUrl>#14712</styleUrl>
            <LineString id="14710">
                <coordinates>107.633424,-6.926207,0.0 107.6335757,-6.9262906,0.0</coordinates>
            </LineString>
        </Placemark>
        <Placemark id="14715">
            <name>Jalan Laswi</name>
            <styleUrl>#14716</styleUrl>
            <LineString id="14714">
                <coordinates>107.6292933,-6.9227899,0.0 107.6291685,-6.9228503,0.0 107.628989,-6.9229361,0.0 107.6288628,-6.9229966,0.0</coordinates>
            </LineString>
        </Placemark>
        <Placemark id="14719">
            <name>Jalan Laswi</name>
            <styleUrl>#14720</styleUrl>
            <LineString id="14718">
                <coordinates>107.6306076,-6.9219152,0.0 107.6305418,-6.9220442,0.0 107.6304603,-6.92214,0.0 107.6303771,-6.9222199,0.0 107.6302684,-6.9222995,0.0 107.6301928,-6.9223398,0.0 107.6295282,-6.9226765,0.0 107.6292933,-6.9227899,0.0</coordinates>
            </LineString>
        </Placemark>
        <Placemark id="14723">
            <name>Jalan Stasiun Timur</name>
            <styleUrl>#14724</styleUrl>
            <LineString id="14722">
                <coordinates>107.6064066,-6.9149399,0.0 107.6065239,-6.9149519,0.0 107.6066003,-6.9149924,0.0 107.6066521,-6.9150384,0.0 107.6067855,-6.9152656,0.0 107.6068306,-6.9152963,0.0 107.606909,-6.9153005,0.0</coordinates>
            </LineString>
        </Placemark>
        <Placemark id="14727">
            <name>Jalan Bima</name>
            <styleUrl>#14728</styleUrl>
            <LineString id="14726">
                <coordinates>107.5956225,-6.9121681,0.0 107.5955675,-6.9121003,0.0 107.5955143,-6.9120145,0.0 107.5953824,-6.9117564,0.0 107.5953045,-6.9116344,0.0 107.5951943,-6.9114975,0.0 107.5951832,-6.9114863,0.0</coordinates>
            </LineString>
        </Placemark>
        <Placemark id="14731">
            <name>Jalan Asia Afrika</name>
            <styleUrl>#14732</styleUrl>
            <LineString id="14730">
                <coordinates>107.6069008,-6.9211076,0.0 107.6066769,-6.9210774,0.0 107.6064585,-6.9210512,0.0</coordinates>
            </LineString>
        </Placemark>
        <Placemark id="14735">
            <name>Jalan Kebon Kawung</name>
            <styleUrl>#14736</styleUrl>
            <LineString id="14734">
                <coordinates>107.603885,-6.9126611,0.0 107.6038515,-6.9126567,0.0 107.6036069,-6.9126444,0.0 107.6032433,-6.9126176,0.0 107.6029824,-6.9125986,0.0 107.6029303,-6.9125954,0.0 107.6027169,-6.9125813,0.0 107.6024779,-6.9125651,0.0 107.6023535,-6.9125612,0.0 107.6022742,-6.9125566,0.0 107.6020122,-6.91254,0.0</coordinates>
            </LineString>
        </Placemark>
        <Placemark id="14739">
            <name>Jalan Kebon Kawung</name>
            <styleUrl>#14740</styleUrl>
            <LineString id="14738">
                <coordinates>107.6020122,-6.91254,0.0 107.6019305,-6.9125353,0.0</coordinates>
            </LineString>
        </Placemark>
        <Placemark id="14743">
            <name>Jalan R.A.A. Martanegara</name>
            <styleUrl>#14744</styleUrl>
            <LineString id="14742">
                <coordinates>107.6262334,-6.9327732,0.0 107.6261306,-6.9327646,0.0 107.6259726,-6.9327273,0.0</coordinates>
            </LineString>
        </Placemark>
        <Placemark id="14747">
            <name>Jalan Arjuna</name>
            <styleUrl>#14748</styleUrl>
            <LineString id="14746">
                <coordinates>107.5894771,-6.9112533,0.0 107.5894865,-6.9112733,0.0 107.5894871,-6.9112953,0.0 107.5894789,-6.9113158,0.0 107.5894633,-6.9113314,0.0</coordinates>
            </LineString>
        </Placemark>
        <Placemark id="14751">
            <name>Jalan R.A.A. Martanegara</name>
            <styleUrl>#14752</styleUrl>
            <LineString id="14750">
                <coordinates>107.6262334,-6.9327732,0.0 107.6264059,-6.9328203,0.0 107.626494,-6.9328449,0.0 107.6266861,-6.9328918,0.0 107.6267628,-6.9329091,0.0 107.6272158,-6.9330278,0.0</coordinates>
            </LineString>
        </Placemark>
        <Placemark id="14755">
            <name>Jalan Layang Ciroyom</name>
            <styleUrl>#14756</styleUrl>
            <LineString id="14754">
                <coordinates>107.5869574,-6.9132909,0.0 107.587254,-6.913434,0.0</coordinates>
            </LineString>
        </Placemark>
        <Placemark id="14759">
            <name>Jalan Layang Ciroyom</name>
            <styleUrl>#14760</styleUrl>
            <LineString id="14758">
                <coordinates>107.5893166,-6.9121005,0.0 107.5893455,-6.911919,0.0</coordinates>
            </LineString>
        </Placemark>
        <Placemark id="14763">
            <name>Jalan Layang Ciroyom</name>
            <styleUrl>#14764</styleUrl>
            <LineString id="14762">
                <coordinates>107.587254,-6.913434,0.0 107.588191,-6.9137939,0.0 107.588437,-6.9138722,0.0 107.5885401,-6.9138874,0.0 107.5886196,-6.9138868,0.0 107.588728,-6.9138625,0.0 107.5888188,-6.9138239,0.0 107.588893,-6.9137668,0.0 107.5889601,-6.9136911,0.0 107.5890025,-6.9136299,0.0 107.5890418,-6.9135555,0.0 107.5890796,-6.9134472,0.0 107.5890983,-6.9133449,0.0 107.5891155,-6.9132456,0.0 107.5893166,-6.9121005,0.0</coordinates>
            </LineString>
        </Placemark>
        <Placemark id="14767">
            <name>Jalan Rajawali Barat</name>
            <styleUrl>#14768</styleUrl>
            <LineString id="14766">
                <coordinates>107.5729282,-6.9120185,0.0 107.5729439,-6.9120247,0.0 107.573014,-6.9120524,0.0 107.5733246,-6.9121739,0.0 107.5735241,-6.9122519,0.0 107.5736798,-6.9123128,0.0 107.5737227,-6.9123296,0.0 107.5741069,-6.9124804,0.0 107.5746597,-6.9126961,0.0 107.5747971,-6.9127499,0.0 107.5748397,-6.9127665,0.0 107.575213,-6.9129126,0.0 107.5753191,-6.9129541,0.0 107.5753653,-6.9129722,0.0</coordinates>
            </LineString>
        </Placemark>
        <Placemark id="14771">
            <name>Jalan Burangrang</name>
            <styleUrl>#14772</styleUrl>
            <LineString id="14770">
                <coordinates>107.6194542,-6.9280559,0.0 107.6194441,-6.9279633,0.0</coordinates>
            </LineString>
        </Placemark>
        <Placemark id="14775">
            <name>Jalan R.A.A. Martanegara</name>
            <styleUrl>#14776</styleUrl>
            <LineString id="14774">
                <coordinates>107.6348947,-6.9346432,0.0 107.6344979,-6.9345374,0.0 107.6344381,-6.9345238,0.0 107.6338825,-6.9343972,0.0</coordinates>
            </LineString>
        </Placemark>
        <Placemark id="14779">
            <name>Jalan Asmarandana</name>
            <styleUrl>#14780</styleUrl>
            <LineString id="14778">
                <coordinates>107.6279487,-6.9362548,0.0 107.6276905,-6.9361408,0.0 107.6275349,-6.9360721,0.0 107.6271445,-6.9358955,0.0 107.6267494,-6.9357074,0.0 107.6264231,-6.9355289,0.0 107.6262684,-6.9354443,0.0</coordinates>
            </LineString>
        </Placemark>
        <Placemark id="14783">
            <name>Jalan Salendro</name>
            <styleUrl>#14784</styleUrl>
            <LineString id="14782">
                <coordinates>107.6347726,-6.9376932,0.0 107.6347738,-6.9376191,0.0</coordinates>
            </LineString>
        </Placemark>
        <Placemark id="14787">
            <name>Jalan Salendro</name>
            <styleUrl>#14788</styleUrl>
            <LineString id="14786">
                <coordinates>107.6347468,-6.9393557,0.0 107.6347986,-6.9379993,0.0 107.6347947,-6.9378879,0.0 107.6347754,-6.9377662,0.0 107.6347726,-6.9376932,0.0</coordinates>
            </LineString>
        </Placemark>
        <Placemark id="14791">
            <name>Jalan Sukabumi</name>
            <styleUrl>#14792</styleUrl>
            <LineString id="14790">
                <coordinates>107.6320827,-6.9183023,0.0 107.6320334,-6.9183683,0.0 107.6315787,-6.9185925,0.0 107.6314582,-6.9186505,0.0</coordinates>
            </LineString>
        </Placemark>
        <Placemark id="14795">
            <name>Jalan Kesatriaan</name>
            <styleUrl>#14796</styleUrl>
            <LineString id="14794">
                <coordinates>107.5971556,-6.9118368,0.0 107.59645,-6.9120078,0.0 107.59633,-6.9120369,0.0 107.5956512,-6.9121627,0.0 107.5956225,-6.9121681,0.0</coordinates>
            </LineString>
        </Placemark>
        <Placemark id="14799">
            <name>Jalan Asia Afrika</name>
            <styleUrl>#14800</styleUrl>
            <LineString id="14798">
                <coordinates>107.6158901,-6.9222052,0.0 107.6150223,-6.9220922,0.0 107.6149247,-6.9220785,0.0 107.6144857,-6.9220225,0.0 107.6143274,-6.9220013,0.0 107.6141864,-6.9219849,0.0 107.6139237,-6.921951,0.0 107.6137712,-6.9219312,0.0</coordinates>
            </LineString>
        </Placemark>
        <Placemark id="14803">
            <name>Jalan Asia Afrika</name>
            <styleUrl>#14804</styleUrl>
            <LineString id="14802">
                <coordinates>107.6137712,-6.9219312,0.0 107.6131156,-6.9218519,0.0 107.6130492,-6.9218436,0.0 107.6128352,-6.9218192,0.0 107.6127275,-6.9218073,0.0 107.6127048,-6.9218048,0.0 107.6124983,-6.9217818,0.0 107.6124061,-6.9217716,0.0 107.6121197,-6.9217395,0.0 107.6120154,-6.9217245,0.0</coordinates>
            </LineString>
        </Placemark>
        <Placemark id="14807">
            <name>Jalan Perintis Kemerdekaan</name>
            <styleUrl>#14808</styleUrl>
            <LineString id="14806">
                <coordinates>107.6073185,-6.9143005,0.0 107.6073396,-6.9142915,0.0 107.6073918,-6.9142744,0.0 107.607494,-6.9142383,0.0 107.6075641,-6.9142136,0.0</coordinates>
            </LineString>
        </Placemark>
        <Placemark id="14811">
            <name>Jalan Layang Ciroyom</name>
            <styleUrl>#14812</styleUrl>
            <LineString id="14810">
                <coordinates>107.5869574,-6.9132909,0.0 107.5867121,-6.9132166,0.0</coordinates>
            </LineString>
        </Placemark>
        <Placemark id="14815">
            <name>Jalan Layang Ciroyom</name>
            <styleUrl>#14816</styleUrl>
            <LineString id="14814">
                <coordinates>107.5894064,-6.9117422,0.0 107.5893455,-6.911919,0.0</coordinates>
            </LineString>
        </Placemark>
        <Placemark id="14819">
            <name>Jalan Arjuna</name>
            <styleUrl>#14820</styleUrl>
            <LineString id="14818">
                <coordinates>107.5894633,-6.9113314,0.0 107.5894584,-6.9114138,0.0 107.5894414,-6.9115309,0.0 107.5894278,-6.9116169,0.0 107.5894064,-6.9117422,0.0</coordinates>
            </LineString>
        </Placemark>
        <Placemark id="14823">
            <name>Jalan Asia Afrika</name>
            <styleUrl>#14824</styleUrl>
            <LineString id="14822">
                <coordinates>107.6071309,-6.9211347,0.0 107.6069871,-6.9211172,0.0 107.6069008,-6.9211076,0.0</coordinates>
            </LineString>
        </Placemark>
        <Placemark id="14827">
            <name>Jalan Ciroyom</name>
            <styleUrl>#14828</styleUrl>
            <LineString id="14826">
                <coordinates>107.5860843,-6.9128486,0.0 107.5860324,-6.912814,0.0 107.5858255,-6.912692,0.0</coordinates>
            </LineString>
        </Placemark>
        <Placemark id="14831">
            <name>Jalan Lengkong Kecil</name>
            <styleUrl>#14832</styleUrl>
            <LineString id="14830">
                <coordinates>107.6174644,-6.9238804,0.0 107.6174167,-6.9238334,0.0 107.617347,-6.9237894,0.0</coordinates>
            </LineString>
        </Placemark>
        <Placemark id="14835">
            <name>Jalan Kesatriaan</name>
            <styleUrl>#14836</styleUrl>
            <LineString id="14834">
                <coordinates>107.5974648,-6.9117702,0.0 107.5973007,-6.9117997,0.0 107.5971556,-6.9118368,0.0</coordinates>
            </LineString>
        </Placemark>
        <Placemark id="14839">
            <name>Jalan Kesatriaan</name>
            <styleUrl>#14840</styleUrl>
            <LineString id="14838">
                <coordinates>107.5975417,-6.9117642,0.0 107.5974648,-6.9117702,0.0</coordinates>
            </LineString>
        </Placemark>
        <Placemark id="14843">
            <name>Jalan Lodaya</name>
            <styleUrl>#14844</styleUrl>
            <LineString id="14842">
                <coordinates>107.6252034,-6.9321877,0.0 107.6252506,-6.9322109,0.0</coordinates>
            </LineString>
        </Placemark>
        <Placemark id="14847">
            <name>Jalan Lengkong Kecil</name>
            <styleUrl>#14848</styleUrl>
            <LineString id="14846">
                <coordinates>107.6171175,-6.9237528,0.0 107.617347,-6.9237894,0.0</coordinates>
            </LineString>
        </Placemark>
        <Placemark id="14851">
            <name>Jalan Lengkong Kecil</name>
            <styleUrl>#14852</styleUrl>
            <LineString id="14850">
                <coordinates>107.6166101,-6.923648,0.0 107.6171175,-6.9237528,0.0</coordinates>
            </LineString>
        </Placemark>
        <Placemark id="14855">
            <name>Jalan Maskumambang</name>
            <styleUrl>#14856</styleUrl>
            <LineString id="14854">
                <coordinates>107.6262684,-6.9354443,0.0 107.6263932,-6.935235,0.0 107.6265023,-6.9350074,0.0</coordinates>
            </LineString>
        </Placemark>
        <Placemark id="14859">
            <name>Jalan Maskumambang</name>
            <styleUrl>#14860</styleUrl>
            <LineString id="14858">
                <coordinates>107.6265023,-6.9350074,0.0 107.6266495,-6.9347029,0.0</coordinates>
            </LineString>
        </Placemark>
        <Placemark id="14863">
            <name>Jalan Maskumambang</name>
            <styleUrl>#14864</styleUrl>
            <LineString id="14862">
                <coordinates>107.6266495,-6.9347029,0.0 107.6266944,-6.9346057,0.0</coordinates>
            </LineString>
        </Placemark>
        <Placemark id="14867">
            <name>Jalan Maskumambang</name>
            <styleUrl>#14868</styleUrl>
            <LineString id="14866">
                <coordinates>107.6266944,-6.9346057,0.0 107.6267245,-6.9345392,0.0</coordinates>
            </LineString>
        </Placemark>
        <Placemark id="14871">
            <name>Jalan Maskumambang</name>
            <styleUrl>#14872</styleUrl>
            <LineString id="14870">
                <coordinates>107.6267245,-6.9345392,0.0 107.6267769,-6.9343907,0.0</coordinates>
            </LineString>
        </Placemark>
        <Placemark id="14875">
            <name>Jalan Maskumambang</name>
            <styleUrl>#14876</styleUrl>
            <LineString id="14874">
                <coordinates>107.6267769,-6.9343907,0.0 107.6268118,-6.9342942,0.0 107.6268327,-6.9342213,0.0 107.6268716,-6.934109,0.0</coordinates>
            </LineString>
        </Placemark>
        <Placemark id="14879">
            <name>Jalan Maskumambang</name>
            <styleUrl>#14880</styleUrl>
            <LineString id="14878">
                <coordinates>107.6268716,-6.934109,0.0 107.6269089,-6.9340019,0.0</coordinates>
            </LineString>
        </Placemark>
        <Placemark id="14883">
            <name>Jalan Maskumambang</name>
            <styleUrl>#14884</styleUrl>
            <LineString id="14882">
                <coordinates>107.6269089,-6.9340019,0.0 107.6269643,-6.9338233,0.0 107.6270113,-6.9336719,0.0</coordinates>
            </LineString>
        </Placemark>
        <Placemark id="14887">
            <name>Jalan Maskumambang</name>
            <styleUrl>#14888</styleUrl>
            <LineString id="14886">
                <coordinates>107.6270113,-6.9336719,0.0 107.6270743,-6.9334709,0.0</coordinates>
            </LineString>
        </Placemark>
        <Placemark id="14891">
            <name>Jalan Maskumambang</name>
            <styleUrl>#14892</styleUrl>
            <LineString id="14890">
                <coordinates>107.6270743,-6.9334709,0.0 107.6270863,-6.9334361,0.0 107.6270975,-6.9333963,0.0</coordinates>
            </LineString>
        </Placemark>
        <Placemark id="14895">
            <name>Jalan Emong</name>
            <styleUrl>#14896</styleUrl>
            <LineString id="14894">
                <coordinates>107.6195958,-6.9246102,0.0 107.6192488,-6.9249321,0.0 107.619151,-6.9250035,0.0</coordinates>
            </LineString>
        </Placemark>
        <Placemark id="14899">
            <name>Jalan Emong</name>
            <styleUrl>#14900</styleUrl>
            <LineString id="14898">
                <coordinates>107.619151,-6.9250035,0.0 107.619046,-6.9250841,0.0</coordinates>
            </LineString>
        </Placemark>
        <Placemark id="14903">
            <name>Jalan Emong</name>
            <styleUrl>#14904</styleUrl>
            <LineString id="14902">
                <coordinates>107.619046,-6.9250841,0.0 107.6189569,-6.9251181,0.0 107.6188996,-6.92514,0.0 107.6187901,-6.9251638,0.0 107.6186238,-6.9251771,0.0 107.6185235,-6.9251653,0.0</coordinates>
            </LineString>
        </Placemark>
        <Placemark id="14907">
            <name>Jalan Emong</name>
            <styleUrl>#14908</styleUrl>
            <LineString id="14906">
                <coordinates>107.6185235,-6.9251653,0.0 107.618084,-6.9251126,0.0 107.6173532,-6.925034,0.0</coordinates>
            </LineString>
        </Placemark>
        <Placemark id="14911">
            <name>Jalan Karapitan</name>
            <styleUrl>#14912</styleUrl>
            <LineString id="14910">
                <coordinates>107.6173947,-6.9248147,0.0 107.6174186,-6.9245782,0.0 107.6174402,-6.9242266,0.0 107.617445,-6.9241549,0.0</coordinates>
            </LineString>
        </Placemark>
        <Placemark id="14915">
            <name>Jalan Karapitan</name>
            <styleUrl>#14916</styleUrl>
            <LineString id="14914">
                <coordinates>107.617445,-6.9241549,0.0 107.6174602,-6.9239362,0.0 107.6174644,-6.9238804,0.0</coordinates>
            </LineString>
        </Placemark>
        <Placemark id="14919">
            <name>Jalan Arjuna</name>
            <styleUrl>#14920</styleUrl>
            <LineString id="14918">
                <coordinates>107.5917513,-6.9087742,0.0 107.5917888,-6.9087296,0.0</coordinates>
            </LineString>
        </Placemark>
        <Placemark id="14923">
            <name>Jalan Jenderal Gatot Subroto</name>
            <styleUrl>#14924</styleUrl>
            <LineString id="14922">
                <coordinates>107.6340089,-6.9265293,0.0 107.6342187,-6.9266405,0.0 107.6347544,-6.9269243,0.0</coordinates>
            </LineString>
        </Placemark>
        <Placemark id="14927">
            <name>Jalan Jenderal Gatot Subroto</name>
            <styleUrl>#14928</styleUrl>
            <LineString id="14926">
                <coordinates>107.6347544,-6.9269243,0.0 107.634993,-6.9270488,0.0</coordinates>
            </LineString>
        </Placemark>
        <Placemark id="14931">
            <name>Jalan Jenderal Gatot Subroto</name>
            <styleUrl>#14932</styleUrl>
            <LineString id="14930">
                <coordinates>107.634993,-6.9270488,0.0 107.6350472,-6.9270783,0.0 107.6352307,-6.927178,0.0</coordinates>
            </LineString>
        </Placemark>
        <Placemark id="14935">
            <name>Jalan Jenderal Gatot Subroto</name>
            <styleUrl>#14936</styleUrl>
            <LineString id="14934">
                <coordinates>107.6352307,-6.927178,0.0 107.6354306,-6.9272867,0.0</coordinates>
            </LineString>
        </Placemark>
        <Placemark id="14939">
            <name>Jalan Jenderal Gatot Subroto</name>
            <styleUrl>#14940</styleUrl>
            <LineString id="14938">
                <coordinates>107.6354306,-6.9272867,0.0 107.63561,-6.9273802,0.0</coordinates>
            </LineString>
        </Placemark>
        <Placemark id="14943">
            <name>Jalan Jenderal Gatot Subroto</name>
            <styleUrl>#14944</styleUrl>
            <LineString id="14942">
                <coordinates>107.63561,-6.9273802,0.0 107.6356496,-6.9274015,0.0 107.6357849,-6.927476,0.0</coordinates>
            </LineString>
        </Placemark>
        <Placemark id="14947">
            <name>Jalan Jenderal Gatot Subroto</name>
            <styleUrl>#14948</styleUrl>
            <LineString id="14946">
                <coordinates>107.6357849,-6.927476,0.0 107.6362458,-6.9277178,0.0</coordinates>
            </LineString>
        </Placemark>
        <Placemark id="14951">
            <name>Jalan Jenderal Gatot Subroto</name>
            <styleUrl>#14952</styleUrl>
            <LineString id="14950">
                <coordinates>107.6362458,-6.9277178,0.0 107.6364437,-6.927832,0.0</coordinates>
            </LineString>
        </Placemark>
        <Placemark id="14955">
            <name>Jalan Jenderal Gatot Subroto</name>
            <styleUrl>#14956</styleUrl>
            <LineString id="14954">
                <coordinates>107.6364159,-6.9278948,0.0 107.635966,-6.9276578,0.0</coordinates>
            </LineString>
        </Placemark>
        <Placemark id="14959">
            <name>Jalan Asia Afrika</name>
            <styleUrl>#14960</styleUrl>
            <LineString id="14958">
                <coordinates>107.61692,-6.9223302,0.0 107.6168595,-6.9223254,0.0</coordinates>
            </LineString>
        </Placemark>
        <Placemark id="14963">
            <name>Jalan Asia Afrika</name>
            <styleUrl>#14964</styleUrl>
            <LineString id="14962">
                <coordinates>107.6168595,-6.9223254,0.0 107.6167788,-6.9223149,0.0 107.6164075,-6.9222701,0.0</coordinates>
            </LineString>
        </Placemark>
        <Placemark id="14967">
            <name>Jalan Asia Afrika</name>
            <styleUrl>#14968</styleUrl>
            <LineString id="14966">
                <coordinates>107.6164075,-6.9222701,0.0 107.6162578,-6.9222486,0.0 107.6162228,-6.9222435,0.0 107.6160411,-6.9222225,0.0</coordinates>
            </LineString>
        </Placemark>
        <Placemark id="14971">
            <name>Jalan Asia Afrika</name>
            <styleUrl>#14972</styleUrl>
            <LineString id="14970">
                <coordinates>107.6160411,-6.9222225,0.0 107.6158901,-6.9222052,0.0</coordinates>
            </LineString>
        </Placemark>
        <Placemark id="14975">
            <name>Jalan Burangrang</name>
            <styleUrl>#14976</styleUrl>
            <LineString id="14974">
                <coordinates>107.6198534,-6.9247649,0.0 107.6197363,-6.9253887,0.0</coordinates>
            </LineString>
        </Placemark>
        <Placemark id="14979">
            <name>Jalan Ciroyom</name>
            <styleUrl>#14980</styleUrl>
            <LineString id="14978">
                <coordinates>107.5867121,-6.9132166,0.0 107.586425,-6.9130541,0.0</coordinates>
            </LineString>
        </Placemark>
        <Placemark id="14983">
            <name>Jalan Ciroyom</name>
            <styleUrl>#14984</styleUrl>
            <LineString id="14982">
                <coordinates>107.586425,-6.9130541,0.0 107.5860843,-6.9128486,0.0</coordinates>
            </LineString>
        </Placemark>
        <Placemark id="14987">
            <name>Jalan Kebon Kawung</name>
            <styleUrl>#14988</styleUrl>
            <LineString id="14986">
                <coordinates>107.6006435,-6.9124749,0.0 107.6002224,-6.9124495,0.0</coordinates>
            </LineString>
        </Placemark>
        <Placemark id="14991">
            <name>Jalan Kebon Kawung</name>
            <styleUrl>#14992</styleUrl>
            <LineString id="14990">
                <coordinates>107.6002224,-6.9124495,0.0 107.6000202,-6.912439,0.0</coordinates>
            </LineString>
        </Placemark>
        <Placemark id="14995">
            <name>Jalan Kebon Kawung</name>
            <styleUrl>#14996</styleUrl>
            <LineString id="14994">
                <coordinates>107.6000202,-6.912439,0.0 107.5993874,-6.9123994,0.0</coordinates>
            </LineString>
        </Placemark>
        <Placemark id="14999">
            <name>Jalan Kebon Kawung</name>
            <styleUrl>#15000</styleUrl>
            <LineString id="14998">
                <coordinates>107.5993874,-6.9123994,0.0 107.5990408,-6.912374,0.0 107.5990132,-6.912372,0.0</coordinates>
            </LineString>
        </Placemark>
        <Placemark id="15003">
            <name>Jalan Kebon Kawung</name>
            <styleUrl>#15004</styleUrl>
            <LineString id="15002">
                <coordinates>107.5990132,-6.912372,0.0 107.5982527,-6.912368,0.0</coordinates>
            </LineString>
        </Placemark>
        <Placemark id="15007">
            <name>Jalan Kebon Kawung</name>
            <styleUrl>#15008</styleUrl>
            <LineString id="15006">
                <coordinates>107.601745,-6.9125245,0.0 107.601624,-6.9125174,0.0</coordinates>
            </LineString>
        </Placemark>
        <Placemark id="15011">
            <name>Jalan Kebon Kawung</name>
            <styleUrl>#15012</styleUrl>
            <LineString id="15010">
                <coordinates>107.601624,-6.9125174,0.0 107.6015636,-6.9125139,0.0</coordinates>
            </LineString>
        </Placemark>
        <Placemark id="15015">
            <name>Jalan Kebon Kawung</name>
            <styleUrl>#15016</styleUrl>
            <LineString id="15014">
                <coordinates>107.6015636,-6.9125139,0.0 107.6010547,-6.9124917,0.0</coordinates>
            </LineString>
        </Placemark>
        <Placemark id="15019">
            <name>Jalan Kebon Kawung</name>
            <styleUrl>#15020</styleUrl>
            <LineString id="15018">
                <coordinates>107.6010547,-6.9124917,0.0 107.6009674,-6.9124878,0.0</coordinates>
            </LineString>
        </Placemark>
        <Placemark id="15023">
            <name>Jalan Kebon Kawung</name>
            <styleUrl>#15024</styleUrl>
            <LineString id="15022">
                <coordinates>107.6009674,-6.9124878,0.0 107.6007223,-6.9124771,0.0 107.6006435,-6.9124749,0.0</coordinates>
            </LineString>
        </Placemark>
        <Placemark id="15027">
            <name>Jalan Asia Afrika</name>
            <styleUrl>#15028</styleUrl>
            <LineString id="15026">
                <coordinates>107.6098267,-6.921461,0.0 107.6097986,-6.9214572,0.0 107.6094601,-6.9214117,0.0</coordinates>
            </LineString>
        </Placemark>
        <Placemark id="15031">
            <name>Jalan Asia Afrika</name>
            <styleUrl>#15032</styleUrl>
            <LineString id="15030">
                <coordinates>107.6118219,-6.9217006,0.0 107.6115001,-6.9216626,0.0 107.6114214,-6.9216524,0.0 107.6112374,-6.9216318,0.0 107.6110246,-6.9216047,0.0 107.6108437,-6.9215848,0.0 107.6106307,-6.9215569,0.0 107.6104259,-6.9215335,0.0 107.610212,-6.9215095,0.0 107.6101463,-6.9215025,0.0 107.6099829,-6.9214819,0.0 107.6099373,-6.9214762,0.0 107.6098267,-6.921461,0.0</coordinates>
            </LineString>
        </Placemark>
        <Placemark id="15035">
            <name>Jalan Lodaya</name>
            <styleUrl>#15036</styleUrl>
            <LineString id="15034">
                <coordinates>107.6197085,-6.9297871,0.0 107.6197095,-6.9297666,0.0 107.6197165,-6.929749,0.0 107.6197288,-6.9297344,0.0 107.619745,-6.9297243,0.0</coordinates>
            </LineString>
        </Placemark>
        <Placemark id="15039">
            <name>Jalan Turangga</name>
            <styleUrl>#15040</styleUrl>
            <LineString id="15038">
                <coordinates>107.6353583,-6.9300131,0.0 107.6354405,-6.9296823,0.0 107.6354571,-6.9296186,0.0 107.6355016,-6.9294512,0.0 107.6355097,-6.9294192,0.0 107.6355448,-6.9292849,0.0 107.6355557,-6.9292433,0.0 107.6355813,-6.9291539,0.0</coordinates>
            </LineString>
        </Placemark>
        <Placemark id="15043">
            <name>Jalan Turangga</name>
            <styleUrl>#15044</styleUrl>
            <LineString id="15042">
                <coordinates>107.6355813,-6.9291539,0.0 107.6356061,-6.9290657,0.0 107.6357588,-6.9285046,0.0 107.6358294,-6.9281885,0.0 107.6359524,-6.9277105,0.0 107.635966,-6.9276578,0.0</coordinates>
            </LineString>
        </Placemark>
        <Placemark id="15047">
            <name>Jalan Kasuari</name>
            <styleUrl>#15048</styleUrl>
            <LineString id="15046">
                <coordinates>107.5737288,-6.9101067,0.0 107.5736786,-6.9102292,0.0 107.5736541,-6.9102661,0.0 107.5736296,-6.9102877,0.0</coordinates>
            </LineString>
        </Placemark>
        <Placemark id="15051">
            <name>Jalan Lodaya</name>
            <styleUrl>#15052</styleUrl>
            <LineString id="15050">
                <coordinates>107.6198226,-6.9298046,0.0 107.6198178,-6.9298145,0.0 107.6198031,-6.9298289,0.0 107.6197845,-6.9298375,0.0 107.619764,-6.9298395,0.0 107.6197567,-6.9298376,0.0</coordinates>
            </LineString>
        </Placemark>
        <Placemark id="15055">
            <name>Jalan Lodaya</name>
            <styleUrl>#15056</styleUrl>
            <LineString id="15054">
                <coordinates>107.6197567,-6.9298376,0.0 107.619744,-6.9298344,0.0 107.6197268,-6.9298231,0.0 107.6197146,-6.9298066,0.0 107.6197085,-6.9297871,0.0</coordinates>
            </LineString>
        </Placemark>
        <Placemark id="15059">
            <name>Jalan Sukabumi</name>
            <styleUrl>#15060</styleUrl>
            <LineString id="15058">
                <coordinates>107.6324739,-6.9181019,0.0 107.6322059,-6.9182368,0.0 107.6321219,-6.9182791,0.0 107.6320827,-6.9183023,0.0</coordinates>
            </LineString>
        </Placemark>
    </Document>
</kml>
