<?xml version="1.0" encoding="UTF-8"?>
<kml xmlns="http://www.opengis.net/kml/2.2" xmlns:gx="http://www.google.com/kml/ext/2.2">
    <Document id="12363">
        <Style id="12369">
            <IconStyle id="12370">
                <colorMode>normal</colorMode>
                <scale>1</scale>
                <heading>0</heading>
                <Icon id="12371">
                    <href>http://maps.google.com/mapfiles/kml/pushpin/ylw-pushpin.png</href>
                </Icon>
            </IconStyle>
        </Style>
        <Style id="12374">
            <IconStyle id="12375">
                <colorMode>normal</colorMode>
                <scale>1</scale>
                <heading>0</heading>
                <Icon id="12376">
                    <href>http://maps.google.com/mapfiles/kml/pushpin/ylw-pushpin.png</href>
                </Icon>
            </IconStyle>
        </Style>
        <Style id="12379">
            <IconStyle id="12380">
                <colorMode>normal</colorMode>
                <scale>1</scale>
                <heading>0</heading>
                <Icon id="12381">
                    <href>http://maps.google.com/mapfiles/kml/pushpin/ylw-pushpin.png</href>
                </Icon>
            </IconStyle>
        </Style>
        <Style id="12384">
            <IconStyle id="12385">
                <colorMode>normal</colorMode>
                <scale>1</scale>
                <heading>0</heading>
                <Icon id="12386">
                    <href>http://maps.google.com/mapfiles/kml/pushpin/ylw-pushpin.png</href>
                </Icon>
            </IconStyle>
        </Style>
        <Style id="12389">
            <IconStyle id="12390">
                <colorMode>normal</colorMode>
                <scale>1</scale>
                <heading>0</heading>
                <Icon id="12391">
                    <href>http://maps.google.com/mapfiles/kml/pushpin/ylw-pushpin.png</href>
                </Icon>
            </IconStyle>
        </Style>
        <Style id="12394">
            <IconStyle id="12395">
                <colorMode>normal</colorMode>
                <scale>1</scale>
                <heading>0</heading>
                <Icon id="12396">
                    <href>http://maps.google.com/mapfiles/kml/pushpin/ylw-pushpin.png</href>
                </Icon>
            </IconStyle>
        </Style>
        <Style id="12399">
            <IconStyle id="12400">
                <colorMode>normal</colorMode>
                <scale>1</scale>
                <heading>0</heading>
                <Icon id="12401">
                    <href>http://maps.google.com/mapfiles/kml/pushpin/ylw-pushpin.png</href>
                </Icon>
            </IconStyle>
        </Style>
        <Style id="12404">
            <IconStyle id="12405">
                <colorMode>normal</colorMode>
                <scale>1</scale>
                <heading>0</heading>
                <Icon id="12406">
                    <href>http://maps.google.com/mapfiles/kml/pushpin/ylw-pushpin.png</href>
                </Icon>
            </IconStyle>
        </Style>
        <Style id="12409">
            <IconStyle id="12410">
                <colorMode>normal</colorMode>
                <scale>1</scale>
                <heading>0</heading>
                <Icon id="12411">
                    <href>http://maps.google.com/mapfiles/kml/pushpin/ylw-pushpin.png</href>
                </Icon>
            </IconStyle>
        </Style>
        <Style id="12414">
            <IconStyle id="12415">
                <colorMode>normal</colorMode>
                <scale>1</scale>
                <heading>0</heading>
                <Icon id="12416">
                    <href>http://maps.google.com/mapfiles/kml/pushpin/ylw-pushpin.png</href>
                </Icon>
            </IconStyle>
        </Style>
        <Style id="12419">
            <IconStyle id="12420">
                <colorMode>normal</colorMode>
                <scale>1</scale>
                <heading>0</heading>
                <Icon id="12421">
                    <href>http://maps.google.com/mapfiles/kml/pushpin/ylw-pushpin.png</href>
                </Icon>
            </IconStyle>
        </Style>
        <Style id="12424">
            <IconStyle id="12425">
                <colorMode>normal</colorMode>
                <scale>1</scale>
                <heading>0</heading>
                <Icon id="12426">
                    <href>http://maps.google.com/mapfiles/kml/pushpin/ylw-pushpin.png</href>
                </Icon>
            </IconStyle>
        </Style>
        <Style id="12429">
            <IconStyle id="12430">
                <colorMode>normal</colorMode>
                <scale>1</scale>
                <heading>0</heading>
                <Icon id="12431">
                    <href>http://maps.google.com/mapfiles/kml/pushpin/ylw-pushpin.png</href>
                </Icon>
            </IconStyle>
        </Style>
        <Style id="12434">
            <IconStyle id="12435">
                <colorMode>normal</colorMode>
                <scale>1</scale>
                <heading>0</heading>
                <Icon id="12436">
                    <href>http://maps.google.com/mapfiles/kml/pushpin/ylw-pushpin.png</href>
                </Icon>
            </IconStyle>
        </Style>
        <Style id="12439">
            <IconStyle id="12440">
                <colorMode>normal</colorMode>
                <scale>1</scale>
                <heading>0</heading>
                <Icon id="12441">
                    <href>http://maps.google.com/mapfiles/kml/pushpin/ylw-pushpin.png</href>
                </Icon>
            </IconStyle>
        </Style>
        <Style id="12444">
            <IconStyle id="12445">
                <colorMode>normal</colorMode>
                <scale>1</scale>
                <heading>0</heading>
                <Icon id="12446">
                    <href>http://maps.google.com/mapfiles/kml/pushpin/ylw-pushpin.png</href>
                </Icon>
            </IconStyle>
        </Style>
        <Style id="12449">
            <IconStyle id="12450">
                <colorMode>normal</colorMode>
                <scale>1</scale>
                <heading>0</heading>
                <Icon id="12451">
                    <href>http://maps.google.com/mapfiles/kml/pushpin/ylw-pushpin.png</href>
                </Icon>
            </IconStyle>
        </Style>
        <Style id="12454">
            <IconStyle id="12455">
                <colorMode>normal</colorMode>
                <scale>1</scale>
                <heading>0</heading>
                <Icon id="12456">
                    <href>http://maps.google.com/mapfiles/kml/pushpin/ylw-pushpin.png</href>
                </Icon>
            </IconStyle>
        </Style>
        <Style id="12459">
            <IconStyle id="12460">
                <colorMode>normal</colorMode>
                <scale>1</scale>
                <heading>0</heading>
                <Icon id="12461">
                    <href>http://maps.google.com/mapfiles/kml/pushpin/ylw-pushpin.png</href>
                </Icon>
            </IconStyle>
        </Style>
        <Style id="12464">
            <IconStyle id="12465">
                <colorMode>normal</colorMode>
                <scale>1</scale>
                <heading>0</heading>
                <Icon id="12466">
                    <href>http://maps.google.com/mapfiles/kml/pushpin/ylw-pushpin.png</href>
                </Icon>
            </IconStyle>
        </Style>
        <Style id="12469">
            <IconStyle id="12470">
                <colorMode>normal</colorMode>
                <scale>1</scale>
                <heading>0</heading>
                <Icon id="12471">
                    <href>http://maps.google.com/mapfiles/kml/pushpin/ylw-pushpin.png</href>
                </Icon>
            </IconStyle>
        </Style>
        <Style id="12474">
            <IconStyle id="12475">
                <colorMode>normal</colorMode>
                <scale>1</scale>
                <heading>0</heading>
                <Icon id="12476">
                    <href>http://maps.google.com/mapfiles/kml/pushpin/ylw-pushpin.png</href>
                </Icon>
            </IconStyle>
        </Style>
        <Style id="12479">
            <IconStyle id="12480">
                <colorMode>normal</colorMode>
                <scale>1</scale>
                <heading>0</heading>
                <Icon id="12481">
                    <href>http://maps.google.com/mapfiles/kml/pushpin/ylw-pushpin.png</href>
                </Icon>
            </IconStyle>
        </Style>
        <Style id="12484">
            <IconStyle id="12485">
                <colorMode>normal</colorMode>
                <scale>1</scale>
                <heading>0</heading>
                <Icon id="12486">
                    <href>http://maps.google.com/mapfiles/kml/pushpin/ylw-pushpin.png</href>
                </Icon>
            </IconStyle>
        </Style>
        <Style id="12489">
            <IconStyle id="12490">
                <colorMode>normal</colorMode>
                <scale>1</scale>
                <heading>0</heading>
                <Icon id="12491">
                    <href>http://maps.google.com/mapfiles/kml/pushpin/ylw-pushpin.png</href>
                </Icon>
            </IconStyle>
        </Style>
        <Style id="12494">
            <IconStyle id="12495">
                <colorMode>normal</colorMode>
                <scale>1</scale>
                <heading>0</heading>
                <Icon id="12496">
                    <href>http://maps.google.com/mapfiles/kml/pushpin/ylw-pushpin.png</href>
                </Icon>
            </IconStyle>
        </Style>
        <Style id="12499">
            <IconStyle id="12500">
                <colorMode>normal</colorMode>
                <scale>1</scale>
                <heading>0</heading>
                <Icon id="12501">
                    <href>http://maps.google.com/mapfiles/kml/pushpin/ylw-pushpin.png</href>
                </Icon>
            </IconStyle>
        </Style>
        <Style id="12504">
            <IconStyle id="12505">
                <colorMode>normal</colorMode>
                <scale>1</scale>
                <heading>0</heading>
                <Icon id="12506">
                    <href>http://maps.google.com/mapfiles/kml/pushpin/ylw-pushpin.png</href>
                </Icon>
            </IconStyle>
        </Style>
        <Style id="12509">
            <IconStyle id="12510">
                <colorMode>normal</colorMode>
                <scale>1</scale>
                <heading>0</heading>
                <Icon id="12511">
                    <href>http://maps.google.com/mapfiles/kml/pushpin/ylw-pushpin.png</href>
                </Icon>
            </IconStyle>
        </Style>
        <Style id="12514">
            <IconStyle id="12515">
                <colorMode>normal</colorMode>
                <scale>1</scale>
                <heading>0</heading>
                <Icon id="12516">
                    <href>http://maps.google.com/mapfiles/kml/pushpin/ylw-pushpin.png</href>
                </Icon>
            </IconStyle>
        </Style>
        <Style id="12519">
            <IconStyle id="12520">
                <colorMode>normal</colorMode>
                <scale>1</scale>
                <heading>0</heading>
                <Icon id="12521">
                    <href>http://maps.google.com/mapfiles/kml/pushpin/ylw-pushpin.png</href>
                </Icon>
            </IconStyle>
        </Style>
        <Style id="12524">
            <IconStyle id="12525">
                <colorMode>normal</colorMode>
                <scale>1</scale>
                <heading>0</heading>
                <Icon id="12526">
                    <href>http://maps.google.com/mapfiles/kml/pushpin/ylw-pushpin.png</href>
                </Icon>
            </IconStyle>
        </Style>
        <Style id="12529">
            <IconStyle id="12530">
                <colorMode>normal</colorMode>
                <scale>1</scale>
                <heading>0</heading>
                <Icon id="12531">
                    <href>http://maps.google.com/mapfiles/kml/pushpin/ylw-pushpin.png</href>
                </Icon>
            </IconStyle>
        </Style>
        <Style id="12534">
            <IconStyle id="12535">
                <colorMode>normal</colorMode>
                <scale>1</scale>
                <heading>0</heading>
                <Icon id="12536">
                    <href>http://maps.google.com/mapfiles/kml/pushpin/ylw-pushpin.png</href>
                </Icon>
            </IconStyle>
        </Style>
        <Style id="12539">
            <IconStyle id="12540">
                <colorMode>normal</colorMode>
                <scale>1</scale>
                <heading>0</heading>
                <Icon id="12541">
                    <href>http://maps.google.com/mapfiles/kml/pushpin/ylw-pushpin.png</href>
                </Icon>
            </IconStyle>
        </Style>
        <Style id="12544">
            <IconStyle id="12545">
                <colorMode>normal</colorMode>
                <scale>1</scale>
                <heading>0</heading>
                <Icon id="12546">
                    <href>http://maps.google.com/mapfiles/kml/pushpin/ylw-pushpin.png</href>
                </Icon>
            </IconStyle>
        </Style>
        <Style id="12549">
            <IconStyle id="12550">
                <colorMode>normal</colorMode>
                <scale>1</scale>
                <heading>0</heading>
                <Icon id="12551">
                    <href>http://maps.google.com/mapfiles/kml/pushpin/ylw-pushpin.png</href>
                </Icon>
            </IconStyle>
        </Style>
        <Style id="12554">
            <IconStyle id="12555">
                <colorMode>normal</colorMode>
                <scale>1</scale>
                <heading>0</heading>
                <Icon id="12556">
                    <href>http://maps.google.com/mapfiles/kml/pushpin/ylw-pushpin.png</href>
                </Icon>
            </IconStyle>
        </Style>
        <Style id="12559">
            <IconStyle id="12560">
                <colorMode>normal</colorMode>
                <scale>1</scale>
                <heading>0</heading>
                <Icon id="12561">
                    <href>http://maps.google.com/mapfiles/kml/pushpin/ylw-pushpin.png</href>
                </Icon>
            </IconStyle>
        </Style>
        <Style id="12564">
            <IconStyle id="12565">
                <colorMode>normal</colorMode>
                <scale>1</scale>
                <heading>0</heading>
                <Icon id="12566">
                    <href>http://maps.google.com/mapfiles/kml/pushpin/ylw-pushpin.png</href>
                </Icon>
            </IconStyle>
        </Style>
        <Style id="12569">
            <IconStyle id="12570">
                <colorMode>normal</colorMode>
                <scale>1</scale>
                <heading>0</heading>
                <Icon id="12571">
                    <href>http://maps.google.com/mapfiles/kml/pushpin/ylw-pushpin.png</href>
                </Icon>
            </IconStyle>
        </Style>
        <Style id="12574">
            <IconStyle id="12575">
                <colorMode>normal</colorMode>
                <scale>1</scale>
                <heading>0</heading>
                <Icon id="12576">
                    <href>http://maps.google.com/mapfiles/kml/pushpin/ylw-pushpin.png</href>
                </Icon>
            </IconStyle>
        </Style>
        <Style id="12579">
            <IconStyle id="12580">
                <colorMode>normal</colorMode>
                <scale>1</scale>
                <heading>0</heading>
                <Icon id="12581">
                    <href>http://maps.google.com/mapfiles/kml/pushpin/ylw-pushpin.png</href>
                </Icon>
            </IconStyle>
        </Style>
        <Style id="12584">
            <IconStyle id="12585">
                <colorMode>normal</colorMode>
                <scale>1</scale>
                <heading>0</heading>
                <Icon id="12586">
                    <href>http://maps.google.com/mapfiles/kml/pushpin/ylw-pushpin.png</href>
                </Icon>
            </IconStyle>
        </Style>
        <Style id="12589">
            <IconStyle id="12590">
                <colorMode>normal</colorMode>
                <scale>1</scale>
                <heading>0</heading>
                <Icon id="12591">
                    <href>http://maps.google.com/mapfiles/kml/pushpin/ylw-pushpin.png</href>
                </Icon>
            </IconStyle>
        </Style>
        <Style id="12594">
            <IconStyle id="12595">
                <colorMode>normal</colorMode>
                <scale>1</scale>
                <heading>0</heading>
                <Icon id="12596">
                    <href>http://maps.google.com/mapfiles/kml/pushpin/ylw-pushpin.png</href>
                </Icon>
            </IconStyle>
        </Style>
        <Style id="12599">
            <IconStyle id="12600">
                <colorMode>normal</colorMode>
                <scale>1</scale>
                <heading>0</heading>
                <Icon id="12601">
                    <href>http://maps.google.com/mapfiles/kml/pushpin/ylw-pushpin.png</href>
                </Icon>
            </IconStyle>
        </Style>
        <Style id="12604">
            <IconStyle id="12605">
                <colorMode>normal</colorMode>
                <scale>1</scale>
                <heading>0</heading>
                <Icon id="12606">
                    <href>http://maps.google.com/mapfiles/kml/pushpin/ylw-pushpin.png</href>
                </Icon>
            </IconStyle>
        </Style>
        <Style id="12609">
            <IconStyle id="12610">
                <colorMode>normal</colorMode>
                <scale>1</scale>
                <heading>0</heading>
                <Icon id="12611">
                    <href>http://maps.google.com/mapfiles/kml/pushpin/ylw-pushpin.png</href>
                </Icon>
            </IconStyle>
        </Style>
        <Style id="12614">
            <IconStyle id="12615">
                <colorMode>normal</colorMode>
                <scale>1</scale>
                <heading>0</heading>
                <Icon id="12616">
                    <href>http://maps.google.com/mapfiles/kml/pushpin/ylw-pushpin.png</href>
                </Icon>
            </IconStyle>
        </Style>
        <Style id="12619">
            <IconStyle id="12620">
                <colorMode>normal</colorMode>
                <scale>1</scale>
                <heading>0</heading>
                <Icon id="12621">
                    <href>http://maps.google.com/mapfiles/kml/pushpin/ylw-pushpin.png</href>
                </Icon>
            </IconStyle>
        </Style>
        <Style id="12624">
            <LineStyle id="12625">
                <color>ff73B422</color>
                <colorMode>normal</colorMode>
                <width>4</width>
            </LineStyle>
        </Style>
        <Style id="12628">
            <LineStyle id="12629">
                <color>ff73B422</color>
                <colorMode>normal</colorMode>
                <width>4</width>
            </LineStyle>
        </Style>
        <Style id="12632">
            <LineStyle id="12633">
                <color>ff73B422</color>
                <colorMode>normal</colorMode>
                <width>4</width>
            </LineStyle>
        </Style>
        <Style id="12636">
            <LineStyle id="12637">
                <color>ff73B422</color>
                <colorMode>normal</colorMode>
                <width>4</width>
            </LineStyle>
        </Style>
        <Style id="12640">
            <LineStyle id="12641">
                <color>ff73B422</color>
                <colorMode>normal</colorMode>
                <width>4</width>
            </LineStyle>
        </Style>
        <Style id="12644">
            <LineStyle id="12645">
                <color>ff73B422</color>
                <colorMode>normal</colorMode>
                <width>4</width>
            </LineStyle>
        </Style>
        <Style id="12648">
            <LineStyle id="12649">
                <color>ff73B422</color>
                <colorMode>normal</colorMode>
                <width>4</width>
            </LineStyle>
        </Style>
        <Style id="12652">
            <LineStyle id="12653">
                <color>ff73B422</color>
                <colorMode>normal</colorMode>
                <width>4</width>
            </LineStyle>
        </Style>
        <Style id="12656">
            <LineStyle id="12657">
                <color>ff73B422</color>
                <colorMode>normal</colorMode>
                <width>4</width>
            </LineStyle>
        </Style>
        <Style id="12660">
            <LineStyle id="12661">
                <color>ff73B422</color>
                <colorMode>normal</colorMode>
                <width>4</width>
            </LineStyle>
        </Style>
        <Style id="12664">
            <LineStyle id="12665">
                <color>ff73B422</color>
                <colorMode>normal</colorMode>
                <width>4</width>
            </LineStyle>
        </Style>
        <Style id="12668">
            <LineStyle id="12669">
                <color>ff73B422</color>
                <colorMode>normal</colorMode>
                <width>4</width>
            </LineStyle>
        </Style>
        <Style id="12672">
            <LineStyle id="12673">
                <color>ff73B422</color>
                <colorMode>normal</colorMode>
                <width>4</width>
            </LineStyle>
        </Style>
        <Style id="12676">
            <LineStyle id="12677">
                <color>ff73B422</color>
                <colorMode>normal</colorMode>
                <width>4</width>
            </LineStyle>
        </Style>
        <Style id="12680">
            <LineStyle id="12681">
                <color>ff73B422</color>
                <colorMode>normal</colorMode>
                <width>4</width>
            </LineStyle>
        </Style>
        <Style id="12684">
            <LineStyle id="12685">
                <color>ff73B422</color>
                <colorMode>normal</colorMode>
                <width>4</width>
            </LineStyle>
        </Style>
        <Style id="12688">
            <LineStyle id="12689">
                <color>ff73B422</color>
                <colorMode>normal</colorMode>
                <width>4</width>
            </LineStyle>
        </Style>
        <Style id="12692">
            <LineStyle id="12693">
                <color>ff73B422</color>
                <colorMode>normal</colorMode>
                <width>4</width>
            </LineStyle>
        </Style>
        <Style id="12696">
            <LineStyle id="12697">
                <color>ff73B422</color>
                <colorMode>normal</colorMode>
                <width>4</width>
            </LineStyle>
        </Style>
        <Style id="12700">
            <LineStyle id="12701">
                <color>ff73B422</color>
                <colorMode>normal</colorMode>
                <width>4</width>
            </LineStyle>
        </Style>
        <Style id="12704">
            <LineStyle id="12705">
                <color>ff73B422</color>
                <colorMode>normal</colorMode>
                <width>4</width>
            </LineStyle>
        </Style>
        <Style id="12708">
            <LineStyle id="12709">
                <color>ff73B422</color>
                <colorMode>normal</colorMode>
                <width>4</width>
            </LineStyle>
        </Style>
        <Style id="12712">
            <LineStyle id="12713">
                <color>ff73B422</color>
                <colorMode>normal</colorMode>
                <width>4</width>
            </LineStyle>
        </Style>
        <Style id="12716">
            <LineStyle id="12717">
                <color>ff73B422</color>
                <colorMode>normal</colorMode>
                <width>4</width>
            </LineStyle>
        </Style>
        <Style id="12720">
            <LineStyle id="12721">
                <color>ff73B422</color>
                <colorMode>normal</colorMode>
                <width>4</width>
            </LineStyle>
        </Style>
        <Style id="12724">
            <LineStyle id="12725">
                <color>ff73B422</color>
                <colorMode>normal</colorMode>
                <width>4</width>
            </LineStyle>
        </Style>
        <Style id="12728">
            <LineStyle id="12729">
                <color>ff73B422</color>
                <colorMode>normal</colorMode>
                <width>4</width>
            </LineStyle>
        </Style>
        <Style id="12732">
            <LineStyle id="12733">
                <color>ff73B422</color>
                <colorMode>normal</colorMode>
                <width>4</width>
            </LineStyle>
        </Style>
        <Style id="12736">
            <LineStyle id="12737">
                <color>ff73B422</color>
                <colorMode>normal</colorMode>
                <width>4</width>
            </LineStyle>
        </Style>
        <Style id="12740">
            <LineStyle id="12741">
                <color>ff73B422</color>
                <colorMode>normal</colorMode>
                <width>4</width>
            </LineStyle>
        </Style>
        <Style id="12744">
            <LineStyle id="12745">
                <color>ff73B422</color>
                <colorMode>normal</colorMode>
                <width>4</width>
            </LineStyle>
        </Style>
        <Style id="12748">
            <LineStyle id="12749">
                <color>ff73B422</color>
                <colorMode>normal</colorMode>
                <width>4</width>
            </LineStyle>
        </Style>
        <Style id="12752">
            <LineStyle id="12753">
                <color>ff73B422</color>
                <colorMode>normal</colorMode>
                <width>4</width>
            </LineStyle>
        </Style>
        <Style id="12756">
            <LineStyle id="12757">
                <color>ff73B422</color>
                <colorMode>normal</colorMode>
                <width>4</width>
            </LineStyle>
        </Style>
        <Style id="12760">
            <LineStyle id="12761">
                <color>ff73B422</color>
                <colorMode>normal</colorMode>
                <width>4</width>
            </LineStyle>
        </Style>
        <Style id="12764">
            <LineStyle id="12765">
                <color>ff73B422</color>
                <colorMode>normal</colorMode>
                <width>4</width>
            </LineStyle>
        </Style>
        <Style id="12768">
            <LineStyle id="12769">
                <color>ff73B422</color>
                <colorMode>normal</colorMode>
                <width>4</width>
            </LineStyle>
        </Style>
        <Style id="12772">
            <LineStyle id="12773">
                <color>ff73B422</color>
                <colorMode>normal</colorMode>
                <width>4</width>
            </LineStyle>
        </Style>
        <Style id="12776">
            <LineStyle id="12777">
                <color>ff73B422</color>
                <colorMode>normal</colorMode>
                <width>4</width>
            </LineStyle>
        </Style>
        <Style id="12780">
            <LineStyle id="12781">
                <color>ff73B422</color>
                <colorMode>normal</colorMode>
                <width>4</width>
            </LineStyle>
        </Style>
        <Style id="12784">
            <LineStyle id="12785">
                <color>ff73B422</color>
                <colorMode>normal</colorMode>
                <width>4</width>
            </LineStyle>
        </Style>
        <Style id="12788">
            <LineStyle id="12789">
                <color>ff73B422</color>
                <colorMode>normal</colorMode>
                <width>4</width>
            </LineStyle>
        </Style>
        <Style id="12792">
            <LineStyle id="12793">
                <color>ff73B422</color>
                <colorMode>normal</colorMode>
                <width>4</width>
            </LineStyle>
        </Style>
        <Style id="12796">
            <LineStyle id="12797">
                <color>ff73B422</color>
                <colorMode>normal</colorMode>
                <width>4</width>
            </LineStyle>
        </Style>
        <Style id="12800">
            <LineStyle id="12801">
                <color>ff73B422</color>
                <colorMode>normal</colorMode>
                <width>4</width>
            </LineStyle>
        </Style>
        <Style id="12804">
            <LineStyle id="12805">
                <color>ff73B422</color>
                <colorMode>normal</colorMode>
                <width>4</width>
            </LineStyle>
        </Style>
        <Style id="12808">
            <LineStyle id="12809">
                <color>ff73B422</color>
                <colorMode>normal</colorMode>
                <width>4</width>
            </LineStyle>
        </Style>
        <Style id="12812">
            <LineStyle id="12813">
                <color>ff73B422</color>
                <colorMode>normal</colorMode>
                <width>4</width>
            </LineStyle>
        </Style>
        <Style id="12816">
            <LineStyle id="12817">
                <color>ff73B422</color>
                <colorMode>normal</colorMode>
                <width>4</width>
            </LineStyle>
        </Style>
        <Style id="12820">
            <LineStyle id="12821">
                <color>ff73B422</color>
                <colorMode>normal</colorMode>
                <width>4</width>
            </LineStyle>
        </Style>
        <Style id="12824">
            <LineStyle id="12825">
                <color>ff73B422</color>
                <colorMode>normal</colorMode>
                <width>4</width>
            </LineStyle>
        </Style>
        <Style id="12828">
            <LineStyle id="12829">
                <color>ff73B422</color>
                <colorMode>normal</colorMode>
                <width>4</width>
            </LineStyle>
        </Style>
        <Style id="12832">
            <LineStyle id="12833">
                <color>ff73B422</color>
                <colorMode>normal</colorMode>
                <width>4</width>
            </LineStyle>
        </Style>
        <Style id="12836">
            <LineStyle id="12837">
                <color>ff73B422</color>
                <colorMode>normal</colorMode>
                <width>4</width>
            </LineStyle>
        </Style>
        <Style id="12840">
            <LineStyle id="12841">
                <color>ff73B422</color>
                <colorMode>normal</colorMode>
                <width>4</width>
            </LineStyle>
        </Style>
        <Style id="12844">
            <LineStyle id="12845">
                <color>ff73B422</color>
                <colorMode>normal</colorMode>
                <width>4</width>
            </LineStyle>
        </Style>
        <Style id="12848">
            <LineStyle id="12849">
                <color>ff73B422</color>
                <colorMode>normal</colorMode>
                <width>4</width>
            </LineStyle>
        </Style>
        <Style id="12852">
            <LineStyle id="12853">
                <color>ff73B422</color>
                <colorMode>normal</colorMode>
                <width>4</width>
            </LineStyle>
        </Style>
        <Style id="12856">
            <LineStyle id="12857">
                <color>ff73B422</color>
                <colorMode>normal</colorMode>
                <width>4</width>
            </LineStyle>
        </Style>
        <Style id="12860">
            <LineStyle id="12861">
                <color>ff73B422</color>
                <colorMode>normal</colorMode>
                <width>4</width>
            </LineStyle>
        </Style>
        <Style id="12864">
            <LineStyle id="12865">
                <color>ff73B422</color>
                <colorMode>normal</colorMode>
                <width>4</width>
            </LineStyle>
        </Style>
        <Style id="12868">
            <LineStyle id="12869">
                <color>ff73B422</color>
                <colorMode>normal</colorMode>
                <width>4</width>
            </LineStyle>
        </Style>
        <Style id="12872">
            <LineStyle id="12873">
                <color>ff73B422</color>
                <colorMode>normal</colorMode>
                <width>4</width>
            </LineStyle>
        </Style>
        <Style id="12876">
            <LineStyle id="12877">
                <color>ff73B422</color>
                <colorMode>normal</colorMode>
                <width>4</width>
            </LineStyle>
        </Style>
        <Style id="12880">
            <LineStyle id="12881">
                <color>ff73B422</color>
                <colorMode>normal</colorMode>
                <width>4</width>
            </LineStyle>
        </Style>
        <Style id="12884">
            <LineStyle id="12885">
                <color>ff73B422</color>
                <colorMode>normal</colorMode>
                <width>4</width>
            </LineStyle>
        </Style>
        <Style id="12888">
            <LineStyle id="12889">
                <color>ff73B422</color>
                <colorMode>normal</colorMode>
                <width>4</width>
            </LineStyle>
        </Style>
        <Style id="12892">
            <LineStyle id="12893">
                <color>ff73B422</color>
                <colorMode>normal</colorMode>
                <width>4</width>
            </LineStyle>
        </Style>
        <Style id="12896">
            <LineStyle id="12897">
                <color>ff73B422</color>
                <colorMode>normal</colorMode>
                <width>4</width>
            </LineStyle>
        </Style>
        <Style id="12900">
            <LineStyle id="12901">
                <color>ff73B422</color>
                <colorMode>normal</colorMode>
                <width>4</width>
            </LineStyle>
        </Style>
        <Style id="12904">
            <LineStyle id="12905">
                <color>ff73B422</color>
                <colorMode>normal</colorMode>
                <width>4</width>
            </LineStyle>
        </Style>
        <Style id="12908">
            <LineStyle id="12909">
                <color>ff73B422</color>
                <colorMode>normal</colorMode>
                <width>4</width>
            </LineStyle>
        </Style>
        <Style id="12912">
            <LineStyle id="12913">
                <color>ff73B422</color>
                <colorMode>normal</colorMode>
                <width>4</width>
            </LineStyle>
        </Style>
        <Style id="12916">
            <LineStyle id="12917">
                <color>ff73B422</color>
                <colorMode>normal</colorMode>
                <width>4</width>
            </LineStyle>
        </Style>
        <Style id="12920">
            <LineStyle id="12921">
                <color>ff73B422</color>
                <colorMode>normal</colorMode>
                <width>4</width>
            </LineStyle>
        </Style>
        <Style id="12924">
            <LineStyle id="12925">
                <color>ff73B422</color>
                <colorMode>normal</colorMode>
                <width>4</width>
            </LineStyle>
        </Style>
        <Style id="12928">
            <LineStyle id="12929">
                <color>ff73B422</color>
                <colorMode>normal</colorMode>
                <width>4</width>
            </LineStyle>
        </Style>
        <Style id="12932">
            <LineStyle id="12933">
                <color>ff73B422</color>
                <colorMode>normal</colorMode>
                <width>4</width>
            </LineStyle>
        </Style>
        <Style id="12936">
            <LineStyle id="12937">
                <color>ff73B422</color>
                <colorMode>normal</colorMode>
                <width>4</width>
            </LineStyle>
        </Style>
        <Style id="12940">
            <LineStyle id="12941">
                <color>ff73B422</color>
                <colorMode>normal</colorMode>
                <width>4</width>
            </LineStyle>
        </Style>
        <Style id="12944">
            <LineStyle id="12945">
                <color>ff73B422</color>
                <colorMode>normal</colorMode>
                <width>4</width>
            </LineStyle>
        </Style>
        <Style id="12948">
            <LineStyle id="12949">
                <color>ff73B422</color>
                <colorMode>normal</colorMode>
                <width>4</width>
            </LineStyle>
        </Style>
        <Style id="12952">
            <LineStyle id="12953">
                <color>ff73B422</color>
                <colorMode>normal</colorMode>
                <width>4</width>
            </LineStyle>
        </Style>
        <Style id="12956">
            <LineStyle id="12957">
                <color>ff73B422</color>
                <colorMode>normal</colorMode>
                <width>4</width>
            </LineStyle>
        </Style>
        <Style id="12960">
            <LineStyle id="12961">
                <color>ff73B422</color>
                <colorMode>normal</colorMode>
                <width>4</width>
            </LineStyle>
        </Style>
        <Style id="12964">
            <LineStyle id="12965">
                <color>ff73B422</color>
                <colorMode>normal</colorMode>
                <width>4</width>
            </LineStyle>
        </Style>
        <Style id="12968">
            <LineStyle id="12969">
                <color>ff73B422</color>
                <colorMode>normal</colorMode>
                <width>4</width>
            </LineStyle>
        </Style>
        <Style id="12972">
            <LineStyle id="12973">
                <color>ff73B422</color>
                <colorMode>normal</colorMode>
                <width>4</width>
            </LineStyle>
        </Style>
        <Style id="12976">
            <LineStyle id="12977">
                <color>ff73B422</color>
                <colorMode>normal</colorMode>
                <width>4</width>
            </LineStyle>
        </Style>
        <Style id="12980">
            <LineStyle id="12981">
                <color>ff73B422</color>
                <colorMode>normal</colorMode>
                <width>4</width>
            </LineStyle>
        </Style>
        <Style id="12984">
            <LineStyle id="12985">
                <color>ff73B422</color>
                <colorMode>normal</colorMode>
                <width>4</width>
            </LineStyle>
        </Style>
        <Style id="12988">
            <LineStyle id="12989">
                <color>ff73B422</color>
                <colorMode>normal</colorMode>
                <width>4</width>
            </LineStyle>
        </Style>
        <Style id="12992">
            <LineStyle id="12993">
                <color>ff73B422</color>
                <colorMode>normal</colorMode>
                <width>4</width>
            </LineStyle>
        </Style>
        <Style id="12996">
            <LineStyle id="12997">
                <color>ff73B422</color>
                <colorMode>normal</colorMode>
                <width>4</width>
            </LineStyle>
        </Style>
        <Style id="13000">
            <LineStyle id="13001">
                <color>ff73B422</color>
                <colorMode>normal</colorMode>
                <width>4</width>
            </LineStyle>
        </Style>
        <Style id="13004">
            <LineStyle id="13005">
                <color>ff73B422</color>
                <colorMode>normal</colorMode>
                <width>4</width>
            </LineStyle>
        </Style>
        <Style id="13008">
            <LineStyle id="13009">
                <color>ff73B422</color>
                <colorMode>normal</colorMode>
                <width>4</width>
            </LineStyle>
        </Style>
        <Style id="13012">
            <LineStyle id="13013">
                <color>ff73B422</color>
                <colorMode>normal</colorMode>
                <width>4</width>
            </LineStyle>
        </Style>
        <Style id="13016">
            <LineStyle id="13017">
                <color>ff73B422</color>
                <colorMode>normal</colorMode>
                <width>4</width>
            </LineStyle>
        </Style>
        <Style id="13020">
            <LineStyle id="13021">
                <color>ff73B422</color>
                <colorMode>normal</colorMode>
                <width>4</width>
            </LineStyle>
        </Style>
        <Style id="13024">
            <LineStyle id="13025">
                <color>ff73B422</color>
                <colorMode>normal</colorMode>
                <width>4</width>
            </LineStyle>
        </Style>
        <Style id="13028">
            <LineStyle id="13029">
                <color>ff73B422</color>
                <colorMode>normal</colorMode>
                <width>4</width>
            </LineStyle>
        </Style>
        <Style id="13032">
            <LineStyle id="13033">
                <color>ff73B422</color>
                <colorMode>normal</colorMode>
                <width>4</width>
            </LineStyle>
        </Style>
        <Style id="13036">
            <LineStyle id="13037">
                <color>ff73B422</color>
                <colorMode>normal</colorMode>
                <width>4</width>
            </LineStyle>
        </Style>
        <Style id="13040">
            <LineStyle id="13041">
                <color>ff73B422</color>
                <colorMode>normal</colorMode>
                <width>4</width>
            </LineStyle>
        </Style>
        <Style id="13044">
            <LineStyle id="13045">
                <color>ff73B422</color>
                <colorMode>normal</colorMode>
                <width>4</width>
            </LineStyle>
        </Style>
        <Style id="13048">
            <LineStyle id="13049">
                <color>ff73B422</color>
                <colorMode>normal</colorMode>
                <width>4</width>
            </LineStyle>
        </Style>
        <Style id="13052">
            <LineStyle id="13053">
                <color>ff73B422</color>
                <colorMode>normal</colorMode>
                <width>4</width>
            </LineStyle>
        </Style>
        <Style id="13056">
            <LineStyle id="13057">
                <color>ff73B422</color>
                <colorMode>normal</colorMode>
                <width>4</width>
            </LineStyle>
        </Style>
        <Style id="13060">
            <LineStyle id="13061">
                <color>ff73B422</color>
                <colorMode>normal</colorMode>
                <width>4</width>
            </LineStyle>
        </Style>
        <Style id="13064">
            <LineStyle id="13065">
                <color>ff73B422</color>
                <colorMode>normal</colorMode>
                <width>4</width>
            </LineStyle>
        </Style>
        <Style id="13068">
            <LineStyle id="13069">
                <color>ff73B422</color>
                <colorMode>normal</colorMode>
                <width>4</width>
            </LineStyle>
        </Style>
        <Style id="13072">
            <LineStyle id="13073">
                <color>ff73B422</color>
                <colorMode>normal</colorMode>
                <width>4</width>
            </LineStyle>
        </Style>
        <Style id="13076">
            <LineStyle id="13077">
                <color>ff73B422</color>
                <colorMode>normal</colorMode>
                <width>4</width>
            </LineStyle>
        </Style>
        <Style id="13080">
            <LineStyle id="13081">
                <color>ff73B422</color>
                <colorMode>normal</colorMode>
                <width>4</width>
            </LineStyle>
        </Style>
        <Style id="13084">
            <LineStyle id="13085">
                <color>ff73B422</color>
                <colorMode>normal</colorMode>
                <width>4</width>
            </LineStyle>
        </Style>
        <Style id="13088">
            <LineStyle id="13089">
                <color>ff73B422</color>
                <colorMode>normal</colorMode>
                <width>4</width>
            </LineStyle>
        </Style>
        <Style id="13092">
            <LineStyle id="13093">
                <color>ff73B422</color>
                <colorMode>normal</colorMode>
                <width>4</width>
            </LineStyle>
        </Style>
        <Style id="13096">
            <LineStyle id="13097">
                <color>ff73B422</color>
                <colorMode>normal</colorMode>
                <width>4</width>
            </LineStyle>
        </Style>
        <Style id="13100">
            <LineStyle id="13101">
                <color>ff73B422</color>
                <colorMode>normal</colorMode>
                <width>4</width>
            </LineStyle>
        </Style>
        <Style id="13104">
            <LineStyle id="13105">
                <color>ff73B422</color>
                <colorMode>normal</colorMode>
                <width>4</width>
            </LineStyle>
        </Style>
        <Style id="13108">
            <LineStyle id="13109">
                <color>ff73B422</color>
                <colorMode>normal</colorMode>
                <width>4</width>
            </LineStyle>
        </Style>
        <Style id="13112">
            <LineStyle id="13113">
                <color>ff73B422</color>
                <colorMode>normal</colorMode>
                <width>4</width>
            </LineStyle>
        </Style>
        <Style id="13116">
            <LineStyle id="13117">
                <color>ff73B422</color>
                <colorMode>normal</colorMode>
                <width>4</width>
            </LineStyle>
        </Style>
        <Style id="13120">
            <LineStyle id="13121">
                <color>ff73B422</color>
                <colorMode>normal</colorMode>
                <width>4</width>
            </LineStyle>
        </Style>
        <Style id="13124">
            <LineStyle id="13125">
                <color>ff73B422</color>
                <colorMode>normal</colorMode>
                <width>4</width>
            </LineStyle>
        </Style>
        <Style id="13128">
            <LineStyle id="13129">
                <color>ff73B422</color>
                <colorMode>normal</colorMode>
                <width>4</width>
            </LineStyle>
        </Style>
        <Style id="13132">
            <LineStyle id="13133">
                <color>ff73B422</color>
                <colorMode>normal</colorMode>
                <width>4</width>
            </LineStyle>
        </Style>
        <Style id="13136">
            <LineStyle id="13137">
                <color>ff73B422</color>
                <colorMode>normal</colorMode>
                <width>4</width>
            </LineStyle>
        </Style>
        <Style id="13140">
            <LineStyle id="13141">
                <color>ff73B422</color>
                <colorMode>normal</colorMode>
                <width>4</width>
            </LineStyle>
        </Style>
        <Style id="13144">
            <LineStyle id="13145">
                <color>ff73B422</color>
                <colorMode>normal</colorMode>
                <width>4</width>
            </LineStyle>
        </Style>
        <Style id="13148">
            <LineStyle id="13149">
                <color>ff73B422</color>
                <colorMode>normal</colorMode>
                <width>4</width>
            </LineStyle>
        </Style>
        <Style id="13152">
            <LineStyle id="13153">
                <color>ff73B422</color>
                <colorMode>normal</colorMode>
                <width>4</width>
            </LineStyle>
        </Style>
        <Style id="13156">
            <LineStyle id="13157">
                <color>ff73B422</color>
                <colorMode>normal</colorMode>
                <width>4</width>
            </LineStyle>
        </Style>
        <Style id="13160">
            <LineStyle id="13161">
                <color>ff73B422</color>
                <colorMode>normal</colorMode>
                <width>4</width>
            </LineStyle>
        </Style>
        <Style id="13164">
            <LineStyle id="13165">
                <color>ff73B422</color>
                <colorMode>normal</colorMode>
                <width>4</width>
            </LineStyle>
        </Style>
        <Style id="13168">
            <LineStyle id="13169">
                <color>ff73B422</color>
                <colorMode>normal</colorMode>
                <width>4</width>
            </LineStyle>
        </Style>
        <Style id="13172">
            <LineStyle id="13173">
                <color>ff73B422</color>
                <colorMode>normal</colorMode>
                <width>4</width>
            </LineStyle>
        </Style>
        <Style id="13176">
            <LineStyle id="13177">
                <color>ff73B422</color>
                <colorMode>normal</colorMode>
                <width>4</width>
            </LineStyle>
        </Style>
        <Style id="13180">
            <LineStyle id="13181">
                <color>ff73B422</color>
                <colorMode>normal</colorMode>
                <width>4</width>
            </LineStyle>
        </Style>
        <Style id="13184">
            <LineStyle id="13185">
                <color>ff73B422</color>
                <colorMode>normal</colorMode>
                <width>4</width>
            </LineStyle>
        </Style>
        <Style id="13188">
            <LineStyle id="13189">
                <color>ff73B422</color>
                <colorMode>normal</colorMode>
                <width>4</width>
            </LineStyle>
        </Style>
        <Style id="13192">
            <LineStyle id="13193">
                <color>ff73B422</color>
                <colorMode>normal</colorMode>
                <width>4</width>
            </LineStyle>
        </Style>
        <Style id="13196">
            <LineStyle id="13197">
                <color>ff73B422</color>
                <colorMode>normal</colorMode>
                <width>4</width>
            </LineStyle>
        </Style>
        <Style id="13200">
            <LineStyle id="13201">
                <color>ff73B422</color>
                <colorMode>normal</colorMode>
                <width>4</width>
            </LineStyle>
        </Style>
        <Style id="13204">
            <LineStyle id="13205">
                <color>ff73B422</color>
                <colorMode>normal</colorMode>
                <width>4</width>
            </LineStyle>
        </Style>
        <ExtendedData>
            <Data name="route-name">
                <value>Feeder 1: Simpang Soetta Kiaracondong → Pasar Baru ABC</value>
            </Data>
            <Data name="source">
                <value>Transport for Bandung</value>
            </Data>
        </ExtendedData>
        <Placemark id="12368">
            <name>Pasar Baru</name>
            <styleUrl>#12369</styleUrl>
            <Point id="12367">
                <coordinates>107.6044519,-6.9164303,0.0</coordinates>
            </Point>
        </Placemark>
        <Placemark id="12373">
            <name>ISBI Bandung</name>
            <styleUrl>#12374</styleUrl>
            <Point id="12372">
                <coordinates>107.6280578,-6.942597,0.0</coordinates>
            </Point>
        </Placemark>
        <Placemark id="12378">
            <name>Jalan Panaitan</name>
            <styleUrl>#12379</styleUrl>
            <Point id="12377">
                <coordinates>107.6179265,-6.9194254,0.0</coordinates>
            </Point>
        </Placemark>
        <Placemark id="12383">
            <name>Hotel The-One-O-One B</name>
            <styleUrl>#12384</styleUrl>
            <Point id="12382">
                <coordinates>107.610641,-6.9065625,0.0</coordinates>
            </Point>
        </Placemark>
        <Placemark id="12388">
            <name>Museum Mandala Wangsit Siliwangi</name>
            <styleUrl>#12389</styleUrl>
            <Point id="12387">
                <coordinates>107.6111029,-6.9170839,0.0</coordinates>
            </Point>
        </Placemark>
        <Placemark id="12393">
            <name>Kantor Pos Kosambi</name>
            <styleUrl>#12394</styleUrl>
            <Point id="12392">
                <coordinates>107.6235031,-6.9192144,0.0</coordinates>
            </Point>
        </Placemark>
        <Placemark id="12398">
            <name>Balai Bahasa Jawa Barat</name>
            <styleUrl>#12399</styleUrl>
            <Point id="12397">
                <coordinates>107.6173371,-6.9136482,0.0</coordinates>
            </Point>
        </Placemark>
        <Placemark id="12403">
            <name>Taman Musik Jalan Sumbawa</name>
            <styleUrl>#12404</styleUrl>
            <Point id="12402">
                <coordinates>107.6165113,-6.9122853,0.0</coordinates>
            </Point>
        </Placemark>
        <Placemark id="12408">
            <name>Yogya Jalan Sunda</name>
            <styleUrl>#12409</styleUrl>
            <Point id="12407">
                <coordinates>107.6180659,-6.9178998,0.0</coordinates>
            </Point>
        </Placemark>
        <Placemark id="12413">
            <name>SD Negeri Merdeka</name>
            <styleUrl>#12414</styleUrl>
            <Point id="12412">
                <coordinates>107.610182,-6.915607,0.0</coordinates>
            </Point>
        </Placemark>
        <Placemark id="12418">
            <name>DPPKB Kota Bandung</name>
            <styleUrl>#12419</styleUrl>
            <Point id="12417">
                <coordinates>107.6268327,-6.9342213,0.0</coordinates>
            </Point>
        </Placemark>
        <Placemark id="12423">
            <name>SPBU Simpang Buah Batu Soekarno Hatta</name>
            <styleUrl>#12424</styleUrl>
            <Point id="12422">
                <coordinates>107.6353065,-6.9475072,0.0</coordinates>
            </Point>
        </Placemark>
        <Placemark id="12428">
            <name>Seberang Jalan Guntursari Wetan</name>
            <styleUrl>#12429</styleUrl>
            <Point id="12427">
                <coordinates>107.6321653,-6.9468581,0.0</coordinates>
            </Point>
        </Placemark>
        <Placemark id="12433">
            <name>Jalan Kangkung</name>
            <styleUrl>#12434</styleUrl>
            <Point id="12432">
                <coordinates>107.6260901,-6.9308456,0.0</coordinates>
            </Point>
        </Placemark>
        <Placemark id="12438">
            <name>Taman Lalu Lintas Kota Bandung</name>
            <styleUrl>#12439</styleUrl>
            <Point id="12437">
                <coordinates>107.6138475,-6.9123969,0.0</coordinates>
            </Point>
        </Placemark>
        <Placemark id="12443">
            <name>SMP Negeri 2 Bandung</name>
            <styleUrl>#12444</styleUrl>
            <Point id="12442">
                <coordinates>107.6139915,-6.9144408,0.0</coordinates>
            </Point>
        </Placemark>
        <Placemark id="12448">
            <name>Simpang Talaga Bodas - Terusan Galunggung</name>
            <styleUrl>#12449</styleUrl>
            <Point id="12447">
                <coordinates>107.6248423,-6.929086,0.0</coordinates>
            </Point>
        </Placemark>
        <Placemark id="12453">
            <name>SMK Negeri 8 Bandung</name>
            <styleUrl>#12454</styleUrl>
            <Point id="12452">
                <coordinates>107.6288279,-6.9401215,0.0</coordinates>
            </Point>
        </Placemark>
        <Placemark id="12458">
            <name>Simpang Samoja - Malabar</name>
            <styleUrl>#12459</styleUrl>
            <Point id="12457">
                <coordinates>107.62446,-6.9204704,0.0</coordinates>
            </Point>
        </Placemark>
        <Placemark id="12463">
            <name>Pasar Kosambi Jalan Baranang Siang</name>
            <styleUrl>#12464</styleUrl>
            <Point id="12462">
                <coordinates>107.621673,-6.9201723,0.0</coordinates>
            </Point>
        </Placemark>
        <Placemark id="12468">
            <name>Seberang Jalan Kayuagung II</name>
            <styleUrl>#12469</styleUrl>
            <Point id="12467">
                <coordinates>107.6306376,-6.9452719,0.0</coordinates>
            </Point>
        </Placemark>
        <Placemark id="12473">
            <name>Kantor PLN Jalan Karawitan</name>
            <styleUrl>#12474</styleUrl>
            <Point id="12472">
                <coordinates>107.6285,-6.9384846,0.0</coordinates>
            </Point>
        </Placemark>
        <Placemark id="12478">
            <name>Jalan Guntur Madu</name>
            <styleUrl>#12479</styleUrl>
            <Point id="12477">
                <coordinates>107.6267546,-6.9375305,0.0</coordinates>
            </Point>
        </Placemark>
        <Placemark id="12483">
            <name>Simpang Asmarandana - Maskumambang</name>
            <styleUrl>#12484</styleUrl>
            <Point id="12482">
                <coordinates>107.6260213,-6.9357513,0.0</coordinates>
            </Point>
        </Placemark>
        <Placemark id="12488">
            <name>Dinas Ketenagakerjaan Kota Bandung</name>
            <styleUrl>#12489</styleUrl>
            <Point id="12487">
                <coordinates>107.6266861,-6.9328918,0.0</coordinates>
            </Point>
        </Placemark>
        <Placemark id="12493">
            <name>Seberang SD Al-Azhar 36 Bandung</name>
            <styleUrl>#12494</styleUrl>
            <Point id="12492">
                <coordinates>107.6233911,-6.9274059,0.0</coordinates>
            </Point>
        </Placemark>
        <Placemark id="12498">
            <name>Taman Pers Malabar 1</name>
            <styleUrl>#12499</styleUrl>
            <Point id="12497">
                <coordinates>107.6234717,-6.925801,0.0</coordinates>
            </Point>
        </Placemark>
        <Placemark id="12503">
            <name>Simpang Malabar Gatot Subroto 1</name>
            <styleUrl>#12504</styleUrl>
            <Point id="12502">
                <coordinates>107.6244141,-6.9234091,0.0</coordinates>
            </Point>
        </Placemark>
        <Placemark id="12508">
            <name>Katapang Kaler 1</name>
            <styleUrl>#12509</styleUrl>
            <Point id="12507">
                <coordinates>107.619832,-6.9211515,0.0</coordinates>
            </Point>
        </Placemark>
        <Placemark id="12513">
            <name>Simpang Naripan Sunda</name>
            <styleUrl>#12514</styleUrl>
            <Point id="12512">
                <coordinates>107.6176925,-6.921758,0.0</coordinates>
            </Point>
        </Placemark>
        <Placemark id="12518">
            <name>SPBU Jalan Sunda</name>
            <styleUrl>#12519</styleUrl>
            <Point id="12517">
                <coordinates>107.6182441,-6.9165066,0.0</coordinates>
            </Point>
        </Placemark>
        <Placemark id="12523">
            <name>Simpang Banda - Belitung</name>
            <styleUrl>#12524</styleUrl>
            <Point id="12522">
                <coordinates>107.6170959,-6.9115688,0.0</coordinates>
            </Point>
        </Placemark>
        <Placemark id="12528">
            <name>Simpang Bangka - Belitung</name>
            <styleUrl>#12529</styleUrl>
            <Point id="12527">
                <coordinates>107.6193124,-6.9117349,0.0</coordinates>
            </Point>
        </Placemark>
        <Placemark id="12533">
            <name>Simpang Menado - Aceh 1</name>
            <styleUrl>#12534</styleUrl>
            <Point id="12532">
                <coordinates>107.6210202,-6.909803,0.0</coordinates>
            </Point>
        </Placemark>
        <Placemark id="12538">
            <name>Polsek Bandung Wetan 1</name>
            <styleUrl>#12539</styleUrl>
            <Point id="12537">
                <coordinates>107.6214307,-6.9084922,0.0</coordinates>
            </Point>
        </Placemark>
        <Placemark id="12543">
            <name>Pasar Cihapit 1</name>
            <styleUrl>#12544</styleUrl>
            <Point id="12542">
                <coordinates>107.6228887,-6.9078266,0.0</coordinates>
            </Point>
        </Placemark>
        <Placemark id="12548">
            <name>Simpang Brantas Cihapit 1</name>
            <styleUrl>#12549</styleUrl>
            <Point id="12547">
                <coordinates>107.6243084,-6.9066854,0.0</coordinates>
            </Point>
        </Placemark>
        <Placemark id="12553">
            <name>Taman Cibeunying Selatan</name>
            <styleUrl>#12554</styleUrl>
            <Point id="12552">
                <coordinates>107.6238668,-6.9045296,0.0</coordinates>
            </Point>
        </Placemark>
        <Placemark id="12558">
            <name>Simpang Cilaki - Cimanuk</name>
            <styleUrl>#12559</styleUrl>
            <Point id="12557">
                <coordinates>107.6213475,-6.9028981,0.0</coordinates>
            </Point>
        </Placemark>
        <Placemark id="12563">
            <name>Museum Pos Indonesia</name>
            <styleUrl>#12564</styleUrl>
            <Point id="12562">
                <coordinates>107.620006,-6.9018681,0.0</coordinates>
            </Point>
        </Placemark>
        <Placemark id="12568">
            <name>Taman Segitiga Trunojoyo 1</name>
            <styleUrl>#12569</styleUrl>
            <Point id="12567">
                <coordinates>107.6153066,-6.9020254,0.0</coordinates>
            </Point>
        </Placemark>
        <Placemark id="12573">
            <name>Simpang Sultan Tirtayasa - Trunojoyo 1</name>
            <styleUrl>#12574</styleUrl>
            <Point id="12572">
                <coordinates>107.6139964,-6.9026034,0.0</coordinates>
            </Point>
        </Placemark>
        <Placemark id="12578">
            <name>Jalan Sultan Agung</name>
            <styleUrl>#12579</styleUrl>
            <Point id="12577">
                <coordinates>107.612312,-6.9044245,0.0</coordinates>
            </Point>
        </Placemark>
        <Placemark id="12583">
            <name>Taman Pertigaan Pujasera</name>
            <styleUrl>#12584</styleUrl>
            <Point id="12582">
                <coordinates>107.6121991,-6.9093509,0.0</coordinates>
            </Point>
        </Placemark>
        <Placemark id="12588">
            <name>Polrestabes Bandung 1</name>
            <styleUrl>#12589</styleUrl>
            <Point id="12587">
                <coordinates>107.6116145,-6.9145961,0.0</coordinates>
            </Point>
        </Placemark>
        <Placemark id="12593">
            <name>Simpang Kejaksaan - Markoni</name>
            <styleUrl>#12594</styleUrl>
            <Point id="12592">
                <coordinates>107.6112441,-6.9184763,0.0</coordinates>
            </Point>
        </Placemark>
        <Placemark id="12598">
            <name>Jalan Braga Gang Cikapundung</name>
            <styleUrl>#12599</styleUrl>
            <Point id="12597">
                <coordinates>107.6094304,-6.9178369,0.0</coordinates>
            </Point>
        </Placemark>
        <Placemark id="12603">
            <name>Suniaraja Braga</name>
            <styleUrl>#12604</styleUrl>
            <Point id="12602">
                <coordinates>107.6080175,-6.9161132,0.0</coordinates>
            </Point>
        </Placemark>
        <Placemark id="12608">
            <name>Banceuy Suniaraja</name>
            <styleUrl>#12609</styleUrl>
            <Point id="12607">
                <coordinates>107.6057907,-6.9155809,0.0</coordinates>
            </Point>
        </Placemark>
        <Placemark id="12613">
            <name>Simpang Soetta Kiaracondong</name>
            <styleUrl>#12614</styleUrl>
            <Point id="12612">
                <coordinates>107.6408496,-6.9458361,0.0</coordinates>
            </Point>
        </Placemark>
        <Placemark id="12618">
            <name>Pasar Baru ABC</name>
            <styleUrl>#12619</styleUrl>
            <Point id="12617">
                <coordinates>107.6048398,-6.9184569,0.0</coordinates>
            </Point>
        </Placemark>
        <Placemark id="12623">
            <name>Jalan Sumatra</name>
            <styleUrl>#12624</styleUrl>
            <LineString id="12622">
                <coordinates>107.6117292,-6.9070622,0.0 107.6116726,-6.9071346,0.0 107.6116086,-6.9072517,0.0 107.6115775,-6.907378,0.0 107.611583,-6.9074949,0.0 107.6116095,-6.9076642,0.0 107.6116375,-6.9078428,0.0 107.6116794,-6.9080037,0.0 107.6117159,-6.9081151,0.0 107.6118548,-6.9084982,0.0 107.6119103,-6.908644,0.0 107.6119989,-6.9088769,0.0 107.6121345,-6.909197,0.0 107.6121991,-6.9093509,0.0 107.6122456,-6.9094617,0.0 107.6123139,-6.9096182,0.0 107.6123606,-6.9097074,0.0 107.6123913,-6.909767,0.0</coordinates>
            </LineString>
        </Placemark>
        <Placemark id="12627">
            <name>Jalan Cilaki</name>
            <styleUrl>#12628</styleUrl>
            <LineString id="12626">
                <coordinates>107.6211646,-6.902749,0.0 107.6210622,-6.9026655,0.0 107.6206313,-6.9022915,0.0 107.6205371,-6.9022212,0.0 107.6203754,-6.9021227,0.0 107.6202337,-6.9020433,0.0 107.6201012,-6.9019523,0.0 107.620006,-6.9018681,0.0 107.6199711,-6.9018372,0.0 107.6198894,-6.9017272,0.0 107.6198203,-6.9015973,0.0 107.6197895,-6.9015001,0.0 107.6197415,-6.901349,0.0 107.619705,-6.9012645,0.0</coordinates>
            </LineString>
        </Placemark>
        <Placemark id="12631">
            <name>Jalan Cibeunying Selatan</name>
            <styleUrl>#12632</styleUrl>
            <LineString id="12630">
                <coordinates>107.6244904,-6.9059393,0.0 107.6244817,-6.9058874,0.0 107.6244698,-6.9058555,0.0 107.6243962,-6.9057114,0.0 107.6243663,-6.9056454,0.0 107.6243483,-6.9056092,0.0 107.6242383,-6.9053666,0.0 107.6240934,-6.9050421,0.0 107.6239762,-6.9047712,0.0 107.6238668,-6.9045296,0.0 107.6237856,-6.9043504,0.0 107.6237337,-6.904244,0.0 107.6236832,-6.9041368,0.0 107.6236343,-6.9040685,0.0 107.6235766,-6.9039962,0.0 107.6234661,-6.9039077,0.0</coordinates>
            </LineString>
        </Placemark>
        <Placemark id="12635">
            <name>Jalan Malabar</name>
            <styleUrl>#12636</styleUrl>
            <LineString id="12634">
                <coordinates>107.6247143,-6.9215815,0.0 107.6246472,-6.921513,0.0 107.624615,-6.9214271,0.0 107.62446,-6.9204704,0.0 107.6243378,-6.9197163,0.0 107.6242761,-6.9192343,0.0 107.6242355,-6.9189169,0.0 107.6242238,-6.9188675,0.0</coordinates>
            </LineString>
        </Placemark>
        <Placemark id="12639">
            <name>Jalan Malabar</name>
            <styleUrl>#12640</styleUrl>
            <LineString id="12638">
                <coordinates>107.6247143,-6.9215815,0.0 107.624715,-6.9216366,0.0 107.6247364,-6.921702,0.0 107.6247472,-6.9217639,0.0 107.6247487,-6.9218339,0.0 107.6247519,-6.921899,0.0 107.6247519,-6.9219702,0.0 107.6247378,-6.9220759,0.0 107.6247096,-6.9222492,0.0</coordinates>
            </LineString>
        </Placemark>
        <Placemark id="12643">
            <name>Jalan Otto Iskandardinata</name>
            <styleUrl>#12644</styleUrl>
            <LineString id="12642">
                <coordinates>107.6045054,-6.9158364,0.0 107.6044945,-6.9159639,0.0 107.6044519,-6.9164303,0.0 107.6044248,-6.9167276,0.0 107.6044046,-6.9168859,0.0 107.6043842,-6.9170712,0.0 107.6043506,-6.917436,0.0</coordinates>
            </LineString>
        </Placemark>
        <Placemark id="12647">
            <name>Jalan Talaga Bodas</name>
            <styleUrl>#12648</styleUrl>
            <LineString id="12646">
                <coordinates>107.6262668,-6.9294503,0.0 107.6262232,-6.9294385,0.0 107.6254359,-6.9292386,0.0 107.6248666,-6.9290915,0.0 107.6248423,-6.929086,0.0 107.6244581,-6.9289842,0.0 107.6244323,-6.9289774,0.0 107.6242211,-6.9289197,0.0 107.6240487,-6.9288743,0.0 107.6238357,-6.9288198,0.0 107.6231162,-6.9286358,0.0 107.6230712,-6.9286235,0.0</coordinates>
            </LineString>
        </Placemark>
        <Placemark id="12651">
            <name>Jalan R.A.A. Martanegara</name>
            <styleUrl>#12652</styleUrl>
            <LineString id="12650">
                <coordinates>107.6259726,-6.9327273,0.0 107.6258219,-6.93268,0.0 107.6258093,-6.9326685,0.0 107.625745,-6.9326113,0.0</coordinates>
            </LineString>
        </Placemark>
        <Placemark id="12655">
            <name>Jalan Terusan Halimun</name>
            <styleUrl>#12656</styleUrl>
            <LineString id="12654">
                <coordinates>107.6236147,-6.9265547,0.0 107.6231899,-6.9264392,0.0</coordinates>
            </LineString>
        </Placemark>
        <Placemark id="12659">
            <name>Jalan Malabar</name>
            <styleUrl>#12660</styleUrl>
            <LineString id="12658">
                <coordinates>107.6231899,-6.9264392,0.0 107.6234717,-6.925801,0.0 107.623714,-6.925252,0.0</coordinates>
            </LineString>
        </Placemark>
        <Placemark id="12663">
            <name>Jalan Karawitan</name>
            <styleUrl>#12664</styleUrl>
            <LineString id="12662">
                <coordinates>107.6269247,-6.9376714,0.0 107.6272124,-6.9378376,0.0</coordinates>
            </LineString>
        </Placemark>
        <Placemark id="12667">
            <name>Jalan Surapati</name>
            <styleUrl>#12668</styleUrl>
            <LineString id="12666">
                <coordinates>107.6167125,-6.8991863,0.0 107.6166576,-6.8991786,0.0</coordinates>
            </LineString>
        </Placemark>
        <Placemark id="12671">
            <name>Jalan Aria Jipang</name>
            <styleUrl>#12672</styleUrl>
            <LineString id="12670">
                <coordinates>107.6166576,-6.8991786,0.0 107.6165356,-6.8992206,0.0 107.616428,-6.8992677,0.0 107.6162456,-6.8994129,0.0</coordinates>
            </LineString>
        </Placemark>
        <Placemark id="12675">
            <name>Jalan Surapati</name>
            <styleUrl>#12676</styleUrl>
            <LineString id="12674">
                <coordinates>107.6180078,-6.8994561,0.0 107.6179594,-6.8994463,0.0 107.6175848,-6.8993817,0.0 107.6172942,-6.899333,0.0 107.6170304,-6.8992912,0.0 107.6169055,-6.8992649,0.0 107.6167897,-6.89924,0.0 107.6167125,-6.8991863,0.0</coordinates>
            </LineString>
        </Placemark>
        <Placemark id="12679">
            <name>Jalan Malabar</name>
            <styleUrl>#12680</styleUrl>
            <LineString id="12678">
                <coordinates>107.6238524,-6.9251131,0.0 107.6238645,-6.9250741,0.0 107.6240605,-6.9244408,0.0</coordinates>
            </LineString>
        </Placemark>
        <Placemark id="12683">
            <name>Jalan Markoni</name>
            <styleUrl>#12684</styleUrl>
            <LineString id="12682">
                <coordinates>107.6115788,-6.9173248,0.0 107.611588,-6.9173951,0.0 107.6115796,-6.9175824,0.0</coordinates>
            </LineString>
        </Placemark>
        <Placemark id="12687">
            <name>Jalan Menado</name>
            <styleUrl>#12688</styleUrl>
            <LineString id="12686">
                <coordinates>107.6206308,-6.9114044,0.0 107.6208299,-6.9105859,0.0 107.6208931,-6.910326,0.0 107.6209273,-6.9101852,0.0 107.6210098,-6.9098459,0.0 107.6210202,-6.909803,0.0 107.6210647,-6.9096202,0.0 107.6211132,-6.9094082,0.0 107.6211274,-6.9093568,0.0</coordinates>
            </LineString>
        </Placemark>
        <Placemark id="12691">
            <name>Jalan Kejaksaan</name>
            <styleUrl>#12692</styleUrl>
            <LineString id="12690">
                <coordinates>107.6114812,-6.9185116,0.0 107.6112441,-6.9184763,0.0 107.6108687,-6.9184205,0.0 107.6105348,-6.9184863,0.0 107.6103059,-6.9185191,0.0 107.6101251,-6.9185292,0.0 107.6096756,-6.9185705,0.0 107.6096319,-6.9185764,0.0</coordinates>
            </LineString>
        </Placemark>
        <Placemark id="12695">
            <name>Jalan Menado</name>
            <styleUrl>#12696</styleUrl>
            <LineString id="12694">
                <coordinates>107.6206308,-6.9114044,0.0 107.6205353,-6.9114297,0.0 107.620429,-6.9114781,0.0 107.6203316,-6.9115426,0.0 107.6202457,-6.9116215,0.0 107.6201734,-6.9117128,0.0 107.6201165,-6.9118143,0.0 107.6200763,-6.9119234,0.0</coordinates>
            </LineString>
        </Placemark>
        <Placemark id="12699">
            <name>Jalan Sumatra</name>
            <styleUrl>#12700</styleUrl>
            <LineString id="12698">
                <coordinates>107.6139552,-6.9149332,0.0 107.6139821,-6.9147604,0.0 107.6139894,-6.9147065,0.0 107.6139967,-6.9146525,0.0 107.6140009,-6.9145513,0.0 107.6139982,-6.9145008,0.0 107.6139915,-6.9144408,0.0 107.6139902,-6.9144289,0.0 107.6139734,-6.9143683,0.0 107.6139539,-6.914317,0.0 107.61384,-6.9141333,0.0 107.6137642,-6.9140077,0.0 107.6137233,-6.9139398,0.0 107.6135925,-6.9137192,0.0 107.6135325,-6.913618,0.0 107.6135126,-6.9135895,0.0 107.6134268,-6.9134665,0.0 107.6133515,-6.9133639,0.0</coordinates>
            </LineString>
        </Placemark>
        <Placemark id="12703">
            <name>Jalan Belitung</name>
            <styleUrl>#12704</styleUrl>
            <LineString id="12702">
                <coordinates>107.6144696,-6.9121614,0.0 107.6143524,-6.9122063,0.0 107.614276,-6.9122351,0.0 107.6142314,-6.9122519,0.0 107.6140321,-6.912327,0.0 107.6138475,-6.9123969,0.0 107.6138154,-6.9124084,0.0 107.6137534,-6.9124309,0.0 107.6134164,-6.912564,0.0 107.6132624,-6.9126239,0.0</coordinates>
            </LineString>
        </Placemark>
        <Placemark id="12707">
            <name>Jalan Sumbawa</name>
            <styleUrl>#12708</styleUrl>
            <LineString id="12706">
                <coordinates>107.6183708,-6.9159304,0.0 107.6183997,-6.9158308,0.0 107.6184091,-6.9157469,0.0 107.6184073,-6.9156491,0.0 107.618385,-6.9155445,0.0 107.6183566,-6.9154656,0.0 107.6183514,-6.9154513,0.0 107.6182972,-6.9153483,0.0 107.6182254,-6.915217,0.0 107.6181449,-6.9150772,0.0 107.6176661,-6.9141839,0.0 107.617602,-6.9140742,0.0 107.6175862,-6.9140471,0.0 107.6175159,-6.913923,0.0 107.6173371,-6.9136482,0.0 107.6172878,-6.9135725,0.0</coordinates>
            </LineString>
        </Placemark>
        <Placemark id="12711">
            <name>Jalan Kalimantan</name>
            <styleUrl>#12712</styleUrl>
            <LineString id="12710">
                <coordinates>107.6139066,-6.9105285,0.0 107.6140031,-6.9107992,0.0 107.6143276,-6.9117506,0.0 107.6144234,-6.9120239,0.0 107.6144696,-6.9121614,0.0</coordinates>
            </LineString>
        </Placemark>
        <Placemark id="12715">
            <name>Jalan Kliningan</name>
            <styleUrl>#12716</styleUrl>
            <LineString id="12714">
                <coordinates>107.6279552,-6.9423722,0.0 107.6279829,-6.9423462,0.0 107.6282709,-6.9420535,0.0 107.6284445,-6.9418319,0.0 107.6284533,-6.9418199,0.0 107.6284594,-6.9418079,0.0 107.6284634,-6.9417947,0.0 107.6284981,-6.9415355,0.0 107.6285303,-6.9412408,0.0 107.6285618,-6.940999,0.0 107.6286132,-6.9407778,0.0 107.6287265,-6.9404408,0.0 107.6287555,-6.9403484,0.0 107.6288098,-6.9401794,0.0 107.6288279,-6.9401215,0.0 107.6288591,-6.9400365,0.0 107.6288818,-6.9399716,0.0 107.6289384,-6.939805,0.0 107.6290093,-6.9395855,0.0 107.6291175,-6.9392816,0.0 107.6291343,-6.9392403,0.0 107.6292882,-6.938873,0.0</coordinates>
            </LineString>
        </Placemark>
        <Placemark id="12719">
            <name>Jalan Maskumambang</name>
            <styleUrl>#12720</styleUrl>
            <LineString id="12718">
                <coordinates>107.6255806,-6.936362,0.0 107.6256001,-6.9363232,0.0 107.6256365,-6.9362633,0.0 107.6256906,-6.9361824,0.0 107.6258821,-6.9359373,0.0 107.6260213,-6.9357513,0.0 107.6262684,-6.9354443,0.0</coordinates>
            </LineString>
        </Placemark>
        <Placemark id="12723">
            <name>Jalan Karawitan</name>
            <styleUrl>#12724</styleUrl>
            <LineString id="12722">
                <coordinates>107.6269247,-6.9376714,0.0 107.6267546,-6.9375305,0.0 107.6265094,-6.9373275,0.0 107.6262272,-6.9370366,0.0 107.6259616,-6.9367403,0.0 107.6255806,-6.936362,0.0</coordinates>
            </LineString>
        </Placemark>
        <Placemark id="12727">
            <name>Jalan Karawitan</name>
            <styleUrl>#12728</styleUrl>
            <LineString id="12726">
                <coordinates>107.6272124,-6.9378376,0.0 107.6273919,-6.9379264,0.0 107.6276384,-6.9380482,0.0 107.6278982,-6.9381798,0.0 107.628054,-6.9382632,0.0 107.628426,-6.9384481,0.0</coordinates>
            </LineString>
        </Placemark>
        <Placemark id="12731">
            <name>Jalan Karawitan</name>
            <styleUrl>#12732</styleUrl>
            <LineString id="12730">
                <coordinates>107.628426,-6.9384481,0.0 107.6285,-6.9384846,0.0 107.6292882,-6.938873,0.0</coordinates>
            </LineString>
        </Placemark>
        <Placemark id="12735">
            <name>Jalan Palasari</name>
            <styleUrl>#12736</styleUrl>
            <LineString id="12734">
                <coordinates>107.6236147,-6.9265547,0.0 107.6235032,-6.9269791,0.0 107.6234034,-6.9273593,0.0 107.6233911,-6.9274059,0.0 107.623318,-6.9276837,0.0 107.6232698,-6.9278671,0.0 107.6231948,-6.9281529,0.0 107.6230845,-6.9285702,0.0 107.6230712,-6.9286235,0.0</coordinates>
            </LineString>
        </Placemark>
        <Placemark id="12739">
            <name>Jalan Suniaraja</name>
            <styleUrl>#12740</styleUrl>
            <LineString id="12738">
                <coordinates>107.6088792,-6.9162786,0.0 107.6088195,-6.9162932,0.0 107.6088005,-6.9162985,0.0 107.6084574,-6.9162802,0.0 107.6083144,-6.9162523,0.0 107.6081984,-6.9162109,0.0 107.6080929,-6.9161604,0.0 107.6080175,-6.9161132,0.0 107.6079775,-6.9160775,0.0</coordinates>
            </LineString>
        </Placemark>
        <Placemark id="12743">
            <name>Jalan Lembong</name>
            <styleUrl>#12744</styleUrl>
            <LineString id="12742">
                <coordinates>107.6109278,-6.9169939,0.0 107.6111029,-6.9170839,0.0 107.6113003,-6.9171832,0.0 107.6113378,-6.917202,0.0</coordinates>
            </LineString>
        </Placemark>
        <Placemark id="12747">
            <name>Jalan Cihapit</name>
            <styleUrl>#12748</styleUrl>
            <LineString id="12746">
                <coordinates>107.6211862,-6.9092178,0.0 107.6212073,-6.9091543,0.0 107.6213167,-6.9087987,0.0 107.6213897,-6.9085962,0.0 107.6214307,-6.9084922,0.0 107.6214489,-6.9084462,0.0 107.6214823,-6.9083753,0.0 107.6215234,-6.9083284,0.0 107.6215431,-6.9083128,0.0 107.6215802,-6.9082833,0.0 107.6218179,-6.9081501,0.0 107.6219509,-6.9080809,0.0 107.6220328,-6.9080703,0.0 107.6223745,-6.9081125,0.0 107.6224508,-6.9081053,0.0 107.6225029,-6.9080866,0.0 107.6225541,-6.9080673,0.0 107.6226557,-6.9079997,0.0</coordinates>
            </LineString>
        </Placemark>
        <Placemark id="12751">
            <name>Jalan Malabar</name>
            <styleUrl>#12752</styleUrl>
            <LineString id="12750">
                <coordinates>107.6247096,-6.9222492,0.0 107.6246826,-6.9223724,0.0 107.6246792,-6.922388,0.0 107.624678,-6.9223936,0.0</coordinates>
            </LineString>
        </Placemark>
        <Placemark id="12755">
            <name>Jalan Malabar</name>
            <styleUrl>#12756</styleUrl>
            <LineString id="12754">
                <coordinates>107.624678,-6.9223936,0.0 107.6246627,-6.9224524,0.0 107.6246232,-6.9226045,0.0 107.6245629,-6.9228364,0.0 107.6244141,-6.9234091,0.0 107.6243769,-6.9235522,0.0</coordinates>
            </LineString>
        </Placemark>
        <Placemark id="12759">
            <name>Jalan Sumatra</name>
            <styleUrl>#12760</styleUrl>
            <LineString id="12758">
                <coordinates>107.6132624,-6.9126239,0.0 107.6132209,-6.9126652,0.0 107.6131878,-6.9127127,0.0 107.6131654,-6.9127661,0.0 107.6131547,-6.9128228,0.0 107.6131561,-6.9128806,0.0 107.6131733,-6.9129717,0.0</coordinates>
            </LineString>
        </Placemark>
        <Placemark id="12763">
            <name>Jalan Belitung</name>
            <styleUrl>#12764</styleUrl>
            <LineString id="12762">
                <coordinates>107.6161546,-6.9116221,0.0 107.6168641,-6.9115844,0.0 107.6170959,-6.9115688,0.0 107.617317,-6.9115453,0.0 107.6175732,-6.9115105,0.0</coordinates>
            </LineString>
        </Placemark>
        <Placemark id="12767">
            <name>Jalan Aceh</name>
            <styleUrl>#12768</styleUrl>
            <LineString id="12766">
                <coordinates>107.6126151,-6.9098105,0.0 107.6127279,-6.909855,0.0 107.6131518,-6.9100607,0.0 107.6137485,-6.9103432,0.0 107.6137788,-6.9103556,0.0</coordinates>
            </LineString>
        </Placemark>
        <Placemark id="12771">
            <name>Jalan Belitung</name>
            <styleUrl>#12772</styleUrl>
            <LineString id="12770">
                <coordinates>107.6175732,-6.9115105,0.0 107.617735,-6.9114851,0.0 107.6179079,-6.9114701,0.0 107.6180518,-6.9114643,0.0 107.6182447,-6.9114798,0.0 107.6183415,-6.911498,0.0</coordinates>
            </LineString>
        </Placemark>
        <Placemark id="12775">
            <name>Jalan Diponegoro</name>
            <styleUrl>#12776</styleUrl>
            <LineString id="12774">
                <coordinates>107.6150711,-6.9006334,0.0 107.6154093,-6.900922,0.0</coordinates>
            </LineString>
        </Placemark>
        <Placemark id="12779">
            <name>Jalan Sumbawa</name>
            <styleUrl>#12780</styleUrl>
            <LineString id="12778">
                <coordinates>107.6172878,-6.9135725,0.0 107.6165113,-6.9122853,0.0 107.6164657,-6.9122097,0.0 107.6163969,-6.9120862,0.0 107.6161546,-6.9116221,0.0</coordinates>
            </LineString>
        </Placemark>
        <Placemark id="12783">
            <name>Jalan Belitung</name>
            <styleUrl>#12784</styleUrl>
            <LineString id="12782">
                <coordinates>107.6183415,-6.911498,0.0 107.6186071,-6.9115608,0.0 107.6193124,-6.9117349,0.0 107.6200763,-6.9119234,0.0</coordinates>
            </LineString>
        </Placemark>
        <Placemark id="12787">
            <name>Jalan Jenderal Ahmad Yani</name>
            <styleUrl>#12788</styleUrl>
            <LineString id="12786">
                <coordinates>107.6194592,-6.9213499,0.0 107.6191038,-6.9215541,0.0 107.6187221,-6.9217512,0.0</coordinates>
            </LineString>
        </Placemark>
        <Placemark id="12791">
            <name>Jalan Pelajar Pejuang 45</name>
            <styleUrl>#12792</styleUrl>
            <LineString id="12790">
                <coordinates>107.6257279,-6.9322848,0.0 107.6257914,-6.9320326,0.0 107.6258532,-6.9317868,0.0 107.6260656,-6.9309431,0.0 107.6260901,-6.9308456,0.0 107.6261208,-6.9307238,0.0 107.6263851,-6.9296738,0.0</coordinates>
            </LineString>
        </Placemark>
        <Placemark id="12795">
            <name>Jalan Jenderal Ahmad Yani</name>
            <styleUrl>#12796</styleUrl>
            <LineString id="12794">
                <coordinates>107.6228594,-6.9195533,0.0 107.6224719,-6.9197548,0.0 107.6221779,-6.9199012,0.0 107.6221549,-6.9199123,0.0 107.6220264,-6.9199819,0.0 107.6218618,-6.9200705,0.0 107.621673,-6.9201723,0.0 107.6215708,-6.9202248,0.0 107.6213148,-6.9203613,0.0 107.6211338,-6.9204577,0.0 107.6206442,-6.9207187,0.0 107.6201383,-6.9209883,0.0 107.619912,-6.921109,0.0 107.619848,-6.921143,0.0 107.619832,-6.9211515,0.0 107.6194592,-6.9213499,0.0</coordinates>
            </LineString>
        </Placemark>
        <Placemark id="12799">
            <name>Jalan Cihapit</name>
            <styleUrl>#12800</styleUrl>
            <LineString id="12798">
                <coordinates>107.6245656,-6.9064723,0.0 107.6245137,-6.9065153,0.0 107.6244513,-6.906567,0.0 107.6243084,-6.9066854,0.0 107.6242814,-6.9067078,0.0 107.624053,-6.906897,0.0 107.6234197,-6.9074172,0.0 107.623396,-6.9074377,0.0 107.6233077,-6.9075143,0.0</coordinates>
            </LineString>
        </Placemark>
        <Placemark id="12803">
            <name>Jalan Sentot Alibasyah</name>
            <styleUrl>#12804</styleUrl>
            <LineString id="12802">
                <coordinates>107.6193022,-6.9012716,0.0 107.6193024,-6.9011929,0.0</coordinates>
            </LineString>
        </Placemark>
        <Placemark id="12807">
            <name>Route Segment</name>
            <styleUrl>#12808</styleUrl>
            <LineString id="12806">
                <coordinates>107.6263851,-6.9296738,0.0 107.626381,-6.9296071,0.0 107.6263628,-6.9295451,0.0 107.626355,-6.929535,0.0 107.6263234,-6.9294937,0.0 107.6262668,-6.9294503,0.0</coordinates>
            </LineString>
        </Placemark>
        <Placemark id="12811">
            <name>Jalan Aria Jipang</name>
            <styleUrl>#12812</styleUrl>
            <LineString id="12810">
                <coordinates>107.6162456,-6.8994129,0.0 107.6162134,-6.8994493,0.0 107.6160568,-6.8995735,0.0 107.615847,-6.8997551,0.0 107.6156875,-6.8999054,0.0 107.6154024,-6.9002108,0.0 107.6153734,-6.9002409,0.0 107.6150711,-6.9006334,0.0</coordinates>
            </LineString>
        </Placemark>
        <Placemark id="12815">
            <name>Jalan Cibeunying Selatan</name>
            <styleUrl>#12816</styleUrl>
            <LineString id="12814">
                <coordinates>107.6246134,-6.9062344,0.0 107.6245056,-6.9060748,0.0 107.6244894,-6.9060302,0.0 107.6244881,-6.906002,0.0</coordinates>
            </LineString>
        </Placemark>
        <Placemark id="12819">
            <name>Jalan Suniaraja</name>
            <styleUrl>#12820</styleUrl>
            <LineString id="12818">
                <coordinates>107.6059861,-6.9155367,0.0 107.6057907,-6.9155809,0.0 107.6055816,-6.9156321,0.0 107.6054049,-6.9156698,0.0 107.605226,-6.9157035,0.0 107.6046673,-6.9158052,0.0 107.6045054,-6.9158364,0.0</coordinates>
            </LineString>
        </Placemark>
        <Placemark id="12823">
            <name>Jalan Jawa</name>
            <styleUrl>#12824</styleUrl>
            <LineString id="12822">
                <coordinates>107.6106029,-6.9145006,0.0 107.6106756,-6.9145062,0.0 107.6110233,-6.914537,0.0</coordinates>
            </LineString>
        </Placemark>
        <Placemark id="12827">
            <name>Jalan Jawa</name>
            <styleUrl>#12828</styleUrl>
            <LineString id="12826">
                <coordinates>107.6106029,-6.9145006,0.0 107.6104448,-6.9145057,0.0 107.6103786,-6.9145105,0.0 107.6103284,-6.914528,0.0 107.6102674,-6.9146071,0.0</coordinates>
            </LineString>
        </Placemark>
        <Placemark id="12831">
            <name>Jalan Suniaraja</name>
            <styleUrl>#12832</styleUrl>
            <LineString id="12830">
                <coordinates>107.6073053,-6.9154939,0.0 107.6071157,-6.9154839,0.0</coordinates>
            </LineString>
        </Placemark>
        <Placemark id="12835">
            <name>Jalan Suniaraja</name>
            <styleUrl>#12836</styleUrl>
            <LineString id="12834">
                <coordinates>107.6071157,-6.9154839,0.0 107.6069686,-6.9154807,0.0 107.6066681,-6.915471,0.0 107.6065499,-6.9154703,0.0</coordinates>
            </LineString>
        </Placemark>
        <Placemark id="12839">
            <name>Route Segment</name>
            <styleUrl>#12840</styleUrl>
            <LineString id="12838">
                <coordinates>107.6156102,-6.9017268,0.0 107.6155959,-6.9010813,0.0</coordinates>
            </LineString>
        </Placemark>
        <Placemark id="12843">
            <name>Jalan Sultan Agung</name>
            <styleUrl>#12844</styleUrl>
            <LineString id="12842">
                <coordinates>107.6109032,-6.9056145,0.0 107.6106503,-6.9058775,0.0</coordinates>
            </LineString>
        </Placemark>
        <Placemark id="12847">
            <name>Jalan Braga</name>
            <styleUrl>#12848</styleUrl>
            <LineString id="12846">
                <coordinates>107.6090248,-6.9163578,0.0 107.6089975,-6.9163097,0.0 107.6089745,-6.9162895,0.0 107.6089571,-6.9162764,0.0 107.6089179,-6.9162712,0.0 107.6088792,-6.9162786,0.0</coordinates>
            </LineString>
        </Placemark>
        <Placemark id="12851">
            <name>Jalan Kalimantan</name>
            <styleUrl>#12852</styleUrl>
            <LineString id="12850">
                <coordinates>107.6137788,-6.9103556,0.0 107.613845,-6.9104133,0.0 107.6139066,-6.9105285,0.0</coordinates>
            </LineString>
        </Placemark>
        <Placemark id="12855">
            <name>Jalan Sunda</name>
            <styleUrl>#12856</styleUrl>
            <LineString id="12854">
                <coordinates>107.6178524,-6.9204334,0.0 107.6179092,-6.9197349,0.0 107.6179137,-6.919578,0.0 107.6179265,-6.9194254,0.0 107.6179949,-6.9186063,0.0 107.6179989,-6.918561,0.0 107.6180233,-6.9183231,0.0 107.6180607,-6.9179596,0.0 107.6180659,-6.9178998,0.0 107.6180692,-6.9178614,0.0 107.6181287,-6.917303,0.0 107.6181649,-6.9169244,0.0 107.6181677,-6.9169008,0.0 107.6181745,-6.9168575,0.0 107.6181796,-6.9168277,0.0 107.6182013,-6.9167005,0.0 107.6182266,-6.9165856,0.0 107.6182441,-6.9165066,0.0 107.6182615,-6.9164276,0.0 107.6183708,-6.9159304,0.0</coordinates>
            </LineString>
        </Placemark>
        <Placemark id="12859">
            <name>Jalan Cihapit</name>
            <styleUrl>#12860</styleUrl>
            <LineString id="12858">
                <coordinates>107.6233077,-6.9075143,0.0 107.6232259,-6.9075704,0.0 107.6231851,-6.9076019,0.0 107.6231498,-6.9076292,0.0 107.6228887,-6.9078266,0.0 107.6228706,-6.9078403,0.0 107.6226557,-6.9079997,0.0</coordinates>
            </LineString>
        </Placemark>
        <Placemark id="12863">
            <name>Jalan Malabar</name>
            <styleUrl>#12864</styleUrl>
            <LineString id="12862">
                <coordinates>107.6242815,-6.9236784,0.0 107.6243769,-6.9235522,0.0</coordinates>
            </LineString>
        </Placemark>
        <Placemark id="12867">
            <name>Jalan Malabar</name>
            <styleUrl>#12868</styleUrl>
            <LineString id="12866">
                <coordinates>107.6242404,-6.9237756,0.0 107.6242815,-6.9236784,0.0</coordinates>
            </LineString>
        </Placemark>
        <Placemark id="12871">
            <name>Jalan Sumatra</name>
            <styleUrl>#12872</styleUrl>
            <LineString id="12870">
                <coordinates>107.6131733,-6.9129717,0.0 107.6132641,-6.9131737,0.0 107.6132994,-6.9132491,0.0 107.6133515,-6.9133639,0.0</coordinates>
            </LineString>
        </Placemark>
        <Placemark id="12875">
            <name>Jalan Suniaraja</name>
            <styleUrl>#12876</styleUrl>
            <LineString id="12874">
                <coordinates>107.6065499,-6.9154703,0.0 107.6064784,-6.9154686,0.0 107.6063683,-6.9154661,0.0 107.6059861,-6.9155367,0.0</coordinates>
            </LineString>
        </Placemark>
        <Placemark id="12879">
            <name>Jalan Malabar</name>
            <styleUrl>#12880</styleUrl>
            <LineString id="12878">
                <coordinates>107.6240605,-6.9244408,0.0 107.6240444,-6.924334,0.0 107.6242404,-6.9237756,0.0</coordinates>
            </LineString>
        </Placemark>
        <Placemark id="12883">
            <name>Jalan Aceh</name>
            <styleUrl>#12884</styleUrl>
            <LineString id="12882">
                <coordinates>107.6211274,-6.9093568,0.0 107.6211862,-6.9092178,0.0</coordinates>
            </LineString>
        </Placemark>
        <Placemark id="12887">
            <name>Jalan Sultan Agung</name>
            <styleUrl>#12888</styleUrl>
            <LineString id="12886">
                <coordinates>107.6131694,-6.9036641,0.0 107.6130812,-6.9037658,0.0 107.6129955,-6.9038398,0.0 107.6129097,-6.9039138,0.0 107.612312,-6.9044245,0.0 107.612249,-6.9044784,0.0 107.6120157,-6.9046754,0.0 107.6119724,-6.9047124,0.0 107.611921,-6.9047546,0.0 107.611685,-6.9049575,0.0 107.6109823,-6.9055432,0.0 107.6109459,-6.9055759,0.0 107.6109206,-6.9055988,0.0 107.6109032,-6.9056145,0.0</coordinates>
            </LineString>
        </Placemark>
        <Placemark id="12891">
            <name>Jalan Sunda</name>
            <styleUrl>#12892</styleUrl>
            <LineString id="12890">
                <coordinates>107.6176674,-6.9220018,0.0 107.6176925,-6.921758,0.0 107.6177628,-6.9211858,0.0</coordinates>
            </LineString>
        </Placemark>
        <Placemark id="12895">
            <name>Route Segment</name>
            <styleUrl>#12896</styleUrl>
            <LineString id="12894">
                <coordinates>107.6179492,-6.9221334,0.0 107.6179001,-6.9221548,0.0 107.6178469,-6.9221618,0.0 107.6177938,-6.9221539,0.0 107.617745,-6.9221318,0.0 107.6177043,-6.9220972,0.0 107.6176748,-6.9220526,0.0 107.6176674,-6.9220018,0.0</coordinates>
            </LineString>
        </Placemark>
        <Placemark id="12899">
            <name>Jalan Jenderal Ahmad Yani</name>
            <styleUrl>#12900</styleUrl>
            <LineString id="12898">
                <coordinates>107.6187221,-6.9217512,0.0 107.6179492,-6.9221334,0.0</coordinates>
            </LineString>
        </Placemark>
        <Placemark id="12903">
            <name>Jalan Diponegoro</name>
            <styleUrl>#12904</styleUrl>
            <LineString id="12902">
                <coordinates>107.619423,-6.9012693,0.0 107.6193022,-6.9012716,0.0</coordinates>
            </LineString>
        </Placemark>
        <Placemark id="12907">
            <name>Jalan Merdeka</name>
            <styleUrl>#12908</styleUrl>
            <LineString id="12906">
                <coordinates>107.6101984,-6.9153866,0.0 107.6101877,-6.9155247,0.0 107.610182,-6.915607,0.0 107.6101321,-6.9161683,0.0 107.6101178,-6.91631,0.0 107.6101057,-6.916398,0.0 107.6100886,-6.9165108,0.0 107.610072,-6.9165602,0.0</coordinates>
            </LineString>
        </Placemark>
        <Placemark id="12911">
            <name>Jalan Buah Batu</name>
            <styleUrl>#12912</styleUrl>
            <LineString id="12910">
                <coordinates>107.6324353,-6.9471384,0.0 107.6321653,-6.9468581,0.0 107.6320048,-6.9466914,0.0 107.6318869,-6.9465686,0.0 107.631769,-6.9464458,0.0 107.6313083,-6.9459683,0.0 107.6312192,-6.9458758,0.0 107.6310494,-6.9456995,0.0 107.6308527,-6.9454952,0.0 107.6306376,-6.9452719,0.0 107.6301629,-6.944779,0.0 107.6299147,-6.9445213,0.0 107.6290045,-6.9435762,0.0 107.6285968,-6.9431531,0.0 107.6280578,-6.942597,0.0 107.6279626,-6.9424961,0.0</coordinates>
            </LineString>
        </Placemark>
        <Placemark id="12915">
            <name>Jalan Soekarno-Hatta</name>
            <styleUrl>#12916</styleUrl>
            <LineString id="12914">
                <coordinates>107.6404414,-6.9459162,0.0 107.6401117,-6.9460015,0.0</coordinates>
            </LineString>
        </Placemark>
        <Placemark id="12919">
            <name>Jalan Soekarno-Hatta</name>
            <styleUrl>#12920</styleUrl>
            <LineString id="12918">
                <coordinates>107.63913,-6.9463163,0.0 107.63859,-6.9464895,0.0 107.6384512,-6.946534,0.0 107.6381159,-6.9466415,0.0 107.6380679,-6.9466569,0.0 107.6379765,-6.9466862,0.0</coordinates>
            </LineString>
        </Placemark>
        <Placemark id="12923">
            <name>Jalan Soekarno-Hatta</name>
            <styleUrl>#12924</styleUrl>
            <LineString id="12922">
                <coordinates>107.6379765,-6.9466862,0.0 107.6376369,-6.9467879,0.0 107.6372112,-6.9469155,0.0 107.6370858,-6.946953,0.0 107.6368737,-6.9470165,0.0 107.6367773,-6.9470454,0.0 107.6367146,-6.9470642,0.0 107.6362655,-6.9471987,0.0</coordinates>
            </LineString>
        </Placemark>
        <Placemark id="12927">
            <name>Jalan Soekarno-Hatta</name>
            <styleUrl>#12928</styleUrl>
            <LineString id="12926">
                <coordinates>107.6362655,-6.9471987,0.0 107.63618,-6.9472265,0.0 107.6360405,-6.9472731,0.0 107.6359643,-6.9472968,0.0 107.6356037,-6.9474143,0.0</coordinates>
            </LineString>
        </Placemark>
        <Placemark id="12931">
            <name>Jalan Soekarno-Hatta</name>
            <styleUrl>#12932</styleUrl>
            <LineString id="12930">
                <coordinates>107.6356037,-6.9474143,0.0 107.6355007,-6.9474465,0.0 107.6353065,-6.9475072,0.0 107.6351122,-6.9475678,0.0 107.6345119,-6.9477553,0.0</coordinates>
            </LineString>
        </Placemark>
        <Placemark id="12935">
            <name>Jalan Soekarno-Hatta</name>
            <styleUrl>#12936</styleUrl>
            <LineString id="12934">
                <coordinates>107.633797,-6.9479897,0.0 107.6336031,-6.9480489,0.0 107.6335261,-6.9480768,0.0</coordinates>
            </LineString>
        </Placemark>
        <Placemark id="12939">
            <name>Jalan Soekarno-Hatta</name>
            <styleUrl>#12940</styleUrl>
            <LineString id="12938">
                <coordinates>107.6345119,-6.9477553,0.0 107.6340289,-6.9479138,0.0 107.633797,-6.9479897,0.0</coordinates>
            </LineString>
        </Placemark>
        <Placemark id="12943">
            <name>Jalan Soekarno-Hatta</name>
            <styleUrl>#12944</styleUrl>
            <LineString id="12942">
                <coordinates>107.6335261,-6.9480768,0.0 107.6334141,-6.9481055,0.0</coordinates>
            </LineString>
        </Placemark>
        <Placemark id="12947">
            <name>Jalan Buah Batu</name>
            <styleUrl>#12948</styleUrl>
            <LineString id="12946">
                <coordinates>107.6331466,-6.9478406,0.0 107.6330032,-6.9477019,0.0 107.6328034,-6.9475049,0.0 107.6325652,-6.9472677,0.0 107.6324353,-6.9471384,0.0</coordinates>
            </LineString>
        </Placemark>
        <Placemark id="12951">
            <name>Jalan Buah Batu</name>
            <styleUrl>#12952</styleUrl>
            <LineString id="12950">
                <coordinates>107.6332967,-6.9479888,0.0 107.6332509,-6.9479451,0.0 107.6331466,-6.9478406,0.0</coordinates>
            </LineString>
        </Placemark>
        <Placemark id="12955">
            <name>Jalan Buah Batu</name>
            <styleUrl>#12956</styleUrl>
            <LineString id="12954">
                <coordinates>107.6334141,-6.9481055,0.0 107.6332967,-6.9479888,0.0</coordinates>
            </LineString>
        </Placemark>
        <Placemark id="12959">
            <name>Jalan Braga</name>
            <styleUrl>#12960</styleUrl>
            <LineString id="12958">
                <coordinates>107.6093197,-6.9174272,0.0 107.6092005,-6.9169948,0.0 107.6090248,-6.9163578,0.0</coordinates>
            </LineString>
        </Placemark>
        <Placemark id="12963">
            <name>Jalan Maskumambang</name>
            <styleUrl>#12964</styleUrl>
            <LineString id="12962">
                <coordinates>107.6270975,-6.9333963,0.0 107.6272158,-6.9330278,0.0</coordinates>
            </LineString>
        </Placemark>
        <Placemark id="12967">
            <name>Jalan R.A.A. Martanegara</name>
            <styleUrl>#12968</styleUrl>
            <LineString id="12966">
                <coordinates>107.625745,-6.9326113,0.0 107.6256715,-6.9325087,0.0</coordinates>
            </LineString>
        </Placemark>
        <Placemark id="12971">
            <name>Jalan Cilaki</name>
            <styleUrl>#12972</styleUrl>
            <LineString id="12970">
                <coordinates>107.6234661,-6.9039077,0.0 107.6233988,-6.9038694,0.0 107.6233568,-6.9038455,0.0 107.6231942,-6.903766,0.0</coordinates>
            </LineString>
        </Placemark>
        <Placemark id="12975">
            <name>Jalan Lembong</name>
            <styleUrl>#12976</styleUrl>
            <LineString id="12974">
                <coordinates>107.610072,-6.9165602,0.0 107.6101313,-6.9165901,0.0 107.6106113,-6.9168303,0.0 107.6108249,-6.916942,0.0 107.6109278,-6.9169939,0.0</coordinates>
            </LineString>
        </Placemark>
        <Placemark id="12979">
            <name>Jalan Cihapit</name>
            <styleUrl>#12980</styleUrl>
            <LineString id="12978">
                <coordinates>107.6245656,-6.9064723,0.0 107.6245849,-6.9064334,0.0 107.6246044,-6.9063498,0.0 107.6246091,-6.9063188,0.0 107.6246148,-6.9062689,0.0 107.6246134,-6.9062344,0.0</coordinates>
            </LineString>
        </Placemark>
        <Placemark id="12983">
            <name>Jalan Suniaraja</name>
            <styleUrl>#12984</styleUrl>
            <LineString id="12982">
                <coordinates>107.6079775,-6.9160775,0.0 107.6079482,-6.9160431,0.0 107.6077131,-6.915765,0.0</coordinates>
            </LineString>
        </Placemark>
        <Placemark id="12987">
            <name>Jalan Cilaki</name>
            <styleUrl>#12988</styleUrl>
            <LineString id="12986">
                <coordinates>107.6231942,-6.903766,0.0 107.6231164,-6.903738,0.0 107.6225344,-6.9035991,0.0 107.6224775,-6.9035857,0.0 107.6222033,-6.9034762,0.0 107.6219541,-6.903354,0.0 107.6215788,-6.9030867,0.0 107.6213475,-6.9028981,0.0 107.6211646,-6.902749,0.0</coordinates>
            </LineString>
        </Placemark>
        <Placemark id="12991">
            <name>Jalan Cibeunying Selatan</name>
            <styleUrl>#12992</styleUrl>
            <LineString id="12990">
                <coordinates>107.6244881,-6.906002,0.0 107.6244904,-6.9059393,0.0</coordinates>
            </LineString>
        </Placemark>
        <Placemark id="12995">
            <name>Jalan Otto Iskandardinata</name>
            <styleUrl>#12996</styleUrl>
            <LineString id="12994">
                <coordinates>107.6043506,-6.917436,0.0 107.6043216,-6.9177621,0.0 107.6042891,-6.9181663,0.0 107.6042799,-6.9182744,0.0</coordinates>
            </LineString>
        </Placemark>
        <Placemark id="12999">
            <name>Jalan Suniaraja</name>
            <styleUrl>#13000</styleUrl>
            <LineString id="12998">
                <coordinates>107.6073939,-6.915502,0.0 107.6073053,-6.9154939,0.0</coordinates>
            </LineString>
        </Placemark>
        <Placemark id="13003">
            <name>Jalan Suniaraja</name>
            <styleUrl>#13004</styleUrl>
            <LineString id="13002">
                <coordinates>107.6077131,-6.915765,0.0 107.6076272,-6.9156556,0.0 107.6075959,-6.9156165,0.0</coordinates>
            </LineString>
        </Placemark>
        <Placemark id="13007">
            <name>Jalan Suniaraja</name>
            <styleUrl>#13008</styleUrl>
            <LineString id="13006">
                <coordinates>107.6075959,-6.9156165,0.0 107.6074889,-6.9155475,0.0 107.6074384,-6.9155193,0.0 107.6073939,-6.915502,0.0</coordinates>
            </LineString>
        </Placemark>
        <Placemark id="13011">
            <name>Jalan Trunojoyo</name>
            <styleUrl>#13012</styleUrl>
            <LineString id="13010">
                <coordinates>107.6137283,-6.9028378,0.0 107.613638,-6.9029526,0.0 107.6134911,-6.9031771,0.0 107.6133173,-6.9034426,0.0 107.6132056,-6.9036031,0.0 107.6131828,-6.9036378,0.0 107.6131694,-6.9036641,0.0</coordinates>
            </LineString>
        </Placemark>
        <Placemark id="13015">
            <name>Jalan Sunda</name>
            <styleUrl>#13016</styleUrl>
            <LineString id="13014">
                <coordinates>107.6177628,-6.9211858,0.0 107.6177726,-6.9211032,0.0 107.6178524,-6.9204334,0.0</coordinates>
            </LineString>
        </Placemark>
        <Placemark id="13019">
            <name>Jalan Pelajar Pejuang 45</name>
            <styleUrl>#13020</styleUrl>
            <LineString id="13018">
                <coordinates>107.6256715,-6.9325087,0.0 107.6256947,-6.9324168,0.0</coordinates>
            </LineString>
        </Placemark>
        <Placemark id="13023">
            <name>Jalan R.A.A. Martanegara</name>
            <styleUrl>#13024</styleUrl>
            <LineString id="13022">
                <coordinates>107.6262334,-6.9327732,0.0 107.6261306,-6.9327646,0.0 107.6259726,-6.9327273,0.0</coordinates>
            </LineString>
        </Placemark>
        <Placemark id="13027">
            <name>Jalan Aceh</name>
            <styleUrl>#13028</styleUrl>
            <LineString id="13026">
                <coordinates>107.6123913,-6.909767,0.0 107.612472,-6.9097787,0.0 107.6126151,-6.9098105,0.0</coordinates>
            </LineString>
        </Placemark>
        <Placemark id="13031">
            <name>Route Segment</name>
            <styleUrl>#13032</styleUrl>
            <LineString id="13030">
                <coordinates>107.623714,-6.925252,0.0 107.6237116,-6.9252235,0.0 107.6237163,-6.9251953,0.0 107.6237276,-6.925169,0.0 107.6237451,-6.9251463,0.0 107.6237679,-6.9251282,0.0 107.6237945,-6.9251162,0.0 107.6238233,-6.9251111,0.0 107.6238524,-6.9251131,0.0</coordinates>
            </LineString>
        </Placemark>
        <Placemark id="13035">
            <name>Jalan Jenderal Ahmad Yani</name>
            <styleUrl>#13036</styleUrl>
            <LineString id="13034">
                <coordinates>107.6242238,-6.9188675,0.0 107.6241356,-6.9188768,0.0</coordinates>
            </LineString>
        </Placemark>
        <Placemark id="13039">
            <name>Jalan R.A.A. Martanegara</name>
            <styleUrl>#13040</styleUrl>
            <LineString id="13038">
                <coordinates>107.6262334,-6.9327732,0.0 107.6264059,-6.9328203,0.0 107.626494,-6.9328449,0.0 107.6266861,-6.9328918,0.0 107.6267628,-6.9329091,0.0 107.6272158,-6.9330278,0.0</coordinates>
            </LineString>
        </Placemark>
        <Placemark id="13043">
            <name>Jalan Ir. H. Djuanda</name>
            <styleUrl>#13044</styleUrl>
            <LineString id="13042">
                <coordinates>107.6106398,-6.9067368,0.0 107.6106394,-6.9068332,0.0 107.6106377,-6.9069919,0.0</coordinates>
            </LineString>
        </Placemark>
        <Placemark id="13047">
            <name>Jalan Soekarno-Hatta</name>
            <styleUrl>#13048</styleUrl>
            <LineString id="13046">
                <coordinates>107.6401117,-6.9460015,0.0 107.6400284,-6.9460282,0.0 107.6398251,-6.9460936,0.0 107.63913,-6.9463163,0.0</coordinates>
            </LineString>
        </Placemark>
        <Placemark id="13051">
            <name>Jalan Jenderal Ahmad Yani</name>
            <styleUrl>#13052</styleUrl>
            <LineString id="13050">
                <coordinates>107.6241356,-6.9188768,0.0 107.6239481,-6.9189771,0.0 107.6236923,-6.9191175,0.0 107.6236089,-6.9191602,0.0 107.6235031,-6.9192144,0.0 107.6229041,-6.9195297,0.0 107.6228594,-6.9195533,0.0</coordinates>
            </LineString>
        </Placemark>
        <Placemark id="13055">
            <name>Jalan Merdeka</name>
            <styleUrl>#13056</styleUrl>
            <LineString id="13054">
                <coordinates>107.610206,-6.915247,0.0 107.6102046,-6.9152669,0.0 107.6102025,-6.9152943,0.0 107.6101984,-6.9153866,0.0</coordinates>
            </LineString>
        </Placemark>
        <Placemark id="13059">
            <name>Jalan Pelajar Pejuang 45</name>
            <styleUrl>#13060</styleUrl>
            <LineString id="13058">
                <coordinates>107.6256947,-6.9324168,0.0 107.6257279,-6.9322848,0.0</coordinates>
            </LineString>
        </Placemark>
        <Placemark id="13063">
            <name>Jalan ABC</name>
            <styleUrl>#13064</styleUrl>
            <LineString id="13062">
                <coordinates>107.6042799,-6.9182744,0.0 107.6043277,-6.91829,0.0 107.6043619,-6.9183012,0.0 107.6044656,-6.918335,0.0 107.6048398,-6.9184569,0.0</coordinates>
            </LineString>
        </Placemark>
        <Placemark id="13067">
            <name>Jalan Soekarno-Hatta</name>
            <styleUrl>#13068</styleUrl>
            <LineString id="13066">
                <coordinates>107.6408496,-6.9458361,0.0 107.6407514,-6.9458551,0.0 107.6405106,-6.9459017,0.0 107.6404589,-6.9459124,0.0 107.6404497,-6.9459144,0.0 107.6404414,-6.9459162,0.0</coordinates>
            </LineString>
        </Placemark>
        <Placemark id="13071">
            <name>Jalan L.L. RE. Martadinata</name>
            <styleUrl>#13072</styleUrl>
            <LineString id="13070">
                <coordinates>107.6117292,-6.9070622,0.0 107.6116695,-6.9070609,0.0 107.6116341,-6.9070599,0.0 107.6113975,-6.9070401,0.0 107.6113747,-6.9070385,0.0 107.6111706,-6.9070246,0.0 107.6109647,-6.9070064,0.0 107.6107468,-6.9069963,0.0 107.6106377,-6.9069919,0.0</coordinates>
            </LineString>
        </Placemark>
        <Placemark id="13075">
            <name>Jalan Diponegoro</name>
            <styleUrl>#13076</styleUrl>
            <LineString id="13074">
                <coordinates>107.619705,-6.9012645,0.0 107.6195121,-6.9012668,0.0 107.619423,-6.9012693,0.0</coordinates>
            </LineString>
        </Placemark>
        <Placemark id="13079">
            <name>Jalan Jawa</name>
            <styleUrl>#13080</styleUrl>
            <LineString id="13078">
                <coordinates>107.6110233,-6.914537,0.0 107.611206,-6.9145527,0.0</coordinates>
            </LineString>
        </Placemark>
        <Placemark id="13083">
            <name>Jalan Jawa</name>
            <styleUrl>#13084</styleUrl>
            <LineString id="13082">
                <coordinates>107.611206,-6.9145527,0.0 107.6116145,-6.9145961,0.0 107.6116601,-6.9146017,0.0 107.6121127,-6.9146576,0.0</coordinates>
            </LineString>
        </Placemark>
        <Placemark id="13087">
            <name>Jalan Jawa</name>
            <styleUrl>#13088</styleUrl>
            <LineString id="13086">
                <coordinates>107.6121127,-6.9146576,0.0 107.6124478,-6.9147158,0.0</coordinates>
            </LineString>
        </Placemark>
        <Placemark id="13091">
            <name>Jalan Jawa</name>
            <styleUrl>#13092</styleUrl>
            <LineString id="13090">
                <coordinates>107.6124478,-6.9147158,0.0 107.6132899,-6.9148363,0.0</coordinates>
            </LineString>
        </Placemark>
        <Placemark id="13095">
            <name>Jalan Jawa</name>
            <styleUrl>#13096</styleUrl>
            <LineString id="13094">
                <coordinates>107.6132899,-6.9148363,0.0 107.6134413,-6.9148584,0.0</coordinates>
            </LineString>
        </Placemark>
        <Placemark id="13099">
            <name>Jalan Jawa</name>
            <styleUrl>#13100</styleUrl>
            <LineString id="13098">
                <coordinates>107.6134413,-6.9148584,0.0 107.6139552,-6.9149332,0.0</coordinates>
            </LineString>
        </Placemark>
        <Placemark id="13103">
            <name>Jalan Braga</name>
            <styleUrl>#13104</styleUrl>
            <LineString id="13102">
                <coordinates>107.6096319,-6.9185764,0.0 107.6095077,-6.9181188,0.0 107.60945,-6.917904,0.0</coordinates>
            </LineString>
        </Placemark>
        <Placemark id="13107">
            <name>Jalan Braga</name>
            <styleUrl>#13108</styleUrl>
            <LineString id="13106">
                <coordinates>107.60945,-6.917904,0.0 107.6094304,-6.9178369,0.0 107.6094071,-6.9177472,0.0</coordinates>
            </LineString>
        </Placemark>
        <Placemark id="13111">
            <name>Jalan Braga</name>
            <styleUrl>#13112</styleUrl>
            <LineString id="13110">
                <coordinates>107.6094071,-6.9177472,0.0 107.6093197,-6.9174272,0.0</coordinates>
            </LineString>
        </Placemark>
        <Placemark id="13115">
            <name>Jalan Markoni</name>
            <styleUrl>#13116</styleUrl>
            <LineString id="13114">
                <coordinates>107.6115796,-6.9175824,0.0 107.6115333,-6.9181074,0.0 107.6114812,-6.9185116,0.0</coordinates>
            </LineString>
        </Placemark>
        <Placemark id="13119">
            <name>Jalan Lembong</name>
            <styleUrl>#13120</styleUrl>
            <LineString id="13118">
                <coordinates>107.6113378,-6.917202,0.0 107.6114765,-6.9172727,0.0</coordinates>
            </LineString>
        </Placemark>
        <Placemark id="13123">
            <name>Jalan Lembong</name>
            <styleUrl>#13124</styleUrl>
            <LineString id="13122">
                <coordinates>107.6114765,-6.9172727,0.0 107.6115788,-6.9173248,0.0</coordinates>
            </LineString>
        </Placemark>
        <Placemark id="13127">
            <name>Jalan Ir. H. Djuanda</name>
            <styleUrl>#13128</styleUrl>
            <LineString id="13126">
                <coordinates>107.6106503,-6.9058775,0.0 107.610641,-6.9065625,0.0 107.6106398,-6.9067368,0.0</coordinates>
            </LineString>
        </Placemark>
        <Placemark id="13131">
            <name>Jalan Merdeka</name>
            <styleUrl>#13132</styleUrl>
            <LineString id="13130">
                <coordinates>107.6102674,-6.9146071,0.0 107.610206,-6.915247,0.0</coordinates>
            </LineString>
        </Placemark>
        <Placemark id="13135">
            <name>Jalan Kliningan</name>
            <styleUrl>#13136</styleUrl>
            <LineString id="13134">
                <coordinates>107.6279626,-6.9424961,0.0 107.6279552,-6.9423722,0.0</coordinates>
            </LineString>
        </Placemark>
        <Placemark id="13139">
            <name>Jalan Maskumambang</name>
            <styleUrl>#13140</styleUrl>
            <LineString id="13138">
                <coordinates>107.6262684,-6.9354443,0.0 107.6263932,-6.935235,0.0 107.6265023,-6.9350074,0.0</coordinates>
            </LineString>
        </Placemark>
        <Placemark id="13143">
            <name>Jalan Maskumambang</name>
            <styleUrl>#13144</styleUrl>
            <LineString id="13142">
                <coordinates>107.6265023,-6.9350074,0.0 107.6266495,-6.9347029,0.0</coordinates>
            </LineString>
        </Placemark>
        <Placemark id="13147">
            <name>Jalan Maskumambang</name>
            <styleUrl>#13148</styleUrl>
            <LineString id="13146">
                <coordinates>107.6266495,-6.9347029,0.0 107.6266944,-6.9346057,0.0</coordinates>
            </LineString>
        </Placemark>
        <Placemark id="13151">
            <name>Jalan Maskumambang</name>
            <styleUrl>#13152</styleUrl>
            <LineString id="13150">
                <coordinates>107.6266944,-6.9346057,0.0 107.6267245,-6.9345392,0.0</coordinates>
            </LineString>
        </Placemark>
        <Placemark id="13155">
            <name>Jalan Maskumambang</name>
            <styleUrl>#13156</styleUrl>
            <LineString id="13154">
                <coordinates>107.6267245,-6.9345392,0.0 107.6267769,-6.9343907,0.0</coordinates>
            </LineString>
        </Placemark>
        <Placemark id="13159">
            <name>Jalan Maskumambang</name>
            <styleUrl>#13160</styleUrl>
            <LineString id="13158">
                <coordinates>107.6267769,-6.9343907,0.0 107.6268118,-6.9342942,0.0 107.6268327,-6.9342213,0.0 107.6268716,-6.934109,0.0</coordinates>
            </LineString>
        </Placemark>
        <Placemark id="13163">
            <name>Jalan Maskumambang</name>
            <styleUrl>#13164</styleUrl>
            <LineString id="13162">
                <coordinates>107.6268716,-6.934109,0.0 107.6269089,-6.9340019,0.0</coordinates>
            </LineString>
        </Placemark>
        <Placemark id="13167">
            <name>Jalan Maskumambang</name>
            <styleUrl>#13168</styleUrl>
            <LineString id="13166">
                <coordinates>107.6269089,-6.9340019,0.0 107.6269643,-6.9338233,0.0 107.6270113,-6.9336719,0.0</coordinates>
            </LineString>
        </Placemark>
        <Placemark id="13171">
            <name>Jalan Maskumambang</name>
            <styleUrl>#13172</styleUrl>
            <LineString id="13170">
                <coordinates>107.6270113,-6.9336719,0.0 107.6270743,-6.9334709,0.0</coordinates>
            </LineString>
        </Placemark>
        <Placemark id="13175">
            <name>Jalan Maskumambang</name>
            <styleUrl>#13176</styleUrl>
            <LineString id="13174">
                <coordinates>107.6270743,-6.9334709,0.0 107.6270863,-6.9334361,0.0 107.6270975,-6.9333963,0.0</coordinates>
            </LineString>
        </Placemark>
        <Placemark id="13179">
            <name>Jalan Sentot Alibasyah</name>
            <styleUrl>#13180</styleUrl>
            <LineString id="13178">
                <coordinates>107.6193024,-6.9011929,0.0 107.6192571,-6.901128,0.0 107.6192209,-6.9010711,0.0 107.6192164,-6.9010337,0.0 107.6191825,-6.8995577,0.0 107.619163,-6.8994981,0.0 107.6191483,-6.8994667,0.0 107.6191218,-6.8994349,0.0</coordinates>
            </LineString>
        </Placemark>
        <Placemark id="13183">
            <name>Jalan Surapati</name>
            <styleUrl>#13184</styleUrl>
            <LineString id="13182">
                <coordinates>107.6181346,-6.8994725,0.0 107.6180909,-6.8994652,0.0 107.6180078,-6.8994561,0.0</coordinates>
            </LineString>
        </Placemark>
        <Placemark id="13187">
            <name>Jalan Surapati</name>
            <styleUrl>#13188</styleUrl>
            <LineString id="13186">
                <coordinates>107.6191218,-6.8994349,0.0 107.6190852,-6.8994223,0.0 107.6190324,-6.8994206,0.0 107.6181346,-6.8994725,0.0</coordinates>
            </LineString>
        </Placemark>
        <Placemark id="13191">
            <name>Jalan Trunojoyo</name>
            <styleUrl>#13192</styleUrl>
            <LineString id="13190">
                <coordinates>107.6143729,-6.9022742,0.0 107.6139964,-6.9026034,0.0 107.6137283,-6.9028378,0.0</coordinates>
            </LineString>
        </Placemark>
        <Placemark id="13195">
            <name>Jalan Trunojoyo</name>
            <styleUrl>#13196</styleUrl>
            <LineString id="13194">
                <coordinates>107.6154632,-6.9018918,0.0 107.6153066,-6.9020254,0.0 107.6152904,-6.902041,0.0 107.6151956,-6.9021326,0.0 107.6151341,-6.9021756,0.0 107.6150537,-6.902206,0.0 107.6145138,-6.9022384,0.0 107.6143729,-6.9022742,0.0</coordinates>
            </LineString>
        </Placemark>
        <Placemark id="13199">
            <name>Jalan Trunojoyo</name>
            <styleUrl>#13200</styleUrl>
            <LineString id="13198">
                <coordinates>107.6156102,-6.9017268,0.0 107.6154632,-6.9018918,0.0</coordinates>
            </LineString>
        </Placemark>
        <Placemark id="13203">
            <name>Jalan Diponegoro</name>
            <styleUrl>#13204</styleUrl>
            <LineString id="13202">
                <coordinates>107.6154093,-6.900922,0.0 107.6155959,-6.9010813,0.0</coordinates>
            </LineString>
        </Placemark>
    </Document>
</kml>
