<?xml version="1.0" encoding="UTF-8"?>
<kml xmlns="http://www.opengis.net/kml/2.2" xmlns:gx="http://www.google.com/kml/ext/2.2">
    <Document id="25011">
        <Style id="25017">
            <IconStyle id="25018">
                <colorMode>normal</colorMode>
                <scale>1</scale>
                <heading>0</heading>
                <Icon id="25019">
                    <href>http://maps.google.com/mapfiles/kml/pushpin/ylw-pushpin.png</href>
                </Icon>
            </IconStyle>
        </Style>
        <Style id="25022">
            <IconStyle id="25023">
                <colorMode>normal</colorMode>
                <scale>1</scale>
                <heading>0</heading>
                <Icon id="25024">
                    <href>http://maps.google.com/mapfiles/kml/pushpin/ylw-pushpin.png</href>
                </Icon>
            </IconStyle>
        </Style>
        <Style id="25027">
            <LineStyle id="25028">
                <color>ff294C75</color>
                <colorMode>normal</colorMode>
                <width>4</width>
            </LineStyle>
        </Style>
        <Style id="25031">
            <LineStyle id="25032">
                <color>ff294C75</color>
                <colorMode>normal</colorMode>
                <width>4</width>
            </LineStyle>
        </Style>
        <Style id="25035">
            <LineStyle id="25036">
                <color>ff294C75</color>
                <colorMode>normal</colorMode>
                <width>4</width>
            </LineStyle>
        </Style>
        <Style id="25039">
            <LineStyle id="25040">
                <color>ff294C75</color>
                <colorMode>normal</colorMode>
                <width>4</width>
            </LineStyle>
        </Style>
        <Style id="25043">
            <LineStyle id="25044">
                <color>ff294C75</color>
                <colorMode>normal</colorMode>
                <width>4</width>
            </LineStyle>
        </Style>
        <Style id="25047">
            <LineStyle id="25048">
                <color>ff294C75</color>
                <colorMode>normal</colorMode>
                <width>4</width>
            </LineStyle>
        </Style>
        <Style id="25051">
            <LineStyle id="25052">
                <color>ff294C75</color>
                <colorMode>normal</colorMode>
                <width>4</width>
            </LineStyle>
        </Style>
        <Style id="25055">
            <LineStyle id="25056">
                <color>ff294C75</color>
                <colorMode>normal</colorMode>
                <width>4</width>
            </LineStyle>
        </Style>
        <Style id="25059">
            <LineStyle id="25060">
                <color>ff294C75</color>
                <colorMode>normal</colorMode>
                <width>4</width>
            </LineStyle>
        </Style>
        <Style id="25063">
            <LineStyle id="25064">
                <color>ff294C75</color>
                <colorMode>normal</colorMode>
                <width>4</width>
            </LineStyle>
        </Style>
        <Style id="25067">
            <LineStyle id="25068">
                <color>ff294C75</color>
                <colorMode>normal</colorMode>
                <width>4</width>
            </LineStyle>
        </Style>
        <Style id="25071">
            <LineStyle id="25072">
                <color>ff294C75</color>
                <colorMode>normal</colorMode>
                <width>4</width>
            </LineStyle>
        </Style>
        <Style id="25075">
            <LineStyle id="25076">
                <color>ff294C75</color>
                <colorMode>normal</colorMode>
                <width>4</width>
            </LineStyle>
        </Style>
        <Style id="25079">
            <LineStyle id="25080">
                <color>ff294C75</color>
                <colorMode>normal</colorMode>
                <width>4</width>
            </LineStyle>
        </Style>
        <Style id="25083">
            <LineStyle id="25084">
                <color>ff294C75</color>
                <colorMode>normal</colorMode>
                <width>4</width>
            </LineStyle>
        </Style>
        <Style id="25087">
            <LineStyle id="25088">
                <color>ff294C75</color>
                <colorMode>normal</colorMode>
                <width>4</width>
            </LineStyle>
        </Style>
        <Style id="25091">
            <LineStyle id="25092">
                <color>ff294C75</color>
                <colorMode>normal</colorMode>
                <width>4</width>
            </LineStyle>
        </Style>
        <Style id="25095">
            <LineStyle id="25096">
                <color>ff294C75</color>
                <colorMode>normal</colorMode>
                <width>4</width>
            </LineStyle>
        </Style>
        <Style id="25099">
            <LineStyle id="25100">
                <color>ff294C75</color>
                <colorMode>normal</colorMode>
                <width>4</width>
            </LineStyle>
        </Style>
        <Style id="25103">
            <LineStyle id="25104">
                <color>ff294C75</color>
                <colorMode>normal</colorMode>
                <width>4</width>
            </LineStyle>
        </Style>
        <Style id="25107">
            <LineStyle id="25108">
                <color>ff294C75</color>
                <colorMode>normal</colorMode>
                <width>4</width>
            </LineStyle>
        </Style>
        <Style id="25111">
            <LineStyle id="25112">
                <color>ff294C75</color>
                <colorMode>normal</colorMode>
                <width>4</width>
            </LineStyle>
        </Style>
        <Style id="25115">
            <LineStyle id="25116">
                <color>ff294C75</color>
                <colorMode>normal</colorMode>
                <width>4</width>
            </LineStyle>
        </Style>
        <Style id="25119">
            <LineStyle id="25120">
                <color>ff294C75</color>
                <colorMode>normal</colorMode>
                <width>4</width>
            </LineStyle>
        </Style>
        <Style id="25123">
            <LineStyle id="25124">
                <color>ff294C75</color>
                <colorMode>normal</colorMode>
                <width>4</width>
            </LineStyle>
        </Style>
        <Style id="25127">
            <LineStyle id="25128">
                <color>ff294C75</color>
                <colorMode>normal</colorMode>
                <width>4</width>
            </LineStyle>
        </Style>
        <Style id="25131">
            <LineStyle id="25132">
                <color>ff294C75</color>
                <colorMode>normal</colorMode>
                <width>4</width>
            </LineStyle>
        </Style>
        <Style id="25135">
            <LineStyle id="25136">
                <color>ff294C75</color>
                <colorMode>normal</colorMode>
                <width>4</width>
            </LineStyle>
        </Style>
        <Style id="25139">
            <LineStyle id="25140">
                <color>ff294C75</color>
                <colorMode>normal</colorMode>
                <width>4</width>
            </LineStyle>
        </Style>
        <Style id="25143">
            <LineStyle id="25144">
                <color>ff294C75</color>
                <colorMode>normal</colorMode>
                <width>4</width>
            </LineStyle>
        </Style>
        <Style id="25147">
            <LineStyle id="25148">
                <color>ff294C75</color>
                <colorMode>normal</colorMode>
                <width>4</width>
            </LineStyle>
        </Style>
        <Style id="25151">
            <LineStyle id="25152">
                <color>ff294C75</color>
                <colorMode>normal</colorMode>
                <width>4</width>
            </LineStyle>
        </Style>
        <Style id="25155">
            <LineStyle id="25156">
                <color>ff294C75</color>
                <colorMode>normal</colorMode>
                <width>4</width>
            </LineStyle>
        </Style>
        <Style id="25159">
            <LineStyle id="25160">
                <color>ff294C75</color>
                <colorMode>normal</colorMode>
                <width>4</width>
            </LineStyle>
        </Style>
        <Style id="25163">
            <LineStyle id="25164">
                <color>ff294C75</color>
                <colorMode>normal</colorMode>
                <width>4</width>
            </LineStyle>
        </Style>
        <Style id="25167">
            <LineStyle id="25168">
                <color>ff294C75</color>
                <colorMode>normal</colorMode>
                <width>4</width>
            </LineStyle>
        </Style>
        <Style id="25171">
            <LineStyle id="25172">
                <color>ff294C75</color>
                <colorMode>normal</colorMode>
                <width>4</width>
            </LineStyle>
        </Style>
        <Style id="25175">
            <LineStyle id="25176">
                <color>ff294C75</color>
                <colorMode>normal</colorMode>
                <width>4</width>
            </LineStyle>
        </Style>
        <Style id="25179">
            <LineStyle id="25180">
                <color>ff294C75</color>
                <colorMode>normal</colorMode>
                <width>4</width>
            </LineStyle>
        </Style>
        <Style id="25183">
            <LineStyle id="25184">
                <color>ff294C75</color>
                <colorMode>normal</colorMode>
                <width>4</width>
            </LineStyle>
        </Style>
        <Style id="25187">
            <LineStyle id="25188">
                <color>ff294C75</color>
                <colorMode>normal</colorMode>
                <width>4</width>
            </LineStyle>
        </Style>
        <Style id="25191">
            <LineStyle id="25192">
                <color>ff294C75</color>
                <colorMode>normal</colorMode>
                <width>4</width>
            </LineStyle>
        </Style>
        <Style id="25195">
            <LineStyle id="25196">
                <color>ff294C75</color>
                <colorMode>normal</colorMode>
                <width>4</width>
            </LineStyle>
        </Style>
        <Style id="25199">
            <LineStyle id="25200">
                <color>ff294C75</color>
                <colorMode>normal</colorMode>
                <width>4</width>
            </LineStyle>
        </Style>
        <Style id="25203">
            <LineStyle id="25204">
                <color>ff294C75</color>
                <colorMode>normal</colorMode>
                <width>4</width>
            </LineStyle>
        </Style>
        <Style id="25207">
            <LineStyle id="25208">
                <color>ff294C75</color>
                <colorMode>normal</colorMode>
                <width>4</width>
            </LineStyle>
        </Style>
        <Style id="25211">
            <LineStyle id="25212">
                <color>ff294C75</color>
                <colorMode>normal</colorMode>
                <width>4</width>
            </LineStyle>
        </Style>
        <Style id="25215">
            <LineStyle id="25216">
                <color>ff294C75</color>
                <colorMode>normal</colorMode>
                <width>4</width>
            </LineStyle>
        </Style>
        <Style id="25219">
            <LineStyle id="25220">
                <color>ff294C75</color>
                <colorMode>normal</colorMode>
                <width>4</width>
            </LineStyle>
        </Style>
        <Style id="25223">
            <LineStyle id="25224">
                <color>ff294C75</color>
                <colorMode>normal</colorMode>
                <width>4</width>
            </LineStyle>
        </Style>
        <Style id="25227">
            <LineStyle id="25228">
                <color>ff294C75</color>
                <colorMode>normal</colorMode>
                <width>4</width>
            </LineStyle>
        </Style>
        <Style id="25231">
            <LineStyle id="25232">
                <color>ff294C75</color>
                <colorMode>normal</colorMode>
                <width>4</width>
            </LineStyle>
        </Style>
        <Style id="25235">
            <LineStyle id="25236">
                <color>ff294C75</color>
                <colorMode>normal</colorMode>
                <width>4</width>
            </LineStyle>
        </Style>
        <Style id="25239">
            <LineStyle id="25240">
                <color>ff294C75</color>
                <colorMode>normal</colorMode>
                <width>4</width>
            </LineStyle>
        </Style>
        <Style id="25243">
            <LineStyle id="25244">
                <color>ff294C75</color>
                <colorMode>normal</colorMode>
                <width>4</width>
            </LineStyle>
        </Style>
        <Style id="25247">
            <LineStyle id="25248">
                <color>ff294C75</color>
                <colorMode>normal</colorMode>
                <width>4</width>
            </LineStyle>
        </Style>
        <Style id="25251">
            <LineStyle id="25252">
                <color>ff294C75</color>
                <colorMode>normal</colorMode>
                <width>4</width>
            </LineStyle>
        </Style>
        <Style id="25255">
            <LineStyle id="25256">
                <color>ff294C75</color>
                <colorMode>normal</colorMode>
                <width>4</width>
            </LineStyle>
        </Style>
        <Style id="25259">
            <LineStyle id="25260">
                <color>ff294C75</color>
                <colorMode>normal</colorMode>
                <width>4</width>
            </LineStyle>
        </Style>
        <Style id="25263">
            <LineStyle id="25264">
                <color>ff294C75</color>
                <colorMode>normal</colorMode>
                <width>4</width>
            </LineStyle>
        </Style>
        <Style id="25267">
            <LineStyle id="25268">
                <color>ff294C75</color>
                <colorMode>normal</colorMode>
                <width>4</width>
            </LineStyle>
        </Style>
        <Style id="25271">
            <LineStyle id="25272">
                <color>ff294C75</color>
                <colorMode>normal</colorMode>
                <width>4</width>
            </LineStyle>
        </Style>
        <Style id="25275">
            <LineStyle id="25276">
                <color>ff294C75</color>
                <colorMode>normal</colorMode>
                <width>4</width>
            </LineStyle>
        </Style>
        <Style id="25279">
            <LineStyle id="25280">
                <color>ff294C75</color>
                <colorMode>normal</colorMode>
                <width>4</width>
            </LineStyle>
        </Style>
        <Style id="25283">
            <LineStyle id="25284">
                <color>ff294C75</color>
                <colorMode>normal</colorMode>
                <width>4</width>
            </LineStyle>
        </Style>
        <Style id="25287">
            <LineStyle id="25288">
                <color>ff294C75</color>
                <colorMode>normal</colorMode>
                <width>4</width>
            </LineStyle>
        </Style>
        <Style id="25291">
            <LineStyle id="25292">
                <color>ff294C75</color>
                <colorMode>normal</colorMode>
                <width>4</width>
            </LineStyle>
        </Style>
        <Style id="25295">
            <LineStyle id="25296">
                <color>ff294C75</color>
                <colorMode>normal</colorMode>
                <width>4</width>
            </LineStyle>
        </Style>
        <Style id="25299">
            <LineStyle id="25300">
                <color>ff294C75</color>
                <colorMode>normal</colorMode>
                <width>4</width>
            </LineStyle>
        </Style>
        <Style id="25303">
            <LineStyle id="25304">
                <color>ff294C75</color>
                <colorMode>normal</colorMode>
                <width>4</width>
            </LineStyle>
        </Style>
        <Style id="25307">
            <LineStyle id="25308">
                <color>ff294C75</color>
                <colorMode>normal</colorMode>
                <width>4</width>
            </LineStyle>
        </Style>
        <Style id="25311">
            <LineStyle id="25312">
                <color>ff294C75</color>
                <colorMode>normal</colorMode>
                <width>4</width>
            </LineStyle>
        </Style>
        <Style id="25315">
            <LineStyle id="25316">
                <color>ff294C75</color>
                <colorMode>normal</colorMode>
                <width>4</width>
            </LineStyle>
        </Style>
        <Style id="25319">
            <LineStyle id="25320">
                <color>ff294C75</color>
                <colorMode>normal</colorMode>
                <width>4</width>
            </LineStyle>
        </Style>
        <Style id="25323">
            <LineStyle id="25324">
                <color>ff294C75</color>
                <colorMode>normal</colorMode>
                <width>4</width>
            </LineStyle>
        </Style>
        <Style id="25327">
            <LineStyle id="25328">
                <color>ff294C75</color>
                <colorMode>normal</colorMode>
                <width>4</width>
            </LineStyle>
        </Style>
        <Style id="25331">
            <LineStyle id="25332">
                <color>ff294C75</color>
                <colorMode>normal</colorMode>
                <width>4</width>
            </LineStyle>
        </Style>
        <Style id="25335">
            <LineStyle id="25336">
                <color>ff294C75</color>
                <colorMode>normal</colorMode>
                <width>4</width>
            </LineStyle>
        </Style>
        <Style id="25339">
            <LineStyle id="25340">
                <color>ff294C75</color>
                <colorMode>normal</colorMode>
                <width>4</width>
            </LineStyle>
        </Style>
        <Style id="25343">
            <LineStyle id="25344">
                <color>ff294C75</color>
                <colorMode>normal</colorMode>
                <width>4</width>
            </LineStyle>
        </Style>
        <Style id="25347">
            <LineStyle id="25348">
                <color>ff294C75</color>
                <colorMode>normal</colorMode>
                <width>4</width>
            </LineStyle>
        </Style>
        <Style id="25351">
            <LineStyle id="25352">
                <color>ff294C75</color>
                <colorMode>normal</colorMode>
                <width>4</width>
            </LineStyle>
        </Style>
        <Style id="25355">
            <LineStyle id="25356">
                <color>ff294C75</color>
                <colorMode>normal</colorMode>
                <width>4</width>
            </LineStyle>
        </Style>
        <Style id="25359">
            <LineStyle id="25360">
                <color>ff294C75</color>
                <colorMode>normal</colorMode>
                <width>4</width>
            </LineStyle>
        </Style>
        <Style id="25363">
            <LineStyle id="25364">
                <color>ff294C75</color>
                <colorMode>normal</colorMode>
                <width>4</width>
            </LineStyle>
        </Style>
        <Style id="25367">
            <LineStyle id="25368">
                <color>ff294C75</color>
                <colorMode>normal</colorMode>
                <width>4</width>
            </LineStyle>
        </Style>
        <Style id="25371">
            <LineStyle id="25372">
                <color>ff294C75</color>
                <colorMode>normal</colorMode>
                <width>4</width>
            </LineStyle>
        </Style>
        <Style id="25375">
            <LineStyle id="25376">
                <color>ff294C75</color>
                <colorMode>normal</colorMode>
                <width>4</width>
            </LineStyle>
        </Style>
        <Style id="25379">
            <LineStyle id="25380">
                <color>ff294C75</color>
                <colorMode>normal</colorMode>
                <width>4</width>
            </LineStyle>
        </Style>
        <Style id="25383">
            <LineStyle id="25384">
                <color>ff294C75</color>
                <colorMode>normal</colorMode>
                <width>4</width>
            </LineStyle>
        </Style>
        <Style id="25387">
            <LineStyle id="25388">
                <color>ff294C75</color>
                <colorMode>normal</colorMode>
                <width>4</width>
            </LineStyle>
        </Style>
        <Style id="25391">
            <LineStyle id="25392">
                <color>ff294C75</color>
                <colorMode>normal</colorMode>
                <width>4</width>
            </LineStyle>
        </Style>
        <Style id="25395">
            <LineStyle id="25396">
                <color>ff294C75</color>
                <colorMode>normal</colorMode>
                <width>4</width>
            </LineStyle>
        </Style>
        <Style id="25399">
            <LineStyle id="25400">
                <color>ff294C75</color>
                <colorMode>normal</colorMode>
                <width>4</width>
            </LineStyle>
        </Style>
        <Style id="25403">
            <LineStyle id="25404">
                <color>ff294C75</color>
                <colorMode>normal</colorMode>
                <width>4</width>
            </LineStyle>
        </Style>
        <Style id="25407">
            <LineStyle id="25408">
                <color>ff294C75</color>
                <colorMode>normal</colorMode>
                <width>4</width>
            </LineStyle>
        </Style>
        <Style id="25411">
            <LineStyle id="25412">
                <color>ff294C75</color>
                <colorMode>normal</colorMode>
                <width>4</width>
            </LineStyle>
        </Style>
        <Style id="25415">
            <LineStyle id="25416">
                <color>ff294C75</color>
                <colorMode>normal</colorMode>
                <width>4</width>
            </LineStyle>
        </Style>
        <Style id="25419">
            <LineStyle id="25420">
                <color>ff294C75</color>
                <colorMode>normal</colorMode>
                <width>4</width>
            </LineStyle>
        </Style>
        <Style id="25423">
            <LineStyle id="25424">
                <color>ff294C75</color>
                <colorMode>normal</colorMode>
                <width>4</width>
            </LineStyle>
        </Style>
        <Style id="25427">
            <LineStyle id="25428">
                <color>ff294C75</color>
                <colorMode>normal</colorMode>
                <width>4</width>
            </LineStyle>
        </Style>
        <Style id="25431">
            <LineStyle id="25432">
                <color>ff294C75</color>
                <colorMode>normal</colorMode>
                <width>4</width>
            </LineStyle>
        </Style>
        <Style id="25435">
            <LineStyle id="25436">
                <color>ff294C75</color>
                <colorMode>normal</colorMode>
                <width>4</width>
            </LineStyle>
        </Style>
        <Style id="25439">
            <LineStyle id="25440">
                <color>ff294C75</color>
                <colorMode>normal</colorMode>
                <width>4</width>
            </LineStyle>
        </Style>
        <Style id="25443">
            <LineStyle id="25444">
                <color>ff294C75</color>
                <colorMode>normal</colorMode>
                <width>4</width>
            </LineStyle>
        </Style>
        <Style id="25447">
            <LineStyle id="25448">
                <color>ff294C75</color>
                <colorMode>normal</colorMode>
                <width>4</width>
            </LineStyle>
        </Style>
        <Style id="25451">
            <LineStyle id="25452">
                <color>ff294C75</color>
                <colorMode>normal</colorMode>
                <width>4</width>
            </LineStyle>
        </Style>
        <Style id="25455">
            <LineStyle id="25456">
                <color>ff294C75</color>
                <colorMode>normal</colorMode>
                <width>4</width>
            </LineStyle>
        </Style>
        <Style id="25459">
            <LineStyle id="25460">
                <color>ff294C75</color>
                <colorMode>normal</colorMode>
                <width>4</width>
            </LineStyle>
        </Style>
        <Style id="25463">
            <LineStyle id="25464">
                <color>ff294C75</color>
                <colorMode>normal</colorMode>
                <width>4</width>
            </LineStyle>
        </Style>
        <Style id="25467">
            <LineStyle id="25468">
                <color>ff294C75</color>
                <colorMode>normal</colorMode>
                <width>4</width>
            </LineStyle>
        </Style>
        <Style id="25471">
            <LineStyle id="25472">
                <color>ff294C75</color>
                <colorMode>normal</colorMode>
                <width>4</width>
            </LineStyle>
        </Style>
        <Style id="25475">
            <LineStyle id="25476">
                <color>ff294C75</color>
                <colorMode>normal</colorMode>
                <width>4</width>
            </LineStyle>
        </Style>
        <Style id="25479">
            <LineStyle id="25480">
                <color>ff294C75</color>
                <colorMode>normal</colorMode>
                <width>4</width>
            </LineStyle>
        </Style>
        <Style id="25483">
            <LineStyle id="25484">
                <color>ff294C75</color>
                <colorMode>normal</colorMode>
                <width>4</width>
            </LineStyle>
        </Style>
        <Style id="25487">
            <LineStyle id="25488">
                <color>ff294C75</color>
                <colorMode>normal</colorMode>
                <width>4</width>
            </LineStyle>
        </Style>
        <Style id="25491">
            <LineStyle id="25492">
                <color>ff294C75</color>
                <colorMode>normal</colorMode>
                <width>4</width>
            </LineStyle>
        </Style>
        <Style id="25495">
            <LineStyle id="25496">
                <color>ff294C75</color>
                <colorMode>normal</colorMode>
                <width>4</width>
            </LineStyle>
        </Style>
        <Style id="25499">
            <LineStyle id="25500">
                <color>ff294C75</color>
                <colorMode>normal</colorMode>
                <width>4</width>
            </LineStyle>
        </Style>
        <Style id="25503">
            <LineStyle id="25504">
                <color>ff294C75</color>
                <colorMode>normal</colorMode>
                <width>4</width>
            </LineStyle>
        </Style>
        <Style id="25507">
            <LineStyle id="25508">
                <color>ff294C75</color>
                <colorMode>normal</colorMode>
                <width>4</width>
            </LineStyle>
        </Style>
        <Style id="25511">
            <LineStyle id="25512">
                <color>ff294C75</color>
                <colorMode>normal</colorMode>
                <width>4</width>
            </LineStyle>
        </Style>
        <Style id="25515">
            <LineStyle id="25516">
                <color>ff294C75</color>
                <colorMode>normal</colorMode>
                <width>4</width>
            </LineStyle>
        </Style>
        <Style id="25519">
            <LineStyle id="25520">
                <color>ff294C75</color>
                <colorMode>normal</colorMode>
                <width>4</width>
            </LineStyle>
        </Style>
        <Style id="25523">
            <LineStyle id="25524">
                <color>ff294C75</color>
                <colorMode>normal</colorMode>
                <width>4</width>
            </LineStyle>
        </Style>
        <Style id="25527">
            <LineStyle id="25528">
                <color>ff294C75</color>
                <colorMode>normal</colorMode>
                <width>4</width>
            </LineStyle>
        </Style>
        <Style id="25531">
            <LineStyle id="25532">
                <color>ff294C75</color>
                <colorMode>normal</colorMode>
                <width>4</width>
            </LineStyle>
        </Style>
        <Style id="25535">
            <LineStyle id="25536">
                <color>ff294C75</color>
                <colorMode>normal</colorMode>
                <width>4</width>
            </LineStyle>
        </Style>
        <Style id="25539">
            <LineStyle id="25540">
                <color>ff294C75</color>
                <colorMode>normal</colorMode>
                <width>4</width>
            </LineStyle>
        </Style>
        <Style id="25543">
            <LineStyle id="25544">
                <color>ff294C75</color>
                <colorMode>normal</colorMode>
                <width>4</width>
            </LineStyle>
        </Style>
        <Style id="25547">
            <LineStyle id="25548">
                <color>ff294C75</color>
                <colorMode>normal</colorMode>
                <width>4</width>
            </LineStyle>
        </Style>
        <Style id="25551">
            <LineStyle id="25552">
                <color>ff294C75</color>
                <colorMode>normal</colorMode>
                <width>4</width>
            </LineStyle>
        </Style>
        <Style id="25555">
            <LineStyle id="25556">
                <color>ff294C75</color>
                <colorMode>normal</colorMode>
                <width>4</width>
            </LineStyle>
        </Style>
        <Style id="25559">
            <LineStyle id="25560">
                <color>ff294C75</color>
                <colorMode>normal</colorMode>
                <width>4</width>
            </LineStyle>
        </Style>
        <Style id="25563">
            <LineStyle id="25564">
                <color>ff294C75</color>
                <colorMode>normal</colorMode>
                <width>4</width>
            </LineStyle>
        </Style>
        <Style id="25567">
            <LineStyle id="25568">
                <color>ff294C75</color>
                <colorMode>normal</colorMode>
                <width>4</width>
            </LineStyle>
        </Style>
        <Style id="25571">
            <LineStyle id="25572">
                <color>ff294C75</color>
                <colorMode>normal</colorMode>
                <width>4</width>
            </LineStyle>
        </Style>
        <Style id="25575">
            <LineStyle id="25576">
                <color>ff294C75</color>
                <colorMode>normal</colorMode>
                <width>4</width>
            </LineStyle>
        </Style>
        <Style id="25579">
            <LineStyle id="25580">
                <color>ff294C75</color>
                <colorMode>normal</colorMode>
                <width>4</width>
            </LineStyle>
        </Style>
        <Style id="25583">
            <LineStyle id="25584">
                <color>ff294C75</color>
                <colorMode>normal</colorMode>
                <width>4</width>
            </LineStyle>
        </Style>
        <Style id="25587">
            <LineStyle id="25588">
                <color>ff294C75</color>
                <colorMode>normal</colorMode>
                <width>4</width>
            </LineStyle>
        </Style>
        <Style id="25591">
            <LineStyle id="25592">
                <color>ff294C75</color>
                <colorMode>normal</colorMode>
                <width>4</width>
            </LineStyle>
        </Style>
        <Style id="25595">
            <LineStyle id="25596">
                <color>ff294C75</color>
                <colorMode>normal</colorMode>
                <width>4</width>
            </LineStyle>
        </Style>
        <Style id="25599">
            <LineStyle id="25600">
                <color>ff294C75</color>
                <colorMode>normal</colorMode>
                <width>4</width>
            </LineStyle>
        </Style>
        <Style id="25603">
            <LineStyle id="25604">
                <color>ff294C75</color>
                <colorMode>normal</colorMode>
                <width>4</width>
            </LineStyle>
        </Style>
        <Style id="25607">
            <LineStyle id="25608">
                <color>ff294C75</color>
                <colorMode>normal</colorMode>
                <width>4</width>
            </LineStyle>
        </Style>
        <Style id="25611">
            <LineStyle id="25612">
                <color>ff294C75</color>
                <colorMode>normal</colorMode>
                <width>4</width>
            </LineStyle>
        </Style>
        <Style id="25615">
            <LineStyle id="25616">
                <color>ff294C75</color>
                <colorMode>normal</colorMode>
                <width>4</width>
            </LineStyle>
        </Style>
        <Style id="25619">
            <LineStyle id="25620">
                <color>ff294C75</color>
                <colorMode>normal</colorMode>
                <width>4</width>
            </LineStyle>
        </Style>
        <Style id="25623">
            <LineStyle id="25624">
                <color>ff294C75</color>
                <colorMode>normal</colorMode>
                <width>4</width>
            </LineStyle>
        </Style>
        <Style id="25627">
            <LineStyle id="25628">
                <color>ff294C75</color>
                <colorMode>normal</colorMode>
                <width>4</width>
            </LineStyle>
        </Style>
        <Style id="25631">
            <LineStyle id="25632">
                <color>ff294C75</color>
                <colorMode>normal</colorMode>
                <width>4</width>
            </LineStyle>
        </Style>
        <Style id="25635">
            <LineStyle id="25636">
                <color>ff294C75</color>
                <colorMode>normal</colorMode>
                <width>4</width>
            </LineStyle>
        </Style>
        <Style id="25639">
            <LineStyle id="25640">
                <color>ff294C75</color>
                <colorMode>normal</colorMode>
                <width>4</width>
            </LineStyle>
        </Style>
        <Style id="25643">
            <LineStyle id="25644">
                <color>ff294C75</color>
                <colorMode>normal</colorMode>
                <width>4</width>
            </LineStyle>
        </Style>
        <Style id="25647">
            <LineStyle id="25648">
                <color>ff294C75</color>
                <colorMode>normal</colorMode>
                <width>4</width>
            </LineStyle>
        </Style>
        <Style id="25651">
            <LineStyle id="25652">
                <color>ff294C75</color>
                <colorMode>normal</colorMode>
                <width>4</width>
            </LineStyle>
        </Style>
        <Style id="25655">
            <LineStyle id="25656">
                <color>ff294C75</color>
                <colorMode>normal</colorMode>
                <width>4</width>
            </LineStyle>
        </Style>
        <Style id="25659">
            <LineStyle id="25660">
                <color>ff294C75</color>
                <colorMode>normal</colorMode>
                <width>4</width>
            </LineStyle>
        </Style>
        <Style id="25663">
            <LineStyle id="25664">
                <color>ff294C75</color>
                <colorMode>normal</colorMode>
                <width>4</width>
            </LineStyle>
        </Style>
        <Style id="25667">
            <LineStyle id="25668">
                <color>ff294C75</color>
                <colorMode>normal</colorMode>
                <width>4</width>
            </LineStyle>
        </Style>
        <Style id="25671">
            <LineStyle id="25672">
                <color>ff294C75</color>
                <colorMode>normal</colorMode>
                <width>4</width>
            </LineStyle>
        </Style>
        <Style id="25675">
            <LineStyle id="25676">
                <color>ff294C75</color>
                <colorMode>normal</colorMode>
                <width>4</width>
            </LineStyle>
        </Style>
        <Style id="25679">
            <LineStyle id="25680">
                <color>ff294C75</color>
                <colorMode>normal</colorMode>
                <width>4</width>
            </LineStyle>
        </Style>
        <Style id="25683">
            <LineStyle id="25684">
                <color>ff294C75</color>
                <colorMode>normal</colorMode>
                <width>4</width>
            </LineStyle>
        </Style>
        <Style id="25687">
            <LineStyle id="25688">
                <color>ff294C75</color>
                <colorMode>normal</colorMode>
                <width>4</width>
            </LineStyle>
        </Style>
        <Style id="25691">
            <LineStyle id="25692">
                <color>ff294C75</color>
                <colorMode>normal</colorMode>
                <width>4</width>
            </LineStyle>
        </Style>
        <Style id="25695">
            <LineStyle id="25696">
                <color>ff294C75</color>
                <colorMode>normal</colorMode>
                <width>4</width>
            </LineStyle>
        </Style>
        <ExtendedData>
            <Data name="route-name">
                <value>Jalur 11: Cibiru → Leuwipanjang</value>
            </Data>
            <Data name="source">
                <value>Transport for Bandung</value>
            </Data>
        </ExtendedData>
        <Placemark id="25016">
            <name>Pangkalan DAMRI Cibiru</name>
            <styleUrl>#25017</styleUrl>
            <Point id="25015">
                <coordinates>107.7163132,-6.9335177,0.0</coordinates>
            </Point>
        </Placemark>
        <Placemark id="25021">
            <name>Terminal Leuwipanjang</name>
            <styleUrl>#25022</styleUrl>
            <Point id="25020">
                <coordinates>107.593264,-6.9458573,0.0</coordinates>
            </Point>
        </Placemark>
        <Placemark id="25026">
            <name>Jalan Otto Iskandardinata</name>
            <styleUrl>#25027</styleUrl>
            <LineString id="25025">
                <coordinates>107.6041077,-6.920785,0.0 107.604105,-6.9208199,0.0 107.6040989,-6.920927,0.0 107.6040733,-6.9214142,0.0 107.6040726,-6.9214269,0.0 107.6040276,-6.9219745,0.0 107.6040208,-6.9220583,0.0 107.6039434,-6.9230192,0.0 107.6039369,-6.9231152,0.0</coordinates>
            </LineString>
        </Placemark>
        <Placemark id="25030">
            <name>Jalan Abdul Haris Nasution</name>
            <styleUrl>#25031</styleUrl>
            <LineString id="25029">
                <coordinates>107.713642,-6.931656,0.0 107.7135608,-6.9316361,0.0 107.7134679,-6.931607,0.0 107.7133783,-6.931568,0.0 107.7132823,-6.9315111,0.0 107.7131664,-6.9314439,0.0 107.7129924,-6.9313164,0.0 107.7129059,-6.9312326,0.0 107.7128285,-6.9311385,0.0 107.7127799,-6.9310665,0.0 107.7127256,-6.9309615,0.0 107.7126092,-6.9307285,0.0 107.7125695,-6.930649,0.0 107.7123462,-6.9302127,0.0 107.7122556,-6.9300335,0.0 107.7121931,-6.929892,0.0 107.7121855,-6.929877,0.0 107.7119967,-6.9294743,0.0 107.7118609,-6.9291887,0.0 107.7118278,-6.9291134,0.0 107.7117984,-6.9290507,0.0 107.7116604,-6.928757,0.0 107.7113962,-6.9281945,0.0 107.7112515,-6.9278637,0.0 107.711222,-6.9277829,0.0</coordinates>
            </LineString>
        </Placemark>
        <Placemark id="25034">
            <name>Jalan Kyai Haji Wahid Hasyim</name>
            <styleUrl>#25035</styleUrl>
            <LineString id="25033">
                <coordinates>107.5899199,-6.9452949,0.0 107.5899683,-6.9452286,0.0 107.5900352,-6.9451237,0.0 107.5901553,-6.9449353,0.0 107.5903058,-6.9446993,0.0 107.5904884,-6.944413,0.0 107.5905391,-6.9443334,0.0 107.5905904,-6.944253,0.0 107.590768,-6.9439758,0.0 107.5908061,-6.9439147,0.0 107.5908631,-6.9438253,0.0 107.5910269,-6.9435481,0.0</coordinates>
            </LineString>
        </Placemark>
        <Placemark id="25038">
            <name>Jalan Otto Iskandardinata</name>
            <styleUrl>#25039</styleUrl>
            <LineString id="25037">
                <coordinates>107.6032238,-6.935481,0.0 107.6032173,-6.935578,0.0 107.6032076,-6.9357215,0.0 107.6031855,-6.936049,0.0 107.6031741,-6.936219,0.0 107.6031624,-6.9363928,0.0 107.6031505,-6.9365689,0.0</coordinates>
            </LineString>
        </Placemark>
        <Placemark id="25042">
            <name>Jalan Otto Iskandardinata</name>
            <styleUrl>#25043</styleUrl>
            <LineString id="25041">
                <coordinates>107.603088,-6.9372221,0.0 107.6030728,-6.9373193,0.0</coordinates>
            </LineString>
        </Placemark>
        <Placemark id="25046">
            <name>Jalan Jenderal Ahmad Yani</name>
            <styleUrl>#25047</styleUrl>
            <LineString id="25045">
                <coordinates>107.6562379,-6.9021633,0.0 107.6561678,-6.9021519,0.0 107.6560981,-6.9021454,0.0 107.6557174,-6.902134,0.0</coordinates>
            </LineString>
        </Placemark>
        <Placemark id="25050">
            <name>Jalan Jenderal Ahmad Yani</name>
            <styleUrl>#25051</styleUrl>
            <LineString id="25049">
                <coordinates>107.6445308,-6.9080265,0.0 107.644457,-6.9080919,0.0 107.6444319,-6.9081142,0.0 107.6437989,-6.9084471,0.0</coordinates>
            </LineString>
        </Placemark>
        <Placemark id="25054">
            <name>Jalan Jenderal Ahmad Yani</name>
            <styleUrl>#25055</styleUrl>
            <LineString id="25053">
                <coordinates>107.6445308,-6.9080265,0.0 107.6447525,-6.9079094,0.0 107.6449366,-6.9078121,0.0 107.64542,-6.9075568,0.0 107.6456577,-6.907431,0.0 107.645715,-6.9074007,0.0 107.6457789,-6.9073672,0.0 107.6458575,-6.9073247,0.0 107.6459395,-6.9072816,0.0 107.6462819,-6.9071016,0.0 107.6465653,-6.9069518,0.0 107.6469168,-6.9067662,0.0 107.6469532,-6.906747,0.0 107.6470598,-6.9066907,0.0 107.6473416,-6.906544,0.0 107.6473541,-6.9065376,0.0</coordinates>
            </LineString>
        </Placemark>
        <Placemark id="25058">
            <name>Jalan Jenderal Ahmad Yani</name>
            <styleUrl>#25059</styleUrl>
            <LineString id="25057">
                <coordinates>107.6568007,-6.9022123,0.0 107.6566577,-6.9022086,0.0</coordinates>
            </LineString>
        </Placemark>
        <Placemark id="25062">
            <name>Jalan Otto Iskandardinata</name>
            <styleUrl>#25063</styleUrl>
            <LineString id="25061">
                <coordinates>107.6038778,-6.9239323,0.0 107.6038646,-6.9241732,0.0 107.6038465,-6.9245138,0.0 107.6037853,-6.9255254,0.0 107.6037807,-6.9256072,0.0 107.6036969,-6.9271072,0.0 107.6036918,-6.9271992,0.0</coordinates>
            </LineString>
        </Placemark>
        <Placemark id="25066">
            <name>Jalan Otto Iskandardinata</name>
            <styleUrl>#25067</styleUrl>
            <LineString id="25065">
                <coordinates>107.6036918,-6.9271992,0.0 107.6036329,-6.9280445,0.0 107.6035899,-6.9285343,0.0 107.6035334,-6.9293987,0.0 107.603525,-6.9295081,0.0 107.6035222,-6.9295501,0.0 107.6034974,-6.9299465,0.0 107.6034816,-6.9301831,0.0 107.6034721,-6.9303229,0.0 107.6034681,-6.9303751,0.0 107.6034639,-6.9304346,0.0 107.6033984,-6.9314197,0.0</coordinates>
            </LineString>
        </Placemark>
        <Placemark id="25070">
            <name>Jalan Otto Iskandardinata</name>
            <styleUrl>#25071</styleUrl>
            <LineString id="25069">
                <coordinates>107.6039369,-6.9231152,0.0 107.6039303,-6.9231867,0.0</coordinates>
            </LineString>
        </Placemark>
        <Placemark id="25074">
            <name>Jalan Otto Iskandardinata</name>
            <styleUrl>#25075</styleUrl>
            <LineString id="25073">
                <coordinates>107.6032271,-6.9338577,0.0 107.603223,-6.9339734,0.0 107.6032159,-6.9342862,0.0</coordinates>
            </LineString>
        </Placemark>
        <Placemark id="25078">
            <name>Jalan Otto Iskandardinata</name>
            <styleUrl>#25079</styleUrl>
            <LineString id="25077">
                <coordinates>107.6033984,-6.9314197,0.0 107.6033222,-6.9324354,0.0 107.6033078,-6.9326292,0.0 107.603267,-6.9332705,0.0 107.6032353,-6.9337195,0.0 107.6032271,-6.9338577,0.0</coordinates>
            </LineString>
        </Placemark>
        <Placemark id="25082">
            <name>Jalan Soekarno-Hatta</name>
            <styleUrl>#25083</styleUrl>
            <LineString id="25081">
                <coordinates>107.5905372,-6.9458885,0.0 107.5906174,-6.9459184,0.0 107.5908186,-6.9459976,0.0 107.5909454,-6.9460471,0.0 107.5912869,-6.9461769,0.0 107.5915135,-6.946263,0.0 107.5919633,-6.946418,0.0 107.5920057,-6.9464327,0.0</coordinates>
            </LineString>
        </Placemark>
        <Placemark id="25086">
            <name>Jalan H. Ibrahim Adjie</name>
            <styleUrl>#25087</styleUrl>
            <LineString id="25085">
                <coordinates>107.6435055,-6.9113592,0.0 107.6435255,-6.9115834,0.0 107.6435572,-6.9119253,0.0 107.6435846,-6.9122429,0.0 107.6436146,-6.9125869,0.0 107.6436356,-6.9128822,0.0 107.6436422,-6.9130175,0.0</coordinates>
            </LineString>
        </Placemark>
        <Placemark id="25090">
            <name>Jalan Jenderal Ahmad Yani</name>
            <styleUrl>#25091</styleUrl>
            <LineString id="25089">
                <coordinates>107.6194592,-6.9213499,0.0 107.6191038,-6.9215541,0.0 107.6187221,-6.9217512,0.0</coordinates>
            </LineString>
        </Placemark>
        <Placemark id="25094">
            <name>Jalan Abdul Haris Nasution</name>
            <styleUrl>#25095</styleUrl>
            <LineString id="25093">
                <coordinates>107.6731822,-6.9049099,0.0 107.6730663,-6.9049324,0.0 107.6729204,-6.9049231,0.0 107.6727971,-6.9048983,0.0 107.6726502,-6.9048495,0.0 107.6725166,-6.9047911,0.0 107.6723982,-6.9047336,0.0 107.672335,-6.9046989,0.0 107.6721798,-6.9046133,0.0 107.6720002,-6.9045193,0.0 107.6718533,-6.9044513,0.0 107.6718052,-6.9044291,0.0 107.671782,-6.9044186,0.0 107.6717285,-6.9043943,0.0 107.6714589,-6.9042963,0.0 107.6713547,-6.9042719,0.0 107.6712605,-6.9042516,0.0 107.671153,-6.9042417,0.0 107.6710571,-6.9042413,0.0 107.6709567,-6.9042404,0.0 107.6707829,-6.9042441,0.0</coordinates>
            </LineString>
        </Placemark>
        <Placemark id="25098">
            <name>Jalan Abdul Haris Nasution</name>
            <styleUrl>#25099</styleUrl>
            <LineString id="25097">
                <coordinates>107.6981324,-6.9140614,0.0 107.6978409,-6.9140523,0.0 107.6977578,-6.9140498,0.0 107.6967586,-6.91402,0.0 107.6966396,-6.9139937,0.0 107.6955657,-6.9136497,0.0 107.6953324,-6.913575,0.0 107.6950984,-6.9135008,0.0 107.6950575,-6.9134879,0.0 107.6940999,-6.9131835,0.0 107.6940118,-6.9131572,0.0 107.6939237,-6.9131308,0.0 107.6938253,-6.9131006,0.0 107.6937275,-6.9130705,0.0 107.6932002,-6.9128981,0.0 107.6925681,-6.9126992,0.0 107.6922664,-6.9126036,0.0</coordinates>
            </LineString>
        </Placemark>
        <Placemark id="25102">
            <name>Jalan Asia Afrika</name>
            <styleUrl>#25103</styleUrl>
            <LineString id="25101">
                <coordinates>107.6064585,-6.9210512,0.0 107.6064357,-6.9210487,0.0 107.6059322,-6.9209936,0.0 107.605075,-6.9208966,0.0 107.6042658,-6.9208061,0.0 107.6042276,-6.9208008,0.0 107.6041077,-6.920785,0.0</coordinates>
            </LineString>
        </Placemark>
        <Placemark id="25106">
            <name>Jalan Asia Afrika</name>
            <styleUrl>#25107</styleUrl>
            <LineString id="25105">
                <coordinates>107.607195,-6.9211421,0.0 107.6071709,-6.9211388,0.0 107.6071309,-6.9211347,0.0</coordinates>
            </LineString>
        </Placemark>
        <Placemark id="25110">
            <name>Jalan Jenderal Ahmad Yani</name>
            <styleUrl>#25111</styleUrl>
            <LineString id="25109">
                <coordinates>107.6228594,-6.9195533,0.0 107.6224719,-6.9197548,0.0 107.6221779,-6.9199012,0.0 107.6221549,-6.9199123,0.0 107.6220264,-6.9199819,0.0 107.6218618,-6.9200705,0.0 107.621673,-6.9201723,0.0 107.6215708,-6.9202248,0.0 107.6213148,-6.9203613,0.0 107.6211338,-6.9204577,0.0 107.6206442,-6.9207187,0.0 107.6201383,-6.9209883,0.0 107.619912,-6.921109,0.0 107.619848,-6.921143,0.0 107.619832,-6.9211515,0.0 107.6194592,-6.9213499,0.0</coordinates>
            </LineString>
        </Placemark>
        <Placemark id="25114">
            <name>Jalan Jenderal Ahmad Yani</name>
            <styleUrl>#25115</styleUrl>
            <LineString id="25113">
                <coordinates>107.6557174,-6.902134,0.0 107.6549747,-6.9025328,0.0 107.6549328,-6.902555,0.0 107.6547053,-6.9026773,0.0</coordinates>
            </LineString>
        </Placemark>
        <Placemark id="25118">
            <name>Jalan Jakarta</name>
            <styleUrl>#25119</styleUrl>
            <LineString id="25117">
                <coordinates>107.6374221,-6.9145133,0.0 107.6374071,-6.9145151,0.0 107.6373588,-6.9145209,0.0</coordinates>
            </LineString>
        </Placemark>
        <Placemark id="25122">
            <name>Jalan Jakarta</name>
            <styleUrl>#25123</styleUrl>
            <LineString id="25121">
                <coordinates>107.6375505,-6.9144979,0.0 107.6374221,-6.9145133,0.0</coordinates>
            </LineString>
        </Placemark>
        <Placemark id="25126">
            <name>Route Segment</name>
            <styleUrl>#25127</styleUrl>
            <LineString id="25125">
                <coordinates>107.5946801,-6.9470993,0.0 107.5949015,-6.9470904,0.0 107.5949654,-6.9470873,0.0 107.5949874,-6.9470844,0.0 107.5950189,-6.9470765,0.0 107.5950591,-6.9470659,0.0 107.5950873,-6.9470551,0.0 107.5951121,-6.9470451,0.0 107.5951365,-6.9470303,0.0 107.5951489,-6.9470195,0.0 107.5951597,-6.9470058,0.0 107.5951778,-6.9469812,0.0 107.5951852,-6.9469692,0.0 107.595202,-6.9469407,0.0 107.5952184,-6.9469031,0.0</coordinates>
            </LineString>
        </Placemark>
        <Placemark id="25130">
            <name>Jalan Kyai Haji Wahid Hasyim</name>
            <styleUrl>#25131</styleUrl>
            <LineString id="25129">
                <coordinates>107.5920724,-6.9418438,0.0 107.5922389,-6.9415903,0.0 107.5924641,-6.9412448,0.0 107.5930896,-6.9402979,0.0 107.59314,-6.9402168,0.0 107.5932148,-6.9400962,0.0 107.5932356,-6.9400628,0.0 107.5933094,-6.939944,0.0 107.5934404,-6.9397331,0.0 107.5936005,-6.9394752,0.0 107.5937688,-6.9391642,0.0 107.5939092,-6.9389121,0.0 107.5939987,-6.938752,0.0 107.5940814,-6.9386042,0.0 107.5941015,-6.9385696,0.0 107.594148,-6.9384872,0.0 107.594204,-6.9383881,0.0 107.594524,-6.9378129,0.0 107.5945872,-6.9376992,0.0 107.5946221,-6.9376377,0.0 107.5946542,-6.9375847,0.0 107.5948299,-6.9373141,0.0</coordinates>
            </LineString>
        </Placemark>
        <Placemark id="25134">
            <name>Jalan Jenderal Ahmad Yani</name>
            <styleUrl>#25135</styleUrl>
            <LineString id="25133">
                <coordinates>107.6311335,-6.9151604,0.0 107.6313219,-6.9150573,0.0 107.631392,-6.915019,0.0 107.6314854,-6.9149679,0.0 107.6316428,-6.9148818,0.0 107.6320747,-6.9146547,0.0 107.6322869,-6.9145432,0.0 107.6325601,-6.9143996,0.0 107.6327618,-6.9142935,0.0 107.6327884,-6.9142791,0.0 107.6328365,-6.9142566,0.0 107.6329881,-6.9141745,0.0 107.6332108,-6.9140574,0.0 107.6333413,-6.9139888,0.0</coordinates>
            </LineString>
        </Placemark>
        <Placemark id="25138">
            <name>Jalan Jakarta</name>
            <styleUrl>#25139</styleUrl>
            <LineString id="25137">
                <coordinates>107.6417884,-6.9139622,0.0 107.641697,-6.9139738,0.0 107.6414919,-6.9139937,0.0 107.641334,-6.9140119,0.0 107.6412274,-6.9140241,0.0 107.6410877,-6.9140393,0.0 107.6409956,-6.9140515,0.0 107.6405312,-6.9141105,0.0 107.6404431,-6.9141209,0.0 107.6403048,-6.9141385,0.0 107.6402144,-6.914148,0.0 107.6399554,-6.914178,0.0 107.6398939,-6.914186,0.0 107.6397497,-6.9142026,0.0 107.6394855,-6.9142369,0.0 107.6393217,-6.9142593,0.0 107.6391686,-6.914281,0.0 107.6390956,-6.9142912,0.0 107.6389363,-6.9143117,0.0 107.6388474,-6.9143228,0.0 107.6386441,-6.9143525,0.0 107.6385822,-6.9143614,0.0 107.6385215,-6.9143724,0.0 107.6384678,-6.9143807,0.0 107.6381956,-6.9144188,0.0 107.6379503,-6.9144499,0.0 107.6378321,-6.9144641,0.0 107.6377113,-6.9144786,0.0 107.6376149,-6.9144902,0.0 107.6375655,-6.9144961,0.0 107.6375505,-6.9144979,0.0</coordinates>
            </LineString>
        </Placemark>
        <Placemark id="25142">
            <name>Jalan Jenderal Ahmad Yani</name>
            <styleUrl>#25143</styleUrl>
            <LineString id="25141">
                <coordinates>107.6593809,-6.9022862,0.0 107.6593327,-6.9022852,0.0 107.6591741,-6.9022823,0.0 107.6591239,-6.9022819,0.0 107.6589763,-6.9022795,0.0 107.6586773,-6.9022663,0.0 107.6581206,-6.9022388,0.0 107.657628,-6.9022233,0.0 107.6573116,-6.9022128,0.0</coordinates>
            </LineString>
        </Placemark>
        <Placemark id="25146">
            <name>Jalan Jakarta</name>
            <styleUrl>#25147</styleUrl>
            <LineString id="25145">
                <coordinates>107.6373588,-6.9145209,0.0 107.6371438,-6.9145467,0.0 107.6369043,-6.9145755,0.0 107.6368147,-6.9145887,0.0 107.636513,-6.914633,0.0 107.6362469,-6.9146627,0.0 107.6362076,-6.9146671,0.0 107.6361335,-6.9146647,0.0 107.6360082,-6.9146453,0.0 107.6357903,-6.914575,0.0</coordinates>
            </LineString>
        </Placemark>
        <Placemark id="25150">
            <name>Jalan Jenderal Ahmad Yani</name>
            <styleUrl>#25151</styleUrl>
            <LineString id="25149">
                <coordinates>107.6290208,-6.9162728,0.0 107.6289251,-6.9163216,0.0 107.6287077,-6.9164366,0.0 107.6286077,-6.9164897,0.0 107.6284319,-6.9165831,0.0 107.6281138,-6.9167518,0.0 107.6274434,-6.9171135,0.0</coordinates>
            </LineString>
        </Placemark>
        <Placemark id="25154">
            <name>Jalan H. Ibrahim Adjie</name>
            <styleUrl>#25155</styleUrl>
            <LineString id="25153">
                <coordinates>107.6433703,-6.9099716,0.0 107.6434142,-6.9104391,0.0 107.6434287,-6.9105814,0.0 107.6434818,-6.9111241,0.0 107.6434906,-6.9112086,0.0 107.6435055,-6.9113592,0.0</coordinates>
            </LineString>
        </Placemark>
        <Placemark id="25158">
            <name>Jalan Peta</name>
            <styleUrl>#25159</styleUrl>
            <LineString id="25157">
                <coordinates>107.5971376,-6.937801,0.0 107.5970548,-6.9377924,0.0</coordinates>
            </LineString>
        </Placemark>
        <Placemark id="25162">
            <name>Jalan Peta</name>
            <styleUrl>#25163</styleUrl>
            <LineString id="25161">
                <coordinates>107.6030728,-6.9373193,0.0 107.6029983,-6.9373153,0.0</coordinates>
            </LineString>
        </Placemark>
        <Placemark id="25166">
            <name>Jalan Peta</name>
            <styleUrl>#25167</styleUrl>
            <LineString id="25165">
                <coordinates>107.6021772,-6.9372552,0.0 107.602016,-6.9372409,0.0 107.6019146,-6.9372385,0.0 107.601703,-6.9372304,0.0 107.6014696,-6.937233,0.0 107.6010236,-6.9372742,0.0 107.6000125,-6.9374564,0.0 107.5998296,-6.9374914,0.0 107.5994727,-6.9375618,0.0</coordinates>
            </LineString>
        </Placemark>
        <Placemark id="25170">
            <name>Jalan Jenderal Ahmad Yani</name>
            <styleUrl>#25171</styleUrl>
            <LineString id="25169">
                <coordinates>107.6504237,-6.9049308,0.0 107.6505268,-6.9048727,0.0</coordinates>
            </LineString>
        </Placemark>
        <Placemark id="25174">
            <name>Jalan Jenderal Ahmad Yani</name>
            <styleUrl>#25175</styleUrl>
            <LineString id="25173">
                <coordinates>107.6505268,-6.9048727,0.0 107.6509613,-6.904644,0.0 107.6510558,-6.9045991,0.0 107.6511156,-6.9045663,0.0 107.6512752,-6.9044817,0.0 107.6522601,-6.9039596,0.0 107.6523019,-6.9039374,0.0 107.6532521,-6.903436,0.0 107.6533029,-6.9034069,0.0 107.6537144,-6.9031904,0.0 107.6538132,-6.9031384,0.0 107.65401,-6.9030256,0.0</coordinates>
            </LineString>
        </Placemark>
        <Placemark id="25178">
            <name>Jalan Abdul Haris Nasution</name>
            <styleUrl>#25179</styleUrl>
            <LineString id="25177">
                <coordinates>107.6669959,-6.9041686,0.0 107.6668942,-6.9041612,0.0</coordinates>
            </LineString>
        </Placemark>
        <Placemark id="25182">
            <name>Jalan Abdul Haris Nasution</name>
            <styleUrl>#25183</styleUrl>
            <LineString id="25181">
                <coordinates>107.6668942,-6.9041612,0.0 107.6668619,-6.9041587,0.0 107.6668426,-6.9041581,0.0 107.6668057,-6.9041559,0.0 107.6667063,-6.9041501,0.0 107.6666336,-6.9041465,0.0 107.6662245,-6.9041035,0.0 107.6659777,-6.9040789,0.0 107.6656526,-6.9040466,0.0 107.6654785,-6.9040293,0.0 107.6653806,-6.9040176,0.0 107.6653339,-6.9040128,0.0 107.6652717,-6.9040063,0.0 107.6650321,-6.9039795,0.0 107.6649569,-6.9039704,0.0 107.664911,-6.903966,0.0 107.6647137,-6.9039446,0.0 107.6644048,-6.9039111,0.0 107.6642495,-6.9038943,0.0 107.6638979,-6.9038599,0.0 107.6637771,-6.9038469,0.0 107.6629487,-6.9037576,0.0 107.6628717,-6.9037486,0.0 107.6625205,-6.9037038,0.0 107.6624107,-6.9036934,0.0 107.6623517,-6.9036867,0.0 107.6618122,-6.9036241,0.0 107.6616711,-6.9035965,0.0 107.6615175,-6.9035395,0.0 107.6614385,-6.9034891,0.0 107.6613446,-6.9034118,0.0 107.6612417,-6.903307,0.0 107.6611816,-6.9032348,0.0</coordinates>
            </LineString>
        </Placemark>
        <Placemark id="25186">
            <name>Jalan Abdul Haris Nasution</name>
            <styleUrl>#25187</styleUrl>
            <LineString id="25185">
                <coordinates>107.6794782,-6.9049937,0.0 107.6794622,-6.9049915,0.0 107.6793999,-6.9049829,0.0</coordinates>
            </LineString>
        </Placemark>
        <Placemark id="25190">
            <name>Jalan Abdul Haris Nasution</name>
            <styleUrl>#25191</styleUrl>
            <LineString id="25189">
                <coordinates>107.6820608,-6.90548,0.0 107.6818657,-6.905397,0.0 107.6815606,-6.9053016,0.0 107.6813524,-6.9052663,0.0 107.6812596,-6.9052518,0.0 107.6812141,-6.9052443,0.0 107.681059,-6.9052186,0.0 107.6809974,-6.9052105,0.0 107.6802772,-6.9051106,0.0 107.6802419,-6.9051046,0.0</coordinates>
            </LineString>
        </Placemark>
        <Placemark id="25194">
            <name>Jalan Jenderal Ahmad Yani</name>
            <styleUrl>#25195</styleUrl>
            <LineString id="25193">
                <coordinates>107.6595113,-6.9022876,0.0 107.6593809,-6.9022862,0.0</coordinates>
            </LineString>
        </Placemark>
        <Placemark id="25198">
            <name>Jalan Jenderal Ahmad Yani</name>
            <styleUrl>#25199</styleUrl>
            <LineString id="25197">
                <coordinates>107.6598571,-6.902257,0.0 107.6597146,-6.9022892,0.0 107.6595403,-6.9022891,0.0 107.6595113,-6.9022876,0.0</coordinates>
            </LineString>
        </Placemark>
        <Placemark id="25202">
            <name>Jalan Asia Afrika</name>
            <styleUrl>#25203</styleUrl>
            <LineString id="25201">
                <coordinates>107.6120154,-6.9217245,0.0 107.6118219,-6.9217006,0.0</coordinates>
            </LineString>
        </Placemark>
        <Placemark id="25206">
            <name>Jalan Asia Afrika</name>
            <styleUrl>#25207</styleUrl>
            <LineString id="25205">
                <coordinates>107.6077961,-6.9212245,0.0 107.6076762,-6.9212089,0.0 107.6075753,-6.921193,0.0 107.6072432,-6.9211493,0.0 107.607195,-6.9211421,0.0</coordinates>
            </LineString>
        </Placemark>
        <Placemark id="25210">
            <name>Jalan Abdul Haris Nasution</name>
            <styleUrl>#25211</styleUrl>
            <LineString id="25209">
                <coordinates>107.6886554,-6.9089512,0.0 107.6884956,-6.9087587,0.0</coordinates>
            </LineString>
        </Placemark>
        <Placemark id="25214">
            <name>Jalan Abdul Haris Nasution</name>
            <styleUrl>#25215</styleUrl>
            <LineString id="25213">
                <coordinates>107.6884956,-6.9087587,0.0 107.6884665,-6.9087231,0.0 107.6883751,-6.9086112,0.0 107.6883498,-6.9085803,0.0 107.6882509,-6.9084646,0.0 107.6881997,-6.9084047,0.0 107.6881669,-6.9083663,0.0 107.6881296,-6.9083276,0.0 107.6879166,-6.9081066,0.0 107.6878856,-6.9080779,0.0 107.6878604,-6.9080595,0.0 107.6877557,-6.9079872,0.0 107.687718,-6.9079611,0.0 107.6875495,-6.9078678,0.0 107.6872801,-6.9077377,0.0 107.6871903,-6.9076995,0.0 107.6870374,-6.9076394,0.0 107.686994,-6.9076223,0.0 107.6867571,-6.9075283,0.0 107.6867495,-6.907525,0.0 107.6866954,-6.9075035,0.0 107.6864696,-6.9074116,0.0 107.6861292,-6.9072788,0.0</coordinates>
            </LineString>
        </Placemark>
        <Placemark id="25218">
            <name>Route Segment</name>
            <styleUrl>#25219</styleUrl>
            <LineString id="25217">
                <coordinates>107.5952296,-6.9371632,0.0 107.5951614,-6.9371577,0.0 107.5950932,-6.9371631,0.0 107.5950268,-6.9371793,0.0 107.5949529,-6.9372115,0.0 107.5948865,-6.937257,0.0 107.5948299,-6.9373141,0.0</coordinates>
            </LineString>
        </Placemark>
        <Placemark id="25222">
            <name>Jalan Peta</name>
            <styleUrl>#25223</styleUrl>
            <LineString id="25221">
                <coordinates>107.5994727,-6.9375618,0.0 107.5993708,-6.9375805,0.0</coordinates>
            </LineString>
        </Placemark>
        <Placemark id="25226">
            <name>Jalan Peta</name>
            <styleUrl>#25227</styleUrl>
            <LineString id="25225">
                <coordinates>107.5993708,-6.9375805,0.0 107.5988884,-6.9376814,0.0 107.5984434,-6.9377562,0.0 107.5983423,-6.9377695,0.0 107.5980891,-6.9378047,0.0 107.5978299,-6.9378174,0.0 107.5975831,-6.9378255,0.0 107.5972383,-6.9378114,0.0 107.5971376,-6.937801,0.0</coordinates>
            </LineString>
        </Placemark>
        <Placemark id="25230">
            <name>Jalan Abdul Haris Nasution</name>
            <styleUrl>#25231</styleUrl>
            <LineString id="25229">
                <coordinates>107.6605793,-6.9024754,0.0 107.6604879,-6.9023953,0.0 107.6604098,-6.9023387,0.0 107.6603407,-6.9023021,0.0 107.6602817,-6.9022811,0.0 107.6602364,-6.9022721,0.0 107.6602053,-6.9022701,0.0 107.6598571,-6.902257,0.0</coordinates>
            </LineString>
        </Placemark>
        <Placemark id="25234">
            <name>Jalan Abdul Haris Nasution</name>
            <styleUrl>#25235</styleUrl>
            <LineString id="25233">
                <coordinates>107.6605793,-6.9024754,0.0 107.6608071,-6.902754,0.0 107.6609212,-6.9028936,0.0 107.6611816,-6.9032348,0.0</coordinates>
            </LineString>
        </Placemark>
        <Placemark id="25238">
            <name>Jalan Jenderal Ahmad Yani</name>
            <styleUrl>#25239</styleUrl>
            <LineString id="25237">
                <coordinates>107.6311335,-6.9151604,0.0 107.6310799,-6.915221,0.0 107.6310034,-6.9152615,0.0 107.6309708,-6.9152788,0.0 107.6308525,-6.9153415,0.0 107.6304185,-6.9155713,0.0 107.6303391,-6.9156149,0.0</coordinates>
            </LineString>
        </Placemark>
        <Placemark id="25242">
            <name>Jalan Jenderal Ahmad Yani</name>
            <styleUrl>#25243</styleUrl>
            <LineString id="25241">
                <coordinates>107.6303391,-6.9156149,0.0 107.6301221,-6.9157388,0.0 107.6300714,-6.9157678,0.0</coordinates>
            </LineString>
        </Placemark>
        <Placemark id="25246">
            <name>Jalan Jenderal Ahmad Yani</name>
            <styleUrl>#25247</styleUrl>
            <LineString id="25245">
                <coordinates>107.6299922,-6.9158161,0.0 107.6299136,-6.9158592,0.0 107.6298144,-6.9159137,0.0</coordinates>
            </LineString>
        </Placemark>
        <Placemark id="25250">
            <name>Jalan Jenderal Ahmad Yani</name>
            <styleUrl>#25251</styleUrl>
            <LineString id="25249">
                <coordinates>107.6298144,-6.9159137,0.0 107.6295503,-6.9160568,0.0 107.629412,-6.9161317,0.0 107.6291688,-6.9162635,0.0 107.6290984,-6.9162777,0.0 107.6290208,-6.9162728,0.0</coordinates>
            </LineString>
        </Placemark>
        <Placemark id="25254">
            <name>Jalan Jenderal Ahmad Yani</name>
            <styleUrl>#25255</styleUrl>
            <LineString id="25253">
                <coordinates>107.6273636,-6.9171968,0.0 107.6270889,-6.9173383,0.0 107.6268861,-6.9174463,0.0 107.6268076,-6.9174881,0.0 107.6266557,-6.917569,0.0 107.6266014,-6.9175983,0.0 107.6263141,-6.9177504,0.0</coordinates>
            </LineString>
        </Placemark>
        <Placemark id="25258">
            <name>Jalan Jakarta</name>
            <styleUrl>#25259</styleUrl>
            <LineString id="25257">
                <coordinates>107.6422876,-6.9139498,0.0 107.6421252,-6.9139589,0.0 107.6417884,-6.9139622,0.0</coordinates>
            </LineString>
        </Placemark>
        <Placemark id="25262">
            <name>Jalan Jenderal Ahmad Yani</name>
            <styleUrl>#25263</styleUrl>
            <LineString id="25261">
                <coordinates>107.6473937,-6.9065187,0.0 107.6474379,-6.9064956,0.0 107.6474992,-6.9064635,0.0 107.6475815,-6.9064204,0.0 107.6478731,-6.9062675,0.0 107.6481705,-6.9061111,0.0 107.6482371,-6.9060767,0.0 107.6483165,-6.9060351,0.0 107.6483897,-6.9059946,0.0 107.6484809,-6.905949,0.0 107.6485698,-6.9059024,0.0 107.6487588,-6.9058034,0.0 107.6488255,-6.9057684,0.0 107.6489439,-6.9057063,0.0 107.6492779,-6.9055313,0.0 107.6494311,-6.9054486,0.0 107.6495236,-6.9054025,0.0 107.6496473,-6.9053377,0.0 107.6496626,-6.9053297,0.0 107.6498165,-6.9052493,0.0 107.6498843,-6.9052135,0.0 107.650154,-6.9050722,0.0 107.650173,-6.9050622,0.0 107.6504237,-6.9049308,0.0</coordinates>
            </LineString>
        </Placemark>
        <Placemark id="25266">
            <name>Jalan Jenderal Ahmad Yani</name>
            <styleUrl>#25267</styleUrl>
            <LineString id="25265">
                <coordinates>107.6473541,-6.9065376,0.0 107.6473937,-6.9065187,0.0</coordinates>
            </LineString>
        </Placemark>
        <Placemark id="25270">
            <name>Jalan Jenderal Ahmad Yani</name>
            <styleUrl>#25271</styleUrl>
            <LineString id="25269">
                <coordinates>107.6435428,-6.9085842,0.0 107.6434582,-6.9086288,0.0</coordinates>
            </LineString>
        </Placemark>
        <Placemark id="25274">
            <name>Jalan H. Ibrahim Adjie</name>
            <styleUrl>#25275</styleUrl>
            <LineString id="25273">
                <coordinates>107.6432718,-6.9087579,0.0 107.6432638,-6.9087792,0.0 107.6432665,-6.9088245,0.0 107.6432956,-6.9090069,0.0 107.6433233,-6.9092056,0.0 107.6433314,-6.9092874,0.0 107.6433372,-6.9093721,0.0 107.6433224,-6.9094595,0.0</coordinates>
            </LineString>
        </Placemark>
        <Placemark id="25278">
            <name>Jalan Abdul Haris Nasution</name>
            <styleUrl>#25279</styleUrl>
            <LineString id="25277">
                <coordinates>107.6895516,-6.9103253,0.0 107.689292,-6.9099117,0.0 107.6891272,-6.9096584,0.0 107.6889856,-6.9094288,0.0 107.6889178,-6.9093232,0.0 107.6888218,-6.9091822,0.0 107.6886554,-6.9089512,0.0</coordinates>
            </LineString>
        </Placemark>
        <Placemark id="25282">
            <name>Jalan Abdul Haris Nasution</name>
            <styleUrl>#25283</styleUrl>
            <LineString id="25281">
                <coordinates>107.6915575,-6.9123564,0.0 107.6914788,-6.9123269,0.0 107.691339,-6.9122714,0.0</coordinates>
            </LineString>
        </Placemark>
        <Placemark id="25286">
            <name>Jalan Abdul Haris Nasution</name>
            <styleUrl>#25287</styleUrl>
            <LineString id="25285">
                <coordinates>107.7032497,-6.91455,0.0 107.7031568,-6.9144994,0.0 107.7030871,-6.9144355,0.0 107.7029483,-6.914327,0.0 107.7028081,-6.9142652,0.0 107.7024501,-6.9142212,0.0 107.7020229,-6.9141985,0.0</coordinates>
            </LineString>
        </Placemark>
        <Placemark id="25290">
            <name>Jalan Abdul Haris Nasution</name>
            <styleUrl>#25291</styleUrl>
            <LineString id="25289">
                <coordinates>107.7056976,-6.9169875,0.0 107.7054128,-6.9167045,0.0 107.7052708,-6.9165634,0.0 107.7050975,-6.9163917,0.0 107.7050462,-6.9163418,0.0 107.7048634,-6.9161551,0.0</coordinates>
            </LineString>
        </Placemark>
        <Placemark id="25294">
            <name>Jalan Abdul Haris Nasution</name>
            <styleUrl>#25295</styleUrl>
            <LineString id="25293">
                <coordinates>107.7079211,-6.9189354,0.0 107.707853,-6.9188738,0.0</coordinates>
            </LineString>
        </Placemark>
        <Placemark id="25298">
            <name>Jalan Peta</name>
            <styleUrl>#25299</styleUrl>
            <LineString id="25297">
                <coordinates>107.5970548,-6.9377924,0.0 107.5970082,-6.9377848,0.0 107.5966811,-6.9377315,0.0 107.5963307,-6.9376489,0.0 107.5961367,-6.9375778,0.0 107.5959549,-6.937498,0.0 107.5955421,-6.9372977,0.0 107.5954936,-6.9372742,0.0</coordinates>
            </LineString>
        </Placemark>
        <Placemark id="25302">
            <name>Route Segment</name>
            <styleUrl>#25303</styleUrl>
            <LineString id="25301">
                <coordinates>107.6435161,-6.9136526,0.0 107.643488,-6.9136797,0.0 107.6434706,-6.9136988,0.0 107.6434637,-6.9137166,0.0 107.6434595,-6.9137474,0.0 107.6434586,-6.9137687,0.0 107.6434476,-6.9137912,0.0 107.6434317,-6.9138202,0.0</coordinates>
            </LineString>
        </Placemark>
        <Placemark id="25306">
            <name>Jalan Otto Iskandardinata</name>
            <styleUrl>#25307</styleUrl>
            <LineString id="25305">
                <coordinates>107.6038843,-6.9238302,0.0 107.6038778,-6.9239323,0.0</coordinates>
            </LineString>
        </Placemark>
        <Placemark id="25310">
            <name>Jalan Jenderal Ahmad Yani</name>
            <styleUrl>#25311</styleUrl>
            <LineString id="25309">
                <coordinates>107.6179492,-6.9221334,0.0 107.6177359,-6.9222343,0.0</coordinates>
            </LineString>
        </Placemark>
        <Placemark id="25314">
            <name>Jalan Jenderal Ahmad Yani</name>
            <styleUrl>#25315</styleUrl>
            <LineString id="25313">
                <coordinates>107.6177359,-6.9222343,0.0 107.6176409,-6.9222818,0.0</coordinates>
            </LineString>
        </Placemark>
        <Placemark id="25318">
            <name>Jalan Jenderal Ahmad Yani</name>
            <styleUrl>#25319</styleUrl>
            <LineString id="25317">
                <coordinates>107.6187221,-6.9217512,0.0 107.6179492,-6.9221334,0.0</coordinates>
            </LineString>
        </Placemark>
        <Placemark id="25322">
            <name>Jalan Asia Afrika</name>
            <styleUrl>#25323</styleUrl>
            <LineString id="25321">
                <coordinates>107.6172687,-6.9223662,0.0 107.6170922,-6.9223512,0.0 107.6170153,-6.9223417,0.0</coordinates>
            </LineString>
        </Placemark>
        <Placemark id="25326">
            <name>Jalan Jenderal Ahmad Yani</name>
            <styleUrl>#25327</styleUrl>
            <LineString id="25325">
                <coordinates>107.6176409,-6.9222818,0.0 107.6175406,-6.9223258,0.0 107.6174533,-6.9223446,0.0 107.6172687,-6.9223662,0.0</coordinates>
            </LineString>
        </Placemark>
        <Placemark id="25330">
            <name>Jalan Jenderal Ahmad Yani</name>
            <styleUrl>#25331</styleUrl>
            <LineString id="25329">
                <coordinates>107.6571633,-6.9022188,0.0 107.6568007,-6.9022123,0.0</coordinates>
            </LineString>
        </Placemark>
        <Placemark id="25334">
            <name>Jalan H. Ibrahim Adjie</name>
            <styleUrl>#25335</styleUrl>
            <LineString id="25333">
                <coordinates>107.6436422,-6.9130175,0.0 107.6436086,-6.913104,0.0 107.6436418,-6.9133935,0.0</coordinates>
            </LineString>
        </Placemark>
        <Placemark id="25338">
            <name>Route Segment</name>
            <styleUrl>#25339</styleUrl>
            <LineString id="25337">
                <coordinates>107.6436418,-6.9133935,0.0 107.6436179,-6.9134822,0.0 107.64361,-6.9135135,0.0 107.6435938,-6.9135535,0.0 107.643568,-6.9135924,0.0 107.6435352,-6.9136306,0.0 107.6435161,-6.9136526,0.0</coordinates>
            </LineString>
        </Placemark>
        <Placemark id="25342">
            <name>Jalan Jakarta</name>
            <styleUrl>#25343</styleUrl>
            <LineString id="25341">
                <coordinates>107.6429791,-6.9138756,0.0 107.6422876,-6.9139498,0.0</coordinates>
            </LineString>
        </Placemark>
        <Placemark id="25346">
            <name>Jalan Otto Iskandardinata</name>
            <styleUrl>#25347</styleUrl>
            <LineString id="25345">
                <coordinates>107.6031033,-6.9370152,0.0 107.6030927,-6.9371305,0.0 107.603088,-6.9372221,0.0</coordinates>
            </LineString>
        </Placemark>
        <Placemark id="25350">
            <name>Jalan Jakarta</name>
            <styleUrl>#25351</styleUrl>
            <LineString id="25349">
                <coordinates>107.6357903,-6.914575,0.0 107.6357337,-6.9145811,0.0 107.6356898,-6.9145768,0.0 107.6356137,-6.9145582,0.0 107.6354322,-6.914512,0.0 107.6352266,-6.9144508,0.0 107.6348552,-6.9143329,0.0</coordinates>
            </LineString>
        </Placemark>
        <Placemark id="25354">
            <name>Jalan Asia Afrika</name>
            <styleUrl>#25355</styleUrl>
            <LineString id="25353">
                <coordinates>107.6094601,-6.9214117,0.0 107.6092801,-6.921392,0.0 107.6090723,-6.9213678,0.0 107.6088911,-6.921347,0.0 107.6087921,-6.9213346,0.0 107.6082723,-6.9212776,0.0 107.6080497,-6.9212529,0.0 107.6077961,-6.9212245,0.0</coordinates>
            </LineString>
        </Placemark>
        <Placemark id="25358">
            <name>Jalan Jenderal Ahmad Yani</name>
            <styleUrl>#25359</styleUrl>
            <LineString id="25357">
                <coordinates>107.6437989,-6.9084471,0.0 107.6435428,-6.9085842,0.0</coordinates>
            </LineString>
        </Placemark>
        <Placemark id="25362">
            <name>Jalan Leuwi Panjang</name>
            <styleUrl>#25363</styleUrl>
            <LineString id="25361">
                <coordinates>107.5952184,-6.9469031,0.0 107.5952459,-6.9466699,0.0 107.5952669,-6.9462117,0.0 107.595271,-6.9461694,0.0 107.5952757,-6.9461131,0.0 107.5952807,-6.9460535,0.0 107.5952859,-6.9459928,0.0 107.595295,-6.9458786,0.0</coordinates>
            </LineString>
        </Placemark>
        <Placemark id="25366">
            <name>Jalan Jenderal Ahmad Yani</name>
            <styleUrl>#25367</styleUrl>
            <LineString id="25365">
                <coordinates>107.634283,-6.9135431,0.0 107.6342142,-6.913577,0.0 107.6335114,-6.9139346,0.0 107.633493,-6.913944,0.0</coordinates>
            </LineString>
        </Placemark>
        <Placemark id="25370">
            <name>Jalan Otto Iskandardinata</name>
            <styleUrl>#25371</styleUrl>
            <LineString id="25369">
                <coordinates>107.6031782,-6.9351372,0.0 107.6032137,-6.9352454,0.0 107.6032252,-6.9353491,0.0 107.6032238,-6.935481,0.0</coordinates>
            </LineString>
        </Placemark>
        <Placemark id="25374">
            <name>Jalan Otto Iskandardinata</name>
            <styleUrl>#25375</styleUrl>
            <LineString id="25373">
                <coordinates>107.6031505,-6.9365689,0.0 107.6031322,-6.9367751,0.0 107.6031033,-6.9370152,0.0</coordinates>
            </LineString>
        </Placemark>
        <Placemark id="25378">
            <name>Jalan Otto Iskandardinata</name>
            <styleUrl>#25379</styleUrl>
            <LineString id="25377">
                <coordinates>107.6032159,-6.9342862,0.0 107.6031855,-6.9349893,0.0 107.6031782,-6.9351372,0.0</coordinates>
            </LineString>
        </Placemark>
        <Placemark id="25382">
            <name>Jalan Jenderal Ahmad Yani</name>
            <styleUrl>#25383</styleUrl>
            <LineString id="25381">
                <coordinates>107.633493,-6.913944,0.0 107.6334401,-6.9139699,0.0</coordinates>
            </LineString>
        </Placemark>
        <Placemark id="25386">
            <name>Jalan Jenderal Ahmad Yani</name>
            <styleUrl>#25387</styleUrl>
            <LineString id="25385">
                <coordinates>107.6334401,-6.9139699,0.0 107.6333917,-6.9139844,0.0 107.6333413,-6.9139888,0.0</coordinates>
            </LineString>
        </Placemark>
        <Placemark id="25390">
            <name>Jalan Jenderal Ahmad Yani</name>
            <styleUrl>#25391</styleUrl>
            <LineString id="25389">
                <coordinates>107.6547053,-6.9026773,0.0 107.654175,-6.9029752,0.0 107.65401,-6.9030256,0.0</coordinates>
            </LineString>
        </Placemark>
        <Placemark id="25394">
            <name>Jalan Jenderal Ahmad Yani</name>
            <styleUrl>#25395</styleUrl>
            <LineString id="25393">
                <coordinates>107.6434582,-6.9086288,0.0 107.6433268,-6.908699,0.0 107.6432893,-6.9087293,0.0 107.6432718,-6.9087579,0.0</coordinates>
            </LineString>
        </Placemark>
        <Placemark id="25398">
            <name>Jalan H. Ibrahim Adjie</name>
            <styleUrl>#25399</styleUrl>
            <LineString id="25397">
                <coordinates>107.6433224,-6.9094595,0.0 107.6433364,-6.9096111,0.0 107.6433703,-6.9099716,0.0</coordinates>
            </LineString>
        </Placemark>
        <Placemark id="25402">
            <name>Jalan Peta</name>
            <styleUrl>#25403</styleUrl>
            <LineString id="25401">
                <coordinates>107.5954936,-6.9372742,0.0 107.5953437,-6.9372112,0.0 107.5952296,-6.9371632,0.0</coordinates>
            </LineString>
        </Placemark>
        <Placemark id="25406">
            <name>Jalan Otto Iskandardinata</name>
            <styleUrl>#25407</styleUrl>
            <LineString id="25405">
                <coordinates>107.6039303,-6.9231867,0.0 107.6038843,-6.9238302,0.0</coordinates>
            </LineString>
        </Placemark>
        <Placemark id="25410">
            <name>Jalur Bus Kota Terminal Leuwipanjang</name>
            <styleUrl>#25411</styleUrl>
            <LineString id="25409">
                <coordinates>107.5938141,-6.9457411,0.0 107.593784,-6.9457712,0.0 107.5937535,-6.9458066,0.0 107.5937307,-6.9458374,0.0 107.5937192,-6.9458627,0.0 107.5937098,-6.9458851,0.0 107.5936877,-6.9458986,0.0 107.5936574,-6.9459061,0.0 107.593264,-6.9458573,0.0</coordinates>
            </LineString>
        </Placemark>
        <Placemark id="25414">
            <name>Jalan Jakarta</name>
            <styleUrl>#25415</styleUrl>
            <LineString id="25413">
                <coordinates>107.6348552,-6.9143329,0.0 107.6348107,-6.9143073,0.0 107.6347464,-6.9142618,0.0 107.634686,-6.9142,0.0 107.6346017,-6.9140806,0.0 107.6345438,-6.913975,0.0 107.6343335,-6.9135901,0.0 107.634324,-6.9135745,0.0 107.634307,-6.9135542,0.0 107.634283,-6.9135431,0.0</coordinates>
            </LineString>
        </Placemark>
        <Placemark id="25418">
            <name>Jalan Jenderal Ahmad Yani</name>
            <styleUrl>#25419</styleUrl>
            <LineString id="25417">
                <coordinates>107.6566577,-6.9022086,0.0 107.6564265,-6.9021902,0.0 107.6563227,-6.9021785,0.0</coordinates>
            </LineString>
        </Placemark>
        <Placemark id="25422">
            <name>Jalan Asia Afrika</name>
            <styleUrl>#25423</styleUrl>
            <LineString id="25421">
                <coordinates>107.6069008,-6.9211076,0.0 107.6066769,-6.9210774,0.0 107.6064585,-6.9210512,0.0</coordinates>
            </LineString>
        </Placemark>
        <Placemark id="25426">
            <name>Jalan Abdul Haris Nasution</name>
            <styleUrl>#25427</styleUrl>
            <LineString id="25425">
                <coordinates>107.7140726,-6.931769,0.0 107.7138518,-6.9317116,0.0 107.7137735,-6.9316908,0.0 107.713642,-6.931656,0.0</coordinates>
            </LineString>
        </Placemark>
        <Placemark id="25430">
            <name>Jalan Abdul Haris Nasution</name>
            <styleUrl>#25431</styleUrl>
            <LineString id="25429">
                <coordinates>107.7144361,-6.931864,0.0 107.7142619,-6.9318193,0.0 107.7140726,-6.931769,0.0</coordinates>
            </LineString>
        </Placemark>
        <Placemark id="25434">
            <name>Jalan Abdul Haris Nasution</name>
            <styleUrl>#25435</styleUrl>
            <LineString id="25433">
                <coordinates>107.7105801,-6.9252094,0.0 107.7104613,-6.9246918,0.0 107.7104008,-6.9244232,0.0</coordinates>
            </LineString>
        </Placemark>
        <Placemark id="25438">
            <name>Jalan Abdul Haris Nasution</name>
            <styleUrl>#25439</styleUrl>
            <LineString id="25437">
                <coordinates>107.7107212,-6.9257995,0.0 107.7106403,-6.9254613,0.0 107.7106107,-6.9253373,0.0 107.7105932,-6.9252642,0.0 107.7105801,-6.9252094,0.0</coordinates>
            </LineString>
        </Placemark>
        <Placemark id="25442">
            <name>Jalan Abdul Haris Nasution</name>
            <styleUrl>#25443</styleUrl>
            <LineString id="25441">
                <coordinates>107.709518,-6.92122,0.0 107.7094462,-6.9210883,0.0 107.7094253,-6.921055,0.0 107.7093494,-6.9209338,0.0 107.709279,-6.9208257,0.0 107.7090082,-6.9204384,0.0 107.7087709,-6.9201014,0.0 107.7087092,-6.9200104,0.0 107.7086872,-6.9199779,0.0 107.7086417,-6.9199124,0.0 107.7084978,-6.9197048,0.0 107.7084015,-6.9195643,0.0</coordinates>
            </LineString>
        </Placemark>
        <Placemark id="25446">
            <name>Jalan Abdul Haris Nasution</name>
            <styleUrl>#25447</styleUrl>
            <LineString id="25445">
                <coordinates>107.6993869,-6.9140921,0.0 107.6988139,-6.9140772,0.0 107.6987736,-6.9140758,0.0 107.6985678,-6.9140743,0.0 107.6985267,-6.9140727,0.0 107.698183,-6.9140629,0.0 107.6981324,-6.9140614,0.0</coordinates>
            </LineString>
        </Placemark>
        <Placemark id="25450">
            <name>Jalan Abdul Haris Nasution</name>
            <styleUrl>#25451</styleUrl>
            <LineString id="25449">
                <coordinates>107.7011554,-6.9141654,0.0 107.7007442,-6.9141513,0.0</coordinates>
            </LineString>
        </Placemark>
        <Placemark id="25454">
            <name>Jalan Abdul Haris Nasution</name>
            <styleUrl>#25455</styleUrl>
            <LineString id="25453">
                <coordinates>107.7007442,-6.9141513,0.0 107.7000087,-6.914134,0.0 107.6994319,-6.914122,0.0 107.6993869,-6.9140921,0.0</coordinates>
            </LineString>
        </Placemark>
        <Placemark id="25458">
            <name>Jalan Abdul Haris Nasution</name>
            <styleUrl>#25459</styleUrl>
            <LineString id="25457">
                <coordinates>107.7020229,-6.9141985,0.0 107.7017701,-6.9141965,0.0 107.7015059,-6.9141839,0.0 107.7013998,-6.9141805,0.0 107.7012141,-6.9141675,0.0 107.7011554,-6.9141654,0.0</coordinates>
            </LineString>
        </Placemark>
        <Placemark id="25462">
            <name>Jalan Abdul Haris Nasution</name>
            <styleUrl>#25463</styleUrl>
            <LineString id="25461">
                <coordinates>107.7048634,-6.9161551,0.0 107.7043264,-6.9156376,0.0 107.7040709,-6.9153827,0.0 107.7036729,-6.9149857,0.0 107.7036141,-6.9149341,0.0 107.703496,-6.9148064,0.0 107.7033907,-6.9146967,0.0 107.7032497,-6.91455,0.0</coordinates>
            </LineString>
        </Placemark>
        <Placemark id="25466">
            <name>Jalan Abdul Haris Nasution</name>
            <styleUrl>#25467</styleUrl>
            <LineString id="25465">
                <coordinates>107.7067293,-6.9179466,0.0 107.7065296,-6.9177637,0.0 107.7064347,-6.9176769,0.0 107.7062418,-6.9175011,0.0 107.7061287,-6.9173978,0.0 107.7058757,-6.9171667,0.0 107.7056976,-6.9169875,0.0</coordinates>
            </LineString>
        </Placemark>
        <Placemark id="25470">
            <name>Jalan Abdul Haris Nasution</name>
            <styleUrl>#25471</styleUrl>
            <LineString id="25469">
                <coordinates>107.7068787,-6.9180851,0.0 107.7067293,-6.9179466,0.0</coordinates>
            </LineString>
        </Placemark>
        <Placemark id="25474">
            <name>Jalan Abdul Haris Nasution</name>
            <styleUrl>#25475</styleUrl>
            <LineString id="25473">
                <coordinates>107.707853,-6.9188738,0.0 107.707791,-6.9188223,0.0 107.7071451,-6.9183004,0.0 107.7070805,-6.9182482,0.0 107.7068787,-6.9180851,0.0</coordinates>
            </LineString>
        </Placemark>
        <Placemark id="25478">
            <name>Jalan Abdul Haris Nasution</name>
            <styleUrl>#25479</styleUrl>
            <LineString id="25477">
                <coordinates>107.7084015,-6.9195643,0.0 107.7082731,-6.9193617,0.0 107.708098,-6.9191234,0.0 107.7080033,-6.9190238,0.0 107.7079599,-6.9189731,0.0 107.7079211,-6.9189354,0.0</coordinates>
            </LineString>
        </Placemark>
        <Placemark id="25482">
            <name>Jalan Abdul Haris Nasution</name>
            <styleUrl>#25483</styleUrl>
            <LineString id="25481">
                <coordinates>107.7100539,-6.9230708,0.0 107.7100385,-6.9230012,0.0 107.7099123,-6.9224691,0.0 107.7098211,-6.9221498,0.0 107.7097628,-6.9219556,0.0 107.7097203,-6.9218105,0.0 107.709674,-6.9216526,0.0 107.7096109,-6.9214795,0.0 107.709518,-6.92122,0.0</coordinates>
            </LineString>
        </Placemark>
        <Placemark id="25486">
            <name>Jalan Abdul Haris Nasution</name>
            <styleUrl>#25487</styleUrl>
            <LineString id="25485">
                <coordinates>107.7104008,-6.9244232,0.0 107.7102908,-6.9239559,0.0 107.7101956,-6.9235898,0.0 107.7101091,-6.9232574,0.0 107.7100664,-6.9231129,0.0 107.7100539,-6.9230708,0.0</coordinates>
            </LineString>
        </Placemark>
        <Placemark id="25490">
            <name>Jalan Abdul Haris Nasution</name>
            <styleUrl>#25491</styleUrl>
            <LineString id="25489">
                <coordinates>107.7108174,-6.926202,0.0 107.7108057,-6.9261531,0.0 107.7107744,-6.9260219,0.0 107.7107398,-6.9258776,0.0 107.7107212,-6.9257995,0.0</coordinates>
            </LineString>
        </Placemark>
        <Placemark id="25494">
            <name>Jalan Abdul Haris Nasution</name>
            <styleUrl>#25495</styleUrl>
            <LineString id="25493">
                <coordinates>107.711222,-6.9277829,0.0 107.7111382,-6.9275533,0.0 107.7110629,-6.9272747,0.0 107.7110373,-6.9271888,0.0 107.7110298,-6.92715,0.0</coordinates>
            </LineString>
        </Placemark>
        <Placemark id="25498">
            <name>Jalan Abdul Haris Nasution</name>
            <styleUrl>#25499</styleUrl>
            <LineString id="25497">
                <coordinates>107.7110298,-6.92715,0.0 107.7109746,-6.9268971,0.0 107.7108912,-6.9265281,0.0 107.7108296,-6.9262557,0.0 107.7108174,-6.926202,0.0</coordinates>
            </LineString>
        </Placemark>
        <Placemark id="25502">
            <name>Jalan Jenderal Ahmad Yani</name>
            <styleUrl>#25503</styleUrl>
            <LineString id="25501">
                <coordinates>107.6300714,-6.9157678,0.0 107.6299922,-6.9158161,0.0</coordinates>
            </LineString>
        </Placemark>
        <Placemark id="25506">
            <name>Jalan Jenderal Ahmad Yani</name>
            <styleUrl>#25507</styleUrl>
            <LineString id="25505">
                <coordinates>107.6573116,-6.9022128,0.0 107.6572534,-6.9022149,0.0</coordinates>
            </LineString>
        </Placemark>
        <Placemark id="25510">
            <name>Jalan Abdul Haris Nasution</name>
            <styleUrl>#25511</styleUrl>
            <LineString id="25509">
                <coordinates>107.6707829,-6.9042441,0.0 107.6704035,-6.9042416,0.0 107.6703958,-6.9042415,0.0 107.6703697,-6.9042409,0.0 107.6698686,-6.90423,0.0 107.6697908,-6.9042283,0.0 107.6696962,-6.9042263,0.0 107.6695292,-6.9042216,0.0 107.6694301,-6.9042204,0.0 107.6693203,-6.904218,0.0 107.669297,-6.904218,0.0 107.6682617,-6.9042099,0.0 107.6679175,-6.9042041,0.0 107.6674966,-6.904197,0.0 107.6673559,-6.9041911,0.0 107.6672663,-6.9041863,0.0 107.6671896,-6.904182,0.0 107.6670084,-6.9041694,0.0 107.6669959,-6.9041686,0.0</coordinates>
            </LineString>
        </Placemark>
        <Placemark id="25514">
            <name>Jalan Abdul Haris Nasution</name>
            <styleUrl>#25515</styleUrl>
            <LineString id="25513">
                <coordinates>107.6776188,-6.9047757,0.0 107.6768299,-6.9047612,0.0 107.6767644,-6.904761,0.0 107.6766915,-6.9047603,0.0 107.6762912,-6.9047592,0.0 107.6761879,-6.9047512,0.0 107.6761367,-6.9047453,0.0 107.6760408,-6.9047386,0.0 107.6759315,-6.904729,0.0 107.6758598,-6.9047223,0.0 107.6757646,-6.9047133,0.0 107.6756859,-6.9047059,0.0 107.6754896,-6.9046807,0.0</coordinates>
            </LineString>
        </Placemark>
        <Placemark id="25518">
            <name>Jalan Abdul Haris Nasution</name>
            <styleUrl>#25519</styleUrl>
            <LineString id="25517">
                <coordinates>107.6754896,-6.9046807,0.0 107.6752663,-6.9046521,0.0 107.6750782,-6.9046278,0.0 107.6750423,-6.9046232,0.0 107.6750064,-6.9046182,0.0 107.674919,-6.904606,0.0 107.674832,-6.9045989,0.0 107.674651,-6.9045858,0.0 107.6744895,-6.9045944,0.0 107.6743694,-6.9046205,0.0 107.6742699,-6.9046459,0.0 107.6742142,-6.9046579,0.0 107.6739286,-6.9047317,0.0 107.6737776,-6.904767,0.0 107.6735618,-6.9048174,0.0 107.6734145,-6.9048521,0.0 107.6731822,-6.9049099,0.0</coordinates>
            </LineString>
        </Placemark>
        <Placemark id="25522">
            <name>Jalan Abdul Haris Nasution</name>
            <styleUrl>#25523</styleUrl>
            <LineString id="25521">
                <coordinates>107.6793999,-6.9049829,0.0 107.6793873,-6.9049801,0.0 107.6788554,-6.904916,0.0 107.6786894,-6.904896,0.0 107.6782995,-6.9048547,0.0 107.6780053,-6.9048194,0.0 107.677838,-6.904799,0.0 107.6776188,-6.9047757,0.0</coordinates>
            </LineString>
        </Placemark>
        <Placemark id="25526">
            <name>Jalan Abdul Haris Nasution</name>
            <styleUrl>#25527</styleUrl>
            <LineString id="25525">
                <coordinates>107.6802419,-6.9051046,0.0 107.6795138,-6.9049983,0.0 107.6794782,-6.9049937,0.0</coordinates>
            </LineString>
        </Placemark>
        <Placemark id="25530">
            <name>Jalan Abdul Haris Nasution</name>
            <styleUrl>#25531</styleUrl>
            <LineString id="25529">
                <coordinates>107.6853357,-6.9069314,0.0 107.6843353,-6.9065056,0.0 107.6841297,-6.9064181,0.0 107.684105,-6.9064076,0.0 107.6837696,-6.9062623,0.0 107.6835798,-6.9061801,0.0 107.6833223,-6.9060645,0.0 107.6828062,-6.9058327,0.0 107.6821902,-6.9055473,0.0 107.6821363,-6.9055223,0.0 107.6820608,-6.90548,0.0</coordinates>
            </LineString>
        </Placemark>
        <Placemark id="25534">
            <name>Jalan Abdul Haris Nasution</name>
            <styleUrl>#25535</styleUrl>
            <LineString id="25533">
                <coordinates>107.6861292,-6.9072788,0.0 107.6860885,-6.9072625,0.0 107.6859727,-6.9072111,0.0 107.685821,-6.9071438,0.0 107.6856912,-6.907087,0.0 107.6853357,-6.9069314,0.0</coordinates>
            </LineString>
        </Placemark>
        <Placemark id="25538">
            <name>Jalan Abdul Haris Nasution</name>
            <styleUrl>#25539</styleUrl>
            <LineString id="25537">
                <coordinates>107.6904642,-6.9114295,0.0 107.6902863,-6.9112063,0.0 107.6898481,-6.9107388,0.0 107.6897602,-6.910638,0.0</coordinates>
            </LineString>
        </Placemark>
        <Placemark id="25542">
            <name>Jalan Abdul Haris Nasution</name>
            <styleUrl>#25543</styleUrl>
            <LineString id="25541">
                <coordinates>107.6910003,-6.9120482,0.0 107.6904642,-6.9114295,0.0</coordinates>
            </LineString>
        </Placemark>
        <Placemark id="25546">
            <name>Jalan Abdul Haris Nasution</name>
            <styleUrl>#25547</styleUrl>
            <LineString id="25545">
                <coordinates>107.691339,-6.9122714,0.0 107.6910003,-6.9120482,0.0</coordinates>
            </LineString>
        </Placemark>
        <Placemark id="25550">
            <name>Jalan Abdul Haris Nasution</name>
            <styleUrl>#25551</styleUrl>
            <LineString id="25549">
                <coordinates>107.6922664,-6.9126036,0.0 107.6921235,-6.912553,0.0 107.6917134,-6.9124105,0.0 107.6915575,-6.9123564,0.0</coordinates>
            </LineString>
        </Placemark>
        <Placemark id="25554">
            <name>Route Segment</name>
            <styleUrl>#25555</styleUrl>
            <LineString id="25553">
                <coordinates>107.5898972,-6.9453598,0.0 107.5898924,-6.9454526,0.0 107.5898937,-6.9455017,0.0 107.5899025,-6.94555,0.0 107.5899197,-6.9455844,0.0 107.5899482,-6.9456283,0.0 107.5899638,-6.9456485,0.0</coordinates>
            </LineString>
        </Placemark>
        <Placemark id="25558">
            <name>Jalan Abdul Haris Nasution</name>
            <styleUrl>#25559</styleUrl>
            <LineString id="25557">
                <coordinates>107.6897602,-6.910638,0.0 107.6896681,-6.9104993,0.0 107.6895516,-6.9103253,0.0</coordinates>
            </LineString>
        </Placemark>
        <Placemark id="25562">
            <name>Jalur Masuk Bus</name>
            <styleUrl>#25563</styleUrl>
            <LineString id="25561">
                <coordinates>107.595295,-6.9458786,0.0 107.5947542,-6.9458158,0.0</coordinates>
            </LineString>
        </Placemark>
        <Placemark id="25566">
            <name>Jalur Bus Kota dan AKAP</name>
            <styleUrl>#25567</styleUrl>
            <LineString id="25565">
                <coordinates>107.5944877,-6.9457804,0.0 107.5940855,-6.9457238,0.0</coordinates>
            </LineString>
        </Placemark>
        <Placemark id="25570">
            <name>Jalan Jenderal Ahmad Yani</name>
            <styleUrl>#25571</styleUrl>
            <LineString id="25569">
                <coordinates>107.6563227,-6.9021785,0.0 107.6562379,-6.9021633,0.0</coordinates>
            </LineString>
        </Placemark>
        <Placemark id="25574">
            <name>Jalan Soekarno-Hatta</name>
            <styleUrl>#25575</styleUrl>
            <LineString id="25573">
                <coordinates>107.5920057,-6.9464327,0.0 107.5922205,-6.9465024,0.0 107.5923591,-6.9465464,0.0 107.5924183,-6.9465651,0.0 107.5929217,-6.946706,0.0 107.5930626,-6.9467395,0.0 107.5934341,-6.9468277,0.0</coordinates>
            </LineString>
        </Placemark>
        <Placemark id="25578">
            <name>Jalan Soekarno-Hatta</name>
            <styleUrl>#25579</styleUrl>
            <LineString id="25577">
                <coordinates>107.5899638,-6.9456485,0.0 107.5902641,-6.9457816,0.0 107.5904302,-6.9458446,0.0 107.5905372,-6.9458885,0.0</coordinates>
            </LineString>
        </Placemark>
        <Placemark id="25582">
            <name>Jalan Jenderal Ahmad Yani</name>
            <styleUrl>#25583</styleUrl>
            <LineString id="25581">
                <coordinates>107.6242238,-6.9188675,0.0 107.6241356,-6.9188768,0.0</coordinates>
            </LineString>
        </Placemark>
        <Placemark id="25586">
            <name>Jalan Jenderal Ahmad Yani</name>
            <styleUrl>#25587</styleUrl>
            <LineString id="25585">
                <coordinates>107.6247558,-6.9185827,0.0 107.6245415,-6.9186929,0.0 107.6242238,-6.9188675,0.0</coordinates>
            </LineString>
        </Placemark>
        <Placemark id="25590">
            <name>Jalan Jenderal Ahmad Yani</name>
            <styleUrl>#25591</styleUrl>
            <LineString id="25589">
                <coordinates>107.6250751,-6.9184012,0.0 107.6250224,-6.9184288,0.0 107.6249234,-6.9184833,0.0 107.6248833,-6.9185083,0.0 107.6247558,-6.9185827,0.0</coordinates>
            </LineString>
        </Placemark>
        <Placemark id="25594">
            <name>Jalan Kyai Haji Wahid Hasyim</name>
            <styleUrl>#25595</styleUrl>
            <LineString id="25593">
                <coordinates>107.5899199,-6.9452949,0.0 107.5898972,-6.9453598,0.0</coordinates>
            </LineString>
        </Placemark>
        <Placemark id="25598">
            <name>Jalan Jenderal Ahmad Yani</name>
            <styleUrl>#25599</styleUrl>
            <LineString id="25597">
                <coordinates>107.6241356,-6.9188768,0.0 107.6239481,-6.9189771,0.0 107.6236923,-6.9191175,0.0 107.6236089,-6.9191602,0.0 107.6235031,-6.9192144,0.0 107.6229041,-6.9195297,0.0 107.6228594,-6.9195533,0.0</coordinates>
            </LineString>
        </Placemark>
        <Placemark id="25602">
            <name>Jalan Asia Afrika</name>
            <styleUrl>#25603</styleUrl>
            <LineString id="25601">
                <coordinates>107.6158901,-6.9222052,0.0 107.6150223,-6.9220922,0.0 107.6149247,-6.9220785,0.0 107.6144857,-6.9220225,0.0 107.6143274,-6.9220013,0.0 107.6141864,-6.9219849,0.0 107.6139237,-6.921951,0.0 107.6137712,-6.9219312,0.0</coordinates>
            </LineString>
        </Placemark>
        <Placemark id="25606">
            <name>Jalan Asia Afrika</name>
            <styleUrl>#25607</styleUrl>
            <LineString id="25605">
                <coordinates>107.6137712,-6.9219312,0.0 107.6131156,-6.9218519,0.0 107.6130492,-6.9218436,0.0 107.6128352,-6.9218192,0.0 107.6127275,-6.9218073,0.0 107.6127048,-6.9218048,0.0 107.6124983,-6.9217818,0.0 107.6124061,-6.9217716,0.0 107.6121197,-6.9217395,0.0 107.6120154,-6.9217245,0.0</coordinates>
            </LineString>
        </Placemark>
        <Placemark id="25610">
            <name>Jalan Jenderal Ahmad Yani</name>
            <styleUrl>#25611</styleUrl>
            <LineString id="25609">
                <coordinates>107.6263141,-6.9177504,0.0 107.6261108,-6.9178534,0.0 107.6258818,-6.9179768,0.0 107.6258365,-6.9180004,0.0 107.6251028,-6.9183866,0.0 107.6250751,-6.9184012,0.0</coordinates>
            </LineString>
        </Placemark>
        <Placemark id="25614">
            <name>Jalan Soekarno-Hatta</name>
            <styleUrl>#25615</styleUrl>
            <LineString id="25613">
                <coordinates>107.5934341,-6.9468277,0.0 107.5935172,-6.946847,0.0 107.5935575,-6.9468564,0.0 107.5936688,-6.9468823,0.0 107.593986,-6.9469544,0.0 107.5940785,-6.9469738,0.0 107.5941765,-6.9469938,0.0 107.5942182,-6.9470057,0.0 107.5946413,-6.947092,0.0 107.5946801,-6.9470993,0.0</coordinates>
            </LineString>
        </Placemark>
        <Placemark id="25618">
            <name>Jalur Bus Kota dan AKAP</name>
            <styleUrl>#25619</styleUrl>
            <LineString id="25617">
                <coordinates>107.5940315,-6.9457129,0.0 107.5939798,-6.9457037,0.0</coordinates>
            </LineString>
        </Placemark>
        <Placemark id="25622">
            <name>Jalur Bus Kota dan AKAP</name>
            <styleUrl>#25623</styleUrl>
            <LineString id="25621">
                <coordinates>107.5940855,-6.9457238,0.0 107.5940315,-6.9457129,0.0</coordinates>
            </LineString>
        </Placemark>
        <Placemark id="25626">
            <name>Jalur Bus Kota dan AKAP</name>
            <styleUrl>#25627</styleUrl>
            <LineString id="25625">
                <coordinates>107.5947542,-6.9458158,0.0 107.5946724,-6.9458045,0.0 107.5944877,-6.9457804,0.0</coordinates>
            </LineString>
        </Placemark>
        <Placemark id="25630">
            <name>Jalan Abdul Haris Nasution</name>
            <styleUrl>#25631</styleUrl>
            <LineString id="25629">
                <coordinates>107.7157864,-6.9324104,0.0 107.7157786,-6.9324011,0.0</coordinates>
            </LineString>
        </Placemark>
        <Placemark id="25634">
            <name>Jalan Abdul Haris Nasution</name>
            <styleUrl>#25635</styleUrl>
            <LineString id="25633">
                <coordinates>107.7157786,-6.9324011,0.0 107.7157619,-6.9323861,0.0 107.7157532,-6.9323756,0.0 107.715715,-6.9323492,0.0 107.7156419,-6.9322979,0.0 107.7154877,-6.9322269,0.0 107.7150804,-6.9320683,0.0 107.7147971,-6.9319602,0.0 107.7144361,-6.931864,0.0</coordinates>
            </LineString>
        </Placemark>
        <Placemark id="25638">
            <name>Jalan Asia Afrika</name>
            <styleUrl>#25639</styleUrl>
            <LineString id="25637">
                <coordinates>107.6071309,-6.9211347,0.0 107.6069871,-6.9211172,0.0 107.6069008,-6.9211076,0.0</coordinates>
            </LineString>
        </Placemark>
        <Placemark id="25642">
            <name>Jalan Jenderal Ahmad Yani</name>
            <styleUrl>#25643</styleUrl>
            <LineString id="25641">
                <coordinates>107.6274434,-6.9171135,0.0 107.6274142,-6.9171591,0.0 107.6273636,-6.9171968,0.0</coordinates>
            </LineString>
        </Placemark>
        <Placemark id="25646">
            <name>Jalan Jenderal Ahmad Yani</name>
            <styleUrl>#25647</styleUrl>
            <LineString id="25645">
                <coordinates>107.6572534,-6.9022149,0.0 107.6571633,-6.9022188,0.0</coordinates>
            </LineString>
        </Placemark>
        <Placemark id="25650">
            <name>Jalan Jakarta</name>
            <styleUrl>#25651</styleUrl>
            <LineString id="25649">
                <coordinates>107.6434317,-6.9138202,0.0 107.6429791,-6.9138756,0.0</coordinates>
            </LineString>
        </Placemark>
        <Placemark id="25654">
            <name>Jalan Abdul Haris Nasution</name>
            <styleUrl>#25655</styleUrl>
            <LineString id="25653">
                <coordinates>107.7163132,-6.9335177,0.0 107.7162048,-6.9332581,0.0 107.7160864,-6.9329795,0.0 107.71606,-6.9329174,0.0 107.7159624,-6.9327255,0.0 107.7158508,-6.9324896,0.0 107.7158334,-6.9324655,0.0 107.7158159,-6.9324414,0.0 107.715812,-6.9324371,0.0 107.7157864,-6.9324104,0.0</coordinates>
            </LineString>
        </Placemark>
        <Placemark id="25658">
            <name>Jalan Peta</name>
            <styleUrl>#25659</styleUrl>
            <LineString id="25657">
                <coordinates>107.6029983,-6.9373153,0.0 107.6028855,-6.9373037,0.0 107.6028514,-6.9373009,0.0 107.6021772,-6.9372552,0.0</coordinates>
            </LineString>
        </Placemark>
        <Placemark id="25662">
            <name>Jalan Asia Afrika</name>
            <styleUrl>#25663</styleUrl>
            <LineString id="25661">
                <coordinates>107.61692,-6.9223302,0.0 107.6168595,-6.9223254,0.0</coordinates>
            </LineString>
        </Placemark>
        <Placemark id="25666">
            <name>Jalan Asia Afrika</name>
            <styleUrl>#25667</styleUrl>
            <LineString id="25665">
                <coordinates>107.6168595,-6.9223254,0.0 107.6167788,-6.9223149,0.0 107.6164075,-6.9222701,0.0</coordinates>
            </LineString>
        </Placemark>
        <Placemark id="25670">
            <name>Jalan Asia Afrika</name>
            <styleUrl>#25671</styleUrl>
            <LineString id="25669">
                <coordinates>107.6164075,-6.9222701,0.0 107.6162578,-6.9222486,0.0 107.6162228,-6.9222435,0.0 107.6160411,-6.9222225,0.0</coordinates>
            </LineString>
        </Placemark>
        <Placemark id="25674">
            <name>Jalan Asia Afrika</name>
            <styleUrl>#25675</styleUrl>
            <LineString id="25673">
                <coordinates>107.6160411,-6.9222225,0.0 107.6158901,-6.9222052,0.0</coordinates>
            </LineString>
        </Placemark>
        <Placemark id="25678">
            <name>Jalan Asia Afrika</name>
            <styleUrl>#25679</styleUrl>
            <LineString id="25677">
                <coordinates>107.6170153,-6.9223417,0.0 107.61692,-6.9223302,0.0</coordinates>
            </LineString>
        </Placemark>
        <Placemark id="25682">
            <name>Jalan Asia Afrika</name>
            <styleUrl>#25683</styleUrl>
            <LineString id="25681">
                <coordinates>107.6098267,-6.921461,0.0 107.6097986,-6.9214572,0.0 107.6094601,-6.9214117,0.0</coordinates>
            </LineString>
        </Placemark>
        <Placemark id="25686">
            <name>Jalan Asia Afrika</name>
            <styleUrl>#25687</styleUrl>
            <LineString id="25685">
                <coordinates>107.6118219,-6.9217006,0.0 107.6115001,-6.9216626,0.0 107.6114214,-6.9216524,0.0 107.6112374,-6.9216318,0.0 107.6110246,-6.9216047,0.0 107.6108437,-6.9215848,0.0 107.6106307,-6.9215569,0.0 107.6104259,-6.9215335,0.0 107.610212,-6.9215095,0.0 107.6101463,-6.9215025,0.0 107.6099829,-6.9214819,0.0 107.6099373,-6.9214762,0.0 107.6098267,-6.921461,0.0</coordinates>
            </LineString>
        </Placemark>
        <Placemark id="25690">
            <name>Jalan Kyai Haji Wahid Hasyim</name>
            <styleUrl>#25691</styleUrl>
            <LineString id="25689">
                <coordinates>107.5910269,-6.9435481,0.0 107.5910603,-6.9434929,0.0 107.5910903,-6.9434463,0.0 107.5911028,-6.9434233,0.0 107.5911203,-6.9433931,0.0 107.5912147,-6.9432302,0.0 107.591257,-6.9431573,0.0 107.5913003,-6.9430856,0.0 107.5913435,-6.9430138,0.0 107.5914686,-6.9428144,0.0 107.5916513,-6.9425217,0.0 107.5918451,-6.942203,0.0 107.5918647,-6.9421708,0.0 107.59192,-6.9420837,0.0 107.5920724,-6.9418438,0.0</coordinates>
            </LineString>
        </Placemark>
        <Placemark id="25694">
            <name>Jalur Bus Kota</name>
            <styleUrl>#25695</styleUrl>
            <LineString id="25693">
                <coordinates>107.5939798,-6.9457037,0.0 107.5938141,-6.9457411,0.0</coordinates>
            </LineString>
        </Placemark>
    </Document>
</kml>
