<?xml version="1.0" encoding="UTF-8"?>
<kml xmlns="http://www.opengis.net/kml/2.2" xmlns:gx="http://www.google.com/kml/ext/2.2">
    <Document id="24103">
        <Style id="24109">
            <LineStyle id="24110">
                <color>ff6633CC</color>
                <colorMode>normal</colorMode>
                <width>4</width>
            </LineStyle>
        </Style>
        <Style id="24113">
            <LineStyle id="24114">
                <color>ff6633CC</color>
                <colorMode>normal</colorMode>
                <width>4</width>
            </LineStyle>
        </Style>
        <Style id="24117">
            <LineStyle id="24118">
                <color>ff6633CC</color>
                <colorMode>normal</colorMode>
                <width>4</width>
            </LineStyle>
        </Style>
        <Style id="24121">
            <LineStyle id="24122">
                <color>ff6633CC</color>
                <colorMode>normal</colorMode>
                <width>4</width>
            </LineStyle>
        </Style>
        <Style id="24125">
            <LineStyle id="24126">
                <color>ff6633CC</color>
                <colorMode>normal</colorMode>
                <width>4</width>
            </LineStyle>
        </Style>
        <Style id="24129">
            <LineStyle id="24130">
                <color>ff6633CC</color>
                <colorMode>normal</colorMode>
                <width>4</width>
            </LineStyle>
        </Style>
        <Style id="24133">
            <LineStyle id="24134">
                <color>ff6633CC</color>
                <colorMode>normal</colorMode>
                <width>4</width>
            </LineStyle>
        </Style>
        <Style id="24137">
            <LineStyle id="24138">
                <color>ff6633CC</color>
                <colorMode>normal</colorMode>
                <width>4</width>
            </LineStyle>
        </Style>
        <Style id="24141">
            <LineStyle id="24142">
                <color>ff6633CC</color>
                <colorMode>normal</colorMode>
                <width>4</width>
            </LineStyle>
        </Style>
        <Style id="24145">
            <LineStyle id="24146">
                <color>ff6633CC</color>
                <colorMode>normal</colorMode>
                <width>4</width>
            </LineStyle>
        </Style>
        <Style id="24149">
            <LineStyle id="24150">
                <color>ff6633CC</color>
                <colorMode>normal</colorMode>
                <width>4</width>
            </LineStyle>
        </Style>
        <Style id="24153">
            <LineStyle id="24154">
                <color>ff6633CC</color>
                <colorMode>normal</colorMode>
                <width>4</width>
            </LineStyle>
        </Style>
        <Style id="24157">
            <LineStyle id="24158">
                <color>ff6633CC</color>
                <colorMode>normal</colorMode>
                <width>4</width>
            </LineStyle>
        </Style>
        <Style id="24161">
            <LineStyle id="24162">
                <color>ff6633CC</color>
                <colorMode>normal</colorMode>
                <width>4</width>
            </LineStyle>
        </Style>
        <Style id="24165">
            <LineStyle id="24166">
                <color>ff6633CC</color>
                <colorMode>normal</colorMode>
                <width>4</width>
            </LineStyle>
        </Style>
        <Style id="24169">
            <LineStyle id="24170">
                <color>ff6633CC</color>
                <colorMode>normal</colorMode>
                <width>4</width>
            </LineStyle>
        </Style>
        <Style id="24173">
            <LineStyle id="24174">
                <color>ff6633CC</color>
                <colorMode>normal</colorMode>
                <width>4</width>
            </LineStyle>
        </Style>
        <Style id="24177">
            <LineStyle id="24178">
                <color>ff6633CC</color>
                <colorMode>normal</colorMode>
                <width>4</width>
            </LineStyle>
        </Style>
        <Style id="24181">
            <LineStyle id="24182">
                <color>ff6633CC</color>
                <colorMode>normal</colorMode>
                <width>4</width>
            </LineStyle>
        </Style>
        <Style id="24185">
            <LineStyle id="24186">
                <color>ff6633CC</color>
                <colorMode>normal</colorMode>
                <width>4</width>
            </LineStyle>
        </Style>
        <Style id="24189">
            <LineStyle id="24190">
                <color>ff6633CC</color>
                <colorMode>normal</colorMode>
                <width>4</width>
            </LineStyle>
        </Style>
        <Style id="24193">
            <LineStyle id="24194">
                <color>ff6633CC</color>
                <colorMode>normal</colorMode>
                <width>4</width>
            </LineStyle>
        </Style>
        <Style id="24197">
            <LineStyle id="24198">
                <color>ff6633CC</color>
                <colorMode>normal</colorMode>
                <width>4</width>
            </LineStyle>
        </Style>
        <Style id="24201">
            <LineStyle id="24202">
                <color>ff6633CC</color>
                <colorMode>normal</colorMode>
                <width>4</width>
            </LineStyle>
        </Style>
        <Style id="24205">
            <LineStyle id="24206">
                <color>ff6633CC</color>
                <colorMode>normal</colorMode>
                <width>4</width>
            </LineStyle>
        </Style>
        <Style id="24209">
            <LineStyle id="24210">
                <color>ff6633CC</color>
                <colorMode>normal</colorMode>
                <width>4</width>
            </LineStyle>
        </Style>
        <Style id="24213">
            <LineStyle id="24214">
                <color>ff6633CC</color>
                <colorMode>normal</colorMode>
                <width>4</width>
            </LineStyle>
        </Style>
        <Style id="24217">
            <LineStyle id="24218">
                <color>ff6633CC</color>
                <colorMode>normal</colorMode>
                <width>4</width>
            </LineStyle>
        </Style>
        <Style id="24221">
            <LineStyle id="24222">
                <color>ff6633CC</color>
                <colorMode>normal</colorMode>
                <width>4</width>
            </LineStyle>
        </Style>
        <Style id="24225">
            <LineStyle id="24226">
                <color>ff6633CC</color>
                <colorMode>normal</colorMode>
                <width>4</width>
            </LineStyle>
        </Style>
        <Style id="24229">
            <LineStyle id="24230">
                <color>ff6633CC</color>
                <colorMode>normal</colorMode>
                <width>4</width>
            </LineStyle>
        </Style>
        <Style id="24233">
            <LineStyle id="24234">
                <color>ff6633CC</color>
                <colorMode>normal</colorMode>
                <width>4</width>
            </LineStyle>
        </Style>
        <Style id="24237">
            <LineStyle id="24238">
                <color>ff6633CC</color>
                <colorMode>normal</colorMode>
                <width>4</width>
            </LineStyle>
        </Style>
        <Style id="24241">
            <LineStyle id="24242">
                <color>ff6633CC</color>
                <colorMode>normal</colorMode>
                <width>4</width>
            </LineStyle>
        </Style>
        <Style id="24245">
            <LineStyle id="24246">
                <color>ff6633CC</color>
                <colorMode>normal</colorMode>
                <width>4</width>
            </LineStyle>
        </Style>
        <Style id="24249">
            <LineStyle id="24250">
                <color>ff6633CC</color>
                <colorMode>normal</colorMode>
                <width>4</width>
            </LineStyle>
        </Style>
        <Style id="24253">
            <LineStyle id="24254">
                <color>ff6633CC</color>
                <colorMode>normal</colorMode>
                <width>4</width>
            </LineStyle>
        </Style>
        <Style id="24257">
            <LineStyle id="24258">
                <color>ff6633CC</color>
                <colorMode>normal</colorMode>
                <width>4</width>
            </LineStyle>
        </Style>
        <Style id="24261">
            <LineStyle id="24262">
                <color>ff6633CC</color>
                <colorMode>normal</colorMode>
                <width>4</width>
            </LineStyle>
        </Style>
        <Style id="24265">
            <LineStyle id="24266">
                <color>ff6633CC</color>
                <colorMode>normal</colorMode>
                <width>4</width>
            </LineStyle>
        </Style>
        <Style id="24269">
            <LineStyle id="24270">
                <color>ff6633CC</color>
                <colorMode>normal</colorMode>
                <width>4</width>
            </LineStyle>
        </Style>
        <Style id="24273">
            <LineStyle id="24274">
                <color>ff6633CC</color>
                <colorMode>normal</colorMode>
                <width>4</width>
            </LineStyle>
        </Style>
        <Style id="24277">
            <LineStyle id="24278">
                <color>ff6633CC</color>
                <colorMode>normal</colorMode>
                <width>4</width>
            </LineStyle>
        </Style>
        <Style id="24281">
            <LineStyle id="24282">
                <color>ff6633CC</color>
                <colorMode>normal</colorMode>
                <width>4</width>
            </LineStyle>
        </Style>
        <Style id="24285">
            <LineStyle id="24286">
                <color>ff6633CC</color>
                <colorMode>normal</colorMode>
                <width>4</width>
            </LineStyle>
        </Style>
        <Style id="24289">
            <LineStyle id="24290">
                <color>ff6633CC</color>
                <colorMode>normal</colorMode>
                <width>4</width>
            </LineStyle>
        </Style>
        <Style id="24293">
            <LineStyle id="24294">
                <color>ff6633CC</color>
                <colorMode>normal</colorMode>
                <width>4</width>
            </LineStyle>
        </Style>
        <Style id="24297">
            <LineStyle id="24298">
                <color>ff6633CC</color>
                <colorMode>normal</colorMode>
                <width>4</width>
            </LineStyle>
        </Style>
        <Style id="24301">
            <LineStyle id="24302">
                <color>ff6633CC</color>
                <colorMode>normal</colorMode>
                <width>4</width>
            </LineStyle>
        </Style>
        <Style id="24305">
            <LineStyle id="24306">
                <color>ff6633CC</color>
                <colorMode>normal</colorMode>
                <width>4</width>
            </LineStyle>
        </Style>
        <Style id="24309">
            <LineStyle id="24310">
                <color>ff6633CC</color>
                <colorMode>normal</colorMode>
                <width>4</width>
            </LineStyle>
        </Style>
        <Style id="24313">
            <LineStyle id="24314">
                <color>ff6633CC</color>
                <colorMode>normal</colorMode>
                <width>4</width>
            </LineStyle>
        </Style>
        <Style id="24317">
            <LineStyle id="24318">
                <color>ff6633CC</color>
                <colorMode>normal</colorMode>
                <width>4</width>
            </LineStyle>
        </Style>
        <Style id="24321">
            <LineStyle id="24322">
                <color>ff6633CC</color>
                <colorMode>normal</colorMode>
                <width>4</width>
            </LineStyle>
        </Style>
        <Style id="24325">
            <LineStyle id="24326">
                <color>ff6633CC</color>
                <colorMode>normal</colorMode>
                <width>4</width>
            </LineStyle>
        </Style>
        <Style id="24329">
            <LineStyle id="24330">
                <color>ff6633CC</color>
                <colorMode>normal</colorMode>
                <width>4</width>
            </LineStyle>
        </Style>
        <Style id="24333">
            <LineStyle id="24334">
                <color>ff6633CC</color>
                <colorMode>normal</colorMode>
                <width>4</width>
            </LineStyle>
        </Style>
        <Style id="24337">
            <LineStyle id="24338">
                <color>ff6633CC</color>
                <colorMode>normal</colorMode>
                <width>4</width>
            </LineStyle>
        </Style>
        <Style id="24341">
            <LineStyle id="24342">
                <color>ff6633CC</color>
                <colorMode>normal</colorMode>
                <width>4</width>
            </LineStyle>
        </Style>
        <Style id="24345">
            <LineStyle id="24346">
                <color>ff6633CC</color>
                <colorMode>normal</colorMode>
                <width>4</width>
            </LineStyle>
        </Style>
        <Style id="24349">
            <LineStyle id="24350">
                <color>ff6633CC</color>
                <colorMode>normal</colorMode>
                <width>4</width>
            </LineStyle>
        </Style>
        <Style id="24353">
            <LineStyle id="24354">
                <color>ff6633CC</color>
                <colorMode>normal</colorMode>
                <width>4</width>
            </LineStyle>
        </Style>
        <Style id="24357">
            <LineStyle id="24358">
                <color>ff6633CC</color>
                <colorMode>normal</colorMode>
                <width>4</width>
            </LineStyle>
        </Style>
        <Style id="24361">
            <LineStyle id="24362">
                <color>ff6633CC</color>
                <colorMode>normal</colorMode>
                <width>4</width>
            </LineStyle>
        </Style>
        <Style id="24365">
            <LineStyle id="24366">
                <color>ff6633CC</color>
                <colorMode>normal</colorMode>
                <width>4</width>
            </LineStyle>
        </Style>
        <Style id="24369">
            <LineStyle id="24370">
                <color>ff6633CC</color>
                <colorMode>normal</colorMode>
                <width>4</width>
            </LineStyle>
        </Style>
        <Style id="24373">
            <LineStyle id="24374">
                <color>ff6633CC</color>
                <colorMode>normal</colorMode>
                <width>4</width>
            </LineStyle>
        </Style>
        <Style id="24377">
            <LineStyle id="24378">
                <color>ff6633CC</color>
                <colorMode>normal</colorMode>
                <width>4</width>
            </LineStyle>
        </Style>
        <Style id="24381">
            <LineStyle id="24382">
                <color>ff6633CC</color>
                <colorMode>normal</colorMode>
                <width>4</width>
            </LineStyle>
        </Style>
        <Style id="24385">
            <LineStyle id="24386">
                <color>ff6633CC</color>
                <colorMode>normal</colorMode>
                <width>4</width>
            </LineStyle>
        </Style>
        <Style id="24389">
            <LineStyle id="24390">
                <color>ff6633CC</color>
                <colorMode>normal</colorMode>
                <width>4</width>
            </LineStyle>
        </Style>
        <Style id="24393">
            <LineStyle id="24394">
                <color>ff6633CC</color>
                <colorMode>normal</colorMode>
                <width>4</width>
            </LineStyle>
        </Style>
        <Style id="24397">
            <LineStyle id="24398">
                <color>ff6633CC</color>
                <colorMode>normal</colorMode>
                <width>4</width>
            </LineStyle>
        </Style>
        <Style id="24401">
            <LineStyle id="24402">
                <color>ff6633CC</color>
                <colorMode>normal</colorMode>
                <width>4</width>
            </LineStyle>
        </Style>
        <Style id="24405">
            <LineStyle id="24406">
                <color>ff6633CC</color>
                <colorMode>normal</colorMode>
                <width>4</width>
            </LineStyle>
        </Style>
        <Style id="24409">
            <LineStyle id="24410">
                <color>ff6633CC</color>
                <colorMode>normal</colorMode>
                <width>4</width>
            </LineStyle>
        </Style>
        <Style id="24413">
            <LineStyle id="24414">
                <color>ff6633CC</color>
                <colorMode>normal</colorMode>
                <width>4</width>
            </LineStyle>
        </Style>
        <Style id="24417">
            <LineStyle id="24418">
                <color>ff6633CC</color>
                <colorMode>normal</colorMode>
                <width>4</width>
            </LineStyle>
        </Style>
        <Style id="24421">
            <LineStyle id="24422">
                <color>ff6633CC</color>
                <colorMode>normal</colorMode>
                <width>4</width>
            </LineStyle>
        </Style>
        <Style id="24425">
            <LineStyle id="24426">
                <color>ff6633CC</color>
                <colorMode>normal</colorMode>
                <width>4</width>
            </LineStyle>
        </Style>
        <Style id="24429">
            <LineStyle id="24430">
                <color>ff6633CC</color>
                <colorMode>normal</colorMode>
                <width>4</width>
            </LineStyle>
        </Style>
        <Style id="24433">
            <LineStyle id="24434">
                <color>ff6633CC</color>
                <colorMode>normal</colorMode>
                <width>4</width>
            </LineStyle>
        </Style>
        <Style id="24437">
            <LineStyle id="24438">
                <color>ff6633CC</color>
                <colorMode>normal</colorMode>
                <width>4</width>
            </LineStyle>
        </Style>
        <Style id="24441">
            <LineStyle id="24442">
                <color>ff6633CC</color>
                <colorMode>normal</colorMode>
                <width>4</width>
            </LineStyle>
        </Style>
        <Style id="24445">
            <LineStyle id="24446">
                <color>ff6633CC</color>
                <colorMode>normal</colorMode>
                <width>4</width>
            </LineStyle>
        </Style>
        <Style id="24449">
            <LineStyle id="24450">
                <color>ff6633CC</color>
                <colorMode>normal</colorMode>
                <width>4</width>
            </LineStyle>
        </Style>
        <Style id="24453">
            <LineStyle id="24454">
                <color>ff6633CC</color>
                <colorMode>normal</colorMode>
                <width>4</width>
            </LineStyle>
        </Style>
        <Style id="24457">
            <LineStyle id="24458">
                <color>ff6633CC</color>
                <colorMode>normal</colorMode>
                <width>4</width>
            </LineStyle>
        </Style>
        <Style id="24461">
            <LineStyle id="24462">
                <color>ff6633CC</color>
                <colorMode>normal</colorMode>
                <width>4</width>
            </LineStyle>
        </Style>
        <Style id="24465">
            <LineStyle id="24466">
                <color>ff6633CC</color>
                <colorMode>normal</colorMode>
                <width>4</width>
            </LineStyle>
        </Style>
        <Style id="24469">
            <LineStyle id="24470">
                <color>ff6633CC</color>
                <colorMode>normal</colorMode>
                <width>4</width>
            </LineStyle>
        </Style>
        <Style id="24473">
            <LineStyle id="24474">
                <color>ff6633CC</color>
                <colorMode>normal</colorMode>
                <width>4</width>
            </LineStyle>
        </Style>
        <Style id="24477">
            <LineStyle id="24478">
                <color>ff6633CC</color>
                <colorMode>normal</colorMode>
                <width>4</width>
            </LineStyle>
        </Style>
        <Style id="24481">
            <LineStyle id="24482">
                <color>ff6633CC</color>
                <colorMode>normal</colorMode>
                <width>4</width>
            </LineStyle>
        </Style>
        <Style id="24485">
            <LineStyle id="24486">
                <color>ff6633CC</color>
                <colorMode>normal</colorMode>
                <width>4</width>
            </LineStyle>
        </Style>
        <Style id="24489">
            <LineStyle id="24490">
                <color>ff6633CC</color>
                <colorMode>normal</colorMode>
                <width>4</width>
            </LineStyle>
        </Style>
        <Style id="24493">
            <LineStyle id="24494">
                <color>ff6633CC</color>
                <colorMode>normal</colorMode>
                <width>4</width>
            </LineStyle>
        </Style>
        <Style id="24497">
            <LineStyle id="24498">
                <color>ff6633CC</color>
                <colorMode>normal</colorMode>
                <width>4</width>
            </LineStyle>
        </Style>
        <Style id="24501">
            <LineStyle id="24502">
                <color>ff6633CC</color>
                <colorMode>normal</colorMode>
                <width>4</width>
            </LineStyle>
        </Style>
        <Style id="24505">
            <LineStyle id="24506">
                <color>ff6633CC</color>
                <colorMode>normal</colorMode>
                <width>4</width>
            </LineStyle>
        </Style>
        <Style id="24509">
            <LineStyle id="24510">
                <color>ff6633CC</color>
                <colorMode>normal</colorMode>
                <width>4</width>
            </LineStyle>
        </Style>
        <Style id="24513">
            <LineStyle id="24514">
                <color>ff6633CC</color>
                <colorMode>normal</colorMode>
                <width>4</width>
            </LineStyle>
        </Style>
        <Style id="24517">
            <LineStyle id="24518">
                <color>ff6633CC</color>
                <colorMode>normal</colorMode>
                <width>4</width>
            </LineStyle>
        </Style>
        <Style id="24521">
            <LineStyle id="24522">
                <color>ff6633CC</color>
                <colorMode>normal</colorMode>
                <width>4</width>
            </LineStyle>
        </Style>
        <Style id="24525">
            <LineStyle id="24526">
                <color>ff6633CC</color>
                <colorMode>normal</colorMode>
                <width>4</width>
            </LineStyle>
        </Style>
        <Style id="24529">
            <LineStyle id="24530">
                <color>ff6633CC</color>
                <colorMode>normal</colorMode>
                <width>4</width>
            </LineStyle>
        </Style>
        <Style id="24533">
            <LineStyle id="24534">
                <color>ff6633CC</color>
                <colorMode>normal</colorMode>
                <width>4</width>
            </LineStyle>
        </Style>
        <Style id="24537">
            <LineStyle id="24538">
                <color>ff6633CC</color>
                <colorMode>normal</colorMode>
                <width>4</width>
            </LineStyle>
        </Style>
        <Style id="24541">
            <LineStyle id="24542">
                <color>ff6633CC</color>
                <colorMode>normal</colorMode>
                <width>4</width>
            </LineStyle>
        </Style>
        <Style id="24545">
            <LineStyle id="24546">
                <color>ff6633CC</color>
                <colorMode>normal</colorMode>
                <width>4</width>
            </LineStyle>
        </Style>
        <Style id="24549">
            <LineStyle id="24550">
                <color>ff6633CC</color>
                <colorMode>normal</colorMode>
                <width>4</width>
            </LineStyle>
        </Style>
        <Style id="24553">
            <LineStyle id="24554">
                <color>ff6633CC</color>
                <colorMode>normal</colorMode>
                <width>4</width>
            </LineStyle>
        </Style>
        <Style id="24557">
            <LineStyle id="24558">
                <color>ff6633CC</color>
                <colorMode>normal</colorMode>
                <width>4</width>
            </LineStyle>
        </Style>
        <Style id="24561">
            <LineStyle id="24562">
                <color>ff6633CC</color>
                <colorMode>normal</colorMode>
                <width>4</width>
            </LineStyle>
        </Style>
        <Style id="24565">
            <LineStyle id="24566">
                <color>ff6633CC</color>
                <colorMode>normal</colorMode>
                <width>4</width>
            </LineStyle>
        </Style>
        <Style id="24569">
            <LineStyle id="24570">
                <color>ff6633CC</color>
                <colorMode>normal</colorMode>
                <width>4</width>
            </LineStyle>
        </Style>
        <Style id="24573">
            <LineStyle id="24574">
                <color>ff6633CC</color>
                <colorMode>normal</colorMode>
                <width>4</width>
            </LineStyle>
        </Style>
        <Style id="24577">
            <LineStyle id="24578">
                <color>ff6633CC</color>
                <colorMode>normal</colorMode>
                <width>4</width>
            </LineStyle>
        </Style>
        <Style id="24581">
            <LineStyle id="24582">
                <color>ff6633CC</color>
                <colorMode>normal</colorMode>
                <width>4</width>
            </LineStyle>
        </Style>
        <Style id="24585">
            <LineStyle id="24586">
                <color>ff6633CC</color>
                <colorMode>normal</colorMode>
                <width>4</width>
            </LineStyle>
        </Style>
        <Style id="24589">
            <LineStyle id="24590">
                <color>ff6633CC</color>
                <colorMode>normal</colorMode>
                <width>4</width>
            </LineStyle>
        </Style>
        <Style id="24593">
            <LineStyle id="24594">
                <color>ff6633CC</color>
                <colorMode>normal</colorMode>
                <width>4</width>
            </LineStyle>
        </Style>
        <Style id="24597">
            <LineStyle id="24598">
                <color>ff6633CC</color>
                <colorMode>normal</colorMode>
                <width>4</width>
            </LineStyle>
        </Style>
        <Style id="24601">
            <LineStyle id="24602">
                <color>ff6633CC</color>
                <colorMode>normal</colorMode>
                <width>4</width>
            </LineStyle>
        </Style>
        <Style id="24605">
            <LineStyle id="24606">
                <color>ff6633CC</color>
                <colorMode>normal</colorMode>
                <width>4</width>
            </LineStyle>
        </Style>
        <Style id="24609">
            <LineStyle id="24610">
                <color>ff6633CC</color>
                <colorMode>normal</colorMode>
                <width>4</width>
            </LineStyle>
        </Style>
        <Style id="24613">
            <LineStyle id="24614">
                <color>ff6633CC</color>
                <colorMode>normal</colorMode>
                <width>4</width>
            </LineStyle>
        </Style>
        <Style id="24617">
            <LineStyle id="24618">
                <color>ff6633CC</color>
                <colorMode>normal</colorMode>
                <width>4</width>
            </LineStyle>
        </Style>
        <Style id="24621">
            <LineStyle id="24622">
                <color>ff6633CC</color>
                <colorMode>normal</colorMode>
                <width>4</width>
            </LineStyle>
        </Style>
        <Style id="24625">
            <LineStyle id="24626">
                <color>ff6633CC</color>
                <colorMode>normal</colorMode>
                <width>4</width>
            </LineStyle>
        </Style>
        <Style id="24629">
            <LineStyle id="24630">
                <color>ff6633CC</color>
                <colorMode>normal</colorMode>
                <width>4</width>
            </LineStyle>
        </Style>
        <Style id="24633">
            <LineStyle id="24634">
                <color>ff6633CC</color>
                <colorMode>normal</colorMode>
                <width>4</width>
            </LineStyle>
        </Style>
        <Style id="24637">
            <LineStyle id="24638">
                <color>ff6633CC</color>
                <colorMode>normal</colorMode>
                <width>4</width>
            </LineStyle>
        </Style>
        <Style id="24641">
            <LineStyle id="24642">
                <color>ff6633CC</color>
                <colorMode>normal</colorMode>
                <width>4</width>
            </LineStyle>
        </Style>
        <Style id="24645">
            <LineStyle id="24646">
                <color>ff6633CC</color>
                <colorMode>normal</colorMode>
                <width>4</width>
            </LineStyle>
        </Style>
        <Style id="24649">
            <LineStyle id="24650">
                <color>ff6633CC</color>
                <colorMode>normal</colorMode>
                <width>4</width>
            </LineStyle>
        </Style>
        <Style id="24653">
            <LineStyle id="24654">
                <color>ff6633CC</color>
                <colorMode>normal</colorMode>
                <width>4</width>
            </LineStyle>
        </Style>
        <Style id="24657">
            <LineStyle id="24658">
                <color>ff6633CC</color>
                <colorMode>normal</colorMode>
                <width>4</width>
            </LineStyle>
        </Style>
        <Style id="24661">
            <LineStyle id="24662">
                <color>ff6633CC</color>
                <colorMode>normal</colorMode>
                <width>4</width>
            </LineStyle>
        </Style>
        <Style id="24665">
            <LineStyle id="24666">
                <color>ff6633CC</color>
                <colorMode>normal</colorMode>
                <width>4</width>
            </LineStyle>
        </Style>
        <Style id="24669">
            <LineStyle id="24670">
                <color>ff6633CC</color>
                <colorMode>normal</colorMode>
                <width>4</width>
            </LineStyle>
        </Style>
        <Style id="24673">
            <LineStyle id="24674">
                <color>ff6633CC</color>
                <colorMode>normal</colorMode>
                <width>4</width>
            </LineStyle>
        </Style>
        <Style id="24677">
            <LineStyle id="24678">
                <color>ff6633CC</color>
                <colorMode>normal</colorMode>
                <width>4</width>
            </LineStyle>
        </Style>
        <Style id="24681">
            <LineStyle id="24682">
                <color>ff6633CC</color>
                <colorMode>normal</colorMode>
                <width>4</width>
            </LineStyle>
        </Style>
        <Style id="24685">
            <LineStyle id="24686">
                <color>ff6633CC</color>
                <colorMode>normal</colorMode>
                <width>4</width>
            </LineStyle>
        </Style>
        <Style id="24689">
            <LineStyle id="24690">
                <color>ff6633CC</color>
                <colorMode>normal</colorMode>
                <width>4</width>
            </LineStyle>
        </Style>
        <Style id="24693">
            <LineStyle id="24694">
                <color>ff6633CC</color>
                <colorMode>normal</colorMode>
                <width>4</width>
            </LineStyle>
        </Style>
        <Style id="24697">
            <IconStyle id="24698">
                <colorMode>normal</colorMode>
                <scale>1</scale>
                <heading>0</heading>
                <Icon id="24699">
                    <href>http://maps.google.com/mapfiles/kml/pushpin/ylw-pushpin.png</href>
                </Icon>
            </IconStyle>
        </Style>
        <ExtendedData>
            <Data name="route-name">
                <value>Jalur 8: Kebon Kalapa → Tanjungsari</value>
            </Data>
            <Data name="source">
                <value>Transport for Bandung</value>
            </Data>
        </ExtendedData>
        <Placemark id="24108">
            <name>Jalan Banceuy</name>
            <styleUrl>#24109</styleUrl>
            <LineString id="24107">
                <coordinates>107.6064546,-6.9210818,0.0 107.6064774,-6.9208936,0.0 107.6064789,-6.9208813,0.0 107.6065186,-6.9205454,0.0 107.6065406,-6.9203592,0.0 107.6065698,-6.92013,0.0 107.6065812,-6.9200148,0.0 107.6066668,-6.919094,0.0 107.6066712,-6.9189713,0.0</coordinates>
            </LineString>
        </Placemark>
        <Placemark id="24112">
            <name>Jalan ABC</name>
            <styleUrl>#24113</styleUrl>
            <LineString id="24111">
                <coordinates>107.6066712,-6.9189713,0.0 107.6067119,-6.9189496,0.0 107.6067514,-6.9189366,0.0 107.6067924,-6.9189312,0.0 107.6070029,-6.9189529,0.0 107.6071304,-6.9189661,0.0 107.6073157,-6.9189903,0.0 107.6074965,-6.9190287,0.0 107.6076219,-6.919072,0.0 107.6077728,-6.9191385,0.0 107.6079125,-6.9192242,0.0 107.6080647,-6.9193303,0.0 107.6083693,-6.9195612,0.0 107.6084385,-6.9196004,0.0 107.6085661,-6.9196522,0.0</coordinates>
            </LineString>
        </Placemark>
        <Placemark id="24116">
            <name>Jalan Kyai Haji Ahmad Dahlan</name>
            <styleUrl>#24117</styleUrl>
            <LineString id="24115">
                <coordinates>107.6220155,-6.9328922,0.0 107.6228829,-6.9335325,0.0 107.6229592,-6.9335888,0.0 107.6232495,-6.9338032,0.0 107.6233995,-6.9339131,0.0 107.6234465,-6.9339493,0.0 107.6235919,-6.9340559,0.0 107.6236943,-6.9341315,0.0 107.623828,-6.9342302,0.0 107.6241918,-6.9344988,0.0 107.6242929,-6.9345733,0.0 107.6243482,-6.9346141,0.0 107.6245659,-6.9347749,0.0 107.6247477,-6.9349091,0.0 107.6247775,-6.9349311,0.0</coordinates>
            </LineString>
        </Placemark>
        <Placemark id="24120">
            <name>Jalan Lengkong Besar</name>
            <styleUrl>#24121</styleUrl>
            <LineString id="24119">
                <coordinates>107.612647,-6.9262231,0.0 107.6128857,-6.926502,0.0 107.6130005,-6.9266412,0.0 107.6130714,-6.926733,0.0 107.6131037,-6.9268116,0.0 107.6131248,-6.9268697,0.0 107.6131331,-6.9269146,0.0 107.6131443,-6.9269688,0.0</coordinates>
            </LineString>
        </Placemark>
        <Placemark id="24124">
            <name>Jalan Raya Cileunyi</name>
            <styleUrl>#24125</styleUrl>
            <LineString id="24123">
                <coordinates>107.7528851,-6.9391361,0.0 107.7530294,-6.9390441,0.0 107.7537452,-6.938697,0.0 107.7540066,-6.9385699,0.0 107.7541454,-6.9385016,0.0 107.7544927,-6.9383149,0.0 107.7548022,-6.9381645,0.0 107.755132,-6.9380904,0.0 107.7553843,-6.9380561,0.0 107.7558468,-6.9379992,0.0 107.7559524,-6.9379853,0.0 107.7560525,-6.9379722,0.0</coordinates>
            </LineString>
        </Placemark>
        <Placemark id="24128">
            <name>Jalan Raya Cileunyi</name>
            <styleUrl>#24129</styleUrl>
            <LineString id="24127">
                <coordinates>107.7390535,-6.9395348,0.0 107.7394719,-6.9397185,0.0 107.739664,-6.9397854,0.0 107.7397842,-6.9398216,0.0</coordinates>
            </LineString>
        </Placemark>
        <Placemark id="24132">
            <name>Jalan Raya Cibiru</name>
            <styleUrl>#24133</styleUrl>
            <LineString id="24131">
                <coordinates>107.7182965,-6.9349114,0.0 107.718536,-6.934992,0.0 107.7186341,-6.935002,0.0 107.7187224,-6.9349951,0.0 107.7187999,-6.9349793,0.0 107.7190343,-6.9349399,0.0</coordinates>
            </LineString>
        </Placemark>
        <Placemark id="24136">
            <name>Jalan Raya Cibiru</name>
            <styleUrl>#24137</styleUrl>
            <LineString id="24135">
                <coordinates>107.723025,-6.933527,0.0 107.7236581,-6.9332035,0.0 107.7239735,-6.9330533,0.0 107.7241527,-6.9329826,0.0 107.7242508,-6.9329639,0.0 107.7243536,-6.9329703,0.0 107.7245223,-6.9329888,0.0 107.7246554,-6.9330122,0.0 107.7247929,-6.9330363,0.0 107.7250475,-6.9330943,0.0 107.7253078,-6.9331296,0.0 107.725421,-6.9331288,0.0 107.7256228,-6.9331024,0.0 107.7258154,-6.9330625,0.0 107.725958,-6.9330356,0.0 107.7260557,-6.9330369,0.0 107.7261566,-6.9330411,0.0 107.7262662,-6.9330558,0.0 107.7263304,-6.9330795,0.0 107.7266764,-6.9332179,0.0 107.7269811,-6.9333597,0.0 107.7273996,-6.9335849,0.0 107.7277625,-6.9338098,0.0 107.7279053,-6.9339437,0.0 107.7279922,-6.9340554,0.0 107.7280582,-6.9341494,0.0 107.7281157,-6.9342553,0.0 107.7281681,-6.9344058,0.0 107.7282015,-6.9346302,0.0 107.7282133,-6.9347685,0.0 107.7282361,-6.9352455,0.0 107.7282392,-6.9353708,0.0 107.7282655,-6.935551,0.0</coordinates>
            </LineString>
        </Placemark>
        <Placemark id="24140">
            <name>Jalan Alun-alun Timur</name>
            <styleUrl>#24141</styleUrl>
            <LineString id="24139">
                <coordinates>107.6075166,-6.9225267,0.0 107.6075532,-6.9224801,0.0 107.6075645,-6.9224452,0.0 107.6076223,-6.9218665,0.0 107.6076488,-6.9214983,0.0 107.6076487,-6.9214444,0.0 107.6076364,-6.9214042,0.0 107.607634,-6.9213964,0.0 107.6076058,-6.9213365,0.0 107.6075741,-6.9213048,0.0 107.607526,-6.921273,0.0</coordinates>
            </LineString>
        </Placemark>
        <Placemark id="24144">
            <name>Jalan Mohammad Toha</name>
            <styleUrl>#24145</styleUrl>
            <LineString id="24143">
                <coordinates>107.6067877,-6.9301452,0.0 107.6067936,-6.9300552,0.0 107.6068275,-6.9296881,0.0 107.6068882,-6.9290306,0.0 107.607029,-6.9274996,0.0</coordinates>
            </LineString>
        </Placemark>
        <Placemark id="24148">
            <name>Jalan ABC</name>
            <styleUrl>#24149</styleUrl>
            <LineString id="24147">
                <coordinates>107.6088022,-6.9196932,0.0 107.6088626,-6.9197052,0.0 107.6089914,-6.9197261,0.0 107.6098858,-6.9197125,0.0 107.6099005,-6.9197134,0.0 107.6099747,-6.9197157,0.0</coordinates>
            </LineString>
        </Placemark>
        <Placemark id="24152">
            <name>Jalan ABC</name>
            <styleUrl>#24153</styleUrl>
            <LineString id="24151">
                <coordinates>107.6085661,-6.9196522,0.0 107.6088022,-6.9196932,0.0</coordinates>
            </LineString>
        </Placemark>
        <Placemark id="24156">
            <name>Jalan Tamblong</name>
            <styleUrl>#24157</styleUrl>
            <LineString id="24155">
                <coordinates>107.6122092,-6.9201091,0.0 107.6121953,-6.9202135,0.0 107.612155,-6.9205282,0.0 107.6121207,-6.9208351,0.0 107.6120718,-6.9213137,0.0 107.6120281,-6.9216096,0.0 107.6120118,-6.9217387,0.0</coordinates>
            </LineString>
        </Placemark>
        <Placemark id="24160">
            <name>Jalan Lengkong Besar</name>
            <styleUrl>#24161</styleUrl>
            <LineString id="24159">
                <coordinates>107.6120118,-6.9217387,0.0 107.6120004,-6.9218318,0.0 107.6119659,-6.922102,0.0 107.6119291,-6.9224047,0.0 107.6119134,-6.9225354,0.0 107.6118585,-6.9230332,0.0</coordinates>
            </LineString>
        </Placemark>
        <Placemark id="24164">
            <name>Route Segment</name>
            <styleUrl>#24165</styleUrl>
            <LineString id="24163">
                <coordinates>107.7762363,-6.9317185,0.0 107.7762796,-6.9317745,0.0 107.7763566,-6.9321498,0.0 107.7764071,-6.9324266,0.0 107.7764163,-6.9324546,0.0 107.7764369,-6.9324849,0.0 107.7764747,-6.9325125,0.0 107.7765085,-6.9325281,0.0</coordinates>
            </LineString>
        </Placemark>
        <Placemark id="24168">
            <name>Jalan Kyai Haji Ahmad Dahlan</name>
            <styleUrl>#24169</styleUrl>
            <LineString id="24167">
                <coordinates>107.6181273,-6.9318132,0.0 107.6182444,-6.9316927,0.0 107.6183599,-6.9316133,0.0 107.6185305,-6.9315221,0.0 107.6187946,-6.9314272,0.0 107.619075,-6.931384,0.0 107.6192569,-6.9313802,0.0</coordinates>
            </LineString>
        </Placemark>
        <Placemark id="24172">
            <name>Route Segment</name>
            <styleUrl>#24173</styleUrl>
            <LineString id="24171">
                <coordinates>107.6254318,-6.9335047,0.0 107.6254463,-6.9334861,0.0 107.6254677,-6.9334761,0.0 107.6254914,-6.9334767,0.0 107.6255122,-6.933488,0.0 107.6255256,-6.9335073,0.0 107.6255287,-6.9335306,0.0</coordinates>
            </LineString>
        </Placemark>
        <Placemark id="24176">
            <name>Jalan Cikawao</name>
            <styleUrl>#24177</styleUrl>
            <LineString id="24175">
                <coordinates>107.6131443,-6.9269688,0.0 107.6132071,-6.9270879,0.0 107.6132753,-6.9272001,0.0 107.6132822,-6.927209,0.0 107.6133419,-6.9272867,0.0 107.6134072,-6.9273393,0.0</coordinates>
            </LineString>
        </Placemark>
        <Placemark id="24180">
            <name>Jalan Kyai Haji Ahmad Dahlan</name>
            <styleUrl>#24181</styleUrl>
            <LineString id="24179">
                <coordinates>107.6192569,-6.9313802,0.0 107.6195403,-6.9314027,0.0 107.6198275,-6.9314581,0.0 107.6200483,-6.9315397,0.0 107.6202525,-6.9316471,0.0 107.6203316,-6.9317067,0.0 107.6204269,-6.9317785,0.0</coordinates>
            </LineString>
        </Placemark>
        <Placemark id="24184">
            <name>Jalan Cikawao</name>
            <styleUrl>#24185</styleUrl>
            <LineString id="24183">
                <coordinates>107.6157613,-6.9283977,0.0 107.6151581,-6.9281304,0.0 107.6147806,-6.9279607,0.0 107.614603,-6.9278809,0.0 107.6144924,-6.927831,0.0 107.6138049,-6.9275287,0.0 107.6137563,-6.9275081,0.0 107.6134072,-6.9273393,0.0</coordinates>
            </LineString>
        </Placemark>
        <Placemark id="24188">
            <name>Route Segment</name>
            <styleUrl>#24189</styleUrl>
            <LineString id="24187">
                <coordinates>107.7765085,-6.9325281,0.0 107.7767451,-6.9324677,0.0 107.776925,-6.932412,0.0 107.7772079,-6.9323245,0.0 107.7774194,-6.9322444,0.0 107.7774436,-6.9322344,0.0 107.7779277,-6.9320608,0.0 107.7781011,-6.9319937,0.0 107.7782585,-6.9319316,0.0 107.7783143,-6.9319089,0.0 107.7784652,-6.9318516,0.0 107.778487,-6.9318431,0.0 107.7785404,-6.9318222,0.0 107.7785678,-6.9318115,0.0 107.778701,-6.9317537,0.0 107.778956,-6.9316537,0.0 107.7790342,-6.9316195,0.0 107.7791381,-6.9315719,0.0 107.7792699,-6.9315018,0.0 107.7792761,-6.9314994,0.0 107.7796139,-6.93137,0.0 107.7797962,-6.9312902,0.0 107.7799559,-6.9312262,0.0 107.7800752,-6.931165,0.0 107.7802191,-6.9310666,0.0 107.7802699,-6.9310258,0.0 107.7803617,-6.9308511,0.0 107.7803954,-6.9307176,0.0 107.7803987,-6.9306422,0.0 107.7804171,-6.9304887,0.0 107.7804005,-6.9302491,0.0 107.7804322,-6.9300234,0.0 107.7804491,-6.9298705,0.0 107.7805068,-6.9296945,0.0 107.7805312,-6.9296353,0.0 107.7805783,-6.9295691,0.0 107.7806787,-6.9294449,0.0 107.7807808,-6.9293256,0.0 107.7809201,-6.9291401,0.0 107.7809771,-6.9290485,0.0 107.7810757,-6.9288964,0.0 107.7811352,-6.9288059,0.0 107.7812326,-6.9286927,0.0 107.7813307,-6.9286126,0.0 107.7814683,-6.9285528,0.0 107.7817178,-6.9284876,0.0 107.7818398,-6.9284682,0.0</coordinates>
            </LineString>
        </Placemark>
        <Placemark id="24192">
            <name>Jalan Raya Cileunyi</name>
            <styleUrl>#24193</styleUrl>
            <LineString id="24191">
                <coordinates>107.7523492,-6.9395225,0.0 107.7522994,-6.9395756,0.0 107.7522538,-6.9396339,0.0 107.7521865,-6.9397272,0.0 107.7521106,-6.9398122,0.0 107.7520239,-6.9398717,0.0 107.7519327,-6.939914,0.0 107.7518448,-6.9399409,0.0 107.7517633,-6.9399613,0.0 107.7517158,-6.9399731,0.0 107.7513485,-6.9400136,0.0 107.750995,-6.9400491,0.0 107.7504316,-6.9401054,0.0</coordinates>
            </LineString>
        </Placemark>
        <Placemark id="24196">
            <name>Jalan Soekarno-Hatta</name>
            <styleUrl>#24197</styleUrl>
            <LineString id="24195">
                <coordinates>107.6336406,-6.9478818,0.0 107.6337248,-6.9478543,0.0 107.6338763,-6.9478077,0.0 107.6340014,-6.9477692,0.0 107.6341745,-6.9477159,0.0 107.6348946,-6.9474943,0.0 107.6350137,-6.9474577,0.0 107.6350586,-6.9474439,0.0 107.6350976,-6.9474319,0.0 107.6352499,-6.947385,0.0 107.6355559,-6.9472909,0.0 107.6359684,-6.9471669,0.0 107.6359872,-6.9471621,0.0 107.6360687,-6.9471331,0.0 107.636143,-6.9471102,0.0 107.6363926,-6.9470334,0.0 107.636644,-6.9469561,0.0 107.6367049,-6.9469373,0.0 107.6370708,-6.9468247,0.0 107.6373665,-6.9467337,0.0 107.638253,-6.946461,0.0 107.638452,-6.9463942,0.0 107.6385798,-6.9463604,0.0 107.6390869,-6.9462044,0.0 107.6391553,-6.9461833,0.0 107.6395007,-6.946077,0.0 107.6395637,-6.9460577,0.0 107.639643,-6.9460333,0.0 107.6399381,-6.9459425,0.0 107.6400313,-6.9459138,0.0 107.6400988,-6.945893,0.0</coordinates>
            </LineString>
        </Placemark>
        <Placemark id="24200">
            <name>Route Segment</name>
            <styleUrl>#24201</styleUrl>
            <LineString id="24199">
                <coordinates>107.6332291,-6.9477884,0.0 107.6333036,-6.9478206,0.0 107.6333645,-6.947847,0.0 107.6334365,-6.9478646,0.0 107.6336406,-6.9478818,0.0</coordinates>
            </LineString>
        </Placemark>
        <Placemark id="24204">
            <name>Route Segment</name>
            <styleUrl>#24205</styleUrl>
            <LineString id="24203">
                <coordinates>107.7820931,-6.9284571,0.0 107.7821199,-6.9284563,0.0 107.7821859,-6.9284528,0.0 107.7822274,-6.9284539,0.0 107.7822635,-6.9284549,0.0 107.7823027,-6.928457,0.0 107.7824562,-6.9284621,0.0 107.7825414,-6.9284869,0.0 107.7826086,-6.9285237,0.0 107.7826516,-6.9285605,0.0 107.782685,-6.9286035,0.0 107.7827105,-6.9286875,0.0 107.7827132,-6.9287899,0.0 107.7826952,-6.9288714,0.0 107.7826381,-6.9290016,0.0 107.782583,-6.9290809,0.0 107.7824684,-6.9291911,0.0 107.782441,-6.9292475,0.0 107.7824194,-6.929304,0.0 107.7824099,-6.9293571,0.0 107.7824231,-6.9294248,0.0 107.782467,-6.929472,0.0 107.7825058,-6.9295128,0.0 107.7825421,-6.9295304,0.0 107.782614,-6.9295482,0.0 107.7826524,-6.9295412,0.0 107.7827224,-6.9295306,0.0 107.7828304,-6.9294693,0.0 107.7829785,-6.929307,0.0 107.783035,-6.9292361,0.0 107.7831356,-6.9291134,0.0 107.7831713,-6.9290854,0.0 107.7832113,-6.9290674,0.0 107.7832958,-6.9290476,0.0 107.7834439,-6.9290379,0.0 107.7835586,-6.9290291,0.0 107.7836907,-6.9290039,0.0 107.7838323,-6.9289084,0.0 107.7838982,-6.9288392,0.0 107.7839765,-6.9287486,0.0 107.7840392,-6.9286323,0.0 107.784098,-6.9285122,0.0 107.7841652,-6.9283635,0.0 107.7841764,-6.9282616,0.0 107.7841913,-6.9281358,0.0 107.7842109,-6.928066,0.0 107.7842194,-6.927985,0.0 107.7842273,-6.927916,0.0 107.7842753,-6.9277816,0.0 107.7843247,-6.9277048,0.0 107.7843382,-6.9276542,0.0 107.7843944,-6.9275571,0.0 107.784456,-6.9274546,0.0 107.7845136,-6.9273534,0.0 107.7845756,-6.927266,0.0 107.7847113,-6.9271353,0.0 107.78481,-6.9270586,0.0 107.7848911,-6.9270046,0.0 107.7849387,-6.9269693,0.0 107.7850789,-6.9269121,0.0 107.7852186,-6.9268294,0.0 107.7852633,-6.9267983,0.0 107.7853082,-6.926767,0.0 107.7853404,-6.9267277,0.0 107.7853873,-6.9266931,0.0 107.7854048,-6.9266494,0.0 107.7854075,-6.9266119,0.0 107.7854034,-6.926566,0.0 107.7853786,-6.9265121,0.0 107.7853464,-6.9264748,0.0 107.7853096,-6.9264488,0.0 107.7852371,-6.9264082,0.0 107.785178,-6.9263691,0.0 107.7851325,-6.926323,0.0 107.7850816,-6.9262425,0.0 107.7850534,-6.9261779,0.0 107.7850386,-6.9261127,0.0 107.7850133,-6.9259557,0.0 107.7848791,-6.9258158,0.0 107.7848482,-6.9258091,0.0 107.7847926,-6.9258025,0.0 107.7847235,-6.9258045,0.0 107.784615,-6.925817,0.0 107.7844643,-6.9258387,0.0 107.7843916,-6.9258437,0.0 107.784328,-6.9258438,0.0 107.7842065,-6.9258432,0.0 107.784117,-6.9258259,0.0 107.7840494,-6.9258,0.0 107.783949,-6.9257113,0.0 107.7839071,-6.9256506,0.0 107.7838613,-6.9255374,0.0 107.7838784,-6.9254039,0.0 107.7839054,-6.9252937,0.0 107.7839369,-6.9252049,0.0 107.783951,-6.9251401,0.0 107.784052,-6.9249967,0.0 107.7841159,-6.9249424,0.0 107.7841789,-6.9248851,0.0 107.7842934,-6.9248146,0.0 107.7843426,-6.9247979,0.0 107.7844514,-6.9247539,0.0 107.784625,-6.9246855,0.0 107.784753,-6.9246369,0.0 107.7848328,-6.9245856,0.0 107.7849293,-6.9245018,0.0 107.7850219,-6.9244365,0.0 107.7850554,-6.9244166,0.0 107.785107,-6.9243759,0.0 107.7852391,-6.9242714,0.0 107.7853985,-6.9241413,0.0 107.7856274,-6.9239359,0.0 107.7856931,-6.9238487,0.0 107.7857662,-6.9237149,0.0 107.7858634,-6.9235865,0.0 107.7859472,-6.9234846,0.0 107.7860485,-6.9233814,0.0 107.7861417,-6.9233122,0.0 107.7862825,-6.9232357,0.0 107.7864803,-6.9231158,0.0 107.786595,-6.9230573,0.0 107.7867023,-6.922984,0.0 107.7867613,-6.9229581,0.0 107.7868549,-6.922911,0.0 107.7869544,-6.9228609,0.0 107.7870778,-6.922789,0.0 107.7873326,-6.9226412,0.0 107.7874506,-6.9225713,0.0 107.7875056,-6.9225387,0.0 107.7875874,-6.9224955,0.0 107.787859,-6.9223903,0.0 107.7880434,-6.9223297,0.0 107.7883324,-6.9222412,0.0 107.7884853,-6.9221946,0.0 107.7885162,-6.9221832,0.0 107.7886878,-6.922108,0.0 107.7887709,-6.9220588,0.0 107.7888595,-6.9220148,0.0 107.789188,-6.9218604,0.0 107.7892779,-6.9218151,0.0 107.7893503,-6.9217699,0.0 107.7894965,-6.921678,0.0 107.7896044,-6.9216088,0.0 107.7896836,-6.9215755,0.0 107.7897761,-6.9215336,0.0 107.7899276,-6.921479,0.0 107.7900906,-6.9214264,0.0 107.7902146,-6.9213944,0.0 107.7902971,-6.9213738,0.0 107.7903695,-6.9213399,0.0 107.7904312,-6.9213026,0.0 107.7904715,-6.9212533,0.0 107.7904849,-6.9212007,0.0 107.7904896,-6.9211791,0.0 107.7904879,-6.9211518,0.0 107.7904812,-6.9211282,0.0 107.7904797,-6.9211075,0.0 107.7904627,-6.9210689,0.0 107.7904393,-6.921047,0.0 107.7904178,-6.9210163,0.0 107.7903535,-6.9209545,0.0 107.7903119,-6.9209298,0.0 107.7902541,-6.9208879,0.0 107.7902193,-6.9208473,0.0 107.7901973,-6.9207977,0.0 107.7901896,-6.9207584,0.0 107.7902038,-6.9207063,0.0 107.7902862,-6.920573,0.0 107.7903468,-6.9205176,0.0 107.790459,-6.9204453,0.0 107.7906928,-6.9202775,0.0 107.7908673,-6.9201408,0.0 107.7909296,-6.9200918,0.0 107.7910051,-6.9200102,0.0 107.7910709,-6.9199534,0.0 107.7912433,-6.9198463,0.0 107.7914105,-6.9197341,0.0 107.7915979,-6.9195949,0.0 107.7917695,-6.919469,0.0 107.7918589,-6.9193992,0.0 107.7918935,-6.9193521,0.0 107.7919735,-6.9192737,0.0 107.7920594,-6.9191532,0.0 107.7921091,-6.9190874,0.0 107.7921346,-6.9190501,0.0 107.7922379,-6.918915,0.0 107.7924399,-6.9187364,0.0 107.7925211,-6.9186464,0.0 107.79267,-6.9184709,0.0 107.7926981,-6.9184407,0.0 107.792825,-6.9182274,0.0 107.7929436,-6.9179882,0.0 107.7929778,-6.9179164,0.0 107.7930287,-6.9178363,0.0 107.7931116,-6.9176949,0.0 107.7931348,-6.9176421,0.0 107.7932845,-6.9173368,0.0 107.7935287,-6.9168613,0.0 107.7936026,-6.9166972,0.0 107.7936297,-6.9166399,0.0 107.7937976,-6.9163462,0.0 107.7939813,-6.9159115,0.0 107.7940343,-6.9157832,0.0 107.7940542,-6.9157222,0.0 107.79406,-6.9156638,0.0 107.7940227,-6.9155644,0.0 107.7940006,-6.9155226,0.0 107.7939765,-6.9154946,0.0 107.7939549,-6.9154641,0.0 107.7939301,-6.9154414,0.0 107.7938907,-6.9154214,0.0 107.7938178,-6.9154037,0.0 107.7936558,-6.9153664,0.0 107.7935435,-6.9153243,0.0 107.7934722,-6.9152763,0.0 107.7934361,-6.9152501,0.0 107.7934018,-6.9152004,0.0 107.7933581,-6.9151363,0.0 107.7932998,-6.9150252,0.0 107.7932572,-6.9149147,0.0 107.7932251,-6.9147421,0.0 107.7931981,-6.914661,0.0 107.7931608,-6.9144691,0.0 107.7931213,-6.9142694,0.0 107.7930839,-6.914088,0.0 107.79305,-6.9139655,0.0 107.7929914,-6.9137898,0.0 107.7928947,-6.9135941,0.0 107.7927876,-6.9134122,0.0 107.7927547,-6.9133495,0.0 107.7927352,-6.9132373,0.0 107.7927588,-6.913188,0.0 107.7927691,-6.9131689,0.0 107.7927845,-6.9131535,0.0 107.792817,-6.9131324,0.0 107.7928496,-6.9131189,0.0 107.7928865,-6.9131072,0.0 107.792922,-6.9131009,0.0 107.7929639,-6.9130984,0.0 107.7930209,-6.9131221,0.0 107.7930505,-6.9131455,0.0 107.7930881,-6.9131796,0.0 107.7931975,-6.9133355,0.0 107.7933777,-6.9135412,0.0 107.7934918,-6.9136837,0.0 107.7936082,-6.9138005,0.0 107.7936836,-6.9138459,0.0 107.7937384,-6.913871,0.0 107.7937982,-6.9138839,0.0 107.793922,-6.913892,0.0 107.7939938,-6.9138751,0.0 107.7940891,-6.9138549,0.0 107.7942221,-6.9137925,0.0 107.7942614,-6.9137565,0.0 107.794299,-6.9137166,0.0 107.7943435,-6.9136395,0.0 107.7944559,-6.9134743,0.0 107.794592,-6.9132962,0.0 107.7946875,-6.9130562,0.0 107.7947594,-6.9128981,0.0 107.7948035,-6.9127988,0.0 107.7948573,-6.9126753,0.0 107.7949208,-6.9125466,0.0 107.7949886,-6.9123024,0.0 107.7951878,-6.9116831,0.0 107.7952477,-6.9114992,0.0 107.7953159,-6.9112898,0.0 107.7953135,-6.9111817,0.0 107.7953134,-6.9111022,0.0 107.7952708,-6.9109199,0.0 107.795264,-6.9108934,0.0 107.7951769,-6.9104644,0.0 107.7951406,-6.9102916,0.0 107.7951057,-6.9100473,0.0 107.7950655,-6.9098755,0.0 107.79506,-6.909652,0.0 107.7950631,-6.9094699,0.0 107.7950953,-6.9093162,0.0 107.7951348,-6.9091377,0.0 107.7952257,-6.9089443,0.0 107.7953197,-6.9087933,0.0 107.7954026,-6.9086765,0.0 107.7958363,-6.9080971,0.0 107.7959097,-6.9079951,0.0</coordinates>
            </LineString>
        </Placemark>
        <Placemark id="24208">
            <name>Route Segment</name>
            <styleUrl>#24209</styleUrl>
            <LineString id="24207">
                <coordinates>107.7818398,-6.9284682,0.0 107.7819734,-6.9284596,0.0 107.7820931,-6.9284571,0.0</coordinates>
            </LineString>
        </Placemark>
        <Placemark id="24212">
            <name>Jalan Dewi Sartika</name>
            <styleUrl>#24213</styleUrl>
            <LineString id="24211">
                <coordinates>107.6059177,-6.9273911,0.0 107.6059915,-6.926739,0.0 107.6060152,-6.9265391,0.0 107.6060307,-6.9263876,0.0 107.6060915,-6.925705,0.0</coordinates>
            </LineString>
        </Placemark>
        <Placemark id="24216">
            <name>Jalan Dewi Sartika</name>
            <styleUrl>#24217</styleUrl>
            <LineString id="24215">
                <coordinates>107.6060915,-6.925705,0.0 107.6061529,-6.9250296,0.0 107.6062171,-6.9243269,0.0 107.6062246,-6.9242449,0.0 107.606232,-6.9241526,0.0 107.606261,-6.9238597,0.0 107.6062949,-6.9235169,0.0</coordinates>
            </LineString>
        </Placemark>
        <Placemark id="24220">
            <name>Jalan Dewi Sartika</name>
            <styleUrl>#24221</styleUrl>
            <LineString id="24219">
                <coordinates>107.6062949,-6.9235169,0.0 107.6063477,-6.9228989,0.0 107.6063756,-6.9225645,0.0 107.6063778,-6.922496,0.0 107.6064017,-6.9224398,0.0 107.6064249,-6.922423,0.0</coordinates>
            </LineString>
        </Placemark>
        <Placemark id="24224">
            <name>Jalan Dalem Kaum</name>
            <styleUrl>#24225</styleUrl>
            <LineString id="24223">
                <coordinates>107.6065203,-6.9224203,0.0 107.607062,-6.9224762,0.0 107.6073353,-6.9225078,0.0 107.6074316,-6.9225178,0.0 107.6075166,-6.9225267,0.0</coordinates>
            </LineString>
        </Placemark>
        <Placemark id="24228">
            <name>Jalan Asia Afrika</name>
            <styleUrl>#24229</styleUrl>
            <LineString id="24227">
                <coordinates>107.6072035,-6.9211727,0.0 107.6071663,-6.9211679,0.0 107.6071455,-6.9211653,0.0</coordinates>
            </LineString>
        </Placemark>
        <Placemark id="24232">
            <name>Jalan Naripan</name>
            <styleUrl>#24233</styleUrl>
            <LineString id="24231">
                <coordinates>107.6122092,-6.9201091,0.0 107.6121015,-6.9200907,0.0 107.6120861,-6.9200879,0.0 107.6118582,-6.9200469,0.0 107.611459,-6.9199751,0.0 107.6112676,-6.919941,0.0 107.611153,-6.919921,0.0 107.6110255,-6.9198944,0.0 107.6109436,-6.9198797,0.0 107.6108712,-6.919866,0.0 107.61015,-6.9197383,0.0</coordinates>
            </LineString>
        </Placemark>
        <Placemark id="24236">
            <name>Jalan Pelajar Pejuang 45</name>
            <styleUrl>#24237</styleUrl>
            <LineString id="24235">
                <coordinates>107.6255287,-6.9335306,0.0 107.6254673,-6.9337607,0.0 107.6253996,-6.9339927,0.0 107.6253661,-6.9341125,0.0 107.6253131,-6.9342776,0.0 107.6252887,-6.9343354,0.0 107.6252568,-6.9344147,0.0 107.6252253,-6.9344866,0.0 107.6251797,-6.9345751,0.0 107.6251233,-6.9346683,0.0 107.6250543,-6.9347675,0.0 107.6248605,-6.9350024,0.0</coordinates>
            </LineString>
        </Placemark>
        <Placemark id="24240">
            <name>Jalan Sadakeling</name>
            <styleUrl>#24241</styleUrl>
            <LineString id="24239">
                <coordinates>107.61707,-6.9301863,0.0 107.6171074,-6.9303882,0.0 107.6171605,-6.9305861,0.0 107.6172291,-6.9307792,0.0 107.6173128,-6.9309664,0.0 107.617411,-6.9311464,0.0 107.6174984,-6.9312843,0.0 107.617656,-6.9314894,0.0 107.617959,-6.9317935,0.0</coordinates>
            </LineString>
        </Placemark>
        <Placemark id="24244">
            <name>Route Segment</name>
            <styleUrl>#24245</styleUrl>
            <LineString id="24243">
                <coordinates>107.6229766,-6.9368169,0.0 107.6229565,-6.9368689,0.0 107.6229479,-6.9369154,0.0 107.6229447,-6.9369508,0.0 107.6229395,-6.9369839,0.0 107.6229383,-6.9370012,0.0 107.6229373,-6.9370174,0.0 107.6229389,-6.9370597,0.0 107.6229645,-6.9371235,0.0 107.6229896,-6.9371758,0.0 107.6230261,-6.9372363,0.0</coordinates>
            </LineString>
        </Placemark>
        <Placemark id="24248">
            <name>Jalan Soekarno-Hatta</name>
            <styleUrl>#24249</styleUrl>
            <LineString id="24247">
                <coordinates>107.6400988,-6.945893,0.0 107.6404015,-6.9458025,0.0</coordinates>
            </LineString>
        </Placemark>
        <Placemark id="24252">
            <name>Jalan Soekarno-Hatta</name>
            <styleUrl>#24253</styleUrl>
            <LineString id="24251">
                <coordinates>107.6526343,-6.9418642,0.0 107.6528244,-6.9418009,0.0</coordinates>
            </LineString>
        </Placemark>
        <Placemark id="24256">
            <name>Jalan Soekarno-Hatta</name>
            <styleUrl>#24257</styleUrl>
            <LineString id="24255">
                <coordinates>107.6608909,-6.9394147,0.0 107.6611257,-6.9393605,0.0 107.6612045,-6.9393467,0.0 107.6613726,-6.9393143,0.0 107.6619723,-6.9392196,0.0 107.6620066,-6.9392142,0.0 107.6624766,-6.9391418,0.0 107.6629081,-6.9390878,0.0 107.6630544,-6.9390727,0.0 107.6635594,-6.9390207,0.0 107.6638937,-6.9389862,0.0 107.6648393,-6.9388924,0.0 107.6650947,-6.9388715,0.0 107.6656399,-6.9388388,0.0 107.6659038,-6.9388221,0.0 107.6664215,-6.9387937,0.0 107.6665285,-6.9387859,0.0 107.6667061,-6.9387731,0.0 107.6669354,-6.9387522,0.0 107.6672726,-6.938728,0.0 107.6676974,-6.9386975,0.0 107.6677908,-6.938693,0.0 107.6679806,-6.9386798,0.0 107.6682067,-6.9386642,0.0 107.6686684,-6.9386322,0.0 107.6690273,-6.9386024,0.0</coordinates>
            </LineString>
        </Placemark>
        <Placemark id="24260">
            <name>Jalan Soekarno-Hatta</name>
            <styleUrl>#24261</styleUrl>
            <LineString id="24259">
                <coordinates>107.6820516,-6.9376753,0.0 107.6829267,-6.9376226,0.0 107.6830504,-6.9376098,0.0 107.6836806,-6.9375672,0.0 107.6844521,-6.937515,0.0 107.6845012,-6.9375117,0.0</coordinates>
            </LineString>
        </Placemark>
        <Placemark id="24264">
            <name>Jalan Soekarno-Hatta</name>
            <styleUrl>#24265</styleUrl>
            <LineString id="24263">
                <coordinates>107.6811571,-6.9377409,0.0 107.6816983,-6.9377012,0.0 107.6820516,-6.9376753,0.0</coordinates>
            </LineString>
        </Placemark>
        <Placemark id="24268">
            <name>Soekarno Hatta Frontage Boulevard</name>
            <styleUrl>#24269</styleUrl>
            <LineString id="24267">
                <coordinates>107.6773491,-6.9380105,0.0 107.6775994,-6.9379921,0.0 107.6778057,-6.9379781,0.0 107.6784424,-6.9379331,0.0 107.6787487,-6.9379114,0.0 107.6788956,-6.937901,0.0 107.679119,-6.9378852,0.0 107.6794352,-6.9378628,0.0 107.6796089,-6.9378505,0.0 107.6801479,-6.9378123,0.0 107.6803968,-6.9378003,0.0</coordinates>
            </LineString>
        </Placemark>
        <Placemark id="24272">
            <name>Soekarno Hatta Frontage Boulevard</name>
            <styleUrl>#24273</styleUrl>
            <LineString id="24271">
                <coordinates>107.6881164,-6.9372393,0.0 107.6883018,-6.9372253,0.0 107.6884215,-6.9372162,0.0 107.6885014,-6.9372102,0.0 107.688678,-6.9371968,0.0 107.6890078,-6.9371718,0.0 107.689552,-6.9371306,0.0 107.6897157,-6.9371182,0.0 107.6900244,-6.9370948,0.0 107.6902435,-6.9370783,0.0 107.6906621,-6.9370418,0.0 107.6907699,-6.9370384,0.0 107.690912,-6.9370277,0.0 107.6912038,-6.9370042,0.0 107.6916934,-6.9369685,0.0 107.6917566,-6.9369649,0.0 107.691802,-6.9369632,0.0 107.691841,-6.9369664,0.0 107.6919976,-6.9369777,0.0</coordinates>
            </LineString>
        </Placemark>
        <Placemark id="24276">
            <name>Jalan Cikawao</name>
            <styleUrl>#24277</styleUrl>
            <LineString id="24275">
                <coordinates>107.6157613,-6.9283977,0.0 107.6157999,-6.9283989,0.0 107.6158546,-6.9284142,0.0 107.6160481,-6.9285111,0.0 107.6164635,-6.9287163,0.0</coordinates>
            </LineString>
        </Placemark>
        <Placemark id="24280">
            <name>Jalan Pungkur</name>
            <styleUrl>#24281</styleUrl>
            <LineString id="24279">
                <coordinates>107.607029,-6.9274996,0.0 107.6062469,-6.9274175,0.0</coordinates>
            </LineString>
        </Placemark>
        <Placemark id="24284">
            <name>Jalan Kyai Haji Ahmad Dahlan</name>
            <styleUrl>#24285</styleUrl>
            <LineString id="24283">
                <coordinates>107.6204269,-6.9317785,0.0 107.6207279,-6.9319958,0.0 107.6219116,-6.9328188,0.0</coordinates>
            </LineString>
        </Placemark>
        <Placemark id="24288">
            <name>Jalan Kyai Haji Ahmad Dahlan</name>
            <styleUrl>#24289</styleUrl>
            <LineString id="24287">
                <coordinates>107.6220155,-6.9328922,0.0 107.6219116,-6.9328188,0.0</coordinates>
            </LineString>
        </Placemark>
        <Placemark id="24292">
            <name>Jalan Raya Cileunyi</name>
            <styleUrl>#24293</styleUrl>
            <LineString id="24291">
                <coordinates>107.7560525,-6.9379722,0.0 107.7561221,-6.9379622,0.0 107.7562242,-6.9379454,0.0 107.7565469,-6.9378853,0.0</coordinates>
            </LineString>
        </Placemark>
        <Placemark id="24296">
            <name>Jalan Raya Jatinangor</name>
            <styleUrl>#24297</styleUrl>
            <LineString id="24295">
                <coordinates>107.757487,-6.9377295,0.0 107.757703,-6.9377047,0.0 107.7579083,-6.9376765,0.0 107.758202,-6.9376231,0.0 107.7585141,-6.9375674,0.0 107.7588445,-6.937496,0.0 107.7590419,-6.9374502,0.0 107.7595382,-6.9373062,0.0 107.7595587,-6.9373015,0.0 107.7599873,-6.937175,0.0 107.7604918,-6.9370404,0.0 107.7616581,-6.9367119,0.0 107.7624109,-6.9364803,0.0 107.7624735,-6.9364562,0.0 107.7626201,-6.9363989,0.0 107.7626862,-6.9363741,0.0 107.7629,-6.9362934,0.0 107.7630053,-6.936259,0.0 107.7632526,-6.9361885,0.0 107.7635958,-6.9360836,0.0 107.7642048,-6.9359115,0.0 107.7644049,-6.9358576,0.0 107.7644404,-6.9358482,0.0 107.7644824,-6.9358361,0.0 107.7652024,-6.9356336,0.0 107.7660491,-6.935392,0.0 107.7663076,-6.9353169,0.0 107.7666588,-6.9352102,0.0 107.7671166,-6.9350782,0.0 107.7673132,-6.9350212,0.0 107.7674101,-6.9349647,0.0 107.7675131,-6.9348887,0.0</coordinates>
            </LineString>
        </Placemark>
        <Placemark id="24300">
            <name>Jalan Raya Cileunyi</name>
            <styleUrl>#24301</styleUrl>
            <LineString id="24299">
                <coordinates>107.7397842,-6.9398216,0.0 107.739903,-6.939838,0.0 107.7403212,-6.9398889,0.0 107.7407799,-6.9399173,0.0 107.7409253,-6.939924,0.0 107.7410652,-6.9399329,0.0 107.7412317,-6.9399255,0.0 107.7414809,-6.9399233,0.0 107.7417444,-6.9399106,0.0 107.7420817,-6.9398929,0.0 107.7422768,-6.9398804,0.0 107.7424401,-6.9398636,0.0 107.7424547,-6.9398622,0.0 107.7427168,-6.9398367,0.0 107.7431702,-6.9397674,0.0 107.7433402,-6.9397414,0.0 107.7434862,-6.9397136,0.0 107.7436525,-6.939687,0.0 107.7439546,-6.9396264,0.0 107.7441015,-6.9395952,0.0 107.7442261,-6.9395641,0.0 107.7449661,-6.939345,0.0 107.7450174,-6.9393297,0.0 107.7452545,-6.939259,0.0 107.7455016,-6.9391937,0.0 107.7456618,-6.9391704,0.0 107.7457714,-6.9391668,0.0 107.7458779,-6.9391646,0.0 107.7469027,-6.9391292,0.0 107.7474006,-6.9390782,0.0 107.7478357,-6.9389813,0.0 107.748109,-6.9389402,0.0 107.7483221,-6.9389596,0.0 107.7484847,-6.9389978,0.0 107.7485751,-6.9390297,0.0 107.7487399,-6.9391219,0.0 107.7489106,-6.9392402,0.0</coordinates>
            </LineString>
        </Placemark>
        <Placemark id="24304">
            <name>Jalan Soekarno-Hatta</name>
            <styleUrl>#24305</styleUrl>
            <LineString id="24303">
                <coordinates>107.6404015,-6.9458025,0.0 107.6404102,-6.9458005,0.0 107.6404977,-6.9457738,0.0 107.6405916,-6.9457492,0.0 107.6406739,-6.9457264,0.0 107.6408783,-6.9456725,0.0 107.6410307,-6.9456323,0.0 107.6411836,-6.9455872,0.0 107.641371,-6.945532,0.0 107.6413988,-6.945524,0.0</coordinates>
            </LineString>
        </Placemark>
        <Placemark id="24308">
            <name>Jalan Buah Batu</name>
            <styleUrl>#24309</styleUrl>
            <LineString id="24307">
                <coordinates>107.6322352,-6.9468242,0.0 107.632848,-6.9474115,0.0 107.6330285,-6.9475875,0.0 107.6332291,-6.9477884,0.0</coordinates>
            </LineString>
        </Placemark>
        <Placemark id="24312">
            <name>Jalan Lengkong Besar</name>
            <styleUrl>#24313</styleUrl>
            <LineString id="24311">
                <coordinates>107.6118585,-6.9230332,0.0 107.6118166,-6.9234656,0.0 107.6117934,-6.9237378,0.0 107.611746,-6.9242192,0.0 107.6117142,-6.9246889,0.0 107.6117081,-6.9247371,0.0 107.6117028,-6.9248556,0.0 107.6117078,-6.9249159,0.0 107.6117224,-6.9249903,0.0 107.6117513,-6.925068,0.0 107.6117998,-6.9251562,0.0 107.6118687,-6.9252698,0.0 107.6119571,-6.9254045,0.0 107.6120282,-6.9254956,0.0 107.6120768,-6.9255532,0.0 107.6121706,-6.9256697,0.0 107.6126055,-6.9261738,0.0 107.6126274,-6.9261996,0.0 107.612647,-6.9262231,0.0</coordinates>
            </LineString>
        </Placemark>
        <Placemark id="24316">
            <name>Jalan Pelajar Pejuang 45</name>
            <styleUrl>#24317</styleUrl>
            <LineString id="24315">
                <coordinates>107.6248605,-6.9350024,0.0 107.6246392,-6.935218,0.0 107.6242435,-6.9356055,0.0 107.6240525,-6.9357906,0.0 107.6237769,-6.9360502,0.0 107.6237206,-6.9361054,0.0 107.6236477,-6.9361789,0.0</coordinates>
            </LineString>
        </Placemark>
        <Placemark id="24320">
            <name>Jalan Raya Jatinangor</name>
            <styleUrl>#24321</styleUrl>
            <LineString id="24319">
                <coordinates>107.7758563,-6.9316463,0.0 107.7760948,-6.9316294,0.0 107.7761371,-6.9316325,0.0 107.7761635,-6.9316349,0.0 107.7761919,-6.931643,0.0 107.7762186,-6.9316655,0.0 107.7762343,-6.9316965,0.0 107.7762363,-6.9317185,0.0</coordinates>
            </LineString>
        </Placemark>
        <Placemark id="24324">
            <name>Soekarno Hatta Frontage Boulevard</name>
            <styleUrl>#24325</styleUrl>
            <LineString id="24323">
                <coordinates>107.6742862,-6.9382242,0.0 107.6744202,-6.9382178,0.0</coordinates>
            </LineString>
        </Placemark>
        <Placemark id="24328">
            <name>Jalan Soekarno-Hatta</name>
            <styleUrl>#24329</styleUrl>
            <LineString id="24327">
                <coordinates>107.6728746,-6.9383241,0.0 107.6735519,-6.9382758,0.0 107.673913,-6.9382504,0.0 107.6740809,-6.9382386,0.0 107.6742333,-6.9382279,0.0 107.6742862,-6.9382242,0.0</coordinates>
            </LineString>
        </Placemark>
        <Placemark id="24332">
            <name>Jalan Soekarno-Hatta</name>
            <styleUrl>#24333</styleUrl>
            <LineString id="24331">
                <coordinates>107.6696795,-6.9385517,0.0 107.6698031,-6.9385447,0.0</coordinates>
            </LineString>
        </Placemark>
        <Placemark id="24336">
            <name>Jalan Soekarno-Hatta</name>
            <styleUrl>#24337</styleUrl>
            <LineString id="24335">
                <coordinates>107.6698031,-6.9385447,0.0 107.6698055,-6.9385445,0.0 107.6706974,-6.9384772,0.0 107.6713626,-6.9384301,0.0 107.6717646,-6.9384031,0.0 107.671913,-6.9383912,0.0 107.6722412,-6.9383679,0.0 107.6725046,-6.9383493,0.0</coordinates>
            </LineString>
        </Placemark>
        <Placemark id="24340">
            <name>Jalan Soekarno-Hatta</name>
            <styleUrl>#24341</styleUrl>
            <LineString id="24339">
                <coordinates>107.6947974,-6.9367477,0.0 107.6951573,-6.936726,0.0</coordinates>
            </LineString>
        </Placemark>
        <Placemark id="24344">
            <name>Jalan Soekarno-Hatta</name>
            <styleUrl>#24345</styleUrl>
            <LineString id="24343">
                <coordinates>107.6973063,-6.9365674,0.0 107.6984942,-6.936486,0.0 107.6987917,-6.9364594,0.0 107.6991752,-6.936429,0.0 107.6992657,-6.936421,0.0 107.6995495,-6.9363973,0.0 107.6996008,-6.9363931,0.0</coordinates>
            </LineString>
        </Placemark>
        <Placemark id="24348">
            <name>Soekarno Hatta Frontage Boulevard</name>
            <styleUrl>#24349</styleUrl>
            <LineString id="24347">
                <coordinates>107.6845012,-6.9375117,0.0 107.6847668,-6.9374899,0.0</coordinates>
            </LineString>
        </Placemark>
        <Placemark id="24352">
            <name>Jalan Soekarno-Hatta</name>
            <styleUrl>#24353</styleUrl>
            <LineString id="24351">
                <coordinates>107.6865016,-6.9373601,0.0 107.6869969,-6.9373231,0.0 107.6875247,-6.9372836,0.0 107.6877514,-6.9372666,0.0 107.6881164,-6.9372393,0.0</coordinates>
            </LineString>
        </Placemark>
        <Placemark id="24356">
            <name>Jalan Sadakeling</name>
            <styleUrl>#24357</styleUrl>
            <LineString id="24355">
                <coordinates>107.6164635,-6.9287163,0.0 107.6169027,-6.9289448,0.0 107.6171713,-6.9290845,0.0</coordinates>
            </LineString>
        </Placemark>
        <Placemark id="24360">
            <name>Jalan Sadakeling</name>
            <styleUrl>#24361</styleUrl>
            <LineString id="24359">
                <coordinates>107.6171713,-6.9290845,0.0 107.6171381,-6.9291538,0.0</coordinates>
            </LineString>
        </Placemark>
        <Placemark id="24364">
            <name>Jalan Raya Jatinangor</name>
            <styleUrl>#24365</styleUrl>
            <LineString id="24363">
                <coordinates>107.7573448,-6.9377483,0.0 107.757487,-6.9377295,0.0</coordinates>
            </LineString>
        </Placemark>
        <Placemark id="24368">
            <name>Jalan Raya Jatinangor</name>
            <styleUrl>#24369</styleUrl>
            <LineString id="24367">
                <coordinates>107.7565469,-6.9378853,0.0 107.757032,-6.9378,0.0 107.7573448,-6.9377483,0.0</coordinates>
            </LineString>
        </Placemark>
        <Placemark id="24372">
            <name>Jalan Soekarno-Hatta</name>
            <styleUrl>#24373</styleUrl>
            <LineString id="24371">
                <coordinates>107.6558473,-6.9408628,0.0 107.6561907,-6.9407508,0.0</coordinates>
            </LineString>
        </Placemark>
        <Placemark id="24376">
            <name>Jalan Soekarno-Hatta</name>
            <styleUrl>#24377</styleUrl>
            <LineString id="24375">
                <coordinates>107.6528244,-6.9418009,0.0 107.6528692,-6.941787,0.0 107.6529599,-6.9417588,0.0 107.6531033,-6.9417143,0.0 107.6536022,-6.9415595,0.0 107.6539108,-6.9414637,0.0 107.6546859,-6.9412232,0.0 107.6548123,-6.941184,0.0 107.6550822,-6.9411002,0.0 107.6555631,-6.940951,0.0 107.6558473,-6.9408628,0.0</coordinates>
            </LineString>
        </Placemark>
        <Placemark id="24380">
            <name>Jalan Soekarno-Hatta</name>
            <styleUrl>#24381</styleUrl>
            <LineString id="24379">
                <coordinates>107.69298,-6.9368731,0.0 107.6931326,-6.9368608,0.0 107.6934032,-6.9368437,0.0 107.6943211,-6.9367804,0.0</coordinates>
            </LineString>
        </Placemark>
        <Placemark id="24384">
            <name>Jalan Pelajar Pejuang 45</name>
            <styleUrl>#24385</styleUrl>
            <LineString id="24383">
                <coordinates>107.6236477,-6.9361789,0.0 107.6235824,-6.9362369,0.0 107.6235086,-6.9363093,0.0 107.6231823,-6.9366255,0.0 107.6229766,-6.9368169,0.0</coordinates>
            </LineString>
        </Placemark>
        <Placemark id="24388">
            <name>Jalan Buah Batu</name>
            <styleUrl>#24389</styleUrl>
            <LineString id="24387">
                <coordinates>107.6230261,-6.9372363,0.0 107.6234814,-6.9377173,0.0 107.6239237,-6.9381835,0.0 107.6240128,-6.9382774,0.0 107.6243051,-6.9385814,0.0 107.6245315,-6.93881,0.0 107.6247269,-6.9390107,0.0 107.6248837,-6.9391749,0.0</coordinates>
            </LineString>
        </Placemark>
        <Placemark id="24392">
            <name>Jalan Raya Jatinangor</name>
            <styleUrl>#24393</styleUrl>
            <LineString id="24391">
                <coordinates>107.7675131,-6.9348887,0.0 107.7675751,-6.9347793,0.0 107.7676277,-6.934685,0.0 107.767735,-6.9344928,0.0 107.7678125,-6.9344095,0.0 107.7678271,-6.9343939,0.0 107.7679063,-6.934321,0.0</coordinates>
            </LineString>
        </Placemark>
        <Placemark id="24396">
            <name>Jalan Buah Batu</name>
            <styleUrl>#24397</styleUrl>
            <LineString id="24395">
                <coordinates>107.6279552,-6.9423722,0.0 107.6282283,-6.9426596,0.0 107.630216,-6.9447298,0.0 107.6304557,-6.9449794,0.0 107.6305314,-6.9450583,0.0 107.6312283,-6.9457923,0.0 107.6319503,-6.9465372,0.0 107.6320775,-6.9466684,0.0</coordinates>
            </LineString>
        </Placemark>
        <Placemark id="24400">
            <name>Jalan Raya Cinunuk</name>
            <styleUrl>#24401</styleUrl>
            <LineString id="24399">
                <coordinates>107.7320931,-6.9375862,0.0 107.731784,-6.9374545,0.0 107.7314043,-6.9372927,0.0 107.7312919,-6.9372449,0.0 107.7312064,-6.9372085,0.0 107.7305951,-6.936948,0.0 107.7305396,-6.9369244,0.0 107.7302076,-6.936783,0.0 107.7294939,-6.9364789,0.0 107.7294236,-6.936449,0.0 107.7293518,-6.9364184,0.0</coordinates>
            </LineString>
        </Placemark>
        <Placemark id="24404">
            <name>Jalan Soekarno-Hatta</name>
            <styleUrl>#24405</styleUrl>
            <LineString id="24403">
                <coordinates>107.6926303,-6.9369434,0.0 107.6927341,-6.9369416,0.0</coordinates>
            </LineString>
        </Placemark>
        <Placemark id="24408">
            <name>Jalan Soekarno-Hatta</name>
            <styleUrl>#24409</styleUrl>
            <LineString id="24407">
                <coordinates>107.6487109,-6.9431279,0.0 107.6489694,-6.9430456,0.0 107.6493101,-6.9429332,0.0 107.6495025,-6.9428706,0.0 107.6496409,-6.942824,0.0 107.6499821,-6.9427133,0.0 107.6505153,-6.9425403,0.0 107.6519647,-6.94207,0.0 107.6526343,-6.9418642,0.0</coordinates>
            </LineString>
        </Placemark>
        <Placemark id="24412">
            <name>Jalan Soekarno-Hatta</name>
            <styleUrl>#24413</styleUrl>
            <LineString id="24411">
                <coordinates>107.6413988,-6.945524,0.0 107.641692,-6.9454403,0.0 107.6417778,-6.9454077,0.0 107.641837,-6.9453875,0.0</coordinates>
            </LineString>
        </Placemark>
        <Placemark id="24416">
            <name>Jalan Soekarno-Hatta</name>
            <styleUrl>#24417</styleUrl>
            <LineString id="24415">
                <coordinates>107.6419307,-6.9453525,0.0 107.6419876,-6.9453267,0.0 107.6422973,-6.9452119,0.0</coordinates>
            </LineString>
        </Placemark>
        <Placemark id="24420">
            <name>Jalan Buah Batu</name>
            <styleUrl>#24421</styleUrl>
            <LineString id="24419">
                <coordinates>107.6257709,-6.9400994,0.0 107.625925,-6.9402599,0.0 107.6261951,-6.9405413,0.0 107.6264456,-6.9408023,0.0 107.6267673,-6.9411375,0.0 107.626856,-6.9412299,0.0 107.627077,-6.9414562,0.0 107.6275375,-6.94194,0.0 107.627593,-6.9419978,0.0</coordinates>
            </LineString>
        </Placemark>
        <Placemark id="24424">
            <name>Jalan Raya Cileunyi</name>
            <styleUrl>#24425</styleUrl>
            <LineString id="24423">
                <coordinates>107.7523492,-6.9395225,0.0 107.7526199,-6.9393176,0.0 107.7528851,-6.9391361,0.0</coordinates>
            </LineString>
        </Placemark>
        <Placemark id="24428">
            <name>Jalan Raya Cinunuk</name>
            <styleUrl>#24429</styleUrl>
            <LineString id="24427">
                <coordinates>107.7390535,-6.9395348,0.0 107.7389687,-6.9394813,0.0 107.7387776,-6.9393506,0.0 107.7385978,-6.9392284,0.0 107.7382961,-6.9390222,0.0 107.7382297,-6.938995,0.0 107.7379672,-6.9388898,0.0 107.737817,-6.9388449,0.0 107.7376781,-6.9388327,0.0 107.737516,-6.9388319,0.0 107.7371691,-6.9388386,0.0 107.7370849,-6.9388394,0.0 107.7368363,-6.9388168,0.0 107.7365725,-6.9387777,0.0 107.7362807,-6.9387344,0.0 107.7357811,-6.9386603,0.0 107.735642,-6.9386406,0.0 107.7355504,-6.9386254,0.0 107.7352546,-6.9385894,0.0 107.7348465,-6.9385336,0.0 107.7346907,-6.9385075,0.0 107.7343569,-6.9384683,0.0 107.7342305,-6.9384377,0.0 107.7340425,-6.9383832,0.0 107.734009,-6.9383702,0.0 107.7337174,-6.9382545,0.0 107.7335845,-6.9382017,0.0 107.7334646,-6.9381536,0.0 107.733388,-6.9381228,0.0 107.732788,-6.937882,0.0 107.7324882,-6.9377532,0.0 107.7322724,-6.9376624,0.0</coordinates>
            </LineString>
        </Placemark>
        <Placemark id="24432">
            <name>Jalan Pelajar Pejuang 45</name>
            <styleUrl>#24433</styleUrl>
            <LineString id="24431">
                <coordinates>107.6247775,-6.9349311,0.0 107.6249855,-6.9346776,0.0 107.6250422,-6.9346084,0.0 107.6251837,-6.9343381,0.0 107.6251981,-6.9343038,0.0 107.6252675,-6.9340965,0.0 107.6254318,-6.9335047,0.0</coordinates>
            </LineString>
        </Placemark>
        <Placemark id="24436">
            <name>Jalan Sadakeling</name>
            <styleUrl>#24437</styleUrl>
            <LineString id="24435">
                <coordinates>107.617959,-6.9317935,0.0 107.617994,-6.9318213,0.0 107.6180396,-6.9318293,0.0 107.6181273,-6.9318132,0.0</coordinates>
            </LineString>
        </Placemark>
        <Placemark id="24440">
            <name>Jalan Buah Batu</name>
            <styleUrl>#24441</styleUrl>
            <LineString id="24439">
                <coordinates>107.6248837,-6.9391749,0.0 107.6249902,-6.9392822,0.0 107.6251387,-6.9394388,0.0 107.6252913,-6.9395996,0.0 107.6254399,-6.9397544,0.0 107.6257709,-6.9400994,0.0</coordinates>
            </LineString>
        </Placemark>
        <Placemark id="24444">
            <name>Jalan Raya Jatinangor</name>
            <styleUrl>#24445</styleUrl>
            <LineString id="24443">
                <coordinates>107.7736926,-6.9323109,0.0 107.7738066,-6.9322665,0.0 107.7739683,-6.9322035,0.0 107.7740358,-6.9321758,0.0 107.7740982,-6.9321512,0.0 107.77421,-6.9321096,0.0 107.7743127,-6.9320696,0.0 107.7744245,-6.9320244,0.0 107.7745198,-6.9319889,0.0 107.7746809,-6.9319243,0.0 107.7748892,-6.9318473,0.0 107.7751265,-6.9317665,0.0 107.7754197,-6.9316973,0.0 107.7755193,-6.9316825,0.0 107.7758563,-6.9316463,0.0</coordinates>
            </LineString>
        </Placemark>
        <Placemark id="24448">
            <name>Jalan Raya Jatinangor</name>
            <styleUrl>#24449</styleUrl>
            <LineString id="24447">
                <coordinates>107.7722158,-6.9328953,0.0 107.7728169,-6.9326543,0.0 107.772898,-6.9326185,0.0 107.773302,-6.9324576,0.0 107.7734445,-6.9324026,0.0 107.7735042,-6.9323797,0.0 107.7735838,-6.9323516,0.0 107.7736926,-6.9323109,0.0</coordinates>
            </LineString>
        </Placemark>
        <Placemark id="24452">
            <name>Jalan Raya Cinunuk</name>
            <styleUrl>#24453</styleUrl>
            <LineString id="24451">
                <coordinates>107.7282655,-6.935551,0.0 107.7283014,-6.9357074,0.0 107.7283213,-6.9357859,0.0 107.7283492,-6.9358544,0.0 107.7283974,-6.9359209,0.0 107.7284533,-6.9359783,0.0 107.7285144,-6.9360335,0.0 107.7285839,-6.9360832,0.0 107.7286135,-6.9361042,0.0 107.7288601,-6.936221,0.0 107.7291448,-6.9363331,0.0</coordinates>
            </LineString>
        </Placemark>
        <Placemark id="24456">
            <name>Jalan Asia Afrika</name>
            <styleUrl>#24457</styleUrl>
            <LineString id="24455">
                <coordinates>107.6069278,-6.9211397,0.0 107.6066723,-6.9211072,0.0 107.6064546,-6.9210818,0.0</coordinates>
            </LineString>
        </Placemark>
        <Placemark id="24460">
            <name>Jalan Raya Cibiru</name>
            <styleUrl>#24461</styleUrl>
            <LineString id="24459">
                <coordinates>107.7178073,-6.9347559,0.0 107.7181983,-6.934877,0.0 107.7182965,-6.9349114,0.0</coordinates>
            </LineString>
        </Placemark>
        <Placemark id="24464">
            <name>Jalan Raya Cibiru</name>
            <styleUrl>#24465</styleUrl>
            <LineString id="24463">
                <coordinates>107.7190343,-6.9349399,0.0 107.719576,-6.9348234,0.0 107.7197006,-6.9348205,0.0</coordinates>
            </LineString>
        </Placemark>
        <Placemark id="24468">
            <name>Jalan Buah Batu</name>
            <styleUrl>#24469</styleUrl>
            <LineString id="24467">
                <coordinates>107.6320775,-6.9466684,0.0 107.6322352,-6.9468242,0.0</coordinates>
            </LineString>
        </Placemark>
        <Placemark id="24472">
            <name>Jalan Soekarno-Hatta</name>
            <styleUrl>#24473</styleUrl>
            <LineString id="24471">
                <coordinates>107.6927341,-6.9369416,0.0 107.6928626,-6.9369021,0.0 107.692899,-6.9368894,0.0 107.6929307,-6.9368811,0.0 107.69298,-6.9368731,0.0</coordinates>
            </LineString>
        </Placemark>
        <Placemark id="24476">
            <name>Jalan Soekarno-Hatta</name>
            <styleUrl>#24477</styleUrl>
            <LineString id="24475">
                <coordinates>107.6922068,-6.9369654,0.0 107.6922727,-6.9369622,0.0 107.6923069,-6.9369612,0.0 107.692375,-6.9369561,0.0 107.6925509,-6.9369475,0.0</coordinates>
            </LineString>
        </Placemark>
        <Placemark id="24480">
            <name>Jalan Soekarno-Hatta</name>
            <styleUrl>#24481</styleUrl>
            <LineString id="24479">
                <coordinates>107.6961144,-6.9366546,0.0 107.6971378,-6.936579,0.0</coordinates>
            </LineString>
        </Placemark>
        <Placemark id="24484">
            <name>Jalan Soekarno-Hatta</name>
            <styleUrl>#24485</styleUrl>
            <LineString id="24483">
                <coordinates>107.6951573,-6.936726,0.0 107.6951911,-6.9367244,0.0 107.6961144,-6.9366546,0.0</coordinates>
            </LineString>
        </Placemark>
        <Placemark id="24488">
            <name>Jalan Soekarno-Hatta</name>
            <styleUrl>#24489</styleUrl>
            <LineString id="24487">
                <coordinates>107.7108932,-6.935568,0.0 107.711057,-6.9355562,0.0 107.7114824,-6.9355257,0.0</coordinates>
            </LineString>
        </Placemark>
        <Placemark id="24492">
            <name>Jalan Soekarno-Hatta</name>
            <styleUrl>#24493</styleUrl>
            <LineString id="24491">
                <coordinates>107.706611,-6.935863,0.0 107.7090245,-6.9357014,0.0 107.7099558,-6.9356286,0.0 107.7103429,-6.9355981,0.0</coordinates>
            </LineString>
        </Placemark>
        <Placemark id="24496">
            <name>Bunderan Cibiru</name>
            <styleUrl>#24497</styleUrl>
            <LineString id="24495">
                <coordinates>107.7174158,-6.9348982,0.0 107.7174372,-6.9348524,0.0 107.7174825,-6.9347951,0.0 107.7175415,-6.934752,0.0 107.7176101,-6.9347262,0.0 107.7176831,-6.9347196,0.0 107.7177552,-6.9347327,0.0</coordinates>
            </LineString>
        </Placemark>
        <Placemark id="24500">
            <name>Jalan Soekarno-Hatta</name>
            <styleUrl>#24501</styleUrl>
            <LineString id="24499">
                <coordinates>107.715834,-6.9352156,0.0 107.7159897,-6.9352025,0.0 107.7161058,-6.935197,0.0 107.716234,-6.9351888,0.0 107.7164073,-6.9351778,0.0 107.7167791,-6.9351522,0.0 107.7169834,-6.9351648,0.0</coordinates>
            </LineString>
        </Placemark>
        <Placemark id="24504">
            <name>Jalan Soekarno-Hatta</name>
            <styleUrl>#24505</styleUrl>
            <LineString id="24503">
                <coordinates>107.7169834,-6.9351648,0.0 107.7170378,-6.9351616,0.0 107.7170916,-6.9351523,0.0 107.7171439,-6.935137,0.0 107.7171942,-6.9351161,0.0 107.7172418,-6.9350896,0.0 107.7172947,-6.935051,0.0 107.7173419,-6.9350057,0.0 107.7173825,-6.9349544,0.0 107.7174158,-6.9348982,0.0</coordinates>
            </LineString>
        </Placemark>
        <Placemark id="24508">
            <name>Jalan Raya Cileunyi</name>
            <styleUrl>#24509</styleUrl>
            <LineString id="24507">
                <coordinates>107.7501915,-6.9400812,0.0 107.7504316,-6.9401054,0.0</coordinates>
            </LineString>
        </Placemark>
        <Placemark id="24512">
            <name>Jalan Raya Cileunyi</name>
            <styleUrl>#24513</styleUrl>
            <LineString id="24511">
                <coordinates>107.7489106,-6.9392402,0.0 107.7497545,-6.939944,0.0 107.7498735,-6.940004,0.0</coordinates>
            </LineString>
        </Placemark>
        <Placemark id="24516">
            <name>Jalan Raya Cileunyi</name>
            <styleUrl>#24517</styleUrl>
            <LineString id="24515">
                <coordinates>107.7498735,-6.940004,0.0 107.7499963,-6.9400502,0.0 107.7501915,-6.9400812,0.0</coordinates>
            </LineString>
        </Placemark>
        <Placemark id="24520">
            <name>Jalan Soekarno-Hatta</name>
            <styleUrl>#24521</styleUrl>
            <LineString id="24519">
                <coordinates>107.6744202,-6.9382178,0.0 107.6744746,-6.9382139,0.0 107.6747162,-6.9381971,0.0 107.6753034,-6.9381554,0.0 107.6758906,-6.9381137,0.0 107.6762965,-6.938085,0.0 107.6766901,-6.9380571,0.0 107.6773491,-6.9380105,0.0</coordinates>
            </LineString>
        </Placemark>
        <Placemark id="24524">
            <name>Soekarno Hatta Frontage Boulevard</name>
            <styleUrl>#24525</styleUrl>
            <LineString id="24523">
                <coordinates>107.6803968,-6.9378003,0.0 107.6811571,-6.9377409,0.0</coordinates>
            </LineString>
        </Placemark>
        <Placemark id="24528">
            <name>Soekarno Hatta Frontage Boulevard</name>
            <styleUrl>#24529</styleUrl>
            <LineString id="24527">
                <coordinates>107.6859393,-6.9374022,0.0 107.6862087,-6.937382,0.0 107.6865016,-6.9373601,0.0</coordinates>
            </LineString>
        </Placemark>
        <Placemark id="24532">
            <name>Jalan Soekarno-Hatta</name>
            <styleUrl>#24533</styleUrl>
            <LineString id="24531">
                <coordinates>107.6847668,-6.9374899,0.0 107.684843,-6.9374842,0.0 107.6852525,-6.9374536,0.0 107.6854404,-6.9374395,0.0 107.6857888,-6.9374134,0.0 107.6859053,-6.9374047,0.0 107.6859393,-6.9374022,0.0</coordinates>
            </LineString>
        </Placemark>
        <Placemark id="24536">
            <name>Jalan Soekarno-Hatta</name>
            <styleUrl>#24537</styleUrl>
            <LineString id="24535">
                <coordinates>107.6943211,-6.9367804,0.0 107.6947974,-6.9367477,0.0</coordinates>
            </LineString>
        </Placemark>
        <Placemark id="24540">
            <name>Jalan Sadakeling</name>
            <styleUrl>#24541</styleUrl>
            <LineString id="24539">
                <coordinates>107.6171381,-6.9291538,0.0 107.6170723,-6.929434,0.0 107.6170471,-6.9296845,0.0 107.6170464,-6.9299362,0.0 107.61707,-6.9301863,0.0</coordinates>
            </LineString>
        </Placemark>
        <Placemark id="24544">
            <name>Jalan Buah Batu</name>
            <styleUrl>#24545</styleUrl>
            <LineString id="24543">
                <coordinates>107.627593,-6.9419978,0.0 107.6279552,-6.9423722,0.0</coordinates>
            </LineString>
        </Placemark>
        <Placemark id="24548">
            <name>Jalan Dalem Kaum</name>
            <styleUrl>#24549</styleUrl>
            <LineString id="24547">
                <coordinates>107.6064249,-6.922423,0.0 107.6064448,-6.9224162,0.0 107.6064668,-6.9224144,0.0 107.6065203,-6.9224203,0.0</coordinates>
            </LineString>
        </Placemark>
        <Placemark id="24552">
            <name>Jalan Soekarno-Hatta</name>
            <styleUrl>#24553</styleUrl>
            <LineString id="24551">
                <coordinates>107.6690273,-6.9386024,0.0 107.6696239,-6.9385543,0.0 107.6696795,-6.9385517,0.0</coordinates>
            </LineString>
        </Placemark>
        <Placemark id="24556">
            <name>Jalan Soekarno-Hatta</name>
            <styleUrl>#24557</styleUrl>
            <LineString id="24555">
                <coordinates>107.6422973,-6.9452119,0.0 107.6424896,-6.9451552,0.0 107.6425544,-6.9451302,0.0</coordinates>
            </LineString>
        </Placemark>
        <Placemark id="24560">
            <name>Jalan Soekarno-Hatta</name>
            <styleUrl>#24561</styleUrl>
            <LineString id="24559">
                <coordinates>107.6725046,-6.9383493,0.0 107.6727325,-6.9383333,0.0 107.6728746,-6.9383241,0.0</coordinates>
            </LineString>
        </Placemark>
        <Placemark id="24564">
            <name>Jalan Soekarno-Hatta</name>
            <styleUrl>#24565</styleUrl>
            <LineString id="24563">
                <coordinates>107.6469908,-6.9436739,0.0 107.6470631,-6.9436511,0.0 107.6472285,-6.9436003,0.0 107.647308,-6.9435737,0.0 107.6474499,-6.9435262,0.0 107.6477158,-6.9434372,0.0 107.6478935,-6.9433774,0.0 107.6479368,-6.9433624,0.0 107.6480159,-6.9433388,0.0 107.6482339,-6.9432732,0.0 107.6483747,-6.9432308,0.0 107.6486436,-6.9431498,0.0 107.6487109,-6.9431279,0.0</coordinates>
            </LineString>
        </Placemark>
        <Placemark id="24568">
            <name>Jalan Soekarno-Hatta</name>
            <styleUrl>#24569</styleUrl>
            <LineString id="24567">
                <coordinates>107.6450949,-6.9442703,0.0 107.6463553,-6.9438668,0.0 107.6464874,-6.9438278,0.0 107.6467219,-6.9437585,0.0 107.6467855,-6.9437385,0.0 107.6469908,-6.9436739,0.0</coordinates>
            </LineString>
        </Placemark>
        <Placemark id="24572">
            <name>Jalan Soekarno-Hatta</name>
            <styleUrl>#24573</styleUrl>
            <LineString id="24571">
                <coordinates>107.6425544,-6.9451302,0.0 107.6427153,-6.9450569,0.0 107.6428119,-6.9450226,0.0 107.6430412,-6.9449411,0.0 107.6431766,-6.9448945,0.0 107.6433657,-6.9448279,0.0 107.6437224,-6.9447161,0.0 107.6438888,-6.944662,0.0 107.6440102,-6.9446226,0.0 107.644326,-6.94452,0.0 107.6450949,-6.9442703,0.0</coordinates>
            </LineString>
        </Placemark>
        <Placemark id="24576">
            <name>Jalan Soekarno-Hatta</name>
            <styleUrl>#24577</styleUrl>
            <LineString id="24575">
                <coordinates>107.641837,-6.9453875,0.0 107.6419307,-6.9453525,0.0</coordinates>
            </LineString>
        </Placemark>
        <Placemark id="24580">
            <name>Jalan Naripan</name>
            <styleUrl>#24581</styleUrl>
            <LineString id="24579">
                <coordinates>107.6099747,-6.9197157,0.0 107.61015,-6.9197383,0.0</coordinates>
            </LineString>
        </Placemark>
        <Placemark id="24584">
            <name>Jalan Soekarno-Hatta</name>
            <styleUrl>#24585</styleUrl>
            <LineString id="24583">
                <coordinates>107.6593041,-6.939778,0.0 107.659399,-6.9397509,0.0 107.6600931,-6.9395844,0.0 107.6601512,-6.9395718,0.0 107.6605856,-6.9394777,0.0 107.6606611,-6.93946,0.0 107.6608909,-6.9394147,0.0</coordinates>
            </LineString>
        </Placemark>
        <Placemark id="24588">
            <name>Jalan Soekarno-Hatta</name>
            <styleUrl>#24589</styleUrl>
            <LineString id="24587">
                <coordinates>107.6583101,-6.9400779,0.0 107.6584574,-6.9400339,0.0 107.6585694,-6.9399972,0.0 107.6588883,-6.9398952,0.0 107.6589472,-6.9398788,0.0 107.659028,-6.9398534,0.0 107.6591135,-6.9398278,0.0 107.6593041,-6.939778,0.0</coordinates>
            </LineString>
        </Placemark>
        <Placemark id="24592">
            <name>Jalan Soekarno-Hatta</name>
            <styleUrl>#24593</styleUrl>
            <LineString id="24591">
                <coordinates>107.6561907,-6.9407508,0.0 107.6567851,-6.9405596,0.0</coordinates>
            </LineString>
        </Placemark>
        <Placemark id="24596">
            <name>Jalan Soekarno-Hatta</name>
            <styleUrl>#24597</styleUrl>
            <LineString id="24595">
                <coordinates>107.6567851,-6.9405596,0.0 107.6569119,-6.9405212,0.0 107.6569958,-6.9404958,0.0 107.6571017,-6.9404592,0.0 107.6573469,-6.9403813,0.0 107.6575958,-6.9403023,0.0 107.6579317,-6.940197,0.0 107.6582639,-6.9400924,0.0 107.6583101,-6.9400779,0.0</coordinates>
            </LineString>
        </Placemark>
        <Placemark id="24600">
            <name>Jalan Raya Cinunuk</name>
            <styleUrl>#24601</styleUrl>
            <LineString id="24599">
                <coordinates>107.7322323,-6.9376474,0.0 107.732179,-6.9376234,0.0</coordinates>
            </LineString>
        </Placemark>
        <Placemark id="24604">
            <name>Jalan Raya Cinunuk</name>
            <styleUrl>#24605</styleUrl>
            <LineString id="24603">
                <coordinates>107.732179,-6.9376234,0.0 107.7321361,-6.9376048,0.0 107.7320931,-6.9375862,0.0</coordinates>
            </LineString>
        </Placemark>
        <Placemark id="24608">
            <name>Jalan Raya Cinunuk</name>
            <styleUrl>#24609</styleUrl>
            <LineString id="24607">
                <coordinates>107.7291448,-6.9363331,0.0 107.7292319,-6.936367,0.0</coordinates>
            </LineString>
        </Placemark>
        <Placemark id="24612">
            <name>Jalan Raya Cinunuk</name>
            <styleUrl>#24613</styleUrl>
            <LineString id="24611">
                <coordinates>107.7292319,-6.936367,0.0 107.7292686,-6.9363857,0.0 107.7293518,-6.9364184,0.0</coordinates>
            </LineString>
        </Placemark>
        <Placemark id="24616">
            <name>Jalan Asia Afrika</name>
            <styleUrl>#24617</styleUrl>
            <LineString id="24615">
                <coordinates>107.6071455,-6.9211653,0.0 107.606984,-6.9211463,0.0 107.6069278,-6.9211397,0.0</coordinates>
            </LineString>
        </Placemark>
        <Placemark id="24620">
            <name>Route Segment</name>
            <styleUrl>#24621</styleUrl>
            <LineString id="24619">
                <coordinates>107.7959097,-6.9079951,0.0 107.7959634,-6.9079259,0.0 107.7960592,-6.9078219,0.0 107.7960978,-6.907775,0.0 107.7961293,-6.9077258,0.0 107.7962261,-6.9076002,0.0 107.796345,-6.9074446,0.0 107.7964552,-6.9073059,0.0 107.7964647,-6.9072835,0.0 107.7966785,-6.9070083,0.0 107.7967289,-6.9069637,0.0 107.7969791,-6.9066362,0.0 107.7970835,-6.9065059,0.0 107.7971312,-6.9064315,0.0 107.7972311,-6.906295,0.0 107.7973761,-6.906129,0.0 107.7974055,-6.906087,0.0 107.7975563,-6.9058928,0.0 107.7976741,-6.9057716,0.0</coordinates>
            </LineString>
        </Placemark>
        <Placemark id="24624">
            <name>Jalan Soekarno-Hatta</name>
            <styleUrl>#24625</styleUrl>
            <LineString id="24623">
                <coordinates>107.6996008,-6.9363931,0.0 107.699966,-6.9363616,0.0 107.700517,-6.9363248,0.0 107.700693,-6.9363113,0.0 107.7012853,-6.9362612,0.0</coordinates>
            </LineString>
        </Placemark>
        <Placemark id="24628">
            <name>Jalan Soekarno-Hatta</name>
            <styleUrl>#24629</styleUrl>
            <LineString id="24627">
                <coordinates>107.7012853,-6.9362612,0.0 107.701469,-6.9362517,0.0 107.7016509,-6.9362368,0.0 107.702019,-6.9362066,0.0 107.7022514,-6.9361918,0.0 107.7026383,-6.9361626,0.0 107.7028012,-6.9361504,0.0 107.7028524,-6.9361465,0.0 107.7032813,-6.9361181,0.0 107.703828,-6.9360729,0.0 107.7041754,-6.9360441,0.0 107.7044273,-6.9360277,0.0 107.7048644,-6.9359947,0.0 107.7053936,-6.9359548,0.0 107.7056283,-6.9359371,0.0 107.706611,-6.935863,0.0</coordinates>
            </LineString>
        </Placemark>
        <Placemark id="24632">
            <name>Jalan Soekarno-Hatta</name>
            <styleUrl>#24633</styleUrl>
            <LineString id="24631">
                <coordinates>107.6919976,-6.9369777,0.0 107.6922068,-6.9369654,0.0</coordinates>
            </LineString>
        </Placemark>
        <Placemark id="24636">
            <name>Jalan Soekarno-Hatta</name>
            <styleUrl>#24637</styleUrl>
            <LineString id="24635">
                <coordinates>107.6925509,-6.9369475,0.0 107.6926303,-6.9369434,0.0</coordinates>
            </LineString>
        </Placemark>
        <Placemark id="24640">
            <name>Bunderan Cibiru</name>
            <styleUrl>#24641</styleUrl>
            <LineString id="24639">
                <coordinates>107.7177552,-6.9347327,0.0 107.7178073,-6.9347559,0.0</coordinates>
            </LineString>
        </Placemark>
        <Placemark id="24644">
            <name>Jalan Raya Cinunuk</name>
            <styleUrl>#24645</styleUrl>
            <LineString id="24643">
                <coordinates>107.7322724,-6.9376624,0.0 107.7322323,-6.9376474,0.0</coordinates>
            </LineString>
        </Placemark>
        <Placemark id="24648">
            <name>Jalan Soekarno-Hatta</name>
            <styleUrl>#24649</styleUrl>
            <LineString id="24647">
                <coordinates>107.7135427,-6.9353696,0.0 107.7147759,-6.9352805,0.0 107.7149213,-6.9352741,0.0 107.7150287,-6.9352693,0.0 107.7154137,-6.9352434,0.0 107.7155024,-6.9352354,0.0 107.715834,-6.9352156,0.0</coordinates>
            </LineString>
        </Placemark>
        <Placemark id="24652">
            <name>Jalan Soekarno-Hatta</name>
            <styleUrl>#24653</styleUrl>
            <LineString id="24651">
                <coordinates>107.7114824,-6.9355257,0.0 107.7133258,-6.9353812,0.0 107.7135427,-6.9353696,0.0</coordinates>
            </LineString>
        </Placemark>
        <Placemark id="24656">
            <name>Route Segment</name>
            <styleUrl>#24657</styleUrl>
            <LineString id="24655">
                <coordinates>107.7977429,-6.905703,0.0 107.798194,-6.9057915,0.0 107.7985167,-6.9058549,0.0</coordinates>
            </LineString>
        </Placemark>
        <Placemark id="24660">
            <name>Jalan Asia Afrika</name>
            <styleUrl>#24661</styleUrl>
            <LineString id="24659">
                <coordinates>107.607526,-6.921273,0.0 107.6073101,-6.9212392,0.0 107.6072565,-6.9212135,0.0 107.6072035,-6.9211727,0.0</coordinates>
            </LineString>
        </Placemark>
        <Placemark id="24664">
            <name>Route Segment</name>
            <styleUrl>#24665</styleUrl>
            <LineString id="24663">
                <coordinates>107.7976741,-6.9057716,0.0 107.7977429,-6.905703,0.0</coordinates>
            </LineString>
        </Placemark>
        <Placemark id="24668">
            <name>Jalan Pungkur</name>
            <styleUrl>#24669</styleUrl>
            <LineString id="24667">
                <coordinates>107.6062469,-6.9274175,0.0 107.6059177,-6.9273911,0.0</coordinates>
            </LineString>
        </Placemark>
        <Placemark id="24672">
            <name>Jalan Soekarno-Hatta</name>
            <styleUrl>#24673</styleUrl>
            <LineString id="24671">
                <coordinates>107.6971378,-6.936579,0.0 107.6973063,-6.9365674,0.0</coordinates>
            </LineString>
        </Placemark>
        <Placemark id="24676">
            <name>Jalan Abdul Haris Nasution</name>
            <styleUrl>#24677</styleUrl>
            <LineString id="24675">
                <coordinates>107.7197006,-6.9348205,0.0 107.7198341,-6.9347993,0.0 107.7199175,-6.934786,0.0 107.7202866,-6.9347224,0.0 107.7203229,-6.9347131,0.0 107.7203848,-6.9347037,0.0 107.7207772,-6.9346359,0.0 107.7209059,-6.9345961,0.0 107.7211706,-6.9344846,0.0 107.7211896,-6.9344756,0.0 107.7214743,-6.9343315,0.0 107.7215528,-6.9342906,0.0 107.7217658,-6.9341795,0.0 107.7219508,-6.9340884,0.0</coordinates>
            </LineString>
        </Placemark>
        <Placemark id="24680">
            <name>Jalan Raya Cibiru</name>
            <styleUrl>#24681</styleUrl>
            <LineString id="24679">
                <coordinates>107.7219508,-6.9340884,0.0 107.7220243,-6.9340522,0.0</coordinates>
            </LineString>
        </Placemark>
        <Placemark id="24684">
            <name>Jalan Raya Jatinangor</name>
            <styleUrl>#24685</styleUrl>
            <LineString id="24683">
                <coordinates>107.7679063,-6.934321,0.0 107.7681579,-6.9342545,0.0 107.7684973,-6.9341574,0.0 107.768833,-6.9340581,0.0 107.7688726,-6.9340481,0.0 107.7696761,-6.9338458,0.0 107.7703987,-6.9336234,0.0 107.7708274,-6.9334914,0.0 107.7709455,-6.9334391,0.0 107.7713808,-6.9332463,0.0 107.7714431,-6.9332174,0.0 107.7717685,-6.9330746,0.0 107.7718028,-6.9330593,0.0 107.7718574,-6.9330345,0.0 107.7721133,-6.9329352,0.0 107.7721658,-6.932914,0.0 107.7722158,-6.9328953,0.0</coordinates>
            </LineString>
        </Placemark>
        <Placemark id="24688">
            <name>Jalan Raya Cibiru</name>
            <styleUrl>#24689</styleUrl>
            <LineString id="24687">
                <coordinates>107.7220243,-6.9340522,0.0 107.722282,-6.9339252,0.0 107.7225917,-6.9337598,0.0 107.7226921,-6.9337043,0.0 107.723025,-6.933527,0.0</coordinates>
            </LineString>
        </Placemark>
        <Placemark id="24692">
            <name>Jalan Soekarno-Hatta</name>
            <styleUrl>#24693</styleUrl>
            <LineString id="24691">
                <coordinates>107.7103429,-6.9355981,0.0 107.7105349,-6.935584,0.0 107.7108932,-6.935568,0.0</coordinates>
            </LineString>
        </Placemark>
        <Placemark id="24696">
            <name>SDN Moh. Toha</name>
            <styleUrl>#24697</styleUrl>
            <Point id="24695">
                <coordinates>107.6067877,-6.9301452,0.0</coordinates>
            </Point>
        </Placemark>
    </Document>
</kml>
