<?xml version="1.0" encoding="UTF-8"?>
<kml xmlns="http://www.opengis.net/kml/2.2" xmlns:gx="http://www.google.com/kml/ext/2.2">
    <Document id="23183">
        <Style id="23189">
            <IconStyle id="23190">
                <colorMode>normal</colorMode>
                <scale>1</scale>
                <heading>0</heading>
                <Icon id="23191">
                    <href>http://maps.google.com/mapfiles/kml/pushpin/ylw-pushpin.png</href>
                </Icon>
            </IconStyle>
        </Style>
        <Style id="23194">
            <LineStyle id="23195">
                <color>ff6633CC</color>
                <colorMode>normal</colorMode>
                <width>4</width>
            </LineStyle>
        </Style>
        <Style id="23198">
            <LineStyle id="23199">
                <color>ff6633CC</color>
                <colorMode>normal</colorMode>
                <width>4</width>
            </LineStyle>
        </Style>
        <Style id="23202">
            <LineStyle id="23203">
                <color>ff6633CC</color>
                <colorMode>normal</colorMode>
                <width>4</width>
            </LineStyle>
        </Style>
        <Style id="23206">
            <LineStyle id="23207">
                <color>ff6633CC</color>
                <colorMode>normal</colorMode>
                <width>4</width>
            </LineStyle>
        </Style>
        <Style id="23210">
            <LineStyle id="23211">
                <color>ff6633CC</color>
                <colorMode>normal</colorMode>
                <width>4</width>
            </LineStyle>
        </Style>
        <Style id="23214">
            <LineStyle id="23215">
                <color>ff6633CC</color>
                <colorMode>normal</colorMode>
                <width>4</width>
            </LineStyle>
        </Style>
        <Style id="23218">
            <LineStyle id="23219">
                <color>ff6633CC</color>
                <colorMode>normal</colorMode>
                <width>4</width>
            </LineStyle>
        </Style>
        <Style id="23222">
            <LineStyle id="23223">
                <color>ff6633CC</color>
                <colorMode>normal</colorMode>
                <width>4</width>
            </LineStyle>
        </Style>
        <Style id="23226">
            <LineStyle id="23227">
                <color>ff6633CC</color>
                <colorMode>normal</colorMode>
                <width>4</width>
            </LineStyle>
        </Style>
        <Style id="23230">
            <LineStyle id="23231">
                <color>ff6633CC</color>
                <colorMode>normal</colorMode>
                <width>4</width>
            </LineStyle>
        </Style>
        <Style id="23234">
            <LineStyle id="23235">
                <color>ff6633CC</color>
                <colorMode>normal</colorMode>
                <width>4</width>
            </LineStyle>
        </Style>
        <Style id="23238">
            <LineStyle id="23239">
                <color>ff6633CC</color>
                <colorMode>normal</colorMode>
                <width>4</width>
            </LineStyle>
        </Style>
        <Style id="23242">
            <LineStyle id="23243">
                <color>ff6633CC</color>
                <colorMode>normal</colorMode>
                <width>4</width>
            </LineStyle>
        </Style>
        <Style id="23246">
            <LineStyle id="23247">
                <color>ff6633CC</color>
                <colorMode>normal</colorMode>
                <width>4</width>
            </LineStyle>
        </Style>
        <Style id="23250">
            <LineStyle id="23251">
                <color>ff6633CC</color>
                <colorMode>normal</colorMode>
                <width>4</width>
            </LineStyle>
        </Style>
        <Style id="23254">
            <LineStyle id="23255">
                <color>ff6633CC</color>
                <colorMode>normal</colorMode>
                <width>4</width>
            </LineStyle>
        </Style>
        <Style id="23258">
            <LineStyle id="23259">
                <color>ff6633CC</color>
                <colorMode>normal</colorMode>
                <width>4</width>
            </LineStyle>
        </Style>
        <Style id="23262">
            <LineStyle id="23263">
                <color>ff6633CC</color>
                <colorMode>normal</colorMode>
                <width>4</width>
            </LineStyle>
        </Style>
        <Style id="23266">
            <LineStyle id="23267">
                <color>ff6633CC</color>
                <colorMode>normal</colorMode>
                <width>4</width>
            </LineStyle>
        </Style>
        <Style id="23270">
            <LineStyle id="23271">
                <color>ff6633CC</color>
                <colorMode>normal</colorMode>
                <width>4</width>
            </LineStyle>
        </Style>
        <Style id="23274">
            <LineStyle id="23275">
                <color>ff6633CC</color>
                <colorMode>normal</colorMode>
                <width>4</width>
            </LineStyle>
        </Style>
        <Style id="23278">
            <LineStyle id="23279">
                <color>ff6633CC</color>
                <colorMode>normal</colorMode>
                <width>4</width>
            </LineStyle>
        </Style>
        <Style id="23282">
            <LineStyle id="23283">
                <color>ff6633CC</color>
                <colorMode>normal</colorMode>
                <width>4</width>
            </LineStyle>
        </Style>
        <Style id="23286">
            <LineStyle id="23287">
                <color>ff6633CC</color>
                <colorMode>normal</colorMode>
                <width>4</width>
            </LineStyle>
        </Style>
        <Style id="23290">
            <LineStyle id="23291">
                <color>ff6633CC</color>
                <colorMode>normal</colorMode>
                <width>4</width>
            </LineStyle>
        </Style>
        <Style id="23294">
            <LineStyle id="23295">
                <color>ff6633CC</color>
                <colorMode>normal</colorMode>
                <width>4</width>
            </LineStyle>
        </Style>
        <Style id="23298">
            <LineStyle id="23299">
                <color>ff6633CC</color>
                <colorMode>normal</colorMode>
                <width>4</width>
            </LineStyle>
        </Style>
        <Style id="23302">
            <LineStyle id="23303">
                <color>ff6633CC</color>
                <colorMode>normal</colorMode>
                <width>4</width>
            </LineStyle>
        </Style>
        <Style id="23306">
            <LineStyle id="23307">
                <color>ff6633CC</color>
                <colorMode>normal</colorMode>
                <width>4</width>
            </LineStyle>
        </Style>
        <Style id="23310">
            <LineStyle id="23311">
                <color>ff6633CC</color>
                <colorMode>normal</colorMode>
                <width>4</width>
            </LineStyle>
        </Style>
        <Style id="23314">
            <LineStyle id="23315">
                <color>ff6633CC</color>
                <colorMode>normal</colorMode>
                <width>4</width>
            </LineStyle>
        </Style>
        <Style id="23318">
            <LineStyle id="23319">
                <color>ff6633CC</color>
                <colorMode>normal</colorMode>
                <width>4</width>
            </LineStyle>
        </Style>
        <Style id="23322">
            <LineStyle id="23323">
                <color>ff6633CC</color>
                <colorMode>normal</colorMode>
                <width>4</width>
            </LineStyle>
        </Style>
        <Style id="23326">
            <LineStyle id="23327">
                <color>ff6633CC</color>
                <colorMode>normal</colorMode>
                <width>4</width>
            </LineStyle>
        </Style>
        <Style id="23330">
            <LineStyle id="23331">
                <color>ff6633CC</color>
                <colorMode>normal</colorMode>
                <width>4</width>
            </LineStyle>
        </Style>
        <Style id="23334">
            <LineStyle id="23335">
                <color>ff6633CC</color>
                <colorMode>normal</colorMode>
                <width>4</width>
            </LineStyle>
        </Style>
        <Style id="23338">
            <LineStyle id="23339">
                <color>ff6633CC</color>
                <colorMode>normal</colorMode>
                <width>4</width>
            </LineStyle>
        </Style>
        <Style id="23342">
            <LineStyle id="23343">
                <color>ff6633CC</color>
                <colorMode>normal</colorMode>
                <width>4</width>
            </LineStyle>
        </Style>
        <Style id="23346">
            <LineStyle id="23347">
                <color>ff6633CC</color>
                <colorMode>normal</colorMode>
                <width>4</width>
            </LineStyle>
        </Style>
        <Style id="23350">
            <LineStyle id="23351">
                <color>ff6633CC</color>
                <colorMode>normal</colorMode>
                <width>4</width>
            </LineStyle>
        </Style>
        <Style id="23354">
            <LineStyle id="23355">
                <color>ff6633CC</color>
                <colorMode>normal</colorMode>
                <width>4</width>
            </LineStyle>
        </Style>
        <Style id="23358">
            <LineStyle id="23359">
                <color>ff6633CC</color>
                <colorMode>normal</colorMode>
                <width>4</width>
            </LineStyle>
        </Style>
        <Style id="23362">
            <LineStyle id="23363">
                <color>ff6633CC</color>
                <colorMode>normal</colorMode>
                <width>4</width>
            </LineStyle>
        </Style>
        <Style id="23366">
            <LineStyle id="23367">
                <color>ff6633CC</color>
                <colorMode>normal</colorMode>
                <width>4</width>
            </LineStyle>
        </Style>
        <Style id="23370">
            <LineStyle id="23371">
                <color>ff6633CC</color>
                <colorMode>normal</colorMode>
                <width>4</width>
            </LineStyle>
        </Style>
        <Style id="23374">
            <LineStyle id="23375">
                <color>ff6633CC</color>
                <colorMode>normal</colorMode>
                <width>4</width>
            </LineStyle>
        </Style>
        <Style id="23378">
            <LineStyle id="23379">
                <color>ff6633CC</color>
                <colorMode>normal</colorMode>
                <width>4</width>
            </LineStyle>
        </Style>
        <Style id="23382">
            <LineStyle id="23383">
                <color>ff6633CC</color>
                <colorMode>normal</colorMode>
                <width>4</width>
            </LineStyle>
        </Style>
        <Style id="23386">
            <LineStyle id="23387">
                <color>ff6633CC</color>
                <colorMode>normal</colorMode>
                <width>4</width>
            </LineStyle>
        </Style>
        <Style id="23390">
            <LineStyle id="23391">
                <color>ff6633CC</color>
                <colorMode>normal</colorMode>
                <width>4</width>
            </LineStyle>
        </Style>
        <Style id="23394">
            <LineStyle id="23395">
                <color>ff6633CC</color>
                <colorMode>normal</colorMode>
                <width>4</width>
            </LineStyle>
        </Style>
        <Style id="23398">
            <LineStyle id="23399">
                <color>ff6633CC</color>
                <colorMode>normal</colorMode>
                <width>4</width>
            </LineStyle>
        </Style>
        <Style id="23402">
            <LineStyle id="23403">
                <color>ff6633CC</color>
                <colorMode>normal</colorMode>
                <width>4</width>
            </LineStyle>
        </Style>
        <Style id="23406">
            <LineStyle id="23407">
                <color>ff6633CC</color>
                <colorMode>normal</colorMode>
                <width>4</width>
            </LineStyle>
        </Style>
        <Style id="23410">
            <LineStyle id="23411">
                <color>ff6633CC</color>
                <colorMode>normal</colorMode>
                <width>4</width>
            </LineStyle>
        </Style>
        <Style id="23414">
            <LineStyle id="23415">
                <color>ff6633CC</color>
                <colorMode>normal</colorMode>
                <width>4</width>
            </LineStyle>
        </Style>
        <Style id="23418">
            <LineStyle id="23419">
                <color>ff6633CC</color>
                <colorMode>normal</colorMode>
                <width>4</width>
            </LineStyle>
        </Style>
        <Style id="23422">
            <LineStyle id="23423">
                <color>ff6633CC</color>
                <colorMode>normal</colorMode>
                <width>4</width>
            </LineStyle>
        </Style>
        <Style id="23426">
            <LineStyle id="23427">
                <color>ff6633CC</color>
                <colorMode>normal</colorMode>
                <width>4</width>
            </LineStyle>
        </Style>
        <Style id="23430">
            <LineStyle id="23431">
                <color>ff6633CC</color>
                <colorMode>normal</colorMode>
                <width>4</width>
            </LineStyle>
        </Style>
        <Style id="23434">
            <LineStyle id="23435">
                <color>ff6633CC</color>
                <colorMode>normal</colorMode>
                <width>4</width>
            </LineStyle>
        </Style>
        <Style id="23438">
            <LineStyle id="23439">
                <color>ff6633CC</color>
                <colorMode>normal</colorMode>
                <width>4</width>
            </LineStyle>
        </Style>
        <Style id="23442">
            <LineStyle id="23443">
                <color>ff6633CC</color>
                <colorMode>normal</colorMode>
                <width>4</width>
            </LineStyle>
        </Style>
        <Style id="23446">
            <LineStyle id="23447">
                <color>ff6633CC</color>
                <colorMode>normal</colorMode>
                <width>4</width>
            </LineStyle>
        </Style>
        <Style id="23450">
            <LineStyle id="23451">
                <color>ff6633CC</color>
                <colorMode>normal</colorMode>
                <width>4</width>
            </LineStyle>
        </Style>
        <Style id="23454">
            <LineStyle id="23455">
                <color>ff6633CC</color>
                <colorMode>normal</colorMode>
                <width>4</width>
            </LineStyle>
        </Style>
        <Style id="23458">
            <LineStyle id="23459">
                <color>ff6633CC</color>
                <colorMode>normal</colorMode>
                <width>4</width>
            </LineStyle>
        </Style>
        <Style id="23462">
            <LineStyle id="23463">
                <color>ff6633CC</color>
                <colorMode>normal</colorMode>
                <width>4</width>
            </LineStyle>
        </Style>
        <Style id="23466">
            <LineStyle id="23467">
                <color>ff6633CC</color>
                <colorMode>normal</colorMode>
                <width>4</width>
            </LineStyle>
        </Style>
        <Style id="23470">
            <LineStyle id="23471">
                <color>ff6633CC</color>
                <colorMode>normal</colorMode>
                <width>4</width>
            </LineStyle>
        </Style>
        <Style id="23474">
            <LineStyle id="23475">
                <color>ff6633CC</color>
                <colorMode>normal</colorMode>
                <width>4</width>
            </LineStyle>
        </Style>
        <Style id="23478">
            <LineStyle id="23479">
                <color>ff6633CC</color>
                <colorMode>normal</colorMode>
                <width>4</width>
            </LineStyle>
        </Style>
        <Style id="23482">
            <LineStyle id="23483">
                <color>ff6633CC</color>
                <colorMode>normal</colorMode>
                <width>4</width>
            </LineStyle>
        </Style>
        <Style id="23486">
            <LineStyle id="23487">
                <color>ff6633CC</color>
                <colorMode>normal</colorMode>
                <width>4</width>
            </LineStyle>
        </Style>
        <Style id="23490">
            <LineStyle id="23491">
                <color>ff6633CC</color>
                <colorMode>normal</colorMode>
                <width>4</width>
            </LineStyle>
        </Style>
        <Style id="23494">
            <LineStyle id="23495">
                <color>ff6633CC</color>
                <colorMode>normal</colorMode>
                <width>4</width>
            </LineStyle>
        </Style>
        <Style id="23498">
            <LineStyle id="23499">
                <color>ff6633CC</color>
                <colorMode>normal</colorMode>
                <width>4</width>
            </LineStyle>
        </Style>
        <Style id="23502">
            <LineStyle id="23503">
                <color>ff6633CC</color>
                <colorMode>normal</colorMode>
                <width>4</width>
            </LineStyle>
        </Style>
        <Style id="23506">
            <LineStyle id="23507">
                <color>ff6633CC</color>
                <colorMode>normal</colorMode>
                <width>4</width>
            </LineStyle>
        </Style>
        <Style id="23510">
            <LineStyle id="23511">
                <color>ff6633CC</color>
                <colorMode>normal</colorMode>
                <width>4</width>
            </LineStyle>
        </Style>
        <Style id="23514">
            <LineStyle id="23515">
                <color>ff6633CC</color>
                <colorMode>normal</colorMode>
                <width>4</width>
            </LineStyle>
        </Style>
        <Style id="23518">
            <LineStyle id="23519">
                <color>ff6633CC</color>
                <colorMode>normal</colorMode>
                <width>4</width>
            </LineStyle>
        </Style>
        <Style id="23522">
            <LineStyle id="23523">
                <color>ff6633CC</color>
                <colorMode>normal</colorMode>
                <width>4</width>
            </LineStyle>
        </Style>
        <Style id="23526">
            <LineStyle id="23527">
                <color>ff6633CC</color>
                <colorMode>normal</colorMode>
                <width>4</width>
            </LineStyle>
        </Style>
        <Style id="23530">
            <LineStyle id="23531">
                <color>ff6633CC</color>
                <colorMode>normal</colorMode>
                <width>4</width>
            </LineStyle>
        </Style>
        <Style id="23534">
            <LineStyle id="23535">
                <color>ff6633CC</color>
                <colorMode>normal</colorMode>
                <width>4</width>
            </LineStyle>
        </Style>
        <Style id="23538">
            <LineStyle id="23539">
                <color>ff6633CC</color>
                <colorMode>normal</colorMode>
                <width>4</width>
            </LineStyle>
        </Style>
        <Style id="23542">
            <LineStyle id="23543">
                <color>ff6633CC</color>
                <colorMode>normal</colorMode>
                <width>4</width>
            </LineStyle>
        </Style>
        <Style id="23546">
            <LineStyle id="23547">
                <color>ff6633CC</color>
                <colorMode>normal</colorMode>
                <width>4</width>
            </LineStyle>
        </Style>
        <Style id="23550">
            <LineStyle id="23551">
                <color>ff6633CC</color>
                <colorMode>normal</colorMode>
                <width>4</width>
            </LineStyle>
        </Style>
        <Style id="23554">
            <LineStyle id="23555">
                <color>ff6633CC</color>
                <colorMode>normal</colorMode>
                <width>4</width>
            </LineStyle>
        </Style>
        <Style id="23558">
            <LineStyle id="23559">
                <color>ff6633CC</color>
                <colorMode>normal</colorMode>
                <width>4</width>
            </LineStyle>
        </Style>
        <Style id="23562">
            <LineStyle id="23563">
                <color>ff6633CC</color>
                <colorMode>normal</colorMode>
                <width>4</width>
            </LineStyle>
        </Style>
        <Style id="23566">
            <LineStyle id="23567">
                <color>ff6633CC</color>
                <colorMode>normal</colorMode>
                <width>4</width>
            </LineStyle>
        </Style>
        <Style id="23570">
            <LineStyle id="23571">
                <color>ff6633CC</color>
                <colorMode>normal</colorMode>
                <width>4</width>
            </LineStyle>
        </Style>
        <Style id="23574">
            <LineStyle id="23575">
                <color>ff6633CC</color>
                <colorMode>normal</colorMode>
                <width>4</width>
            </LineStyle>
        </Style>
        <Style id="23578">
            <LineStyle id="23579">
                <color>ff6633CC</color>
                <colorMode>normal</colorMode>
                <width>4</width>
            </LineStyle>
        </Style>
        <Style id="23582">
            <LineStyle id="23583">
                <color>ff6633CC</color>
                <colorMode>normal</colorMode>
                <width>4</width>
            </LineStyle>
        </Style>
        <Style id="23586">
            <LineStyle id="23587">
                <color>ff6633CC</color>
                <colorMode>normal</colorMode>
                <width>4</width>
            </LineStyle>
        </Style>
        <Style id="23590">
            <LineStyle id="23591">
                <color>ff6633CC</color>
                <colorMode>normal</colorMode>
                <width>4</width>
            </LineStyle>
        </Style>
        <Style id="23594">
            <LineStyle id="23595">
                <color>ff6633CC</color>
                <colorMode>normal</colorMode>
                <width>4</width>
            </LineStyle>
        </Style>
        <Style id="23598">
            <LineStyle id="23599">
                <color>ff6633CC</color>
                <colorMode>normal</colorMode>
                <width>4</width>
            </LineStyle>
        </Style>
        <Style id="23602">
            <LineStyle id="23603">
                <color>ff6633CC</color>
                <colorMode>normal</colorMode>
                <width>4</width>
            </LineStyle>
        </Style>
        <Style id="23606">
            <LineStyle id="23607">
                <color>ff6633CC</color>
                <colorMode>normal</colorMode>
                <width>4</width>
            </LineStyle>
        </Style>
        <Style id="23610">
            <LineStyle id="23611">
                <color>ff6633CC</color>
                <colorMode>normal</colorMode>
                <width>4</width>
            </LineStyle>
        </Style>
        <Style id="23614">
            <LineStyle id="23615">
                <color>ff6633CC</color>
                <colorMode>normal</colorMode>
                <width>4</width>
            </LineStyle>
        </Style>
        <Style id="23618">
            <LineStyle id="23619">
                <color>ff6633CC</color>
                <colorMode>normal</colorMode>
                <width>4</width>
            </LineStyle>
        </Style>
        <Style id="23622">
            <LineStyle id="23623">
                <color>ff6633CC</color>
                <colorMode>normal</colorMode>
                <width>4</width>
            </LineStyle>
        </Style>
        <Style id="23626">
            <LineStyle id="23627">
                <color>ff6633CC</color>
                <colorMode>normal</colorMode>
                <width>4</width>
            </LineStyle>
        </Style>
        <Style id="23630">
            <LineStyle id="23631">
                <color>ff6633CC</color>
                <colorMode>normal</colorMode>
                <width>4</width>
            </LineStyle>
        </Style>
        <Style id="23634">
            <LineStyle id="23635">
                <color>ff6633CC</color>
                <colorMode>normal</colorMode>
                <width>4</width>
            </LineStyle>
        </Style>
        <Style id="23638">
            <LineStyle id="23639">
                <color>ff6633CC</color>
                <colorMode>normal</colorMode>
                <width>4</width>
            </LineStyle>
        </Style>
        <Style id="23642">
            <LineStyle id="23643">
                <color>ff6633CC</color>
                <colorMode>normal</colorMode>
                <width>4</width>
            </LineStyle>
        </Style>
        <Style id="23646">
            <LineStyle id="23647">
                <color>ff6633CC</color>
                <colorMode>normal</colorMode>
                <width>4</width>
            </LineStyle>
        </Style>
        <Style id="23650">
            <LineStyle id="23651">
                <color>ff6633CC</color>
                <colorMode>normal</colorMode>
                <width>4</width>
            </LineStyle>
        </Style>
        <Style id="23654">
            <LineStyle id="23655">
                <color>ff6633CC</color>
                <colorMode>normal</colorMode>
                <width>4</width>
            </LineStyle>
        </Style>
        <Style id="23658">
            <LineStyle id="23659">
                <color>ff6633CC</color>
                <colorMode>normal</colorMode>
                <width>4</width>
            </LineStyle>
        </Style>
        <Style id="23662">
            <LineStyle id="23663">
                <color>ff6633CC</color>
                <colorMode>normal</colorMode>
                <width>4</width>
            </LineStyle>
        </Style>
        <Style id="23666">
            <LineStyle id="23667">
                <color>ff6633CC</color>
                <colorMode>normal</colorMode>
                <width>4</width>
            </LineStyle>
        </Style>
        <Style id="23670">
            <LineStyle id="23671">
                <color>ff6633CC</color>
                <colorMode>normal</colorMode>
                <width>4</width>
            </LineStyle>
        </Style>
        <Style id="23674">
            <LineStyle id="23675">
                <color>ff6633CC</color>
                <colorMode>normal</colorMode>
                <width>4</width>
            </LineStyle>
        </Style>
        <Style id="23678">
            <LineStyle id="23679">
                <color>ff6633CC</color>
                <colorMode>normal</colorMode>
                <width>4</width>
            </LineStyle>
        </Style>
        <Style id="23682">
            <LineStyle id="23683">
                <color>ff6633CC</color>
                <colorMode>normal</colorMode>
                <width>4</width>
            </LineStyle>
        </Style>
        <Style id="23686">
            <LineStyle id="23687">
                <color>ff6633CC</color>
                <colorMode>normal</colorMode>
                <width>4</width>
            </LineStyle>
        </Style>
        <Style id="23690">
            <LineStyle id="23691">
                <color>ff6633CC</color>
                <colorMode>normal</colorMode>
                <width>4</width>
            </LineStyle>
        </Style>
        <Style id="23694">
            <LineStyle id="23695">
                <color>ff6633CC</color>
                <colorMode>normal</colorMode>
                <width>4</width>
            </LineStyle>
        </Style>
        <Style id="23698">
            <LineStyle id="23699">
                <color>ff6633CC</color>
                <colorMode>normal</colorMode>
                <width>4</width>
            </LineStyle>
        </Style>
        <Style id="23702">
            <LineStyle id="23703">
                <color>ff6633CC</color>
                <colorMode>normal</colorMode>
                <width>4</width>
            </LineStyle>
        </Style>
        <Style id="23706">
            <LineStyle id="23707">
                <color>ff6633CC</color>
                <colorMode>normal</colorMode>
                <width>4</width>
            </LineStyle>
        </Style>
        <Style id="23710">
            <LineStyle id="23711">
                <color>ff6633CC</color>
                <colorMode>normal</colorMode>
                <width>4</width>
            </LineStyle>
        </Style>
        <Style id="23714">
            <LineStyle id="23715">
                <color>ff6633CC</color>
                <colorMode>normal</colorMode>
                <width>4</width>
            </LineStyle>
        </Style>
        <Style id="23718">
            <LineStyle id="23719">
                <color>ff6633CC</color>
                <colorMode>normal</colorMode>
                <width>4</width>
            </LineStyle>
        </Style>
        <Style id="23722">
            <LineStyle id="23723">
                <color>ff6633CC</color>
                <colorMode>normal</colorMode>
                <width>4</width>
            </LineStyle>
        </Style>
        <Style id="23726">
            <LineStyle id="23727">
                <color>ff6633CC</color>
                <colorMode>normal</colorMode>
                <width>4</width>
            </LineStyle>
        </Style>
        <Style id="23730">
            <LineStyle id="23731">
                <color>ff6633CC</color>
                <colorMode>normal</colorMode>
                <width>4</width>
            </LineStyle>
        </Style>
        <Style id="23734">
            <LineStyle id="23735">
                <color>ff6633CC</color>
                <colorMode>normal</colorMode>
                <width>4</width>
            </LineStyle>
        </Style>
        <Style id="23738">
            <LineStyle id="23739">
                <color>ff6633CC</color>
                <colorMode>normal</colorMode>
                <width>4</width>
            </LineStyle>
        </Style>
        <Style id="23742">
            <LineStyle id="23743">
                <color>ff6633CC</color>
                <colorMode>normal</colorMode>
                <width>4</width>
            </LineStyle>
        </Style>
        <Style id="23746">
            <LineStyle id="23747">
                <color>ff6633CC</color>
                <colorMode>normal</colorMode>
                <width>4</width>
            </LineStyle>
        </Style>
        <Style id="23750">
            <LineStyle id="23751">
                <color>ff6633CC</color>
                <colorMode>normal</colorMode>
                <width>4</width>
            </LineStyle>
        </Style>
        <Style id="23754">
            <LineStyle id="23755">
                <color>ff6633CC</color>
                <colorMode>normal</colorMode>
                <width>4</width>
            </LineStyle>
        </Style>
        <Style id="23758">
            <LineStyle id="23759">
                <color>ff6633CC</color>
                <colorMode>normal</colorMode>
                <width>4</width>
            </LineStyle>
        </Style>
        <Style id="23762">
            <LineStyle id="23763">
                <color>ff6633CC</color>
                <colorMode>normal</colorMode>
                <width>4</width>
            </LineStyle>
        </Style>
        <Style id="23766">
            <LineStyle id="23767">
                <color>ff6633CC</color>
                <colorMode>normal</colorMode>
                <width>4</width>
            </LineStyle>
        </Style>
        <Style id="23770">
            <LineStyle id="23771">
                <color>ff6633CC</color>
                <colorMode>normal</colorMode>
                <width>4</width>
            </LineStyle>
        </Style>
        <ExtendedData>
            <Data name="route-name">
                <value>Jalur 8: Tanjungsari → Kebon Kalapa</value>
            </Data>
            <Data name="source">
                <value>Transport for Bandung</value>
            </Data>
        </ExtendedData>
        <Placemark id="23188">
            <name>SDN Moh. Toha</name>
            <styleUrl>#23189</styleUrl>
            <Point id="23187">
                <coordinates>107.6068239,-6.9301306,0.0</coordinates>
            </Point>
        </Placemark>
        <Placemark id="23193">
            <name>Jalan Mohammad Toha</name>
            <styleUrl>#23194</styleUrl>
            <LineString id="23192">
                <coordinates>107.6062697,-6.9369192,0.0 107.6062734,-6.9368359,0.0 107.6062967,-6.9365546,0.0 107.6063142,-6.9363593,0.0 107.6063233,-6.9362301,0.0 107.6063417,-6.936014,0.0 107.6064406,-6.9346805,0.0 107.6064535,-6.9345182,0.0 107.6064952,-6.9339342,0.0 107.606542,-6.9332805,0.0 107.6065448,-6.9332508,0.0 107.6065614,-6.9329988,0.0 107.6065733,-6.9328659,0.0</coordinates>
            </LineString>
        </Placemark>
        <Placemark id="23197">
            <name>Jalan Raya Cibiru</name>
            <styleUrl>#23198</styleUrl>
            <LineString id="23196">
                <coordinates>107.723025,-6.933527,0.0 107.7236581,-6.9332035,0.0 107.7239735,-6.9330533,0.0 107.7241527,-6.9329826,0.0 107.7242508,-6.9329639,0.0 107.7243536,-6.9329703,0.0 107.7245223,-6.9329888,0.0 107.7246554,-6.9330122,0.0 107.7247929,-6.9330363,0.0 107.7250475,-6.9330943,0.0 107.7253078,-6.9331296,0.0 107.725421,-6.9331288,0.0 107.7256228,-6.9331024,0.0 107.7258154,-6.9330625,0.0 107.725958,-6.9330356,0.0 107.7260557,-6.9330369,0.0 107.7261566,-6.9330411,0.0 107.7262662,-6.9330558,0.0 107.7263304,-6.9330795,0.0 107.7266764,-6.9332179,0.0 107.7269811,-6.9333597,0.0 107.7273996,-6.9335849,0.0 107.7277625,-6.9338098,0.0 107.7279053,-6.9339437,0.0 107.7279922,-6.9340554,0.0 107.7280582,-6.9341494,0.0 107.7281157,-6.9342553,0.0 107.7281681,-6.9344058,0.0 107.7282015,-6.9346302,0.0 107.7282133,-6.9347685,0.0 107.7282361,-6.9352455,0.0 107.7282392,-6.9353708,0.0 107.7282655,-6.935551,0.0</coordinates>
            </LineString>
        </Placemark>
        <Placemark id="23201">
            <name>Jalan Sindangsari</name>
            <styleUrl>#23202</styleUrl>
            <LineString id="23200">
                <coordinates>107.7567382,-6.9389134,0.0 107.7567739,-6.9390766,0.0 107.7568577,-6.9394912,0.0 107.7569138,-6.9398023,0.0 107.756922,-6.9400445,0.0 107.7568884,-6.9402795,0.0 107.7567934,-6.9405329,0.0 107.7566826,-6.9407282,0.0 107.7565267,-6.9409422,0.0 107.7563528,-6.9411132,0.0 107.756136,-6.9412518,0.0 107.7560908,-6.941275,0.0 107.7560052,-6.9413191,0.0 107.755796,-6.9414221,0.0 107.7557485,-6.9414449,0.0 107.7556492,-6.9414928,0.0</coordinates>
            </LineString>
        </Placemark>
        <Placemark id="23205">
            <name>Jalan Raya Jatinangor</name>
            <styleUrl>#23206</styleUrl>
            <LineString id="23204">
                <coordinates>107.7765085,-6.9325281,0.0 107.7763908,-6.9325565,0.0 107.7762652,-6.9325853,0.0</coordinates>
            </LineString>
        </Placemark>
        <Placemark id="23209">
            <name>Route Segment</name>
            <styleUrl>#23210</styleUrl>
            <LineString id="23208">
                <coordinates>107.7765085,-6.9325281,0.0 107.7767451,-6.9324677,0.0 107.776925,-6.932412,0.0 107.7772079,-6.9323245,0.0 107.7774194,-6.9322444,0.0 107.7774436,-6.9322344,0.0 107.7779277,-6.9320608,0.0 107.7781011,-6.9319937,0.0 107.7782585,-6.9319316,0.0 107.7783143,-6.9319089,0.0 107.7784652,-6.9318516,0.0 107.778487,-6.9318431,0.0 107.7785404,-6.9318222,0.0 107.7785678,-6.9318115,0.0 107.778701,-6.9317537,0.0 107.778956,-6.9316537,0.0 107.7790342,-6.9316195,0.0 107.7791381,-6.9315719,0.0 107.7792699,-6.9315018,0.0 107.7792761,-6.9314994,0.0 107.7796139,-6.93137,0.0 107.7797962,-6.9312902,0.0 107.7799559,-6.9312262,0.0 107.7800752,-6.931165,0.0 107.7802191,-6.9310666,0.0 107.7802699,-6.9310258,0.0 107.7803617,-6.9308511,0.0 107.7803954,-6.9307176,0.0 107.7803987,-6.9306422,0.0 107.7804171,-6.9304887,0.0 107.7804005,-6.9302491,0.0 107.7804322,-6.9300234,0.0 107.7804491,-6.9298705,0.0 107.7805068,-6.9296945,0.0 107.7805312,-6.9296353,0.0 107.7805783,-6.9295691,0.0 107.7806787,-6.9294449,0.0 107.7807808,-6.9293256,0.0 107.7809201,-6.9291401,0.0 107.7809771,-6.9290485,0.0 107.7810757,-6.9288964,0.0 107.7811352,-6.9288059,0.0 107.7812326,-6.9286927,0.0 107.7813307,-6.9286126,0.0 107.7814683,-6.9285528,0.0 107.7817178,-6.9284876,0.0 107.7818398,-6.9284682,0.0</coordinates>
            </LineString>
        </Placemark>
        <Placemark id="23213">
            <name>Jalan Raya Cileunyi</name>
            <styleUrl>#23214</styleUrl>
            <LineString id="23212">
                <coordinates>107.7523492,-6.9395225,0.0 107.7522994,-6.9395756,0.0 107.7522538,-6.9396339,0.0 107.7521865,-6.9397272,0.0 107.7521106,-6.9398122,0.0 107.7520239,-6.9398717,0.0 107.7519327,-6.939914,0.0 107.7518448,-6.9399409,0.0 107.7517633,-6.9399613,0.0 107.7517158,-6.9399731,0.0 107.7513485,-6.9400136,0.0 107.750995,-6.9400491,0.0 107.7504316,-6.9401054,0.0</coordinates>
            </LineString>
        </Placemark>
        <Placemark id="23217">
            <name>Jalan Soekarno-Hatta</name>
            <styleUrl>#23218</styleUrl>
            <LineString id="23216">
                <coordinates>107.6330945,-6.9481961,0.0 107.6323136,-6.9484371,0.0 107.632106,-6.9485021,0.0 107.6314597,-6.9487033,0.0 107.6309601,-6.9488589,0.0 107.6307204,-6.9489241,0.0 107.630177,-6.949072,0.0 107.6300682,-6.9490915,0.0 107.629949,-6.9491129,0.0 107.6296209,-6.9491718,0.0 107.6292262,-6.9492482,0.0 107.6291488,-6.9492632,0.0 107.6289847,-6.9492968,0.0 107.6287343,-6.94934,0.0</coordinates>
            </LineString>
        </Placemark>
        <Placemark id="23221">
            <name>Jalan Soekarno-Hatta</name>
            <styleUrl>#23222</styleUrl>
            <LineString id="23220">
                <coordinates>107.6219865,-6.9493019,0.0 107.6215623,-6.9492646,0.0</coordinates>
            </LineString>
        </Placemark>
        <Placemark id="23225">
            <name>Jalan Soekarno-Hatta</name>
            <styleUrl>#23226</styleUrl>
            <LineString id="23224">
                <coordinates>107.6215623,-6.9492646,0.0 107.6214774,-6.9492594,0.0</coordinates>
            </LineString>
        </Placemark>
        <Placemark id="23229">
            <name>Route Segment</name>
            <styleUrl>#23230</styleUrl>
            <LineString id="23228">
                <coordinates>107.7820931,-6.9284571,0.0 107.7821199,-6.9284563,0.0 107.7821859,-6.9284528,0.0 107.7822274,-6.9284539,0.0 107.7822635,-6.9284549,0.0 107.7823027,-6.928457,0.0 107.7824562,-6.9284621,0.0 107.7825414,-6.9284869,0.0 107.7826086,-6.9285237,0.0 107.7826516,-6.9285605,0.0 107.782685,-6.9286035,0.0 107.7827105,-6.9286875,0.0 107.7827132,-6.9287899,0.0 107.7826952,-6.9288714,0.0 107.7826381,-6.9290016,0.0 107.782583,-6.9290809,0.0 107.7824684,-6.9291911,0.0 107.782441,-6.9292475,0.0 107.7824194,-6.929304,0.0 107.7824099,-6.9293571,0.0 107.7824231,-6.9294248,0.0 107.782467,-6.929472,0.0 107.7825058,-6.9295128,0.0 107.7825421,-6.9295304,0.0 107.782614,-6.9295482,0.0 107.7826524,-6.9295412,0.0 107.7827224,-6.9295306,0.0 107.7828304,-6.9294693,0.0 107.7829785,-6.929307,0.0 107.783035,-6.9292361,0.0 107.7831356,-6.9291134,0.0 107.7831713,-6.9290854,0.0 107.7832113,-6.9290674,0.0 107.7832958,-6.9290476,0.0 107.7834439,-6.9290379,0.0 107.7835586,-6.9290291,0.0 107.7836907,-6.9290039,0.0 107.7838323,-6.9289084,0.0 107.7838982,-6.9288392,0.0 107.7839765,-6.9287486,0.0 107.7840392,-6.9286323,0.0 107.784098,-6.9285122,0.0 107.7841652,-6.9283635,0.0 107.7841764,-6.9282616,0.0 107.7841913,-6.9281358,0.0 107.7842109,-6.928066,0.0 107.7842194,-6.927985,0.0 107.7842273,-6.927916,0.0 107.7842753,-6.9277816,0.0 107.7843247,-6.9277048,0.0 107.7843382,-6.9276542,0.0 107.7843944,-6.9275571,0.0 107.784456,-6.9274546,0.0 107.7845136,-6.9273534,0.0 107.7845756,-6.927266,0.0 107.7847113,-6.9271353,0.0 107.78481,-6.9270586,0.0 107.7848911,-6.9270046,0.0 107.7849387,-6.9269693,0.0 107.7850789,-6.9269121,0.0 107.7852186,-6.9268294,0.0 107.7852633,-6.9267983,0.0 107.7853082,-6.926767,0.0 107.7853404,-6.9267277,0.0 107.7853873,-6.9266931,0.0 107.7854048,-6.9266494,0.0 107.7854075,-6.9266119,0.0 107.7854034,-6.926566,0.0 107.7853786,-6.9265121,0.0 107.7853464,-6.9264748,0.0 107.7853096,-6.9264488,0.0 107.7852371,-6.9264082,0.0 107.785178,-6.9263691,0.0 107.7851325,-6.926323,0.0 107.7850816,-6.9262425,0.0 107.7850534,-6.9261779,0.0 107.7850386,-6.9261127,0.0 107.7850133,-6.9259557,0.0 107.7848791,-6.9258158,0.0 107.7848482,-6.9258091,0.0 107.7847926,-6.9258025,0.0 107.7847235,-6.9258045,0.0 107.784615,-6.925817,0.0 107.7844643,-6.9258387,0.0 107.7843916,-6.9258437,0.0 107.784328,-6.9258438,0.0 107.7842065,-6.9258432,0.0 107.784117,-6.9258259,0.0 107.7840494,-6.9258,0.0 107.783949,-6.9257113,0.0 107.7839071,-6.9256506,0.0 107.7838613,-6.9255374,0.0 107.7838784,-6.9254039,0.0 107.7839054,-6.9252937,0.0 107.7839369,-6.9252049,0.0 107.783951,-6.9251401,0.0 107.784052,-6.9249967,0.0 107.7841159,-6.9249424,0.0 107.7841789,-6.9248851,0.0 107.7842934,-6.9248146,0.0 107.7843426,-6.9247979,0.0 107.7844514,-6.9247539,0.0 107.784625,-6.9246855,0.0 107.784753,-6.9246369,0.0 107.7848328,-6.9245856,0.0 107.7849293,-6.9245018,0.0 107.7850219,-6.9244365,0.0 107.7850554,-6.9244166,0.0 107.785107,-6.9243759,0.0 107.7852391,-6.9242714,0.0 107.7853985,-6.9241413,0.0 107.7856274,-6.9239359,0.0 107.7856931,-6.9238487,0.0 107.7857662,-6.9237149,0.0 107.7858634,-6.9235865,0.0 107.7859472,-6.9234846,0.0 107.7860485,-6.9233814,0.0 107.7861417,-6.9233122,0.0 107.7862825,-6.9232357,0.0 107.7864803,-6.9231158,0.0 107.786595,-6.9230573,0.0 107.7867023,-6.922984,0.0 107.7867613,-6.9229581,0.0 107.7868549,-6.922911,0.0 107.7869544,-6.9228609,0.0 107.7870778,-6.922789,0.0 107.7873326,-6.9226412,0.0 107.7874506,-6.9225713,0.0 107.7875056,-6.9225387,0.0 107.7875874,-6.9224955,0.0 107.787859,-6.9223903,0.0 107.7880434,-6.9223297,0.0 107.7883324,-6.9222412,0.0 107.7884853,-6.9221946,0.0 107.7885162,-6.9221832,0.0 107.7886878,-6.922108,0.0 107.7887709,-6.9220588,0.0 107.7888595,-6.9220148,0.0 107.789188,-6.9218604,0.0 107.7892779,-6.9218151,0.0 107.7893503,-6.9217699,0.0 107.7894965,-6.921678,0.0 107.7896044,-6.9216088,0.0 107.7896836,-6.9215755,0.0 107.7897761,-6.9215336,0.0 107.7899276,-6.921479,0.0 107.7900906,-6.9214264,0.0 107.7902146,-6.9213944,0.0 107.7902971,-6.9213738,0.0 107.7903695,-6.9213399,0.0 107.7904312,-6.9213026,0.0 107.7904715,-6.9212533,0.0 107.7904849,-6.9212007,0.0 107.7904896,-6.9211791,0.0 107.7904879,-6.9211518,0.0 107.7904812,-6.9211282,0.0 107.7904797,-6.9211075,0.0 107.7904627,-6.9210689,0.0 107.7904393,-6.921047,0.0 107.7904178,-6.9210163,0.0 107.7903535,-6.9209545,0.0 107.7903119,-6.9209298,0.0 107.7902541,-6.9208879,0.0 107.7902193,-6.9208473,0.0 107.7901973,-6.9207977,0.0 107.7901896,-6.9207584,0.0 107.7902038,-6.9207063,0.0 107.7902862,-6.920573,0.0 107.7903468,-6.9205176,0.0 107.790459,-6.9204453,0.0 107.7906928,-6.9202775,0.0 107.7908673,-6.9201408,0.0 107.7909296,-6.9200918,0.0 107.7910051,-6.9200102,0.0 107.7910709,-6.9199534,0.0 107.7912433,-6.9198463,0.0 107.7914105,-6.9197341,0.0 107.7915979,-6.9195949,0.0 107.7917695,-6.919469,0.0 107.7918589,-6.9193992,0.0 107.7918935,-6.9193521,0.0 107.7919735,-6.9192737,0.0 107.7920594,-6.9191532,0.0 107.7921091,-6.9190874,0.0 107.7921346,-6.9190501,0.0 107.7922379,-6.918915,0.0 107.7924399,-6.9187364,0.0 107.7925211,-6.9186464,0.0 107.79267,-6.9184709,0.0 107.7926981,-6.9184407,0.0 107.792825,-6.9182274,0.0 107.7929436,-6.9179882,0.0 107.7929778,-6.9179164,0.0 107.7930287,-6.9178363,0.0 107.7931116,-6.9176949,0.0 107.7931348,-6.9176421,0.0 107.7932845,-6.9173368,0.0 107.7935287,-6.9168613,0.0 107.7936026,-6.9166972,0.0 107.7936297,-6.9166399,0.0 107.7937976,-6.9163462,0.0 107.7939813,-6.9159115,0.0 107.7940343,-6.9157832,0.0 107.7940542,-6.9157222,0.0 107.79406,-6.9156638,0.0 107.7940227,-6.9155644,0.0 107.7940006,-6.9155226,0.0 107.7939765,-6.9154946,0.0 107.7939549,-6.9154641,0.0 107.7939301,-6.9154414,0.0 107.7938907,-6.9154214,0.0 107.7938178,-6.9154037,0.0 107.7936558,-6.9153664,0.0 107.7935435,-6.9153243,0.0 107.7934722,-6.9152763,0.0 107.7934361,-6.9152501,0.0 107.7934018,-6.9152004,0.0 107.7933581,-6.9151363,0.0 107.7932998,-6.9150252,0.0 107.7932572,-6.9149147,0.0 107.7932251,-6.9147421,0.0 107.7931981,-6.914661,0.0 107.7931608,-6.9144691,0.0 107.7931213,-6.9142694,0.0 107.7930839,-6.914088,0.0 107.79305,-6.9139655,0.0 107.7929914,-6.9137898,0.0 107.7928947,-6.9135941,0.0 107.7927876,-6.9134122,0.0 107.7927547,-6.9133495,0.0 107.7927352,-6.9132373,0.0 107.7927588,-6.913188,0.0 107.7927691,-6.9131689,0.0 107.7927845,-6.9131535,0.0 107.792817,-6.9131324,0.0 107.7928496,-6.9131189,0.0 107.7928865,-6.9131072,0.0 107.792922,-6.9131009,0.0 107.7929639,-6.9130984,0.0 107.7930209,-6.9131221,0.0 107.7930505,-6.9131455,0.0 107.7930881,-6.9131796,0.0 107.7931975,-6.9133355,0.0 107.7933777,-6.9135412,0.0 107.7934918,-6.9136837,0.0 107.7936082,-6.9138005,0.0 107.7936836,-6.9138459,0.0 107.7937384,-6.913871,0.0 107.7937982,-6.9138839,0.0 107.793922,-6.913892,0.0 107.7939938,-6.9138751,0.0 107.7940891,-6.9138549,0.0 107.7942221,-6.9137925,0.0 107.7942614,-6.9137565,0.0 107.794299,-6.9137166,0.0 107.7943435,-6.9136395,0.0 107.7944559,-6.9134743,0.0 107.794592,-6.9132962,0.0 107.7946875,-6.9130562,0.0 107.7947594,-6.9128981,0.0 107.7948035,-6.9127988,0.0 107.7948573,-6.9126753,0.0 107.7949208,-6.9125466,0.0 107.7949886,-6.9123024,0.0 107.7951878,-6.9116831,0.0 107.7952477,-6.9114992,0.0 107.7953159,-6.9112898,0.0 107.7953135,-6.9111817,0.0 107.7953134,-6.9111022,0.0 107.7952708,-6.9109199,0.0 107.795264,-6.9108934,0.0 107.7951769,-6.9104644,0.0 107.7951406,-6.9102916,0.0 107.7951057,-6.9100473,0.0 107.7950655,-6.9098755,0.0 107.79506,-6.909652,0.0 107.7950631,-6.9094699,0.0 107.7950953,-6.9093162,0.0 107.7951348,-6.9091377,0.0 107.7952257,-6.9089443,0.0 107.7953197,-6.9087933,0.0 107.7954026,-6.9086765,0.0 107.7958363,-6.9080971,0.0 107.7959097,-6.9079951,0.0</coordinates>
            </LineString>
        </Placemark>
        <Placemark id="23233">
            <name>Route Segment</name>
            <styleUrl>#23234</styleUrl>
            <LineString id="23232">
                <coordinates>107.7818398,-6.9284682,0.0 107.7819734,-6.9284596,0.0 107.7820931,-6.9284571,0.0</coordinates>
            </LineString>
        </Placemark>
        <Placemark id="23237">
            <name>Jalan Mohammad Toha</name>
            <styleUrl>#23238</styleUrl>
            <LineString id="23236">
                <coordinates>107.6061651,-6.9376173,0.0 107.6061748,-6.9375256,0.0</coordinates>
            </LineString>
        </Placemark>
        <Placemark id="23241">
            <name>Jalan Soekarno-Hatta</name>
            <styleUrl>#23242</styleUrl>
            <LineString id="23240">
                <coordinates>107.619664,-6.9491378,0.0 107.6192566,-6.9491082,0.0 107.6191444,-6.9491,0.0 107.6190348,-6.9490929,0.0 107.6183449,-6.9490419,0.0 107.6180229,-6.9490185,0.0 107.6177428,-6.9489982,0.0 107.6176728,-6.9489931,0.0 107.6161768,-6.9488844,0.0 107.6149066,-6.9487921,0.0 107.6146214,-6.9487713,0.0 107.6144956,-6.9487622,0.0 107.6140649,-6.9487309,0.0 107.6138203,-6.9487131,0.0 107.6137002,-6.9487044,0.0 107.6135696,-6.9486949,0.0 107.612919,-6.9486476,0.0 107.6124407,-6.9486128,0.0</coordinates>
            </LineString>
        </Placemark>
        <Placemark id="23245">
            <name>Jalan Mohammad Toha</name>
            <styleUrl>#23246</styleUrl>
            <LineString id="23244">
                <coordinates>107.6094437,-6.9483822,0.0 107.6094101,-6.9482727,0.0</coordinates>
            </LineString>
        </Placemark>
        <Placemark id="23249">
            <name>Jalan Mohammad Toha</name>
            <styleUrl>#23250</styleUrl>
            <LineString id="23248">
                <coordinates>107.6086676,-6.9461425,0.0 107.6086093,-6.945971,0.0 107.6085871,-6.9459059,0.0 107.608562,-6.9458321,0.0 107.6085284,-6.9457333,0.0 107.6084824,-6.9455982,0.0 107.6084779,-6.9455849,0.0 107.6084496,-6.9455018,0.0 107.608427,-6.9454354,0.0 107.608407,-6.9453744,0.0 107.6083491,-6.945205,0.0 107.6082597,-6.9449435,0.0 107.6082426,-6.9448934,0.0 107.6082103,-6.9447985,0.0 107.6080915,-6.9444492,0.0 107.6079672,-6.944084,0.0 107.6078706,-6.9438055,0.0 107.607766,-6.9435054,0.0 107.6077347,-6.9434128,0.0 107.607677,-6.9432421,0.0 107.6076477,-6.9431556,0.0</coordinates>
            </LineString>
        </Placemark>
        <Placemark id="23253">
            <name>Jalan Soekarno-Hatta</name>
            <styleUrl>#23254</styleUrl>
            <LineString id="23252">
                <coordinates>107.6741648,-6.9384751,0.0 107.674107,-6.9384791,0.0 107.6737845,-6.9385017,0.0 107.6729122,-6.9385626,0.0 107.672835,-6.938568,0.0 107.6727474,-6.9385742,0.0 107.672515,-6.9385833,0.0 107.6716586,-6.9386448,0.0</coordinates>
            </LineString>
        </Placemark>
        <Placemark id="23257">
            <name>Jalan Soekarno-Hatta</name>
            <styleUrl>#23258</styleUrl>
            <LineString id="23256">
                <coordinates>107.6528653,-6.94202,0.0 107.652718,-6.9420676,0.0</coordinates>
            </LineString>
        </Placemark>
        <Placemark id="23261">
            <name>Jalan Soekarno-Hatta</name>
            <styleUrl>#23262</styleUrl>
            <LineString id="23260">
                <coordinates>107.681487,-6.9379454,0.0 107.6796763,-6.9380746,0.0 107.6795217,-6.9380863,0.0 107.6794141,-6.9380944,0.0 107.6788018,-6.9381407,0.0 107.6782503,-6.9381806,0.0 107.6780501,-6.938193,0.0</coordinates>
            </LineString>
        </Placemark>
        <Placemark id="23265">
            <name>Jalan Soekarno-Hatta</name>
            <styleUrl>#23266</styleUrl>
            <LineString id="23264">
                <coordinates>107.6824446,-6.9378809,0.0 107.681487,-6.9379454,0.0</coordinates>
            </LineString>
        </Placemark>
        <Placemark id="23269">
            <name>Jalan Soekarno-Hatta</name>
            <styleUrl>#23270</styleUrl>
            <LineString id="23268">
                <coordinates>107.6871235,-6.937537,0.0 107.686101,-6.9376237,0.0 107.6860211,-6.9376297,0.0 107.6859043,-6.9376385,0.0 107.6852061,-6.9376909,0.0 107.6847875,-6.9377223,0.0</coordinates>
            </LineString>
        </Placemark>
        <Placemark id="23273">
            <name>Soekarno Hatta Frontage Boulevard</name>
            <styleUrl>#23274</styleUrl>
            <LineString id="23272">
                <coordinates>107.6922076,-6.9371573,0.0 107.6919297,-6.9372044,0.0 107.6918125,-6.9372117,0.0 107.6916533,-6.9372216,0.0 107.6915611,-6.9372281,0.0 107.6914408,-6.9372366,0.0 107.6909936,-6.9372684,0.0 107.6907689,-6.9372843,0.0 107.6904515,-6.9373068,0.0 107.69007,-6.9373339,0.0 107.6897606,-6.9373558,0.0 107.6895851,-6.9373686,0.0 107.6883969,-6.9374526,0.0 107.6880865,-6.9374746,0.0</coordinates>
            </LineString>
        </Placemark>
        <Placemark id="23277">
            <name>Jalan Soekarno-Hatta</name>
            <styleUrl>#23278</styleUrl>
            <LineString id="23276">
                <coordinates>107.7124165,-6.9357097,0.0 107.7121547,-6.9357289,0.0 107.7112975,-6.9357916,0.0 107.7111784,-6.9358003,0.0 107.7108382,-6.9358247,0.0 107.7106126,-6.9358411,0.0 107.7104645,-6.9358518,0.0 107.7101652,-6.9358745,0.0 107.7100388,-6.9358837,0.0 107.7098013,-6.9359011,0.0 107.7094495,-6.9359268,0.0 107.7091533,-6.9359485,0.0 107.7089601,-6.9359626,0.0 107.7086223,-6.9359874,0.0 107.7081236,-6.9360239,0.0 107.7071588,-6.9360915,0.0</coordinates>
            </LineString>
        </Placemark>
        <Placemark id="23281">
            <name>Route Segment</name>
            <styleUrl>#23282</styleUrl>
            <LineString id="23280">
                <coordinates>107.7537453,-6.9404081,0.0 107.7537018,-6.9402543,0.0 107.7536586,-6.9401195,0.0 107.7536284,-6.9400362,0.0 107.7536203,-6.9400138,0.0 107.7535735,-6.93994,0.0 107.7535061,-6.9398592,0.0 107.7534342,-6.9398036,0.0 107.7529385,-6.9394875,0.0</coordinates>
            </LineString>
        </Placemark>
        <Placemark id="23285">
            <name>Jalan Raya Jatinangor</name>
            <styleUrl>#23286</styleUrl>
            <LineString id="23284">
                <coordinates>107.7675768,-6.9350493,0.0 107.7673973,-6.9351121,0.0 107.7672831,-6.9351502,0.0 107.7669177,-6.9352475,0.0 107.7664849,-6.9353658,0.0 107.7658771,-6.9355405,0.0 107.7656255,-6.9356187,0.0 107.7655141,-6.9356483,0.0 107.7653826,-6.9356865,0.0 107.7651933,-6.9357377,0.0 107.7650857,-6.9357667,0.0 107.7649726,-6.9357969,0.0 107.764515,-6.9359243,0.0 107.7644697,-6.9359374,0.0 107.7636782,-6.9361659,0.0 107.7634952,-6.9362167,0.0 107.763187,-6.936307,0.0 107.7629325,-6.9363823,0.0 107.7627421,-6.9364412,0.0 107.7626255,-6.9364841,0.0 107.7624907,-6.9365295,0.0 107.7616752,-6.9367789,0.0 107.7606748,-6.9370672,0.0 107.7600062,-6.9372556,0.0 107.7596502,-6.9373535,0.0 107.7590556,-6.9375224,0.0 107.7588675,-6.9375717,0.0 107.7586433,-6.9376144,0.0 107.7584323,-6.9376542,0.0 107.7581907,-6.937702,0.0 107.7579006,-6.9377508,0.0 107.7575017,-6.9377983,0.0</coordinates>
            </LineString>
        </Placemark>
        <Placemark id="23289">
            <name>Jalan Soekarno-Hatta</name>
            <styleUrl>#23290</styleUrl>
            <LineString id="23288">
                <coordinates>107.6638999,-6.9392127,0.0 107.6633094,-6.9392635,0.0 107.6632438,-6.9392691,0.0 107.6629584,-6.9393017,0.0 107.6628909,-6.9393103,0.0 107.662636,-6.9393368,0.0 107.6624379,-6.9393635,0.0 107.662399,-6.9393684,0.0 107.6619105,-6.9394464,0.0 107.6617801,-6.9394686,0.0 107.6614189,-6.9395381,0.0 107.6608708,-6.9396579,0.0 107.6607458,-6.9396857,0.0 107.6603815,-6.9397667,0.0 107.6601823,-6.9398122,0.0 107.6600955,-6.939832,0.0 107.6599232,-6.9398697,0.0 107.6598099,-6.939893,0.0 107.6596714,-6.9399267,0.0 107.659479,-6.9399734,0.0 107.6593929,-6.9399935,0.0 107.6591964,-6.9400441,0.0 107.6590642,-6.9400797,0.0 107.6583047,-6.9403106,0.0 107.6581816,-6.9403488,0.0</coordinates>
            </LineString>
        </Placemark>
        <Placemark id="23293">
            <name>Jalan Soekarno-Hatta</name>
            <styleUrl>#23294</styleUrl>
            <LineString id="23292">
                <coordinates>107.6644206,-6.9391582,0.0 107.6638999,-6.9392127,0.0</coordinates>
            </LineString>
        </Placemark>
        <Placemark id="23297">
            <name>Jalan Raya Percobaan</name>
            <styleUrl>#23298</styleUrl>
            <LineString id="23296">
                <coordinates>107.7504316,-6.9401054,0.0 107.7502266,-6.9401323,0.0 107.7498523,-6.9401685,0.0 107.7493347,-6.9401945,0.0 107.749089,-6.9402068,0.0 107.7488602,-6.94022,0.0 107.7477654,-6.9403218,0.0 107.7474234,-6.9403429,0.0 107.7469648,-6.9403925,0.0 107.7466329,-6.9404267,0.0 107.7465803,-6.9404322,0.0 107.7463931,-6.9404554,0.0 107.7460165,-6.9405094,0.0 107.7453742,-6.9406046,0.0 107.7445209,-6.9407367,0.0 107.7442299,-6.9407794,0.0 107.7439338,-6.9408208,0.0 107.7438789,-6.940831,0.0 107.7438095,-6.9408418,0.0 107.7437478,-6.9408514,0.0 107.7433835,-6.9409071,0.0 107.7433688,-6.9409112,0.0 107.7432576,-6.9409284,0.0 107.7428908,-6.9409757,0.0 107.742792,-6.9409854,0.0 107.7423753,-6.9410449,0.0 107.7422272,-6.9410473,0.0 107.7417784,-6.9410802,0.0 107.7416633,-6.9410798,0.0 107.7415298,-6.9410708,0.0 107.7413965,-6.9410487,0.0 107.7411013,-6.9409402,0.0 107.7409915,-6.9408764,0.0 107.7407944,-6.94077,0.0 107.7406615,-6.9406829,0.0 107.7405167,-6.9405808,0.0</coordinates>
            </LineString>
        </Placemark>
        <Placemark id="23301">
            <name>Jalan Raya Percobaan</name>
            <styleUrl>#23302</styleUrl>
            <LineString id="23300">
                <coordinates>107.7396846,-6.9399765,0.0 107.7395983,-6.9399233,0.0 107.7393831,-6.9397851,0.0 107.7391715,-6.939632,0.0 107.7390535,-6.9395348,0.0</coordinates>
            </LineString>
        </Placemark>
        <Placemark id="23305">
            <name>Jalan Raya Cibiru</name>
            <styleUrl>#23306</styleUrl>
            <LineString id="23304">
                <coordinates>107.7190202,-6.9350439,0.0 107.7188839,-6.9351052,0.0 107.7187197,-6.9351655,0.0 107.7186276,-6.9351862,0.0 107.7185425,-6.9352053,0.0 107.7182706,-6.9352223,0.0</coordinates>
            </LineString>
        </Placemark>
        <Placemark id="23309">
            <name>Jalan Raya Jatinangor</name>
            <styleUrl>#23310</styleUrl>
            <LineString id="23308">
                <coordinates>107.7733603,-6.9333503,0.0 107.773198,-6.9333982,0.0</coordinates>
            </LineString>
        </Placemark>
        <Placemark id="23313">
            <name>Jalan Raya Jatinangor</name>
            <styleUrl>#23314</styleUrl>
            <LineString id="23312">
                <coordinates>107.7762652,-6.9325853,0.0 107.7758361,-6.9326913,0.0 107.7752875,-6.9328343,0.0 107.7750065,-6.9329163,0.0 107.7748177,-6.9329675,0.0 107.7746097,-6.9330162,0.0 107.7744488,-6.9330582,0.0 107.7743896,-6.9330745,0.0 107.7742535,-6.9331121,0.0 107.7738953,-6.9332064,0.0 107.7736143,-6.9332754,0.0 107.7735077,-6.9333045,0.0 107.7733603,-6.9333503,0.0</coordinates>
            </LineString>
        </Placemark>
        <Placemark id="23317">
            <name>Jalan Mohammad Toha</name>
            <styleUrl>#23318</styleUrl>
            <LineString id="23316">
                <coordinates>107.6061483,-6.9378682,0.0 107.6061566,-6.9377293,0.0 107.6061595,-6.9376808,0.0 107.6061651,-6.9376173,0.0</coordinates>
            </LineString>
        </Placemark>
        <Placemark id="23321">
            <name>Soekarno Hatta Frontage Boulevard</name>
            <styleUrl>#23322</styleUrl>
            <LineString id="23320">
                <coordinates>107.6743512,-6.9384618,0.0 107.6741648,-6.9384751,0.0</coordinates>
            </LineString>
        </Placemark>
        <Placemark id="23325">
            <name>Jalan Soekarno-Hatta</name>
            <styleUrl>#23326</styleUrl>
            <LineString id="23324">
                <coordinates>107.6697839,-6.9387813,0.0 107.6697193,-6.9387856,0.0 107.6695923,-6.9387942,0.0</coordinates>
            </LineString>
        </Placemark>
        <Placemark id="23329">
            <name>Jalan Soekarno-Hatta</name>
            <styleUrl>#23330</styleUrl>
            <LineString id="23328">
                <coordinates>107.6661888,-6.9390351,0.0 107.6660894,-6.9390435,0.0 107.6659791,-6.9390528,0.0 107.6657041,-6.9390692,0.0 107.665207,-6.939108,0.0 107.6650224,-6.9391212,0.0 107.664853,-6.9391334,0.0 107.66465,-6.9391438,0.0 107.6644206,-6.9391582,0.0</coordinates>
            </LineString>
        </Placemark>
        <Placemark id="23333">
            <name>Jalan Soekarno-Hatta</name>
            <styleUrl>#23334</styleUrl>
            <LineString id="23332">
                <coordinates>107.6952302,-6.9369673,0.0 107.6950526,-6.9369788,0.0</coordinates>
            </LineString>
        </Placemark>
        <Placemark id="23337">
            <name>Soekarno Hatta Frontage Boulevard</name>
            <styleUrl>#23338</styleUrl>
            <LineString id="23336">
                <coordinates>107.6847875,-6.9377223,0.0 107.684578,-6.9377364,0.0</coordinates>
            </LineString>
        </Placemark>
        <Placemark id="23341">
            <name>Jalan Soekarno-Hatta</name>
            <styleUrl>#23342</styleUrl>
            <LineString id="23340">
                <coordinates>107.684578,-6.9377364,0.0 107.6845514,-6.9377377,0.0 107.6843619,-6.9377506,0.0 107.6824446,-6.9378809,0.0</coordinates>
            </LineString>
        </Placemark>
        <Placemark id="23345">
            <name>Jalan Soekarno-Hatta</name>
            <styleUrl>#23346</styleUrl>
            <LineString id="23344">
                <coordinates>107.6950526,-6.9369788,0.0 107.6950088,-6.9369819,0.0 107.6949097,-6.9369889,0.0 107.6946857,-6.937005,0.0 107.6946714,-6.9370061,0.0 107.6946273,-6.9370092,0.0 107.6944633,-6.937021,0.0 107.6941457,-6.9370439,0.0 107.6937625,-6.9370654,0.0 107.6934165,-6.9370876,0.0 107.6932753,-6.9370734,0.0</coordinates>
            </LineString>
        </Placemark>
        <Placemark id="23349">
            <name>Jalan Mohammad Toha</name>
            <styleUrl>#23350</styleUrl>
            <LineString id="23348">
                <coordinates>107.6061749,-6.938344,0.0 107.6061574,-6.9383237,0.0 107.6061507,-6.9383009,0.0 107.6061483,-6.9378682,0.0</coordinates>
            </LineString>
        </Placemark>
        <Placemark id="23353">
            <name>Jalan Mohammad Toha</name>
            <styleUrl>#23354</styleUrl>
            <LineString id="23352">
                <coordinates>107.6061748,-6.9375256,0.0 107.6061856,-6.9374395,0.0</coordinates>
            </LineString>
        </Placemark>
        <Placemark id="23357">
            <name>Jalan Raya Jatinangor</name>
            <styleUrl>#23358</styleUrl>
            <LineString id="23356">
                <coordinates>107.7575017,-6.9377983,0.0 107.7573797,-6.9378122,0.0</coordinates>
            </LineString>
        </Placemark>
        <Placemark id="23361">
            <name>Jalan Raya Jatinangor</name>
            <styleUrl>#23362</styleUrl>
            <LineString id="23360">
                <coordinates>107.7573797,-6.9378122,0.0 107.7573571,-6.9378162,0.0 107.7568711,-6.9379092,0.0 107.7567978,-6.9379251,0.0 107.7567478,-6.9379389,0.0 107.7567036,-6.9379558,0.0 107.7566654,-6.9379791,0.0 107.7566331,-6.9380136,0.0 107.7566158,-6.9380459,0.0 107.7566057,-6.9380795,0.0 107.7565995,-6.9381205,0.0 107.7565975,-6.938162,0.0 107.7565987,-6.9382136,0.0 107.756603,-6.938276,0.0</coordinates>
            </LineString>
        </Placemark>
        <Placemark id="23365">
            <name>Jalan Mohammad Toha</name>
            <styleUrl>#23366</styleUrl>
            <LineString id="23364">
                <coordinates>107.6062104,-6.9372527,0.0 107.6062327,-6.936977,0.0 107.606243,-6.936943,0.0 107.6062697,-6.9369192,0.0</coordinates>
            </LineString>
        </Placemark>
        <Placemark id="23369">
            <name>Jalan Raya Cinunuk</name>
            <styleUrl>#23370</styleUrl>
            <LineString id="23368">
                <coordinates>107.7320931,-6.9375862,0.0 107.731784,-6.9374545,0.0 107.7314043,-6.9372927,0.0 107.7312919,-6.9372449,0.0 107.7312064,-6.9372085,0.0 107.7305951,-6.936948,0.0 107.7305396,-6.9369244,0.0 107.7302076,-6.936783,0.0 107.7294939,-6.9364789,0.0 107.7294236,-6.936449,0.0 107.7293518,-6.9364184,0.0</coordinates>
            </LineString>
        </Placemark>
        <Placemark id="23373">
            <name>Route Segment</name>
            <styleUrl>#23374</styleUrl>
            <LineString id="23372">
                <coordinates>107.7556492,-6.9414928,0.0 107.7552967,-6.9416394,0.0 107.7552505,-6.941653,0.0 107.7551746,-6.9416676,0.0 107.7551045,-6.9416724,0.0 107.7550401,-6.9416707,0.0 107.7549761,-6.9416613,0.0 107.7549133,-6.9416448,0.0 107.7548624,-6.9416249,0.0 107.754808,-6.9415951,0.0 107.7547449,-6.9415507,0.0</coordinates>
            </LineString>
        </Placemark>
        <Placemark id="23377">
            <name>Jalan Soekarno-Hatta</name>
            <styleUrl>#23378</styleUrl>
            <LineString id="23376">
                <coordinates>107.6926097,-6.9371315,0.0 107.6925369,-6.9371357,0.0 107.6922975,-6.9371525,0.0 107.6922076,-6.9371573,0.0</coordinates>
            </LineString>
        </Placemark>
        <Placemark id="23381">
            <name>Jalan Soekarno-Hatta</name>
            <styleUrl>#23382</styleUrl>
            <LineString id="23380">
                <coordinates>107.6414451,-6.9456922,0.0 107.6413182,-6.9457358,0.0 107.641115,-6.9457846,0.0 107.6408496,-6.9458361,0.0</coordinates>
            </LineString>
        </Placemark>
        <Placemark id="23385">
            <name>Jalan Soekarno-Hatta</name>
            <styleUrl>#23386</styleUrl>
            <LineString id="23384">
                <coordinates>107.6404414,-6.9459162,0.0 107.6401117,-6.9460015,0.0</coordinates>
            </LineString>
        </Placemark>
        <Placemark id="23389">
            <name>Jalan Soekarno-Hatta</name>
            <styleUrl>#23390</styleUrl>
            <LineString id="23388">
                <coordinates>107.63913,-6.9463163,0.0 107.63859,-6.9464895,0.0 107.6384512,-6.946534,0.0 107.6381159,-6.9466415,0.0 107.6380679,-6.9466569,0.0 107.6379765,-6.9466862,0.0</coordinates>
            </LineString>
        </Placemark>
        <Placemark id="23393">
            <name>Jalan Soekarno-Hatta</name>
            <styleUrl>#23394</styleUrl>
            <LineString id="23392">
                <coordinates>107.6379765,-6.9466862,0.0 107.6376369,-6.9467879,0.0 107.6372112,-6.9469155,0.0 107.6370858,-6.946953,0.0 107.6368737,-6.9470165,0.0 107.6367773,-6.9470454,0.0 107.6367146,-6.9470642,0.0 107.6362655,-6.9471987,0.0</coordinates>
            </LineString>
        </Placemark>
        <Placemark id="23397">
            <name>Jalan Soekarno-Hatta</name>
            <styleUrl>#23398</styleUrl>
            <LineString id="23396">
                <coordinates>107.6362655,-6.9471987,0.0 107.63618,-6.9472265,0.0 107.6360405,-6.9472731,0.0 107.6359643,-6.9472968,0.0 107.6356037,-6.9474143,0.0</coordinates>
            </LineString>
        </Placemark>
        <Placemark id="23401">
            <name>Jalan Soekarno-Hatta</name>
            <styleUrl>#23402</styleUrl>
            <LineString id="23400">
                <coordinates>107.6356037,-6.9474143,0.0 107.6355007,-6.9474465,0.0 107.6353065,-6.9475072,0.0 107.6351122,-6.9475678,0.0 107.6345119,-6.9477553,0.0</coordinates>
            </LineString>
        </Placemark>
        <Placemark id="23405">
            <name>Jalan Soekarno-Hatta</name>
            <styleUrl>#23406</styleUrl>
            <LineString id="23404">
                <coordinates>107.633797,-6.9479897,0.0 107.6336031,-6.9480489,0.0 107.6335261,-6.9480768,0.0</coordinates>
            </LineString>
        </Placemark>
        <Placemark id="23409">
            <name>Jalan Soekarno-Hatta</name>
            <styleUrl>#23410</styleUrl>
            <LineString id="23408">
                <coordinates>107.6345119,-6.9477553,0.0 107.6340289,-6.9479138,0.0 107.633797,-6.9479897,0.0</coordinates>
            </LineString>
        </Placemark>
        <Placemark id="23413">
            <name>Jalan Soekarno-Hatta</name>
            <styleUrl>#23414</styleUrl>
            <LineString id="23412">
                <coordinates>107.6334141,-6.9481055,0.0 107.633341,-6.9481255,0.0 107.6330945,-6.9481961,0.0</coordinates>
            </LineString>
        </Placemark>
        <Placemark id="23417">
            <name>Jalan Soekarno-Hatta</name>
            <styleUrl>#23418</styleUrl>
            <LineString id="23416">
                <coordinates>107.6335261,-6.9480768,0.0 107.6334141,-6.9481055,0.0</coordinates>
            </LineString>
        </Placemark>
        <Placemark id="23421">
            <name>Jalan Soekarno-Hatta</name>
            <styleUrl>#23422</styleUrl>
            <LineString id="23420">
                <coordinates>107.652718,-6.9420676,0.0 107.6526919,-6.9420765,0.0 107.6517577,-6.9423758,0.0 107.6516814,-6.9423995,0.0 107.6512581,-6.9425328,0.0 107.6511346,-6.9425676,0.0 107.6509225,-6.942639,0.0 107.6507484,-6.9426922,0.0 107.6506763,-6.9427159,0.0 107.6504686,-6.942788,0.0 107.6503749,-6.9428159,0.0 107.6502455,-6.9428592,0.0 107.6500236,-6.9429302,0.0 107.6497773,-6.9430058,0.0 107.6494863,-6.9431026,0.0 107.6493065,-6.9431604,0.0 107.648989,-6.9432624,0.0 107.6486814,-6.9433594,0.0 107.6484748,-6.9434245,0.0</coordinates>
            </LineString>
        </Placemark>
        <Placemark id="23425">
            <name>Jalan Soekarno-Hatta</name>
            <styleUrl>#23426</styleUrl>
            <LineString id="23424">
                <coordinates>107.6423431,-6.9453982,0.0 107.6420622,-6.9455002,0.0 107.6419711,-6.9455318,0.0 107.6419126,-6.9455527,0.0</coordinates>
            </LineString>
        </Placemark>
        <Placemark id="23429">
            <name>Jalan Soekarno-Hatta</name>
            <styleUrl>#23430</styleUrl>
            <LineString id="23428">
                <coordinates>107.6419126,-6.9455527,0.0 107.6418208,-6.9455841,0.0</coordinates>
            </LineString>
        </Placemark>
        <Placemark id="23433">
            <name>Jalan Soekarno-Hatta</name>
            <styleUrl>#23434</styleUrl>
            <LineString id="23432">
                <coordinates>107.7175908,-6.9352673,0.0 107.7175388,-6.9352721,0.0 107.7164641,-6.9353471,0.0</coordinates>
            </LineString>
        </Placemark>
        <Placemark id="23437">
            <name>Soekarno Hatta Frontage Boulevard</name>
            <styleUrl>#23438</styleUrl>
            <LineString id="23436">
                <coordinates>107.6758204,-6.9383501,0.0 107.6756654,-6.9383636,0.0 107.6754266,-6.9383807,0.0 107.6744722,-6.9384488,0.0 107.6743512,-6.9384618,0.0</coordinates>
            </LineString>
        </Placemark>
        <Placemark id="23441">
            <name>Jalan Soekarno-Hatta</name>
            <styleUrl>#23442</styleUrl>
            <LineString id="23440">
                <coordinates>107.7160677,-6.9354371,0.0 107.7156647,-6.9354697,0.0 107.7145981,-6.9355575,0.0 107.7141947,-6.9355885,0.0 107.7133915,-6.9356385,0.0</coordinates>
            </LineString>
        </Placemark>
        <Placemark id="23445">
            <name>Jalan Soekarno-Hatta</name>
            <styleUrl>#23446</styleUrl>
            <LineString id="23444">
                <coordinates>107.6239296,-6.9494823,0.0 107.6236959,-6.9494674,0.0 107.6235803,-6.9494601,0.0 107.6233149,-6.9494323,0.0 107.6232386,-6.9494267,0.0 107.6228429,-6.9493842,0.0 107.6224799,-6.9493473,0.0 107.6222456,-6.9493211,0.0 107.6220608,-6.949308,0.0 107.6219865,-6.9493019,0.0</coordinates>
            </LineString>
        </Placemark>
        <Placemark id="23449">
            <name>Jalan Mohammad Toha</name>
            <styleUrl>#23450</styleUrl>
            <LineString id="23448">
                <coordinates>107.6094101,-6.9482727,0.0 107.6093038,-6.9479813,0.0</coordinates>
            </LineString>
        </Placemark>
        <Placemark id="23453">
            <name>Route Segment</name>
            <styleUrl>#23454</styleUrl>
            <LineString id="23452">
                <coordinates>107.7547449,-6.9415507,0.0 107.7546238,-6.9414254,0.0 107.7544909,-6.9412837,0.0 107.7544152,-6.9412021,0.0 107.7543297,-6.9411117,0.0 107.7540569,-6.9408199,0.0</coordinates>
            </LineString>
        </Placemark>
        <Placemark id="23457">
            <name>Route Segment</name>
            <styleUrl>#23458</styleUrl>
            <LineString id="23456">
                <coordinates>107.7529385,-6.9394875,0.0 107.752835,-6.9394422,0.0 107.7527709,-6.939425,0.0 107.7527099,-6.9394155,0.0 107.7526477,-6.9394142,0.0 107.7525737,-6.9394237,0.0 107.752502,-6.9394461,0.0 107.752425,-6.9394784,0.0 107.7523492,-6.9395225,0.0</coordinates>
            </LineString>
        </Placemark>
        <Placemark id="23461">
            <name>Jalan Raya Cibiru</name>
            <styleUrl>#23462</styleUrl>
            <LineString id="23460">
                <coordinates>107.7197006,-6.9348205,0.0 107.7196001,-6.9348593,0.0 107.7193031,-6.9349392,0.0 107.7190202,-6.9350439,0.0</coordinates>
            </LineString>
        </Placemark>
        <Placemark id="23465">
            <name>Jalan Raya Cinunuk</name>
            <styleUrl>#23466</styleUrl>
            <LineString id="23464">
                <coordinates>107.7390535,-6.9395348,0.0 107.7389687,-6.9394813,0.0 107.7387776,-6.9393506,0.0 107.7385978,-6.9392284,0.0 107.7382961,-6.9390222,0.0 107.7382297,-6.938995,0.0 107.7379672,-6.9388898,0.0 107.737817,-6.9388449,0.0 107.7376781,-6.9388327,0.0 107.737516,-6.9388319,0.0 107.7371691,-6.9388386,0.0 107.7370849,-6.9388394,0.0 107.7368363,-6.9388168,0.0 107.7365725,-6.9387777,0.0 107.7362807,-6.9387344,0.0 107.7357811,-6.9386603,0.0 107.735642,-6.9386406,0.0 107.7355504,-6.9386254,0.0 107.7352546,-6.9385894,0.0 107.7348465,-6.9385336,0.0 107.7346907,-6.9385075,0.0 107.7343569,-6.9384683,0.0 107.7342305,-6.9384377,0.0 107.7340425,-6.9383832,0.0 107.734009,-6.9383702,0.0 107.7337174,-6.9382545,0.0 107.7335845,-6.9382017,0.0 107.7334646,-6.9381536,0.0 107.733388,-6.9381228,0.0 107.732788,-6.937882,0.0 107.7324882,-6.9377532,0.0 107.7322724,-6.9376624,0.0</coordinates>
            </LineString>
        </Placemark>
        <Placemark id="23469">
            <name>Jalan Soekarno-Hatta</name>
            <styleUrl>#23470</styleUrl>
            <LineString id="23468">
                <coordinates>107.6214774,-6.9492594,0.0 107.6213965,-6.949255,0.0</coordinates>
            </LineString>
        </Placemark>
        <Placemark id="23473">
            <name>Jalan Raya Cinunuk</name>
            <styleUrl>#23474</styleUrl>
            <LineString id="23472">
                <coordinates>107.7282655,-6.935551,0.0 107.7283014,-6.9357074,0.0 107.7283213,-6.9357859,0.0 107.7283492,-6.9358544,0.0 107.7283974,-6.9359209,0.0 107.7284533,-6.9359783,0.0 107.7285144,-6.9360335,0.0 107.7285839,-6.9360832,0.0 107.7286135,-6.9361042,0.0 107.7288601,-6.936221,0.0 107.7291448,-6.9363331,0.0</coordinates>
            </LineString>
        </Placemark>
        <Placemark id="23477">
            <name>Jalan Soekarno-Hatta</name>
            <styleUrl>#23478</styleUrl>
            <LineString id="23476">
                <coordinates>107.6425818,-6.9453091,0.0 107.6425069,-6.9453371,0.0 107.6424447,-6.9453603,0.0 107.6423431,-6.9453982,0.0</coordinates>
            </LineString>
        </Placemark>
        <Placemark id="23481">
            <name>Jalan Soekarno-Hatta</name>
            <styleUrl>#23482</styleUrl>
            <LineString id="23480">
                <coordinates>107.6097349,-6.9483987,0.0 107.6094437,-6.9483822,0.0</coordinates>
            </LineString>
        </Placemark>
        <Placemark id="23485">
            <name>Jalan Soekarno-Hatta</name>
            <styleUrl>#23486</styleUrl>
            <LineString id="23484">
                <coordinates>107.6124407,-6.9486128,0.0 107.6123629,-6.9486072,0.0 107.612094,-6.9485877,0.0 107.6112361,-6.9485253,0.0 107.6097349,-6.9483987,0.0</coordinates>
            </LineString>
        </Placemark>
        <Placemark id="23489">
            <name>Jalan Soekarno-Hatta</name>
            <styleUrl>#23490</styleUrl>
            <LineString id="23488">
                <coordinates>107.6273421,-6.9495018,0.0 107.6270133,-6.9495231,0.0 107.6269664,-6.9495257,0.0 107.6267032,-6.9495414,0.0 107.6266189,-6.949547,0.0 107.6264304,-6.9495584,0.0</coordinates>
            </LineString>
        </Placemark>
        <Placemark id="23493">
            <name>Jalan Soekarno-Hatta</name>
            <styleUrl>#23494</styleUrl>
            <LineString id="23492">
                <coordinates>107.6264304,-6.9495584,0.0 107.626314,-6.9495624,0.0 107.626127,-6.9495688,0.0 107.6259917,-6.9495692,0.0</coordinates>
            </LineString>
        </Placemark>
        <Placemark id="23497">
            <name>Jalan Soekarno-Hatta</name>
            <styleUrl>#23498</styleUrl>
            <LineString id="23496">
                <coordinates>107.6932753,-6.9370734,0.0 107.6929683,-6.9371014,0.0 107.6928645,-6.9371118,0.0 107.6927379,-6.937123,0.0 107.6926097,-6.9371315,0.0</coordinates>
            </LineString>
        </Placemark>
        <Placemark id="23501">
            <name>Jalan Soekarno-Hatta</name>
            <styleUrl>#23502</styleUrl>
            <LineString id="23500">
                <coordinates>107.7002372,-6.9365967,0.0 107.6998931,-6.9366261,0.0 107.6994437,-6.936659,0.0 107.6985154,-6.9367269,0.0 107.6982295,-6.9367478,0.0 107.6975365,-6.9367985,0.0 107.6971596,-6.9368254,0.0</coordinates>
            </LineString>
        </Placemark>
        <Placemark id="23505">
            <name>Jalan Soekarno-Hatta</name>
            <styleUrl>#23506</styleUrl>
            <LineString id="23504">
                <coordinates>107.7016283,-6.9364991,0.0 107.7009302,-6.9365502,0.0 107.7007475,-6.9365636,0.0 107.700606,-6.9365739,0.0 107.7003223,-6.9365947,0.0 107.7002372,-6.9365967,0.0</coordinates>
            </LineString>
        </Placemark>
        <Placemark id="23509">
            <name>Jalan Soekarno-Hatta</name>
            <styleUrl>#23510</styleUrl>
            <LineString id="23508">
                <coordinates>107.7023438,-6.9364465,0.0 107.7019408,-6.9364763,0.0 107.7017533,-6.93649,0.0 107.7016283,-6.9364991,0.0</coordinates>
            </LineString>
        </Placemark>
        <Placemark id="23513">
            <name>Jalan Soekarno-Hatta</name>
            <styleUrl>#23514</styleUrl>
            <LineString id="23512">
                <coordinates>107.6971596,-6.9368254,0.0 107.6970872,-6.936831,0.0 107.6969538,-6.9368412,0.0 107.6961777,-6.9368941,0.0 107.6958577,-6.9369214,0.0 107.6956172,-6.936939,0.0 107.6952302,-6.9369673,0.0</coordinates>
            </LineString>
        </Placemark>
        <Placemark id="23517">
            <name>Jalan Soekarno-Hatta</name>
            <styleUrl>#23518</styleUrl>
            <LineString id="23516">
                <coordinates>107.703533,-6.9363598,0.0 107.7030954,-6.9363918,0.0 107.7025369,-6.9364327,0.0 107.7023438,-6.9364465,0.0</coordinates>
            </LineString>
        </Placemark>
        <Placemark id="23521">
            <name>Jalan Soekarno-Hatta</name>
            <styleUrl>#23522</styleUrl>
            <LineString id="23520">
                <coordinates>107.7164641,-6.9353471,0.0 107.7160677,-6.9354371,0.0</coordinates>
            </LineString>
        </Placemark>
        <Placemark id="23525">
            <name>Jalan Sindangsari</name>
            <styleUrl>#23526</styleUrl>
            <LineString id="23524">
                <coordinates>107.756603,-6.938276,0.0 107.7566936,-6.9387104,0.0 107.7567119,-6.9387919,0.0 107.7567382,-6.9389134,0.0</coordinates>
            </LineString>
        </Placemark>
        <Placemark id="23529">
            <name>Jalan Raya Percobaan</name>
            <styleUrl>#23530</styleUrl>
            <LineString id="23528">
                <coordinates>107.7405167,-6.9405808,0.0 107.7402056,-6.940358,0.0 107.7396846,-6.9399765,0.0</coordinates>
            </LineString>
        </Placemark>
        <Placemark id="23533">
            <name>Jalan Soekarno-Hatta</name>
            <styleUrl>#23534</styleUrl>
            <LineString id="23532">
                <coordinates>107.6674513,-6.9389439,0.0 107.6670598,-6.9389755,0.0</coordinates>
            </LineString>
        </Placemark>
        <Placemark id="23537">
            <name>Jalan Soekarno-Hatta</name>
            <styleUrl>#23538</styleUrl>
            <LineString id="23536">
                <coordinates>107.6670598,-6.9389755,0.0 107.6669878,-6.9389807,0.0 107.6667412,-6.9389975,0.0 107.6666545,-6.9390034,0.0 107.6661888,-6.9390351,0.0</coordinates>
            </LineString>
        </Placemark>
        <Placemark id="23541">
            <name>Jalan Soekarno-Hatta</name>
            <styleUrl>#23542</styleUrl>
            <LineString id="23540">
                <coordinates>107.6695923,-6.9387942,0.0 107.6695635,-6.9387964,0.0 107.6693301,-6.9388162,0.0 107.6691592,-6.9388254,0.0 107.668446,-6.9388764,0.0 107.6674513,-6.9389439,0.0</coordinates>
            </LineString>
        </Placemark>
        <Placemark id="23545">
            <name>Jalan Soekarno-Hatta</name>
            <styleUrl>#23546</styleUrl>
            <LineString id="23544">
                <coordinates>107.6712568,-6.9386784,0.0 107.6711633,-6.9386849,0.0 107.6710428,-6.9386933,0.0 107.6702958,-6.9387456,0.0 107.6701179,-6.938758,0.0 107.6698405,-6.9387773,0.0 107.6697839,-6.9387813,0.0</coordinates>
            </LineString>
        </Placemark>
        <Placemark id="23549">
            <name>Jalan Soekarno-Hatta</name>
            <styleUrl>#23550</styleUrl>
            <LineString id="23548">
                <coordinates>107.6716586,-6.9386448,0.0 107.6712568,-6.9386784,0.0</coordinates>
            </LineString>
        </Placemark>
        <Placemark id="23553">
            <name>Jalan Soekarno-Hatta</name>
            <styleUrl>#23554</styleUrl>
            <LineString id="23552">
                <coordinates>107.6773321,-6.938247,0.0 107.6768401,-6.9382789,0.0 107.6758204,-6.9383501,0.0</coordinates>
            </LineString>
        </Placemark>
        <Placemark id="23557">
            <name>Soekarno Hatta Frontage Boulevard</name>
            <styleUrl>#23558</styleUrl>
            <LineString id="23556">
                <coordinates>107.6780501,-6.938193,0.0 107.6773321,-6.938247,0.0</coordinates>
            </LineString>
        </Placemark>
        <Placemark id="23561">
            <name>Jalan Soekarno-Hatta</name>
            <styleUrl>#23562</styleUrl>
            <LineString id="23560">
                <coordinates>107.6484748,-6.9434245,0.0 107.6481243,-6.9435349,0.0 107.6478515,-6.9436201,0.0 107.6470185,-6.9438874,0.0 107.6467958,-6.9439589,0.0</coordinates>
            </LineString>
        </Placemark>
        <Placemark id="23565">
            <name>Jalan Soekarno-Hatta</name>
            <styleUrl>#23566</styleUrl>
            <LineString id="23564">
                <coordinates>107.6467958,-6.9439589,0.0 107.6467103,-6.9439855,0.0 107.646481,-6.944058,0.0 107.6462516,-6.9441305,0.0 107.6457814,-6.9442984,0.0 107.6456229,-6.9443522,0.0 107.6443264,-6.944777,0.0 107.6441008,-6.9448492,0.0 107.6430334,-6.9451909,0.0 107.6430108,-6.9451987,0.0 107.6428275,-6.9452621,0.0 107.6427636,-6.9452838,0.0 107.6425818,-6.9453091,0.0</coordinates>
            </LineString>
        </Placemark>
        <Placemark id="23569">
            <name>Jalan Mohammad Toha</name>
            <styleUrl>#23570</styleUrl>
            <LineString id="23568">
                <coordinates>107.6076477,-6.9431556,0.0 107.6075689,-6.9429228,0.0 107.6074989,-6.9427159,0.0 107.6074151,-6.942468,0.0 107.6074044,-6.9424365,0.0 107.6073267,-6.9422067,0.0 107.6072871,-6.9420857,0.0 107.6072103,-6.9418515,0.0 107.6071736,-6.9417393,0.0 107.6070094,-6.9412381,0.0 107.606932,-6.9410019,0.0 107.6068982,-6.9408986,0.0 107.6067904,-6.9405695,0.0 107.6067424,-6.9404231,0.0 107.6066617,-6.9401765,0.0 107.6066129,-6.9400276,0.0 107.6065833,-6.9399373,0.0 107.6065081,-6.9397106,0.0 107.6064373,-6.939497,0.0 107.6063207,-6.9391297,0.0 107.6063015,-6.9390693,0.0 107.6062885,-6.939027,0.0 107.6062755,-6.9389847,0.0 107.6062595,-6.9389365,0.0 107.6062399,-6.9388618,0.0 107.6062007,-6.9387072,0.0 107.6061889,-6.9386548,0.0 107.6061828,-6.9385203,0.0 107.6061749,-6.938344,0.0</coordinates>
            </LineString>
        </Placemark>
        <Placemark id="23573">
            <name>Jalan Soekarno-Hatta</name>
            <styleUrl>#23574</styleUrl>
            <LineString id="23572">
                <coordinates>107.6880865,-6.9374746,0.0 107.6871235,-6.937537,0.0</coordinates>
            </LineString>
        </Placemark>
        <Placemark id="23577">
            <name>Jalan Soekarno-Hatta</name>
            <styleUrl>#23578</styleUrl>
            <LineString id="23576">
                <coordinates>107.6418208,-6.9455841,0.0 107.6417664,-6.9456007,0.0 107.6414451,-6.9456922,0.0</coordinates>
            </LineString>
        </Placemark>
        <Placemark id="23581">
            <name>Jalan Soekarno-Hatta</name>
            <styleUrl>#23582</styleUrl>
            <LineString id="23580">
                <coordinates>107.6213965,-6.949255,0.0 107.6203693,-6.9491853,0.0 107.6200002,-6.9491604,0.0 107.619664,-6.9491378,0.0</coordinates>
            </LineString>
        </Placemark>
        <Placemark id="23585">
            <name>Jalan Soekarno-Hatta</name>
            <styleUrl>#23586</styleUrl>
            <LineString id="23584">
                <coordinates>107.7133915,-6.9356385,0.0 107.7132815,-6.935644,0.0 107.7127532,-6.9356851,0.0 107.7125299,-6.9357014,0.0</coordinates>
            </LineString>
        </Placemark>
        <Placemark id="23589">
            <name>Jalan Soekarno-Hatta</name>
            <styleUrl>#23590</styleUrl>
            <LineString id="23588">
                <coordinates>107.7125299,-6.9357014,0.0 107.7124165,-6.9357097,0.0</coordinates>
            </LineString>
        </Placemark>
        <Placemark id="23593">
            <name>Jalan Mohammad Toha</name>
            <styleUrl>#23594</styleUrl>
            <LineString id="23592">
                <coordinates>107.6061856,-6.9374395,0.0 107.6061929,-6.9373823,0.0 107.6062104,-6.9372527,0.0</coordinates>
            </LineString>
        </Placemark>
        <Placemark id="23597">
            <name>Jalan Soekarno-Hatta</name>
            <styleUrl>#23598</styleUrl>
            <LineString id="23596">
                <coordinates>107.6401117,-6.9460015,0.0 107.6400284,-6.9460282,0.0 107.6398251,-6.9460936,0.0 107.63913,-6.9463163,0.0</coordinates>
            </LineString>
        </Placemark>
        <Placemark id="23601">
            <name>Jalan Soekarno-Hatta</name>
            <styleUrl>#23602</styleUrl>
            <LineString id="23600">
                <coordinates>107.6287343,-6.94934,0.0 107.6284935,-6.9493772,0.0 107.6282584,-6.9494072,0.0 107.6281405,-6.9494245,0.0 107.6277781,-6.9494666,0.0 107.6276794,-6.9494754,0.0 107.6274093,-6.9494954,0.0 107.6273421,-6.9495018,0.0</coordinates>
            </LineString>
        </Placemark>
        <Placemark id="23605">
            <name>Jalan Soekarno-Hatta</name>
            <styleUrl>#23606</styleUrl>
            <LineString id="23604">
                <coordinates>107.6581816,-6.9403488,0.0 107.6580268,-6.9403972,0.0 107.6574144,-6.9405885,0.0 107.6570876,-6.9406892,0.0 107.6569693,-6.9407256,0.0</coordinates>
            </LineString>
        </Placemark>
        <Placemark id="23609">
            <name>Jalan Soekarno-Hatta</name>
            <styleUrl>#23610</styleUrl>
            <LineString id="23608">
                <coordinates>107.6569693,-6.9407256,0.0 107.656476,-6.9408865,0.0 107.6553771,-6.9412355,0.0 107.6552333,-6.9412812,0.0 107.6550225,-6.9413467,0.0 107.6549551,-6.9413695,0.0 107.6545674,-6.9414926,0.0 107.6543541,-6.9415587,0.0 107.6540745,-6.9416413,0.0 107.6538424,-6.9417141,0.0 107.653803,-6.9417283,0.0 107.6533322,-6.9418748,0.0 107.6529256,-6.9420012,0.0 107.6528653,-6.94202,0.0</coordinates>
            </LineString>
        </Placemark>
        <Placemark id="23613">
            <name>Jalan Mohammad Toha</name>
            <styleUrl>#23614</styleUrl>
            <LineString id="23612">
                <coordinates>107.6093038,-6.9479813,0.0 107.6092951,-6.9479579,0.0 107.6092415,-6.9478107,0.0 107.6091943,-6.9476776,0.0 107.6091509,-6.9475613,0.0 107.6090997,-6.9474124,0.0 107.6090862,-6.9473728,0.0 107.6090786,-6.9473503,0.0 107.6089872,-6.9470817,0.0 107.6087733,-6.946453,0.0 107.6086954,-6.946224,0.0 107.6086676,-6.9461425,0.0</coordinates>
            </LineString>
        </Placemark>
        <Placemark id="23617">
            <name>Jalan Soekarno-Hatta</name>
            <styleUrl>#23618</styleUrl>
            <LineString id="23616">
                <coordinates>107.6259917,-6.9495692,0.0 107.625861,-6.9495663,0.0 107.6252157,-6.9495503,0.0 107.6251112,-6.9495455,0.0 107.6249117,-6.9495363,0.0 107.6245493,-6.9495197,0.0 107.624446,-6.949515,0.0 107.6242225,-6.9495008,0.0 107.6240557,-6.9494902,0.0 107.6239296,-6.9494823,0.0</coordinates>
            </LineString>
        </Placemark>
        <Placemark id="23621">
            <name>Jalan Raya Cinunuk</name>
            <styleUrl>#23622</styleUrl>
            <LineString id="23620">
                <coordinates>107.7322323,-6.9376474,0.0 107.732179,-6.9376234,0.0</coordinates>
            </LineString>
        </Placemark>
        <Placemark id="23625">
            <name>Jalan Raya Cinunuk</name>
            <styleUrl>#23626</styleUrl>
            <LineString id="23624">
                <coordinates>107.732179,-6.9376234,0.0 107.7321361,-6.9376048,0.0 107.7320931,-6.9375862,0.0</coordinates>
            </LineString>
        </Placemark>
        <Placemark id="23629">
            <name>Jalan Raya Cinunuk</name>
            <styleUrl>#23630</styleUrl>
            <LineString id="23628">
                <coordinates>107.7291448,-6.9363331,0.0 107.7292319,-6.936367,0.0</coordinates>
            </LineString>
        </Placemark>
        <Placemark id="23633">
            <name>Jalan Raya Cinunuk</name>
            <styleUrl>#23634</styleUrl>
            <LineString id="23632">
                <coordinates>107.7292319,-6.936367,0.0 107.7292686,-6.9363857,0.0 107.7293518,-6.9364184,0.0</coordinates>
            </LineString>
        </Placemark>
        <Placemark id="23637">
            <name>Route Segment</name>
            <styleUrl>#23638</styleUrl>
            <LineString id="23636">
                <coordinates>107.7959097,-6.9079951,0.0 107.7959634,-6.9079259,0.0 107.7960592,-6.9078219,0.0 107.7960978,-6.907775,0.0 107.7961293,-6.9077258,0.0 107.7962261,-6.9076002,0.0 107.796345,-6.9074446,0.0 107.7964552,-6.9073059,0.0 107.7964647,-6.9072835,0.0 107.7966785,-6.9070083,0.0 107.7967289,-6.9069637,0.0 107.7969791,-6.9066362,0.0 107.7970835,-6.9065059,0.0 107.7971312,-6.9064315,0.0 107.7972311,-6.906295,0.0 107.7973761,-6.906129,0.0 107.7974055,-6.906087,0.0 107.7975563,-6.9058928,0.0 107.7976741,-6.9057716,0.0</coordinates>
            </LineString>
        </Placemark>
        <Placemark id="23641">
            <name>Jalan Mohammad Toha</name>
            <styleUrl>#23642</styleUrl>
            <LineString id="23640">
                <coordinates>107.606653,-6.9318519,0.0 107.6066633,-6.9317434,0.0 107.6066965,-6.9314375,0.0 107.606712,-6.9312859,0.0 107.6067621,-6.9307799,0.0 107.6068239,-6.9301306,0.0</coordinates>
            </LineString>
        </Placemark>
        <Placemark id="23645">
            <name>Route Segment</name>
            <styleUrl>#23646</styleUrl>
            <LineString id="23644">
                <coordinates>107.7540569,-6.9408199,0.0 107.7538374,-6.9405922,0.0 107.753818,-6.940561,0.0 107.7537775,-6.9405013,0.0 107.7537453,-6.9404081,0.0</coordinates>
            </LineString>
        </Placemark>
        <Placemark id="23649">
            <name>Jalan Raya Cinunuk</name>
            <styleUrl>#23650</styleUrl>
            <LineString id="23648">
                <coordinates>107.7322724,-6.9376624,0.0 107.7322323,-6.9376474,0.0</coordinates>
            </LineString>
        </Placemark>
        <Placemark id="23653">
            <name>Jalan Raya Cibiru</name>
            <styleUrl>#23654</styleUrl>
            <LineString id="23652">
                <coordinates>107.7182706,-6.9352223,0.0 107.7179056,-6.9352441,0.0 107.717711,-6.9352563,0.0</coordinates>
            </LineString>
        </Placemark>
        <Placemark id="23657">
            <name>Jalan Soekarno-Hatta</name>
            <styleUrl>#23658</styleUrl>
            <LineString id="23656">
                <coordinates>107.7066643,-6.9361306,0.0 107.7065739,-6.9361373,0.0 107.7064226,-6.9361475,0.0 107.7061729,-6.9361643,0.0 107.7059926,-6.9361798,0.0 107.705655,-6.9362045,0.0 107.7052016,-6.9362377,0.0 107.704948,-6.9362562,0.0 107.7047681,-6.9362694,0.0 107.7041497,-6.9363146,0.0 107.703533,-6.9363598,0.0</coordinates>
            </LineString>
        </Placemark>
        <Placemark id="23661">
            <name>Jalan Soekarno-Hatta</name>
            <styleUrl>#23662</styleUrl>
            <LineString id="23660">
                <coordinates>107.7071588,-6.9360915,0.0 107.7066643,-6.9361306,0.0</coordinates>
            </LineString>
        </Placemark>
        <Placemark id="23665">
            <name>Route Segment</name>
            <styleUrl>#23666</styleUrl>
            <LineString id="23664">
                <coordinates>107.7977429,-6.905703,0.0 107.798194,-6.9057915,0.0 107.7985167,-6.9058549,0.0</coordinates>
            </LineString>
        </Placemark>
        <Placemark id="23669">
            <name>Route Segment</name>
            <styleUrl>#23670</styleUrl>
            <LineString id="23668">
                <coordinates>107.7976741,-6.9057716,0.0 107.7977429,-6.905703,0.0</coordinates>
            </LineString>
        </Placemark>
        <Placemark id="23673">
            <name>Jalan Soekarno-Hatta</name>
            <styleUrl>#23674</styleUrl>
            <LineString id="23672">
                <coordinates>107.717711,-6.9352563,0.0 107.7175908,-6.9352673,0.0</coordinates>
            </LineString>
        </Placemark>
        <Placemark id="23677">
            <name>Jalan Abdul Haris Nasution</name>
            <styleUrl>#23678</styleUrl>
            <LineString id="23676">
                <coordinates>107.7197006,-6.9348205,0.0 107.7198341,-6.9347993,0.0 107.7199175,-6.934786,0.0 107.7202866,-6.9347224,0.0 107.7203229,-6.9347131,0.0 107.7203848,-6.9347037,0.0 107.7207772,-6.9346359,0.0 107.7209059,-6.9345961,0.0 107.7211706,-6.9344846,0.0 107.7211896,-6.9344756,0.0 107.7214743,-6.9343315,0.0 107.7215528,-6.9342906,0.0 107.7217658,-6.9341795,0.0 107.7219508,-6.9340884,0.0</coordinates>
            </LineString>
        </Placemark>
        <Placemark id="23681">
            <name>Jalan Raya Cibiru</name>
            <styleUrl>#23682</styleUrl>
            <LineString id="23680">
                <coordinates>107.7219508,-6.9340884,0.0 107.7220243,-6.9340522,0.0</coordinates>
            </LineString>
        </Placemark>
        <Placemark id="23685">
            <name>Jalan Raya Jatinangor</name>
            <styleUrl>#23686</styleUrl>
            <LineString id="23684">
                <coordinates>107.773198,-6.9333982,0.0 107.7730158,-6.9334383,0.0</coordinates>
            </LineString>
        </Placemark>
        <Placemark id="23689">
            <name>Jalan Raya Jatinangor</name>
            <styleUrl>#23690</styleUrl>
            <LineString id="23688">
                <coordinates>107.7730158,-6.9334383,0.0 107.7727388,-6.9334992,0.0 107.7725047,-6.9335701,0.0 107.7723042,-6.9336259,0.0</coordinates>
            </LineString>
        </Placemark>
        <Placemark id="23693">
            <name>Jalan Raya Jatinangor</name>
            <styleUrl>#23694</styleUrl>
            <LineString id="23692">
                <coordinates>107.7723042,-6.9336259,0.0 107.7721709,-6.9336712,0.0 107.7720967,-6.9336943,0.0 107.7719763,-6.9337339,0.0</coordinates>
            </LineString>
        </Placemark>
        <Placemark id="23697">
            <name>Jalan Raya Jatinangor</name>
            <styleUrl>#23698</styleUrl>
            <LineString id="23696">
                <coordinates>107.7719763,-6.9337339,0.0 107.7719551,-6.9337409,0.0 107.7717215,-6.9338177,0.0 107.7716528,-6.9338358,0.0</coordinates>
            </LineString>
        </Placemark>
        <Placemark id="23701">
            <name>Jalan Raya Jatinangor</name>
            <styleUrl>#23702</styleUrl>
            <LineString id="23700">
                <coordinates>107.7716528,-6.9338358,0.0 107.7714354,-6.9339085,0.0</coordinates>
            </LineString>
        </Placemark>
        <Placemark id="23705">
            <name>Jalan Raya Jatinangor</name>
            <styleUrl>#23706</styleUrl>
            <LineString id="23704">
                <coordinates>107.7714354,-6.9339085,0.0 107.7713755,-6.9339286,0.0 107.7712431,-6.933968,0.0 107.7711133,-6.9340114,0.0 107.7709605,-6.9340638,0.0</coordinates>
            </LineString>
        </Placemark>
        <Placemark id="23709">
            <name>Jalan Raya Jatinangor</name>
            <styleUrl>#23710</styleUrl>
            <LineString id="23708">
                <coordinates>107.7709605,-6.9340638,0.0 107.7709162,-6.9340772,0.0 107.7705413,-6.9341968,0.0 107.7702364,-6.9342916,0.0</coordinates>
            </LineString>
        </Placemark>
        <Placemark id="23713">
            <name>Jalan Raya Jatinangor</name>
            <styleUrl>#23714</styleUrl>
            <LineString id="23712">
                <coordinates>107.7702364,-6.9342916,0.0 107.7701854,-6.9343067,0.0</coordinates>
            </LineString>
        </Placemark>
        <Placemark id="23717">
            <name>Jalan Raya Jatinangor</name>
            <styleUrl>#23718</styleUrl>
            <LineString id="23716">
                <coordinates>107.7701854,-6.9343067,0.0 107.7700339,-6.9343516,0.0</coordinates>
            </LineString>
        </Placemark>
        <Placemark id="23721">
            <name>Jalan Raya Jatinangor</name>
            <styleUrl>#23722</styleUrl>
            <LineString id="23720">
                <coordinates>107.7700339,-6.9343516,0.0 107.7699868,-6.9343642,0.0</coordinates>
            </LineString>
        </Placemark>
        <Placemark id="23725">
            <name>Jalan Raya Jatinangor</name>
            <styleUrl>#23726</styleUrl>
            <LineString id="23724">
                <coordinates>107.7699868,-6.9343642,0.0 107.7698756,-6.9343962,0.0</coordinates>
            </LineString>
        </Placemark>
        <Placemark id="23729">
            <name>Jalan Raya Jatinangor</name>
            <styleUrl>#23730</styleUrl>
            <LineString id="23728">
                <coordinates>107.7698756,-6.9343962,0.0 107.7697367,-6.9344344,0.0</coordinates>
            </LineString>
        </Placemark>
        <Placemark id="23733">
            <name>Jalan Raya Jatinangor</name>
            <styleUrl>#23734</styleUrl>
            <LineString id="23732">
                <coordinates>107.7697367,-6.9344344,0.0 107.7696624,-6.9344554,0.0 107.7694684,-6.9345104,0.0 107.7692651,-6.9345654,0.0 107.7692304,-6.9345758,0.0 107.7689424,-6.9346581,0.0</coordinates>
            </LineString>
        </Placemark>
        <Placemark id="23737">
            <name>Jalan Raya Jatinangor</name>
            <styleUrl>#23738</styleUrl>
            <LineString id="23736">
                <coordinates>107.7689424,-6.9346581,0.0 107.7687964,-6.9347019,0.0</coordinates>
            </LineString>
        </Placemark>
        <Placemark id="23741">
            <name>Jalan Raya Jatinangor</name>
            <styleUrl>#23742</styleUrl>
            <LineString id="23740">
                <coordinates>107.7687964,-6.9347019,0.0 107.768696,-6.9347256,0.0 107.7684592,-6.9347916,0.0</coordinates>
            </LineString>
        </Placemark>
        <Placemark id="23745">
            <name>Jalan Raya Jatinangor</name>
            <styleUrl>#23746</styleUrl>
            <LineString id="23744">
                <coordinates>107.7684592,-6.9347916,0.0 107.7684122,-6.9348046,0.0 107.7683791,-6.9348137,0.0</coordinates>
            </LineString>
        </Placemark>
        <Placemark id="23749">
            <name>Jalan Raya Jatinangor</name>
            <styleUrl>#23750</styleUrl>
            <LineString id="23748">
                <coordinates>107.7683791,-6.9348137,0.0 107.7682156,-6.9348589,0.0 107.7682046,-6.9348619,0.0</coordinates>
            </LineString>
        </Placemark>
        <Placemark id="23753">
            <name>Jalan Raya Jatinangor</name>
            <styleUrl>#23754</styleUrl>
            <LineString id="23752">
                <coordinates>107.7682046,-6.9348619,0.0 107.7680368,-6.934913,0.0 107.7678269,-6.9349786,0.0 107.7676197,-6.9350369,0.0</coordinates>
            </LineString>
        </Placemark>
        <Placemark id="23757">
            <name>Jalan Raya Jatinangor</name>
            <styleUrl>#23758</styleUrl>
            <LineString id="23756">
                <coordinates>107.7676197,-6.9350369,0.0 107.7675768,-6.9350493,0.0</coordinates>
            </LineString>
        </Placemark>
        <Placemark id="23761">
            <name>Jalan Raya Cibiru</name>
            <styleUrl>#23762</styleUrl>
            <LineString id="23760">
                <coordinates>107.7220243,-6.9340522,0.0 107.722282,-6.9339252,0.0 107.7225917,-6.9337598,0.0 107.7226921,-6.9337043,0.0 107.723025,-6.933527,0.0</coordinates>
            </LineString>
        </Placemark>
        <Placemark id="23765">
            <name>Jalan Soekarno-Hatta</name>
            <styleUrl>#23766</styleUrl>
            <LineString id="23764">
                <coordinates>107.6408496,-6.9458361,0.0 107.6407514,-6.9458551,0.0 107.6405106,-6.9459017,0.0 107.6404589,-6.9459124,0.0 107.6404497,-6.9459144,0.0 107.6404414,-6.9459162,0.0</coordinates>
            </LineString>
        </Placemark>
        <Placemark id="23769">
            <name>Jalan Mohammad Toha</name>
            <styleUrl>#23770</styleUrl>
            <LineString id="23768">
                <coordinates>107.6065733,-6.9328659,0.0 107.6065797,-6.9327947,0.0 107.606653,-6.9318519,0.0</coordinates>
            </LineString>
        </Placemark>
    </Document>
</kml>
