<?xml version="1.0" encoding="UTF-8"?>
<kml xmlns="http://www.opengis.net/kml/2.2" xmlns:gx="http://www.google.com/kml/ext/2.2">
    <Document id="10264">
        <Style id="10270">
            <IconStyle id="10271">
                <colorMode>normal</colorMode>
                <scale>1</scale>
                <heading>0</heading>
                <Icon id="10272">
                    <href>http://maps.google.com/mapfiles/kml/pushpin/ylw-pushpin.png</href>
                </Icon>
            </IconStyle>
        </Style>
        <Style id="10275">
            <IconStyle id="10276">
                <colorMode>normal</colorMode>
                <scale>1</scale>
                <heading>0</heading>
                <Icon id="10277">
                    <href>http://maps.google.com/mapfiles/kml/pushpin/ylw-pushpin.png</href>
                </Icon>
            </IconStyle>
        </Style>
        <Style id="10280">
            <IconStyle id="10281">
                <colorMode>normal</colorMode>
                <scale>1</scale>
                <heading>0</heading>
                <Icon id="10282">
                    <href>http://maps.google.com/mapfiles/kml/pushpin/ylw-pushpin.png</href>
                </Icon>
            </IconStyle>
        </Style>
        <Style id="10285">
            <IconStyle id="10286">
                <colorMode>normal</colorMode>
                <scale>1</scale>
                <heading>0</heading>
                <Icon id="10287">
                    <href>http://maps.google.com/mapfiles/kml/pushpin/ylw-pushpin.png</href>
                </Icon>
            </IconStyle>
        </Style>
        <Style id="10290">
            <IconStyle id="10291">
                <colorMode>normal</colorMode>
                <scale>1</scale>
                <heading>0</heading>
                <Icon id="10292">
                    <href>http://maps.google.com/mapfiles/kml/pushpin/ylw-pushpin.png</href>
                </Icon>
            </IconStyle>
        </Style>
        <Style id="10295">
            <IconStyle id="10296">
                <colorMode>normal</colorMode>
                <scale>1</scale>
                <heading>0</heading>
                <Icon id="10297">
                    <href>http://maps.google.com/mapfiles/kml/pushpin/ylw-pushpin.png</href>
                </Icon>
            </IconStyle>
        </Style>
        <Style id="10300">
            <IconStyle id="10301">
                <colorMode>normal</colorMode>
                <scale>1</scale>
                <heading>0</heading>
                <Icon id="10302">
                    <href>http://maps.google.com/mapfiles/kml/pushpin/ylw-pushpin.png</href>
                </Icon>
            </IconStyle>
        </Style>
        <Style id="10305">
            <IconStyle id="10306">
                <colorMode>normal</colorMode>
                <scale>1</scale>
                <heading>0</heading>
                <Icon id="10307">
                    <href>http://maps.google.com/mapfiles/kml/pushpin/ylw-pushpin.png</href>
                </Icon>
            </IconStyle>
        </Style>
        <Style id="10310">
            <IconStyle id="10311">
                <colorMode>normal</colorMode>
                <scale>1</scale>
                <heading>0</heading>
                <Icon id="10312">
                    <href>http://maps.google.com/mapfiles/kml/pushpin/ylw-pushpin.png</href>
                </Icon>
            </IconStyle>
        </Style>
        <Style id="10315">
            <IconStyle id="10316">
                <colorMode>normal</colorMode>
                <scale>1</scale>
                <heading>0</heading>
                <Icon id="10317">
                    <href>http://maps.google.com/mapfiles/kml/pushpin/ylw-pushpin.png</href>
                </Icon>
            </IconStyle>
        </Style>
        <Style id="10320">
            <IconStyle id="10321">
                <colorMode>normal</colorMode>
                <scale>1</scale>
                <heading>0</heading>
                <Icon id="10322">
                    <href>http://maps.google.com/mapfiles/kml/pushpin/ylw-pushpin.png</href>
                </Icon>
            </IconStyle>
        </Style>
        <Style id="10325">
            <IconStyle id="10326">
                <colorMode>normal</colorMode>
                <scale>1</scale>
                <heading>0</heading>
                <Icon id="10327">
                    <href>http://maps.google.com/mapfiles/kml/pushpin/ylw-pushpin.png</href>
                </Icon>
            </IconStyle>
        </Style>
        <Style id="10330">
            <IconStyle id="10331">
                <colorMode>normal</colorMode>
                <scale>1</scale>
                <heading>0</heading>
                <Icon id="10332">
                    <href>http://maps.google.com/mapfiles/kml/pushpin/ylw-pushpin.png</href>
                </Icon>
            </IconStyle>
        </Style>
        <Style id="10335">
            <IconStyle id="10336">
                <colorMode>normal</colorMode>
                <scale>1</scale>
                <heading>0</heading>
                <Icon id="10337">
                    <href>http://maps.google.com/mapfiles/kml/pushpin/ylw-pushpin.png</href>
                </Icon>
            </IconStyle>
        </Style>
        <Style id="10340">
            <IconStyle id="10341">
                <colorMode>normal</colorMode>
                <scale>1</scale>
                <heading>0</heading>
                <Icon id="10342">
                    <href>http://maps.google.com/mapfiles/kml/pushpin/ylw-pushpin.png</href>
                </Icon>
            </IconStyle>
        </Style>
        <Style id="10345">
            <IconStyle id="10346">
                <colorMode>normal</colorMode>
                <scale>1</scale>
                <heading>0</heading>
                <Icon id="10347">
                    <href>http://maps.google.com/mapfiles/kml/pushpin/ylw-pushpin.png</href>
                </Icon>
            </IconStyle>
        </Style>
        <Style id="10350">
            <IconStyle id="10351">
                <colorMode>normal</colorMode>
                <scale>1</scale>
                <heading>0</heading>
                <Icon id="10352">
                    <href>http://maps.google.com/mapfiles/kml/pushpin/ylw-pushpin.png</href>
                </Icon>
            </IconStyle>
        </Style>
        <Style id="10355">
            <IconStyle id="10356">
                <colorMode>normal</colorMode>
                <scale>1</scale>
                <heading>0</heading>
                <Icon id="10357">
                    <href>http://maps.google.com/mapfiles/kml/pushpin/ylw-pushpin.png</href>
                </Icon>
            </IconStyle>
        </Style>
        <Style id="10360">
            <IconStyle id="10361">
                <colorMode>normal</colorMode>
                <scale>1</scale>
                <heading>0</heading>
                <Icon id="10362">
                    <href>http://maps.google.com/mapfiles/kml/pushpin/ylw-pushpin.png</href>
                </Icon>
            </IconStyle>
        </Style>
        <Style id="10365">
            <LineStyle id="10366">
                <color>ff8C00EC</color>
                <colorMode>normal</colorMode>
                <width>4</width>
            </LineStyle>
        </Style>
        <Style id="10369">
            <LineStyle id="10370">
                <color>ff8C00EC</color>
                <colorMode>normal</colorMode>
                <width>4</width>
            </LineStyle>
        </Style>
        <Style id="10373">
            <LineStyle id="10374">
                <color>ff8C00EC</color>
                <colorMode>normal</colorMode>
                <width>4</width>
            </LineStyle>
        </Style>
        <Style id="10377">
            <LineStyle id="10378">
                <color>ff8C00EC</color>
                <colorMode>normal</colorMode>
                <width>4</width>
            </LineStyle>
        </Style>
        <Style id="10381">
            <LineStyle id="10382">
                <color>ff8C00EC</color>
                <colorMode>normal</colorMode>
                <width>4</width>
            </LineStyle>
        </Style>
        <Style id="10385">
            <LineStyle id="10386">
                <color>ff8C00EC</color>
                <colorMode>normal</colorMode>
                <width>4</width>
            </LineStyle>
        </Style>
        <Style id="10389">
            <LineStyle id="10390">
                <color>ff8C00EC</color>
                <colorMode>normal</colorMode>
                <width>4</width>
            </LineStyle>
        </Style>
        <Style id="10393">
            <LineStyle id="10394">
                <color>ff8C00EC</color>
                <colorMode>normal</colorMode>
                <width>4</width>
            </LineStyle>
        </Style>
        <Style id="10397">
            <LineStyle id="10398">
                <color>ff8C00EC</color>
                <colorMode>normal</colorMode>
                <width>4</width>
            </LineStyle>
        </Style>
        <Style id="10401">
            <LineStyle id="10402">
                <color>ff8C00EC</color>
                <colorMode>normal</colorMode>
                <width>4</width>
            </LineStyle>
        </Style>
        <Style id="10405">
            <LineStyle id="10406">
                <color>ff8C00EC</color>
                <colorMode>normal</colorMode>
                <width>4</width>
            </LineStyle>
        </Style>
        <Style id="10409">
            <LineStyle id="10410">
                <color>ff8C00EC</color>
                <colorMode>normal</colorMode>
                <width>4</width>
            </LineStyle>
        </Style>
        <Style id="10413">
            <LineStyle id="10414">
                <color>ff8C00EC</color>
                <colorMode>normal</colorMode>
                <width>4</width>
            </LineStyle>
        </Style>
        <Style id="10417">
            <LineStyle id="10418">
                <color>ff8C00EC</color>
                <colorMode>normal</colorMode>
                <width>4</width>
            </LineStyle>
        </Style>
        <Style id="10421">
            <LineStyle id="10422">
                <color>ff8C00EC</color>
                <colorMode>normal</colorMode>
                <width>4</width>
            </LineStyle>
        </Style>
        <Style id="10425">
            <LineStyle id="10426">
                <color>ff8C00EC</color>
                <colorMode>normal</colorMode>
                <width>4</width>
            </LineStyle>
        </Style>
        <Style id="10429">
            <LineStyle id="10430">
                <color>ff8C00EC</color>
                <colorMode>normal</colorMode>
                <width>4</width>
            </LineStyle>
        </Style>
        <Style id="10433">
            <LineStyle id="10434">
                <color>ff8C00EC</color>
                <colorMode>normal</colorMode>
                <width>4</width>
            </LineStyle>
        </Style>
        <Style id="10437">
            <LineStyle id="10438">
                <color>ff8C00EC</color>
                <colorMode>normal</colorMode>
                <width>4</width>
            </LineStyle>
        </Style>
        <Style id="10441">
            <LineStyle id="10442">
                <color>ff8C00EC</color>
                <colorMode>normal</colorMode>
                <width>4</width>
            </LineStyle>
        </Style>
        <Style id="10445">
            <LineStyle id="10446">
                <color>ff8C00EC</color>
                <colorMode>normal</colorMode>
                <width>4</width>
            </LineStyle>
        </Style>
        <Style id="10449">
            <LineStyle id="10450">
                <color>ff8C00EC</color>
                <colorMode>normal</colorMode>
                <width>4</width>
            </LineStyle>
        </Style>
        <Style id="10453">
            <LineStyle id="10454">
                <color>ff8C00EC</color>
                <colorMode>normal</colorMode>
                <width>4</width>
            </LineStyle>
        </Style>
        <Style id="10457">
            <LineStyle id="10458">
                <color>ff8C00EC</color>
                <colorMode>normal</colorMode>
                <width>4</width>
            </LineStyle>
        </Style>
        <Style id="10461">
            <LineStyle id="10462">
                <color>ff8C00EC</color>
                <colorMode>normal</colorMode>
                <width>4</width>
            </LineStyle>
        </Style>
        <Style id="10465">
            <LineStyle id="10466">
                <color>ff8C00EC</color>
                <colorMode>normal</colorMode>
                <width>4</width>
            </LineStyle>
        </Style>
        <Style id="10469">
            <LineStyle id="10470">
                <color>ff8C00EC</color>
                <colorMode>normal</colorMode>
                <width>4</width>
            </LineStyle>
        </Style>
        <Style id="10473">
            <LineStyle id="10474">
                <color>ff8C00EC</color>
                <colorMode>normal</colorMode>
                <width>4</width>
            </LineStyle>
        </Style>
        <Style id="10477">
            <LineStyle id="10478">
                <color>ff8C00EC</color>
                <colorMode>normal</colorMode>
                <width>4</width>
            </LineStyle>
        </Style>
        <Style id="10481">
            <LineStyle id="10482">
                <color>ff8C00EC</color>
                <colorMode>normal</colorMode>
                <width>4</width>
            </LineStyle>
        </Style>
        <Style id="10485">
            <LineStyle id="10486">
                <color>ff8C00EC</color>
                <colorMode>normal</colorMode>
                <width>4</width>
            </LineStyle>
        </Style>
        <Style id="10489">
            <LineStyle id="10490">
                <color>ff8C00EC</color>
                <colorMode>normal</colorMode>
                <width>4</width>
            </LineStyle>
        </Style>
        <Style id="10493">
            <LineStyle id="10494">
                <color>ff8C00EC</color>
                <colorMode>normal</colorMode>
                <width>4</width>
            </LineStyle>
        </Style>
        <Style id="10497">
            <LineStyle id="10498">
                <color>ff8C00EC</color>
                <colorMode>normal</colorMode>
                <width>4</width>
            </LineStyle>
        </Style>
        <Style id="10501">
            <LineStyle id="10502">
                <color>ff8C00EC</color>
                <colorMode>normal</colorMode>
                <width>4</width>
            </LineStyle>
        </Style>
        <Style id="10505">
            <LineStyle id="10506">
                <color>ff8C00EC</color>
                <colorMode>normal</colorMode>
                <width>4</width>
            </LineStyle>
        </Style>
        <Style id="10509">
            <LineStyle id="10510">
                <color>ff8C00EC</color>
                <colorMode>normal</colorMode>
                <width>4</width>
            </LineStyle>
        </Style>
        <Style id="10513">
            <LineStyle id="10514">
                <color>ff8C00EC</color>
                <colorMode>normal</colorMode>
                <width>4</width>
            </LineStyle>
        </Style>
        <Style id="10517">
            <LineStyle id="10518">
                <color>ff8C00EC</color>
                <colorMode>normal</colorMode>
                <width>4</width>
            </LineStyle>
        </Style>
        <Style id="10521">
            <LineStyle id="10522">
                <color>ff8C00EC</color>
                <colorMode>normal</colorMode>
                <width>4</width>
            </LineStyle>
        </Style>
        <Style id="10525">
            <LineStyle id="10526">
                <color>ff8C00EC</color>
                <colorMode>normal</colorMode>
                <width>4</width>
            </LineStyle>
        </Style>
        <Style id="10529">
            <LineStyle id="10530">
                <color>ff8C00EC</color>
                <colorMode>normal</colorMode>
                <width>4</width>
            </LineStyle>
        </Style>
        <Style id="10533">
            <LineStyle id="10534">
                <color>ff8C00EC</color>
                <colorMode>normal</colorMode>
                <width>4</width>
            </LineStyle>
        </Style>
        <Style id="10537">
            <LineStyle id="10538">
                <color>ff8C00EC</color>
                <colorMode>normal</colorMode>
                <width>4</width>
            </LineStyle>
        </Style>
        <Style id="10541">
            <LineStyle id="10542">
                <color>ff8C00EC</color>
                <colorMode>normal</colorMode>
                <width>4</width>
            </LineStyle>
        </Style>
        <Style id="10545">
            <LineStyle id="10546">
                <color>ff8C00EC</color>
                <colorMode>normal</colorMode>
                <width>4</width>
            </LineStyle>
        </Style>
        <Style id="10549">
            <LineStyle id="10550">
                <color>ff8C00EC</color>
                <colorMode>normal</colorMode>
                <width>4</width>
            </LineStyle>
        </Style>
        <Style id="10553">
            <LineStyle id="10554">
                <color>ff8C00EC</color>
                <colorMode>normal</colorMode>
                <width>4</width>
            </LineStyle>
        </Style>
        <Style id="10557">
            <LineStyle id="10558">
                <color>ff8C00EC</color>
                <colorMode>normal</colorMode>
                <width>4</width>
            </LineStyle>
        </Style>
        <Style id="10561">
            <LineStyle id="10562">
                <color>ff8C00EC</color>
                <colorMode>normal</colorMode>
                <width>4</width>
            </LineStyle>
        </Style>
        <Style id="10565">
            <LineStyle id="10566">
                <color>ff8C00EC</color>
                <colorMode>normal</colorMode>
                <width>4</width>
            </LineStyle>
        </Style>
        <Style id="10569">
            <LineStyle id="10570">
                <color>ff8C00EC</color>
                <colorMode>normal</colorMode>
                <width>4</width>
            </LineStyle>
        </Style>
        <Style id="10573">
            <LineStyle id="10574">
                <color>ff8C00EC</color>
                <colorMode>normal</colorMode>
                <width>4</width>
            </LineStyle>
        </Style>
        <Style id="10577">
            <LineStyle id="10578">
                <color>ff8C00EC</color>
                <colorMode>normal</colorMode>
                <width>4</width>
            </LineStyle>
        </Style>
        <Style id="10581">
            <LineStyle id="10582">
                <color>ff8C00EC</color>
                <colorMode>normal</colorMode>
                <width>4</width>
            </LineStyle>
        </Style>
        <Style id="10585">
            <LineStyle id="10586">
                <color>ff8C00EC</color>
                <colorMode>normal</colorMode>
                <width>4</width>
            </LineStyle>
        </Style>
        <Style id="10589">
            <LineStyle id="10590">
                <color>ff8C00EC</color>
                <colorMode>normal</colorMode>
                <width>4</width>
            </LineStyle>
        </Style>
        <Style id="10593">
            <LineStyle id="10594">
                <color>ff8C00EC</color>
                <colorMode>normal</colorMode>
                <width>4</width>
            </LineStyle>
        </Style>
        <Style id="10597">
            <LineStyle id="10598">
                <color>ff8C00EC</color>
                <colorMode>normal</colorMode>
                <width>4</width>
            </LineStyle>
        </Style>
        <Style id="10601">
            <LineStyle id="10602">
                <color>ff8C00EC</color>
                <colorMode>normal</colorMode>
                <width>4</width>
            </LineStyle>
        </Style>
        <Style id="10605">
            <LineStyle id="10606">
                <color>ff8C00EC</color>
                <colorMode>normal</colorMode>
                <width>4</width>
            </LineStyle>
        </Style>
        <Style id="10609">
            <LineStyle id="10610">
                <color>ff8C00EC</color>
                <colorMode>normal</colorMode>
                <width>4</width>
            </LineStyle>
        </Style>
        <Style id="10613">
            <LineStyle id="10614">
                <color>ff8C00EC</color>
                <colorMode>normal</colorMode>
                <width>4</width>
            </LineStyle>
        </Style>
        <Style id="10617">
            <LineStyle id="10618">
                <color>ff8C00EC</color>
                <colorMode>normal</colorMode>
                <width>4</width>
            </LineStyle>
        </Style>
        <Style id="10621">
            <LineStyle id="10622">
                <color>ff8C00EC</color>
                <colorMode>normal</colorMode>
                <width>4</width>
            </LineStyle>
        </Style>
        <Style id="10625">
            <LineStyle id="10626">
                <color>ff8C00EC</color>
                <colorMode>normal</colorMode>
                <width>4</width>
            </LineStyle>
        </Style>
        <Style id="10629">
            <LineStyle id="10630">
                <color>ff8C00EC</color>
                <colorMode>normal</colorMode>
                <width>4</width>
            </LineStyle>
        </Style>
        <Style id="10633">
            <LineStyle id="10634">
                <color>ff8C00EC</color>
                <colorMode>normal</colorMode>
                <width>4</width>
            </LineStyle>
        </Style>
        <Style id="10637">
            <LineStyle id="10638">
                <color>ff8C00EC</color>
                <colorMode>normal</colorMode>
                <width>4</width>
            </LineStyle>
        </Style>
        <Style id="10641">
            <LineStyle id="10642">
                <color>ff8C00EC</color>
                <colorMode>normal</colorMode>
                <width>4</width>
            </LineStyle>
        </Style>
        <Style id="10645">
            <LineStyle id="10646">
                <color>ff8C00EC</color>
                <colorMode>normal</colorMode>
                <width>4</width>
            </LineStyle>
        </Style>
        <Style id="10649">
            <LineStyle id="10650">
                <color>ff8C00EC</color>
                <colorMode>normal</colorMode>
                <width>4</width>
            </LineStyle>
        </Style>
        <Style id="10653">
            <LineStyle id="10654">
                <color>ff8C00EC</color>
                <colorMode>normal</colorMode>
                <width>4</width>
            </LineStyle>
        </Style>
        <Style id="10657">
            <LineStyle id="10658">
                <color>ff8C00EC</color>
                <colorMode>normal</colorMode>
                <width>4</width>
            </LineStyle>
        </Style>
        <Style id="10661">
            <LineStyle id="10662">
                <color>ff8C00EC</color>
                <colorMode>normal</colorMode>
                <width>4</width>
            </LineStyle>
        </Style>
        <Style id="10665">
            <LineStyle id="10666">
                <color>ff8C00EC</color>
                <colorMode>normal</colorMode>
                <width>4</width>
            </LineStyle>
        </Style>
        <Style id="10669">
            <LineStyle id="10670">
                <color>ff8C00EC</color>
                <colorMode>normal</colorMode>
                <width>4</width>
            </LineStyle>
        </Style>
        <Style id="10673">
            <LineStyle id="10674">
                <color>ff8C00EC</color>
                <colorMode>normal</colorMode>
                <width>4</width>
            </LineStyle>
        </Style>
        <Style id="10677">
            <LineStyle id="10678">
                <color>ff8C00EC</color>
                <colorMode>normal</colorMode>
                <width>4</width>
            </LineStyle>
        </Style>
        <Style id="10681">
            <LineStyle id="10682">
                <color>ff8C00EC</color>
                <colorMode>normal</colorMode>
                <width>4</width>
            </LineStyle>
        </Style>
        <Style id="10685">
            <LineStyle id="10686">
                <color>ff8C00EC</color>
                <colorMode>normal</colorMode>
                <width>4</width>
            </LineStyle>
        </Style>
        <Style id="10689">
            <LineStyle id="10690">
                <color>ff8C00EC</color>
                <colorMode>normal</colorMode>
                <width>4</width>
            </LineStyle>
        </Style>
        <Style id="10693">
            <LineStyle id="10694">
                <color>ff8C00EC</color>
                <colorMode>normal</colorMode>
                <width>4</width>
            </LineStyle>
        </Style>
        <Style id="10697">
            <LineStyle id="10698">
                <color>ff8C00EC</color>
                <colorMode>normal</colorMode>
                <width>4</width>
            </LineStyle>
        </Style>
        <Style id="10701">
            <LineStyle id="10702">
                <color>ff8C00EC</color>
                <colorMode>normal</colorMode>
                <width>4</width>
            </LineStyle>
        </Style>
        <Style id="10705">
            <LineStyle id="10706">
                <color>ff8C00EC</color>
                <colorMode>normal</colorMode>
                <width>4</width>
            </LineStyle>
        </Style>
        <Style id="10709">
            <LineStyle id="10710">
                <color>ff8C00EC</color>
                <colorMode>normal</colorMode>
                <width>4</width>
            </LineStyle>
        </Style>
        <Style id="10713">
            <LineStyle id="10714">
                <color>ff8C00EC</color>
                <colorMode>normal</colorMode>
                <width>4</width>
            </LineStyle>
        </Style>
        <Style id="10717">
            <LineStyle id="10718">
                <color>ff8C00EC</color>
                <colorMode>normal</colorMode>
                <width>4</width>
            </LineStyle>
        </Style>
        <Style id="10721">
            <LineStyle id="10722">
                <color>ff8C00EC</color>
                <colorMode>normal</colorMode>
                <width>4</width>
            </LineStyle>
        </Style>
        <Style id="10725">
            <LineStyle id="10726">
                <color>ff8C00EC</color>
                <colorMode>normal</colorMode>
                <width>4</width>
            </LineStyle>
        </Style>
        <Style id="10729">
            <LineStyle id="10730">
                <color>ff8C00EC</color>
                <colorMode>normal</colorMode>
                <width>4</width>
            </LineStyle>
        </Style>
        <Style id="10733">
            <LineStyle id="10734">
                <color>ff8C00EC</color>
                <colorMode>normal</colorMode>
                <width>4</width>
            </LineStyle>
        </Style>
        <Style id="10737">
            <LineStyle id="10738">
                <color>ff8C00EC</color>
                <colorMode>normal</colorMode>
                <width>4</width>
            </LineStyle>
        </Style>
        <Style id="10741">
            <LineStyle id="10742">
                <color>ff8C00EC</color>
                <colorMode>normal</colorMode>
                <width>4</width>
            </LineStyle>
        </Style>
        <Style id="10745">
            <LineStyle id="10746">
                <color>ff8C00EC</color>
                <colorMode>normal</colorMode>
                <width>4</width>
            </LineStyle>
        </Style>
        <Style id="10749">
            <LineStyle id="10750">
                <color>ff8C00EC</color>
                <colorMode>normal</colorMode>
                <width>4</width>
            </LineStyle>
        </Style>
        <Style id="10753">
            <LineStyle id="10754">
                <color>ff8C00EC</color>
                <colorMode>normal</colorMode>
                <width>4</width>
            </LineStyle>
        </Style>
        <Style id="10757">
            <LineStyle id="10758">
                <color>ff8C00EC</color>
                <colorMode>normal</colorMode>
                <width>4</width>
            </LineStyle>
        </Style>
        <Style id="10761">
            <LineStyle id="10762">
                <color>ff8C00EC</color>
                <colorMode>normal</colorMode>
                <width>4</width>
            </LineStyle>
        </Style>
        <Style id="10765">
            <LineStyle id="10766">
                <color>ff8C00EC</color>
                <colorMode>normal</colorMode>
                <width>4</width>
            </LineStyle>
        </Style>
        <Style id="10769">
            <LineStyle id="10770">
                <color>ff8C00EC</color>
                <colorMode>normal</colorMode>
                <width>4</width>
            </LineStyle>
        </Style>
        <Style id="10773">
            <LineStyle id="10774">
                <color>ff8C00EC</color>
                <colorMode>normal</colorMode>
                <width>4</width>
            </LineStyle>
        </Style>
        <Style id="10777">
            <LineStyle id="10778">
                <color>ff8C00EC</color>
                <colorMode>normal</colorMode>
                <width>4</width>
            </LineStyle>
        </Style>
        <Style id="10781">
            <LineStyle id="10782">
                <color>ff8C00EC</color>
                <colorMode>normal</colorMode>
                <width>4</width>
            </LineStyle>
        </Style>
        <Style id="10785">
            <LineStyle id="10786">
                <color>ff8C00EC</color>
                <colorMode>normal</colorMode>
                <width>4</width>
            </LineStyle>
        </Style>
        <Style id="10789">
            <LineStyle id="10790">
                <color>ff8C00EC</color>
                <colorMode>normal</colorMode>
                <width>4</width>
            </LineStyle>
        </Style>
        <Style id="10793">
            <LineStyle id="10794">
                <color>ff8C00EC</color>
                <colorMode>normal</colorMode>
                <width>4</width>
            </LineStyle>
        </Style>
        <Style id="10797">
            <LineStyle id="10798">
                <color>ff8C00EC</color>
                <colorMode>normal</colorMode>
                <width>4</width>
            </LineStyle>
        </Style>
        <Style id="10801">
            <LineStyle id="10802">
                <color>ff8C00EC</color>
                <colorMode>normal</colorMode>
                <width>4</width>
            </LineStyle>
        </Style>
        <Style id="10805">
            <LineStyle id="10806">
                <color>ff8C00EC</color>
                <colorMode>normal</colorMode>
                <width>4</width>
            </LineStyle>
        </Style>
        <Style id="10809">
            <LineStyle id="10810">
                <color>ff8C00EC</color>
                <colorMode>normal</colorMode>
                <width>4</width>
            </LineStyle>
        </Style>
        <Style id="10813">
            <LineStyle id="10814">
                <color>ff8C00EC</color>
                <colorMode>normal</colorMode>
                <width>4</width>
            </LineStyle>
        </Style>
        <Style id="10817">
            <LineStyle id="10818">
                <color>ff8C00EC</color>
                <colorMode>normal</colorMode>
                <width>4</width>
            </LineStyle>
        </Style>
        <Style id="10821">
            <LineStyle id="10822">
                <color>ff8C00EC</color>
                <colorMode>normal</colorMode>
                <width>4</width>
            </LineStyle>
        </Style>
        <Style id="10825">
            <LineStyle id="10826">
                <color>ff8C00EC</color>
                <colorMode>normal</colorMode>
                <width>4</width>
            </LineStyle>
        </Style>
        <Style id="10829">
            <LineStyle id="10830">
                <color>ff8C00EC</color>
                <colorMode>normal</colorMode>
                <width>4</width>
            </LineStyle>
        </Style>
        <Style id="10833">
            <LineStyle id="10834">
                <color>ff8C00EC</color>
                <colorMode>normal</colorMode>
                <width>4</width>
            </LineStyle>
        </Style>
        <Style id="10837">
            <LineStyle id="10838">
                <color>ff8C00EC</color>
                <colorMode>normal</colorMode>
                <width>4</width>
            </LineStyle>
        </Style>
        <Style id="10841">
            <LineStyle id="10842">
                <color>ff8C00EC</color>
                <colorMode>normal</colorMode>
                <width>4</width>
            </LineStyle>
        </Style>
        <Style id="10845">
            <LineStyle id="10846">
                <color>ff8C00EC</color>
                <colorMode>normal</colorMode>
                <width>4</width>
            </LineStyle>
        </Style>
        <Style id="10849">
            <LineStyle id="10850">
                <color>ff8C00EC</color>
                <colorMode>normal</colorMode>
                <width>4</width>
            </LineStyle>
        </Style>
        <Style id="10853">
            <LineStyle id="10854">
                <color>ff8C00EC</color>
                <colorMode>normal</colorMode>
                <width>4</width>
            </LineStyle>
        </Style>
        <Style id="10857">
            <LineStyle id="10858">
                <color>ff8C00EC</color>
                <colorMode>normal</colorMode>
                <width>4</width>
            </LineStyle>
        </Style>
        <Style id="10861">
            <LineStyle id="10862">
                <color>ff8C00EC</color>
                <colorMode>normal</colorMode>
                <width>4</width>
            </LineStyle>
        </Style>
        <Style id="10865">
            <LineStyle id="10866">
                <color>ff8C00EC</color>
                <colorMode>normal</colorMode>
                <width>4</width>
            </LineStyle>
        </Style>
        <Style id="10869">
            <LineStyle id="10870">
                <color>ff8C00EC</color>
                <colorMode>normal</colorMode>
                <width>4</width>
            </LineStyle>
        </Style>
        <Style id="10873">
            <LineStyle id="10874">
                <color>ff8C00EC</color>
                <colorMode>normal</colorMode>
                <width>4</width>
            </LineStyle>
        </Style>
        <Style id="10877">
            <LineStyle id="10878">
                <color>ff8C00EC</color>
                <colorMode>normal</colorMode>
                <width>4</width>
            </LineStyle>
        </Style>
        <Style id="10881">
            <LineStyle id="10882">
                <color>ff8C00EC</color>
                <colorMode>normal</colorMode>
                <width>4</width>
            </LineStyle>
        </Style>
        <Style id="10885">
            <LineStyle id="10886">
                <color>ff8C00EC</color>
                <colorMode>normal</colorMode>
                <width>4</width>
            </LineStyle>
        </Style>
        <Style id="10889">
            <LineStyle id="10890">
                <color>ff8C00EC</color>
                <colorMode>normal</colorMode>
                <width>4</width>
            </LineStyle>
        </Style>
        <Style id="10893">
            <LineStyle id="10894">
                <color>ff8C00EC</color>
                <colorMode>normal</colorMode>
                <width>4</width>
            </LineStyle>
        </Style>
        <Style id="10897">
            <LineStyle id="10898">
                <color>ff8C00EC</color>
                <colorMode>normal</colorMode>
                <width>4</width>
            </LineStyle>
        </Style>
        <Style id="10901">
            <LineStyle id="10902">
                <color>ff8C00EC</color>
                <colorMode>normal</colorMode>
                <width>4</width>
            </LineStyle>
        </Style>
        <Style id="10905">
            <LineStyle id="10906">
                <color>ff8C00EC</color>
                <colorMode>normal</colorMode>
                <width>4</width>
            </LineStyle>
        </Style>
        <Style id="10909">
            <LineStyle id="10910">
                <color>ff8C00EC</color>
                <colorMode>normal</colorMode>
                <width>4</width>
            </LineStyle>
        </Style>
        <Style id="10913">
            <LineStyle id="10914">
                <color>ff8C00EC</color>
                <colorMode>normal</colorMode>
                <width>4</width>
            </LineStyle>
        </Style>
        <Style id="10917">
            <LineStyle id="10918">
                <color>ff8C00EC</color>
                <colorMode>normal</colorMode>
                <width>4</width>
            </LineStyle>
        </Style>
        <Style id="10921">
            <LineStyle id="10922">
                <color>ff8C00EC</color>
                <colorMode>normal</colorMode>
                <width>4</width>
            </LineStyle>
        </Style>
        <Style id="10925">
            <LineStyle id="10926">
                <color>ff8C00EC</color>
                <colorMode>normal</colorMode>
                <width>4</width>
            </LineStyle>
        </Style>
        <Style id="10929">
            <LineStyle id="10930">
                <color>ff8C00EC</color>
                <colorMode>normal</colorMode>
                <width>4</width>
            </LineStyle>
        </Style>
        <Style id="10933">
            <LineStyle id="10934">
                <color>ff8C00EC</color>
                <colorMode>normal</colorMode>
                <width>4</width>
            </LineStyle>
        </Style>
        <Style id="10937">
            <LineStyle id="10938">
                <color>ff8C00EC</color>
                <colorMode>normal</colorMode>
                <width>4</width>
            </LineStyle>
        </Style>
        <Style id="10941">
            <LineStyle id="10942">
                <color>ff8C00EC</color>
                <colorMode>normal</colorMode>
                <width>4</width>
            </LineStyle>
        </Style>
        <Style id="10945">
            <LineStyle id="10946">
                <color>ff8C00EC</color>
                <colorMode>normal</colorMode>
                <width>4</width>
            </LineStyle>
        </Style>
        <Style id="10949">
            <LineStyle id="10950">
                <color>ff8C00EC</color>
                <colorMode>normal</colorMode>
                <width>4</width>
            </LineStyle>
        </Style>
        <Style id="10953">
            <LineStyle id="10954">
                <color>ff8C00EC</color>
                <colorMode>normal</colorMode>
                <width>4</width>
            </LineStyle>
        </Style>
        <Style id="10957">
            <LineStyle id="10958">
                <color>ff8C00EC</color>
                <colorMode>normal</colorMode>
                <width>4</width>
            </LineStyle>
        </Style>
        <Style id="10961">
            <LineStyle id="10962">
                <color>ff8C00EC</color>
                <colorMode>normal</colorMode>
                <width>4</width>
            </LineStyle>
        </Style>
        <Style id="10965">
            <LineStyle id="10966">
                <color>ff8C00EC</color>
                <colorMode>normal</colorMode>
                <width>4</width>
            </LineStyle>
        </Style>
        <Style id="10969">
            <LineStyle id="10970">
                <color>ff8C00EC</color>
                <colorMode>normal</colorMode>
                <width>4</width>
            </LineStyle>
        </Style>
        <Style id="10973">
            <LineStyle id="10974">
                <color>ff8C00EC</color>
                <colorMode>normal</colorMode>
                <width>4</width>
            </LineStyle>
        </Style>
        <Style id="10977">
            <LineStyle id="10978">
                <color>ff8C00EC</color>
                <colorMode>normal</colorMode>
                <width>4</width>
            </LineStyle>
        </Style>
        <Style id="10981">
            <LineStyle id="10982">
                <color>ff8C00EC</color>
                <colorMode>normal</colorMode>
                <width>4</width>
            </LineStyle>
        </Style>
        <Style id="10985">
            <LineStyle id="10986">
                <color>ff8C00EC</color>
                <colorMode>normal</colorMode>
                <width>4</width>
            </LineStyle>
        </Style>
        <Style id="10989">
            <LineStyle id="10990">
                <color>ff8C00EC</color>
                <colorMode>normal</colorMode>
                <width>4</width>
            </LineStyle>
        </Style>
        <Style id="10993">
            <LineStyle id="10994">
                <color>ff8C00EC</color>
                <colorMode>normal</colorMode>
                <width>4</width>
            </LineStyle>
        </Style>
        <Style id="10997">
            <LineStyle id="10998">
                <color>ff8C00EC</color>
                <colorMode>normal</colorMode>
                <width>4</width>
            </LineStyle>
        </Style>
        <Style id="11001">
            <LineStyle id="11002">
                <color>ff8C00EC</color>
                <colorMode>normal</colorMode>
                <width>4</width>
            </LineStyle>
        </Style>
        <Style id="11005">
            <LineStyle id="11006">
                <color>ff8C00EC</color>
                <colorMode>normal</colorMode>
                <width>4</width>
            </LineStyle>
        </Style>
        <Style id="11009">
            <LineStyle id="11010">
                <color>ff8C00EC</color>
                <colorMode>normal</colorMode>
                <width>4</width>
            </LineStyle>
        </Style>
        <Style id="11013">
            <LineStyle id="11014">
                <color>ff8C00EC</color>
                <colorMode>normal</colorMode>
                <width>4</width>
            </LineStyle>
        </Style>
        <Style id="11017">
            <LineStyle id="11018">
                <color>ff8C00EC</color>
                <colorMode>normal</colorMode>
                <width>4</width>
            </LineStyle>
        </Style>
        <Style id="11021">
            <LineStyle id="11022">
                <color>ff8C00EC</color>
                <colorMode>normal</colorMode>
                <width>4</width>
            </LineStyle>
        </Style>
        <Style id="11025">
            <LineStyle id="11026">
                <color>ff8C00EC</color>
                <colorMode>normal</colorMode>
                <width>4</width>
            </LineStyle>
        </Style>
        <Style id="11029">
            <LineStyle id="11030">
                <color>ff8C00EC</color>
                <colorMode>normal</colorMode>
                <width>4</width>
            </LineStyle>
        </Style>
        <Style id="11033">
            <LineStyle id="11034">
                <color>ff8C00EC</color>
                <colorMode>normal</colorMode>
                <width>4</width>
            </LineStyle>
        </Style>
        <Style id="11037">
            <LineStyle id="11038">
                <color>ff8C00EC</color>
                <colorMode>normal</colorMode>
                <width>4</width>
            </LineStyle>
        </Style>
        <Style id="11041">
            <LineStyle id="11042">
                <color>ff8C00EC</color>
                <colorMode>normal</colorMode>
                <width>4</width>
            </LineStyle>
        </Style>
        <Style id="11045">
            <LineStyle id="11046">
                <color>ff8C00EC</color>
                <colorMode>normal</colorMode>
                <width>4</width>
            </LineStyle>
        </Style>
        <Style id="11049">
            <LineStyle id="11050">
                <color>ff8C00EC</color>
                <colorMode>normal</colorMode>
                <width>4</width>
            </LineStyle>
        </Style>
        <Style id="11053">
            <LineStyle id="11054">
                <color>ff8C00EC</color>
                <colorMode>normal</colorMode>
                <width>4</width>
            </LineStyle>
        </Style>
        <Style id="11057">
            <LineStyle id="11058">
                <color>ff8C00EC</color>
                <colorMode>normal</colorMode>
                <width>4</width>
            </LineStyle>
        </Style>
        <Style id="11061">
            <LineStyle id="11062">
                <color>ff8C00EC</color>
                <colorMode>normal</colorMode>
                <width>4</width>
            </LineStyle>
        </Style>
        <Style id="11065">
            <LineStyle id="11066">
                <color>ff8C00EC</color>
                <colorMode>normal</colorMode>
                <width>4</width>
            </LineStyle>
        </Style>
        <Style id="11069">
            <LineStyle id="11070">
                <color>ff8C00EC</color>
                <colorMode>normal</colorMode>
                <width>4</width>
            </LineStyle>
        </Style>
        <Style id="11073">
            <LineStyle id="11074">
                <color>ff8C00EC</color>
                <colorMode>normal</colorMode>
                <width>4</width>
            </LineStyle>
        </Style>
        <Style id="11077">
            <LineStyle id="11078">
                <color>ff8C00EC</color>
                <colorMode>normal</colorMode>
                <width>4</width>
            </LineStyle>
        </Style>
        <Style id="11081">
            <LineStyle id="11082">
                <color>ff8C00EC</color>
                <colorMode>normal</colorMode>
                <width>4</width>
            </LineStyle>
        </Style>
        <Style id="11085">
            <LineStyle id="11086">
                <color>ff8C00EC</color>
                <colorMode>normal</colorMode>
                <width>4</width>
            </LineStyle>
        </Style>
        <Style id="11089">
            <LineStyle id="11090">
                <color>ff8C00EC</color>
                <colorMode>normal</colorMode>
                <width>4</width>
            </LineStyle>
        </Style>
        <Style id="11093">
            <LineStyle id="11094">
                <color>ff8C00EC</color>
                <colorMode>normal</colorMode>
                <width>4</width>
            </LineStyle>
        </Style>
        <Style id="11097">
            <LineStyle id="11098">
                <color>ff8C00EC</color>
                <colorMode>normal</colorMode>
                <width>4</width>
            </LineStyle>
        </Style>
        <Style id="11101">
            <LineStyle id="11102">
                <color>ff8C00EC</color>
                <colorMode>normal</colorMode>
                <width>4</width>
            </LineStyle>
        </Style>
        <Style id="11105">
            <LineStyle id="11106">
                <color>ff8C00EC</color>
                <colorMode>normal</colorMode>
                <width>4</width>
            </LineStyle>
        </Style>
        <Style id="11109">
            <LineStyle id="11110">
                <color>ff8C00EC</color>
                <colorMode>normal</colorMode>
                <width>4</width>
            </LineStyle>
        </Style>
        <Style id="11113">
            <LineStyle id="11114">
                <color>ff8C00EC</color>
                <colorMode>normal</colorMode>
                <width>4</width>
            </LineStyle>
        </Style>
        <Style id="11117">
            <LineStyle id="11118">
                <color>ff8C00EC</color>
                <colorMode>normal</colorMode>
                <width>4</width>
            </LineStyle>
        </Style>
        <Style id="11121">
            <LineStyle id="11122">
                <color>ff8C00EC</color>
                <colorMode>normal</colorMode>
                <width>4</width>
            </LineStyle>
        </Style>
        <Style id="11125">
            <LineStyle id="11126">
                <color>ff8C00EC</color>
                <colorMode>normal</colorMode>
                <width>4</width>
            </LineStyle>
        </Style>
        <Style id="11129">
            <LineStyle id="11130">
                <color>ff8C00EC</color>
                <colorMode>normal</colorMode>
                <width>4</width>
            </LineStyle>
        </Style>
        <Style id="11133">
            <LineStyle id="11134">
                <color>ff8C00EC</color>
                <colorMode>normal</colorMode>
                <width>4</width>
            </LineStyle>
        </Style>
        <Style id="11137">
            <LineStyle id="11138">
                <color>ff8C00EC</color>
                <colorMode>normal</colorMode>
                <width>4</width>
            </LineStyle>
        </Style>
        <Style id="11141">
            <LineStyle id="11142">
                <color>ff8C00EC</color>
                <colorMode>normal</colorMode>
                <width>4</width>
            </LineStyle>
        </Style>
        <Style id="11145">
            <LineStyle id="11146">
                <color>ff8C00EC</color>
                <colorMode>normal</colorMode>
                <width>4</width>
            </LineStyle>
        </Style>
        <Style id="11149">
            <LineStyle id="11150">
                <color>ff8C00EC</color>
                <colorMode>normal</colorMode>
                <width>4</width>
            </LineStyle>
        </Style>
        <Style id="11153">
            <LineStyle id="11154">
                <color>ff8C00EC</color>
                <colorMode>normal</colorMode>
                <width>4</width>
            </LineStyle>
        </Style>
        <Style id="11157">
            <LineStyle id="11158">
                <color>ff8C00EC</color>
                <colorMode>normal</colorMode>
                <width>4</width>
            </LineStyle>
        </Style>
        <Style id="11161">
            <LineStyle id="11162">
                <color>ff8C00EC</color>
                <colorMode>normal</colorMode>
                <width>4</width>
            </LineStyle>
        </Style>
        <Style id="11165">
            <LineStyle id="11166">
                <color>ff8C00EC</color>
                <colorMode>normal</colorMode>
                <width>4</width>
            </LineStyle>
        </Style>
        <Style id="11169">
            <LineStyle id="11170">
                <color>ff8C00EC</color>
                <colorMode>normal</colorMode>
                <width>4</width>
            </LineStyle>
        </Style>
        <Style id="11173">
            <LineStyle id="11174">
                <color>ff8C00EC</color>
                <colorMode>normal</colorMode>
                <width>4</width>
            </LineStyle>
        </Style>
        <Style id="11177">
            <LineStyle id="11178">
                <color>ff8C00EC</color>
                <colorMode>normal</colorMode>
                <width>4</width>
            </LineStyle>
        </Style>
        <Style id="11181">
            <LineStyle id="11182">
                <color>ff8C00EC</color>
                <colorMode>normal</colorMode>
                <width>4</width>
            </LineStyle>
        </Style>
        <Style id="11185">
            <LineStyle id="11186">
                <color>ff8C00EC</color>
                <colorMode>normal</colorMode>
                <width>4</width>
            </LineStyle>
        </Style>
        <Style id="11189">
            <LineStyle id="11190">
                <color>ff8C00EC</color>
                <colorMode>normal</colorMode>
                <width>4</width>
            </LineStyle>
        </Style>
        <Style id="11193">
            <LineStyle id="11194">
                <color>ff8C00EC</color>
                <colorMode>normal</colorMode>
                <width>4</width>
            </LineStyle>
        </Style>
        <Style id="11197">
            <LineStyle id="11198">
                <color>ff8C00EC</color>
                <colorMode>normal</colorMode>
                <width>4</width>
            </LineStyle>
        </Style>
        <Style id="11201">
            <LineStyle id="11202">
                <color>ff8C00EC</color>
                <colorMode>normal</colorMode>
                <width>4</width>
            </LineStyle>
        </Style>
        <Style id="11205">
            <LineStyle id="11206">
                <color>ff8C00EC</color>
                <colorMode>normal</colorMode>
                <width>4</width>
            </LineStyle>
        </Style>
        <Style id="11209">
            <LineStyle id="11210">
                <color>ff8C00EC</color>
                <colorMode>normal</colorMode>
                <width>4</width>
            </LineStyle>
        </Style>
        <Style id="11213">
            <LineStyle id="11214">
                <color>ff8C00EC</color>
                <colorMode>normal</colorMode>
                <width>4</width>
            </LineStyle>
        </Style>
        <Style id="11217">
            <LineStyle id="11218">
                <color>ff8C00EC</color>
                <colorMode>normal</colorMode>
                <width>4</width>
            </LineStyle>
        </Style>
        <Style id="11221">
            <LineStyle id="11222">
                <color>ff8C00EC</color>
                <colorMode>normal</colorMode>
                <width>4</width>
            </LineStyle>
        </Style>
        <Style id="11225">
            <LineStyle id="11226">
                <color>ff8C00EC</color>
                <colorMode>normal</colorMode>
                <width>4</width>
            </LineStyle>
        </Style>
        <ExtendedData>
            <Data name="route-name">
                <value>Koridor 5: Jatinangor → Dipatiukur</value>
            </Data>
            <Data name="source">
                <value>Transport for Bandung</value>
            </Data>
        </ExtendedData>
        <Placemark id="10269">
            <name>IPDN B</name>
            <styleUrl>#10270</styleUrl>
            <Point id="10268">
                <coordinates>107.7650857,-6.9357667,0.0</coordinates>
            </Point>
        </Placemark>
        <Placemark id="10274">
            <name>Lapangan Gasibu B</name>
            <styleUrl>#10275</styleUrl>
            <Point id="10273">
                <coordinates>107.6201283,-6.9012501,0.0</coordinates>
            </Point>
        </Placemark>
        <Placemark id="10279">
            <name>PUSDAI B</name>
            <styleUrl>#10280</styleUrl>
            <Point id="10278">
                <coordinates>107.6241682,-6.9011517,0.0</coordinates>
            </Point>
        </Placemark>
        <Placemark id="10284">
            <name>SDN 062 Ciujung Bandung (Lapangan Supratman B)</name>
            <styleUrl>#10285</styleUrl>
            <Point id="10283">
                <coordinates>107.6297079,-6.907261,0.0</coordinates>
            </Point>
        </Placemark>
        <Placemark id="10289">
            <name>Bandung Creative Hub B</name>
            <styleUrl>#10290</styleUrl>
            <Point id="10288">
                <coordinates>107.6312506,-6.9184177,0.0</coordinates>
            </Point>
        </Placemark>
        <Placemark id="10294">
            <name>Hotel Horison B</name>
            <styleUrl>#10295</styleUrl>
            <Point id="10293">
                <coordinates>107.6251981,-6.9343038,0.0</coordinates>
            </Point>
        </Placemark>
        <Placemark id="10299">
            <name>PT INTI B (BKR 5)</name>
            <styleUrl>#10300</styleUrl>
            <Point id="10298">
                <coordinates>107.6067624,-6.9375463,0.0</coordinates>
            </Point>
        </Placemark>
        <Placemark id="10304">
            <name>Simpang By Pass Soekarno Hatta B</name>
            <styleUrl>#10305</styleUrl>
            <Point id="10303">
                <coordinates>107.6087518,-6.9483342,0.0</coordinates>
            </Point>
        </Placemark>
        <Placemark id="10309">
            <name>Jalan Haji Tatang Sumantri</name>
            <styleUrl>#10310</styleUrl>
            <Point id="10308">
                <coordinates>107.6115309,-6.9546605,0.0</coordinates>
            </Point>
        </Placemark>
        <Placemark id="10314">
            <name>Cileunyi B</name>
            <styleUrl>#10315</styleUrl>
            <Point id="10313">
                <coordinates>107.75596,-6.9428213,0.0</coordinates>
            </Point>
        </Placemark>
        <Placemark id="10319">
            <name>Jatinangor Town Square</name>
            <styleUrl>#10320</styleUrl>
            <Point id="10318">
                <coordinates>107.7712431,-6.933968,0.0</coordinates>
            </Point>
        </Placemark>
        <Placemark id="10324">
            <name>SPBU Ahmad Yani</name>
            <styleUrl>#10325</styleUrl>
            <Point id="10323">
                <coordinates>107.6339701,-6.9129228,0.0</coordinates>
            </Point>
        </Placemark>
        <Placemark id="10329">
            <name>ITB Ganesha B</name>
            <styleUrl>#10330</styleUrl>
            <Point id="10328">
                <coordinates>107.6094774,-6.8933731,0.0</coordinates>
            </Point>
        </Placemark>
        <Placemark id="10334">
            <name>Baltos</name>
            <styleUrl>#10335</styleUrl>
            <Point id="10333">
                <coordinates>107.6099669,-6.899504,0.0</coordinates>
            </Point>
        </Placemark>
        <Placemark id="10339">
            <name>Diskominfo Jawa Barat</name>
            <styleUrl>#10340</styleUrl>
            <Point id="10338">
                <coordinates>107.6095093,-6.8962232,0.0</coordinates>
            </Point>
        </Placemark>
        <Placemark id="10344">
            <name>Rumah Sakit Umum Harapan Keluarga</name>
            <styleUrl>#10345</styleUrl>
            <Point id="10343">
                <coordinates>107.7627468,-6.9501747,0.0</coordinates>
            </Point>
        </Placemark>
        <Placemark id="10349">
            <name>Al Ma'soem</name>
            <styleUrl>#10350</styleUrl>
            <Point id="10348">
                <coordinates>107.7595832,-6.9475989,0.0</coordinates>
            </Point>
        </Placemark>
        <Placemark id="10354">
            <name>UNPAD Jatinangor</name>
            <styleUrl>#10355</styleUrl>
            <Point id="10353">
                <coordinates>107.7732761,-6.9323235,0.0</coordinates>
            </Point>
        </Placemark>
        <Placemark id="10359">
            <name>UNPAD Dipatiukur</name>
            <styleUrl>#10360</styleUrl>
            <Point id="10358">
                <coordinates>107.6180405,-6.8934568,0.0</coordinates>
            </Point>
        </Placemark>
        <Placemark id="10364">
            <name>Jalan Sulanjana</name>
            <styleUrl>#10365</styleUrl>
            <LineString id="10363">
                <coordinates>107.6099669,-6.899504,0.0 107.6099959,-6.899509,0.0 107.6103008,-6.8995761,0.0 107.6105271,-6.8996458,0.0 107.6106103,-6.8996659,0.0 107.6106935,-6.8996859,0.0 107.611925,-6.8999352,0.0 107.6121864,-6.9000327,0.0 107.6122346,-6.9000541,0.0 107.6123733,-6.9001249,0.0 107.6124203,-6.9001524,0.0 107.6125313,-6.9002122,0.0</coordinates>
            </LineString>
        </Placemark>
        <Placemark id="10368">
            <name>Jalan Diponegoro</name>
            <styleUrl>#10369</styleUrl>
            <LineString id="10367">
                <coordinates>107.6126165,-6.9002542,0.0 107.6127382,-6.9003059,0.0 107.612782,-6.900322,0.0 107.613037,-6.9003864,0.0 107.6131854,-6.9004134,0.0 107.6132475,-6.9004224,0.0 107.613349,-6.9004397,0.0 107.6134712,-6.9004601,0.0</coordinates>
            </LineString>
        </Placemark>
        <Placemark id="10372">
            <name>Jalan Hasanudin</name>
            <styleUrl>#10373</styleUrl>
            <LineString id="10371">
                <coordinates>107.6160516,-6.8948686,0.0 107.6157544,-6.8948594,0.0 107.6154198,-6.8948516,0.0 107.6153201,-6.8948492,0.0 107.6149218,-6.8948399,0.0</coordinates>
            </LineString>
        </Placemark>
        <Placemark id="10376">
            <name>Jalan Dipatiukur</name>
            <styleUrl>#10377</styleUrl>
            <LineString id="10375">
                <coordinates>107.6179955,-6.8925877,0.0 107.6180206,-6.89264,0.0 107.6180283,-6.8926971,0.0 107.6180394,-6.8934141,0.0 107.6180405,-6.8934568,0.0</coordinates>
            </LineString>
        </Placemark>
        <Placemark id="10380">
            <name>Jalan Ganesha</name>
            <styleUrl>#10381</styleUrl>
            <LineString id="10379">
                <coordinates>107.608451,-6.8938318,0.0 107.6086137,-6.8937312,0.0 107.6087982,-6.893634,0.0 107.6088765,-6.8935928,0.0 107.6090448,-6.893512,0.0 107.6093151,-6.8934184,0.0 107.6094774,-6.8933731,0.0 107.6095668,-6.8933482,0.0 107.6096192,-6.8933336,0.0 107.609879,-6.8932749,0.0 107.609952,-6.8932657,0.0 107.6102808,-6.8932243,0.0 107.6103844,-6.8932176,0.0 107.6104782,-6.8932163,0.0 107.6106041,-6.893216,0.0 107.6109077,-6.8932466,0.0 107.6110847,-6.8932872,0.0 107.6112795,-6.8933467,0.0 107.611316,-6.8933595,0.0 107.6114196,-6.8933958,0.0 107.6118346,-6.893539,0.0 107.6119543,-6.8935795,0.0 107.6121446,-6.8936144,0.0 107.6123348,-6.8936492,0.0 107.612577,-6.893691,0.0 107.612929,-6.8937515,0.0 107.6130211,-6.8937711,0.0</coordinates>
            </LineString>
        </Placemark>
        <Placemark id="10384">
            <name>Jalan Tol Padalarang–Cileunyi</name>
            <styleUrl>#10385</styleUrl>
            <LineString id="10383">
                <coordinates>107.6240196,-6.9635519,0.0 107.6232212,-6.9632673,0.0 107.622434,-6.962935,0.0 107.6206351,-6.9621517,0.0 107.6193691,-6.9616315,0.0 107.618904,-6.9614672,0.0 107.6184121,-6.9613257,0.0 107.617441,-6.9611037,0.0 107.6169164,-6.9610145,0.0 107.616377,-6.960967,0.0 107.6158342,-6.9609253,0.0 107.6153076,-6.960928,0.0 107.6149582,-6.9609376,0.0 107.6146037,-6.9609549,0.0 107.613897,-6.960997,0.0</coordinates>
            </LineString>
        </Placemark>
        <Placemark id="10388">
            <name>Jalan Tol Padalarang–Cileunyi</name>
            <styleUrl>#10389</styleUrl>
            <LineString id="10387">
                <coordinates>107.6383527,-6.9658664,0.0 107.6376421,-6.9657635,0.0</coordinates>
            </LineString>
        </Placemark>
        <Placemark id="10392">
            <name>Jalan Tol Padalarang–Cileunyi</name>
            <styleUrl>#10393</styleUrl>
            <LineString id="10391">
                <coordinates>107.6605412,-6.9665435,0.0 107.6602749,-6.9664723,0.0</coordinates>
            </LineString>
        </Placemark>
        <Placemark id="10396">
            <name>Jalan Tol Padalarang–Cileunyi</name>
            <styleUrl>#10397</styleUrl>
            <LineString id="10395">
                <coordinates>107.6602749,-6.9664723,0.0 107.6592945,-6.9662484,0.0 107.6582265,-6.9660239,0.0 107.657108,-6.9658428,0.0 107.6548308,-6.9654887,0.0 107.6503411,-6.9647975,0.0 107.649516,-6.9647173,0.0 107.6492464,-6.964699,0.0 107.6482738,-6.9646979,0.0 107.6477177,-6.9647296,0.0 107.6471827,-6.9647861,0.0 107.6465024,-6.9648976,0.0 107.6463564,-6.9649217,0.0 107.6456618,-6.9650863,0.0 107.6448986,-6.9652904,0.0 107.644108,-6.9654915,0.0 107.6434162,-6.9656701,0.0 107.6428164,-6.9657886,0.0</coordinates>
            </LineString>
        </Placemark>
        <Placemark id="10400">
            <name>Jalan Sindangsari</name>
            <styleUrl>#10401</styleUrl>
            <LineString id="10399">
                <coordinates>107.7567382,-6.9389134,0.0 107.7567739,-6.9390766,0.0 107.7568577,-6.9394912,0.0 107.7569138,-6.9398023,0.0 107.756922,-6.9400445,0.0 107.7568884,-6.9402795,0.0 107.7567934,-6.9405329,0.0 107.7566826,-6.9407282,0.0 107.7565267,-6.9409422,0.0 107.7563528,-6.9411132,0.0 107.756136,-6.9412518,0.0 107.7560908,-6.941275,0.0 107.7560052,-6.9413191,0.0 107.755796,-6.9414221,0.0 107.7557485,-6.9414449,0.0 107.7556492,-6.9414928,0.0</coordinates>
            </LineString>
        </Placemark>
        <Placemark id="10404">
            <name>Jalan Tol Padalarang–Cileunyi</name>
            <styleUrl>#10405</styleUrl>
            <LineString id="10403">
                <coordinates>107.7275203,-6.955671,0.0 107.7239339,-6.957573,0.0 107.7192116,-6.9600439,0.0 107.7189825,-6.9601638,0.0 107.7182064,-6.9605699,0.0 107.7169157,-6.9612924,0.0 107.7166423,-6.9614366,0.0 107.7125469,-6.9635845,0.0 107.7123147,-6.9637044,0.0 107.7083018,-6.9657741,0.0 107.7080886,-6.9658841,0.0 107.7080205,-6.9659212,0.0 107.7064018,-6.9667796,0.0 107.7060582,-6.9669406,0.0 107.7054399,-6.9672396,0.0 107.7051055,-6.9673943,0.0 107.7048594,-6.9675082,0.0</coordinates>
            </LineString>
        </Placemark>
        <Placemark id="10408">
            <name>Jalan Tol Padalarang–Cileunyi</name>
            <styleUrl>#10409</styleUrl>
            <LineString id="10407">
                <coordinates>107.7301632,-6.9542907,0.0 107.7275203,-6.955671,0.0</coordinates>
            </LineString>
        </Placemark>
        <Placemark id="10412">
            <name>Jalan Surapati</name>
            <styleUrl>#10413</styleUrl>
            <LineString id="10411">
                <coordinates>107.6167125,-6.8991863,0.0 107.6166576,-6.8991786,0.0</coordinates>
            </LineString>
        </Placemark>
        <Placemark id="10416">
            <name>Jalan Tamansari</name>
            <styleUrl>#10417</styleUrl>
            <LineString id="10415">
                <coordinates>107.6096024,-6.8976029,0.0 107.6096043,-6.8975557,0.0</coordinates>
            </LineString>
        </Placemark>
        <Placemark id="10420">
            <name>Jalan Tamansari</name>
            <styleUrl>#10421</styleUrl>
            <LineString id="10419">
                <coordinates>107.609539,-6.8982797,0.0 107.6095516,-6.8981418,0.0 107.6095612,-6.898037,0.0</coordinates>
            </LineString>
        </Placemark>
        <Placemark id="10424">
            <name>Jalan Aria Jipang</name>
            <styleUrl>#10425</styleUrl>
            <LineString id="10423">
                <coordinates>107.6166576,-6.8991786,0.0 107.6165356,-6.8992206,0.0 107.616428,-6.8992677,0.0 107.6162456,-6.8994129,0.0</coordinates>
            </LineString>
        </Placemark>
        <Placemark id="10428">
            <name>Jalan Diponegoro</name>
            <styleUrl>#10429</styleUrl>
            <LineString id="10427">
                <coordinates>107.6261654,-6.9011784,0.0 107.6260467,-6.9011405,0.0 107.6258837,-6.9011178,0.0 107.6256026,-6.9011027,0.0 107.6255521,-6.9011033,0.0 107.6253574,-6.9011085,0.0</coordinates>
            </LineString>
        </Placemark>
        <Placemark id="10432">
            <name>Jalan Tol Padalarang–Cileunyi</name>
            <styleUrl>#10433</styleUrl>
            <LineString id="10431">
                <coordinates>107.7008012,-6.9689116,0.0 107.7005692,-6.9689765,0.0 107.700311,-6.9690394,0.0 107.6994963,-6.9692194,0.0 107.6986452,-6.9693772,0.0 107.6978192,-6.9695123,0.0 107.6969744,-6.969618,0.0 107.696224,-6.9696943,0.0 107.695469,-6.9697474,0.0 107.6942774,-6.9697885,0.0 107.6939365,-6.9697913,0.0 107.6934312,-6.9697858,0.0 107.6931249,-6.9697779,0.0 107.6929457,-6.9697732,0.0 107.6919077,-6.9697069,0.0 107.6896263,-6.9694807,0.0 107.6882266,-6.9693437,0.0 107.6863341,-6.9691585,0.0 107.6827551,-6.9687928,0.0 107.6791187,-6.9684289,0.0 107.6780871,-6.9683242,0.0</coordinates>
            </LineString>
        </Placemark>
        <Placemark id="10436">
            <name>Jalan Tol Padalarang–Cileunyi</name>
            <styleUrl>#10437</styleUrl>
            <LineString id="10435">
                <coordinates>107.613897,-6.960997,0.0 107.6134261,-6.9610319,0.0</coordinates>
            </LineString>
        </Placemark>
        <Placemark id="10440">
            <name>Jalan Tol Padalarang–Cileunyi</name>
            <styleUrl>#10441</styleUrl>
            <LineString id="10439">
                <coordinates>107.6780871,-6.9683242,0.0 107.6778075,-6.9682989,0.0</coordinates>
            </LineString>
        </Placemark>
        <Placemark id="10444">
            <name>Jalan Tol Padalarang–Cileunyi</name>
            <styleUrl>#10445</styleUrl>
            <LineString id="10443">
                <coordinates>107.7048594,-6.9675082,0.0 107.7044989,-6.9676661,0.0</coordinates>
            </LineString>
        </Placemark>
        <Placemark id="10448">
            <name>Jalan Tol Padalarang–Cileunyi</name>
            <styleUrl>#10449</styleUrl>
            <LineString id="10447">
                <coordinates>107.6778075,-6.9682989,0.0 107.6726434,-6.9677797,0.0 107.6713623,-6.9676529,0.0</coordinates>
            </LineString>
        </Placemark>
        <Placemark id="10452">
            <name>Jalan Tol Padalarang–Cileunyi</name>
            <styleUrl>#10453</styleUrl>
            <LineString id="10451">
                <coordinates>107.6713623,-6.9676529,0.0 107.671104,-6.967636,0.0</coordinates>
            </LineString>
        </Placemark>
        <Placemark id="10456">
            <name>Jalan Tol Padalarang–Cileunyi</name>
            <styleUrl>#10457</styleUrl>
            <LineString id="10455">
                <coordinates>107.6134261,-6.9610319,0.0 107.609088,-6.9613408,0.0</coordinates>
            </LineString>
        </Placemark>
        <Placemark id="10460">
            <name>Jalan Tol Padalarang–Cileunyi</name>
            <styleUrl>#10461</styleUrl>
            <LineString id="10459">
                <coordinates>107.671104,-6.967636,0.0 107.6700893,-6.9675947,0.0 107.6691132,-6.9676097,0.0 107.6670335,-6.9676825,0.0 107.6665138,-6.9676607,0.0 107.6656039,-6.967624,0.0 107.664696,-6.9675308,0.0 107.663792,-6.9673834,0.0 107.6617852,-6.9668859,0.0 107.6605412,-6.9665435,0.0</coordinates>
            </LineString>
        </Placemark>
        <Placemark id="10464">
            <name>Route Segment</name>
            <styleUrl>#10465</styleUrl>
            <LineString id="10463">
                <coordinates>107.7762363,-6.9317185,0.0 107.7762112,-6.9317794,0.0 107.7762117,-6.9318293,0.0 107.7762674,-6.9321273,0.0 107.7763015,-6.9323154,0.0 107.7763244,-6.9324698,0.0 107.7763165,-6.9325139,0.0 107.7763041,-6.9325395,0.0 107.776297,-6.9325543,0.0 107.7762652,-6.9325853,0.0</coordinates>
            </LineString>
        </Placemark>
        <Placemark id="10468">
            <name>Jalan Pelajar Pejuang 45</name>
            <styleUrl>#10469</styleUrl>
            <LineString id="10467">
                <coordinates>107.6227233,-6.9368982,0.0 107.622754,-6.9368771,0.0 107.6229268,-6.9367508,0.0 107.6231489,-6.9365488,0.0 107.623331,-6.9363673,0.0 107.6235951,-6.9361186,0.0</coordinates>
            </LineString>
        </Placemark>
        <Placemark id="10472">
            <name>Jalan Jenderal Ahmad Yani</name>
            <styleUrl>#10473</styleUrl>
            <LineString id="10471">
                <coordinates>107.6299627,-6.9157488,0.0 107.6300393,-6.9157014,0.0</coordinates>
            </LineString>
        </Placemark>
        <Placemark id="10476">
            <name>Jalan Supratman</name>
            <styleUrl>#10477</styleUrl>
            <LineString id="10475">
                <coordinates>107.6332282,-6.9117173,0.0 107.6331856,-6.9116524,0.0 107.6329432,-6.9112851,0.0 107.6328915,-6.9112089,0.0 107.6322045,-6.910162,0.0 107.6319439,-6.9097596,0.0 107.6317344,-6.9094313,0.0 107.6315704,-6.9091771,0.0 107.6314866,-6.9090452,0.0 107.6312417,-6.9086675,0.0 107.6311208,-6.9084816,0.0 107.6310204,-6.9083285,0.0 107.6309112,-6.9081623,0.0 107.6307619,-6.9079442,0.0 107.6306223,-6.907732,0.0</coordinates>
            </LineString>
        </Placemark>
        <Placemark id="10480">
            <name>Jalan Tol Padalarang–Cileunyi</name>
            <styleUrl>#10481</styleUrl>
            <LineString id="10479">
                <coordinates>107.609088,-6.9613408,0.0 107.6087547,-6.9613656,0.0</coordinates>
            </LineString>
        </Placemark>
        <Placemark id="10484">
            <name>Jalan Tol Padalarang–Cileunyi</name>
            <styleUrl>#10485</styleUrl>
            <LineString id="10483">
                <coordinates>107.6087547,-6.9613656,0.0 107.6083346,-6.961397,0.0 107.6061709,-6.9615586,0.0 107.6052772,-6.9616227,0.0</coordinates>
            </LineString>
        </Placemark>
        <Placemark id="10488">
            <name>Jalan Akses Tol Mohammad Toha</name>
            <styleUrl>#10489</styleUrl>
            <LineString id="10487">
                <coordinates>107.6109871,-6.9561266,0.0 107.6115714,-6.9559139,0.0</coordinates>
            </LineString>
        </Placemark>
        <Placemark id="10492">
            <name>Jalan Akses Tol Mohammad Toha</name>
            <styleUrl>#10493</styleUrl>
            <LineString id="10491">
                <coordinates>107.6108621,-6.9561653,0.0 107.6109871,-6.9561266,0.0</coordinates>
            </LineString>
        </Placemark>
        <Placemark id="10496">
            <name>Jalan Sentot Alibasyah</name>
            <styleUrl>#10497</styleUrl>
            <LineString id="10495">
                <coordinates>107.6192733,-6.8999367,0.0 107.6192643,-6.8995771,0.0 107.61926,-6.89948,0.0 107.6192595,-6.8994625,0.0 107.6192514,-6.8994349,0.0</coordinates>
            </LineString>
        </Placemark>
        <Placemark id="10500">
            <name>Jalan Laswi</name>
            <styleUrl>#10501</styleUrl>
            <LineString id="10499">
                <coordinates>107.6313458,-6.9186198,0.0 107.6312891,-6.9184991,0.0 107.6312618,-6.9184409,0.0 107.6312506,-6.9184177,0.0 107.6307984,-6.9174779,0.0 107.6307188,-6.9173125,0.0</coordinates>
            </LineString>
        </Placemark>
        <Placemark id="10504">
            <name>Jalan Ganesha</name>
            <styleUrl>#10505</styleUrl>
            <LineString id="10503">
                <coordinates>107.6130211,-6.8937711,0.0 107.6130825,-6.8937804,0.0</coordinates>
            </LineString>
        </Placemark>
        <Placemark id="10508">
            <name>Jalan Mohammad Toha</name>
            <styleUrl>#10509</styleUrl>
            <LineString id="10507">
                <coordinates>107.6061651,-6.9376173,0.0 107.6061748,-6.9375256,0.0</coordinates>
            </LineString>
        </Placemark>
        <Placemark id="10512">
            <name>Jalan Supratman</name>
            <styleUrl>#10513</styleUrl>
            <LineString id="10511">
                <coordinates>107.6300738,-6.9068822,0.0 107.6299247,-6.9066444,0.0 107.629845,-6.9065172,0.0</coordinates>
            </LineString>
        </Placemark>
        <Placemark id="10516">
            <name>Jalan Dipatiukur</name>
            <styleUrl>#10517</styleUrl>
            <LineString id="10515">
                <coordinates>107.6178188,-6.8923923,0.0 107.6179955,-6.8925877,0.0</coordinates>
            </LineString>
        </Placemark>
        <Placemark id="10520">
            <name>Jalan Hasanudin</name>
            <styleUrl>#10521</styleUrl>
            <LineString id="10519">
                <coordinates>107.613998,-6.8948395,0.0 107.6134856,-6.8948285,0.0 107.6134343,-6.8948263,0.0 107.6133011,-6.8948223,0.0 107.6130874,-6.8948127,0.0 107.6130082,-6.8948099,0.0</coordinates>
            </LineString>
        </Placemark>
        <Placemark id="10524">
            <name>Jalan Diponegoro</name>
            <styleUrl>#10525</styleUrl>
            <LineString id="10523">
                <coordinates>107.624855,-6.9011253,0.0 107.6248142,-6.9011269,0.0</coordinates>
            </LineString>
        </Placemark>
        <Placemark id="10528">
            <name>Jalan BKR</name>
            <styleUrl>#10529</styleUrl>
            <LineString id="10527">
                <coordinates>107.6127959,-6.9377381,0.0 107.6128099,-6.9377383,0.0 107.6141135,-6.9377842,0.0 107.6162137,-6.9379,0.0 107.6176675,-6.9379879,0.0 107.6179579,-6.9380065,0.0 107.6180652,-6.9380134,0.0 107.6187551,-6.9380576,0.0 107.6192607,-6.9380784,0.0 107.6196527,-6.9380817,0.0 107.6199071,-6.9380597,0.0 107.620207,-6.9380111,0.0</coordinates>
            </LineString>
        </Placemark>
        <Placemark id="10532">
            <name>Jalan BKR</name>
            <styleUrl>#10533</styleUrl>
            <LineString id="10531">
                <coordinates>107.6096639,-6.9376389,0.0 107.610179,-6.937657,0.0 107.6104253,-6.9376656,0.0 107.6110405,-6.9376854,0.0 107.6113683,-6.9376957,0.0</coordinates>
            </LineString>
        </Placemark>
        <Placemark id="10536">
            <name>Jalan Mohammad Toha</name>
            <styleUrl>#10537</styleUrl>
            <LineString id="10535">
                <coordinates>107.6086676,-6.9461425,0.0 107.6086093,-6.945971,0.0 107.6085871,-6.9459059,0.0 107.608562,-6.9458321,0.0 107.6085284,-6.9457333,0.0 107.6084824,-6.9455982,0.0 107.6084779,-6.9455849,0.0 107.6084496,-6.9455018,0.0 107.608427,-6.9454354,0.0 107.608407,-6.9453744,0.0 107.6083491,-6.945205,0.0 107.6082597,-6.9449435,0.0 107.6082426,-6.9448934,0.0 107.6082103,-6.9447985,0.0 107.6080915,-6.9444492,0.0 107.6079672,-6.944084,0.0 107.6078706,-6.9438055,0.0 107.607766,-6.9435054,0.0 107.6077347,-6.9434128,0.0 107.607677,-6.9432421,0.0 107.6076477,-6.9431556,0.0</coordinates>
            </LineString>
        </Placemark>
        <Placemark id="10540">
            <name>Jalan Pelajar Pejuang 45</name>
            <styleUrl>#10541</styleUrl>
            <LineString id="10539">
                <coordinates>107.6264291,-6.9295004,0.0 107.6264391,-6.9294553,0.0 107.6264613,-6.9293556,0.0 107.6265855,-6.9288571,0.0 107.6267919,-6.9280215,0.0 107.6269788,-6.9273388,0.0</coordinates>
            </LineString>
        </Placemark>
        <Placemark id="10544">
            <name>Jalan Pelajar Pejuang 45</name>
            <styleUrl>#10545</styleUrl>
            <LineString id="10543">
                <coordinates>107.6257279,-6.9322848,0.0 107.6257914,-6.9320326,0.0 107.6258532,-6.9317868,0.0 107.6260656,-6.9309431,0.0 107.6260901,-6.9308456,0.0 107.6261208,-6.9307238,0.0 107.6263851,-6.9296738,0.0</coordinates>
            </LineString>
        </Placemark>
        <Placemark id="10548">
            <name>Jalan Sentot Alibasyah</name>
            <styleUrl>#10549</styleUrl>
            <LineString id="10547">
                <coordinates>107.6193022,-6.9012716,0.0 107.6193024,-6.9011929,0.0</coordinates>
            </LineString>
        </Placemark>
        <Placemark id="10552">
            <name>Route Segment</name>
            <styleUrl>#10553</styleUrl>
            <LineString id="10551">
                <coordinates>107.6089854,-6.9482416,0.0 107.6091215,-6.9482171,0.0 107.6091635,-6.9482034,0.0 107.6091847,-6.9481943,0.0 107.6092024,-6.9481834,0.0 107.6092158,-6.9481721,0.0 107.6092305,-6.9481568,0.0 107.6092432,-6.9481413,0.0 107.6092554,-6.9481208,0.0 107.6092687,-6.9480936,0.0 107.6092789,-6.9480682,0.0 107.6092906,-6.948039,0.0 107.6093038,-6.9479813,0.0</coordinates>
            </LineString>
        </Placemark>
        <Placemark id="10556">
            <name>Route Segment</name>
            <styleUrl>#10557</styleUrl>
            <LineString id="10555">
                <coordinates>107.6095322,-6.9486416,0.0 107.6094657,-6.9485947,0.0 107.6094231,-6.9485507,0.0 107.6093919,-6.9485164,0.0 107.6093631,-6.9484883,0.0 107.6093357,-6.948465,0.0 107.6092838,-6.9484357,0.0 107.6092254,-6.948413,0.0 107.6091509,-6.9483908,0.0 107.6089974,-6.9483475,0.0</coordinates>
            </LineString>
        </Placemark>
        <Placemark id="10560">
            <name>Jalan BKR</name>
            <styleUrl>#10561</styleUrl>
            <LineString id="10559">
                <coordinates>107.620207,-6.9380111,0.0 107.6204439,-6.9379553,0.0</coordinates>
            </LineString>
        </Placemark>
        <Placemark id="10564">
            <name>Jalan BKR</name>
            <styleUrl>#10565</styleUrl>
            <LineString id="10563">
                <coordinates>107.621238,-6.9376849,0.0 107.6213731,-6.9376336,0.0 107.6222214,-6.9372434,0.0 107.6224276,-6.9371006,0.0</coordinates>
            </LineString>
        </Placemark>
        <Placemark id="10568">
            <name>Jalan Aria Jipang</name>
            <styleUrl>#10569</styleUrl>
            <LineString id="10567">
                <coordinates>107.6162456,-6.8994129,0.0 107.6162134,-6.8994493,0.0 107.6160568,-6.8995735,0.0 107.615847,-6.8997551,0.0 107.6156875,-6.8999054,0.0 107.6154024,-6.9002108,0.0 107.6153734,-6.9002409,0.0 107.6150711,-6.9006334,0.0</coordinates>
            </LineString>
        </Placemark>
        <Placemark id="10572">
            <name>Jalan Lapang Supratman</name>
            <styleUrl>#10573</styleUrl>
            <LineString id="10571">
                <coordinates>107.6306223,-6.907732,0.0 107.6302838,-6.9079553,0.0 107.6301163,-6.9080655,0.0 107.6299488,-6.9081756,0.0 107.6297436,-6.9082432,0.0 107.629633,-6.9082512,0.0 107.6295506,-6.9082404,0.0 107.6294925,-6.9082151,0.0 107.629441,-6.9081795,0.0 107.6293885,-6.9081299,0.0</coordinates>
            </LineString>
        </Placemark>
        <Placemark id="10576">
            <name>Route Segment</name>
            <styleUrl>#10577</styleUrl>
            <LineString id="10575">
                <coordinates>107.7640121,-6.9510671,0.0 107.7640881,-6.9511546,0.0 107.7641161,-6.951214,0.0 107.7641203,-6.9512651,0.0 107.7640908,-6.9513237,0.0 107.7640571,-6.9513525,0.0 107.7640289,-6.9513724,0.0 107.7639634,-6.9513757,0.0 107.7638858,-6.9513467,0.0</coordinates>
            </LineString>
        </Placemark>
        <Placemark id="10580">
            <name>Jalan Jenderal Ahmad Yani</name>
            <styleUrl>#10581</styleUrl>
            <LineString id="10579">
                <coordinates>107.6311335,-6.9151604,0.0 107.6313219,-6.9150573,0.0 107.631392,-6.915019,0.0 107.6314854,-6.9149679,0.0 107.6316428,-6.9148818,0.0 107.6320747,-6.9146547,0.0 107.6322869,-6.9145432,0.0 107.6325601,-6.9143996,0.0 107.6327618,-6.9142935,0.0 107.6327884,-6.9142791,0.0 107.6328365,-6.9142566,0.0 107.6329881,-6.9141745,0.0 107.6332108,-6.9140574,0.0 107.6333413,-6.9139888,0.0</coordinates>
            </LineString>
        </Placemark>
        <Placemark id="10584">
            <name>Jalan Supratman</name>
            <styleUrl>#10585</styleUrl>
            <LineString id="10583">
                <coordinates>107.629845,-6.9065172,0.0 107.6297558,-6.9063806,0.0 107.6296851,-6.9062724,0.0 107.6291361,-6.9054318,0.0 107.6286724,-6.9047363,0.0 107.6283588,-6.9042662,0.0 107.6283196,-6.9042087,0.0 107.6282502,-6.9041003,0.0 107.628213,-6.904045,0.0 107.6279578,-6.9036524,0.0 107.627865,-6.9035115,0.0 107.6272147,-6.9025295,0.0 107.6268259,-6.9019313,0.0 107.6265672,-6.9015367,0.0 107.6264463,-6.9013828,0.0 107.6262854,-6.901239,0.0 107.6261654,-6.9011784,0.0</coordinates>
            </LineString>
        </Placemark>
        <Placemark id="10588">
            <name>Jalan Raya Jatinangor</name>
            <styleUrl>#10589</styleUrl>
            <LineString id="10587">
                <coordinates>107.7675768,-6.9350493,0.0 107.7673973,-6.9351121,0.0 107.7672831,-6.9351502,0.0 107.7669177,-6.9352475,0.0 107.7664849,-6.9353658,0.0 107.7658771,-6.9355405,0.0 107.7656255,-6.9356187,0.0 107.7655141,-6.9356483,0.0 107.7653826,-6.9356865,0.0 107.7651933,-6.9357377,0.0 107.7650857,-6.9357667,0.0 107.7649726,-6.9357969,0.0 107.764515,-6.9359243,0.0 107.7644697,-6.9359374,0.0 107.7636782,-6.9361659,0.0 107.7634952,-6.9362167,0.0 107.763187,-6.936307,0.0 107.7629325,-6.9363823,0.0 107.7627421,-6.9364412,0.0 107.7626255,-6.9364841,0.0 107.7624907,-6.9365295,0.0 107.7616752,-6.9367789,0.0 107.7606748,-6.9370672,0.0 107.7600062,-6.9372556,0.0 107.7596502,-6.9373535,0.0 107.7590556,-6.9375224,0.0 107.7588675,-6.9375717,0.0 107.7586433,-6.9376144,0.0 107.7584323,-6.9376542,0.0 107.7581907,-6.937702,0.0 107.7579006,-6.9377508,0.0 107.7575017,-6.9377983,0.0</coordinates>
            </LineString>
        </Placemark>
        <Placemark id="10592">
            <name>Jalan Laswi</name>
            <styleUrl>#10593</styleUrl>
            <LineString id="10591">
                <coordinates>107.6300893,-6.9160089,0.0 107.6300294,-6.9158899,0.0 107.6299922,-6.9158161,0.0</coordinates>
            </LineString>
        </Placemark>
        <Placemark id="10596">
            <name>Jalan Raya Cipacing</name>
            <styleUrl>#10597</styleUrl>
            <LineString id="10595">
                <coordinates>107.7555143,-6.9419798,0.0 107.7555465,-6.9420347,0.0 107.7555912,-6.9420993,0.0 107.7556445,-6.9421675,0.0 107.7560434,-6.9426557,0.0 107.7563393,-6.9430093,0.0 107.7565272,-6.9432199,0.0 107.7574594,-6.9442003,0.0 107.7576136,-6.9443602,0.0 107.7577971,-6.9445648,0.0 107.7578933,-6.944712,0.0 107.7579497,-6.9448013,0.0 107.7580006,-6.9449464,0.0 107.7580938,-6.9455593,0.0 107.7581549,-6.9459515,0.0 107.758233,-6.9461825,0.0</coordinates>
            </LineString>
        </Placemark>
        <Placemark id="10600">
            <name>Jalan Dipatiukur</name>
            <styleUrl>#10601</styleUrl>
            <LineString id="10599">
                <coordinates>107.6176835,-6.8943336,0.0 107.6177104,-6.8942378,0.0 107.6177564,-6.8941579,0.0 107.6178531,-6.8940151,0.0 107.6178962,-6.8939401,0.0 107.6179191,-6.893871,0.0 107.6179139,-6.8934868,0.0 107.6179108,-6.8934136,0.0 107.6179071,-6.8932726,0.0 107.6178942,-6.8927885,0.0 107.6178794,-6.8926864,0.0 107.6178188,-6.8923923,0.0</coordinates>
            </LineString>
        </Placemark>
        <Placemark id="10604">
            <name>Jalan Raya Jatinangor</name>
            <styleUrl>#10605</styleUrl>
            <LineString id="10603">
                <coordinates>107.7733603,-6.9333503,0.0 107.773198,-6.9333982,0.0</coordinates>
            </LineString>
        </Placemark>
        <Placemark id="10608">
            <name>Jalan Raya Jatinangor</name>
            <styleUrl>#10609</styleUrl>
            <LineString id="10607">
                <coordinates>107.7762652,-6.9325853,0.0 107.7758361,-6.9326913,0.0 107.7752875,-6.9328343,0.0 107.7750065,-6.9329163,0.0 107.7748177,-6.9329675,0.0 107.7746097,-6.9330162,0.0 107.7744488,-6.9330582,0.0 107.7743896,-6.9330745,0.0 107.7742535,-6.9331121,0.0 107.7738953,-6.9332064,0.0 107.7736143,-6.9332754,0.0 107.7735077,-6.9333045,0.0 107.7733603,-6.9333503,0.0</coordinates>
            </LineString>
        </Placemark>
        <Placemark id="10612">
            <name>Jalan Dipatiukur</name>
            <styleUrl>#10613</styleUrl>
            <LineString id="10611">
                <coordinates>107.6176835,-6.8943336,0.0 107.6175117,-6.8946008,0.0 107.6174318,-6.8947388,0.0</coordinates>
            </LineString>
        </Placemark>
        <Placemark id="10616">
            <name>Jalan Raya Jatinangor</name>
            <styleUrl>#10617</styleUrl>
            <LineString id="10615">
                <coordinates>107.7758563,-6.9316463,0.0 107.7760948,-6.9316294,0.0 107.7761371,-6.9316325,0.0 107.7761635,-6.9316349,0.0 107.7761919,-6.931643,0.0 107.7762186,-6.9316655,0.0 107.7762343,-6.9316965,0.0 107.7762363,-6.9317185,0.0</coordinates>
            </LineString>
        </Placemark>
        <Placemark id="10620">
            <name>Jalan Mohammad Toha</name>
            <styleUrl>#10621</styleUrl>
            <LineString id="10619">
                <coordinates>107.6117909,-6.9555998,0.0 107.6117834,-6.9555778,0.0 107.611748,-6.9554589,0.0 107.6117404,-6.9554321,0.0 107.6116741,-6.9552221,0.0</coordinates>
            </LineString>
        </Placemark>
        <Placemark id="10624">
            <name>Jalan Mohammad Toha</name>
            <styleUrl>#10625</styleUrl>
            <LineString id="10623">
                <coordinates>107.6061483,-6.9378682,0.0 107.6061566,-6.9377293,0.0 107.6061595,-6.9376808,0.0 107.6061651,-6.9376173,0.0</coordinates>
            </LineString>
        </Placemark>
        <Placemark id="10628">
            <name>Jalan Mohammad Toha</name>
            <styleUrl>#10629</styleUrl>
            <LineString id="10627">
                <coordinates>107.6116113,-6.9549027,0.0 107.6115903,-6.9548395,0.0 107.6115496,-6.9547181,0.0 107.6115404,-6.9546891,0.0 107.6115309,-6.9546605,0.0 107.6115168,-6.954618,0.0 107.6115056,-6.9545841,0.0 107.6114306,-6.9543571,0.0 107.6114039,-6.9542777,0.0 107.6113779,-6.9541994,0.0 107.6113491,-6.9541126,0.0 107.6113021,-6.953971,0.0 107.6112433,-6.9537939,0.0 107.6112087,-6.9536897,0.0 107.6111456,-6.953493,0.0 107.6111025,-6.9533696,0.0 107.6110127,-6.9530992,0.0 107.6109821,-6.9530069,0.0 107.6109598,-6.9529395,0.0 107.610882,-6.9527052,0.0 107.6108172,-6.9525101,0.0 107.6107154,-6.9522033,0.0 107.610704,-6.9521688,0.0 107.6106927,-6.9521348,0.0 107.6106289,-6.9519383,0.0 107.6105529,-6.9517136,0.0 107.6105221,-6.9516206,0.0 107.6104355,-6.951364,0.0 107.6103879,-6.9512162,0.0 107.6103079,-6.9509754,0.0 107.6101654,-6.950546,0.0 107.6101111,-6.9503823,0.0 107.609996,-6.9500355,0.0</coordinates>
            </LineString>
        </Placemark>
        <Placemark id="10632">
            <name>Jalan BKR</name>
            <styleUrl>#10633</styleUrl>
            <LineString id="10631">
                <coordinates>107.606583,-6.9375409,0.0 107.6066558,-6.9375429,0.0 107.6067624,-6.9375463,0.0 107.6075417,-6.9375714,0.0 107.6083051,-6.9375959,0.0 107.608358,-6.9375976,0.0 107.6084176,-6.9375995,0.0</coordinates>
            </LineString>
        </Placemark>
        <Placemark id="10636">
            <name>Jalan Surapati</name>
            <styleUrl>#10637</styleUrl>
            <LineString id="10635">
                <coordinates>107.6191372,-6.8993236,0.0 107.6190846,-6.8993251,0.0 107.618152,-6.8993732,0.0 107.6180165,-6.8993687,0.0 107.6176554,-6.8993298,0.0 107.6168232,-6.8991861,0.0 107.6167125,-6.8991863,0.0</coordinates>
            </LineString>
        </Placemark>
        <Placemark id="10640">
            <name>Jalan Pelajar Pejuang 45</name>
            <styleUrl>#10641</styleUrl>
            <LineString id="10639">
                <coordinates>107.6254318,-6.9335047,0.0 107.6256261,-6.9326844,0.0 107.625634,-6.9326543,0.0</coordinates>
            </LineString>
        </Placemark>
        <Placemark id="10644">
            <name>Jalan BKR</name>
            <styleUrl>#10645</styleUrl>
            <LineString id="10643">
                <coordinates>107.6224276,-6.9371006,0.0 107.6226063,-6.9369795,0.0 107.6226363,-6.9369591,0.0 107.6226877,-6.9369246,0.0</coordinates>
            </LineString>
        </Placemark>
        <Placemark id="10648">
            <name>Jalan Mohammad Toha</name>
            <styleUrl>#10649</styleUrl>
            <LineString id="10647">
                <coordinates>107.6061749,-6.938344,0.0 107.6061574,-6.9383237,0.0 107.6061507,-6.9383009,0.0 107.6061483,-6.9378682,0.0</coordinates>
            </LineString>
        </Placemark>
        <Placemark id="10652">
            <name>Jalan Jenderal Ahmad Yani</name>
            <styleUrl>#10653</styleUrl>
            <LineString id="10651">
                <coordinates>107.6303085,-6.9155587,0.0 107.6310417,-6.9151604,0.0 107.6311335,-6.9151604,0.0</coordinates>
            </LineString>
        </Placemark>
        <Placemark id="10656">
            <name>Jalan Laswi</name>
            <styleUrl>#10657</styleUrl>
            <LineString id="10655">
                <coordinates>107.6305572,-6.921776,0.0 107.6306587,-6.9213913,0.0 107.6306826,-6.9212967,0.0 107.6307838,-6.9208916,0.0 107.6308352,-6.9206729,0.0 107.6309208,-6.920344,0.0 107.6309798,-6.9201332,0.0 107.6310123,-6.9200044,0.0 107.6310227,-6.9199664,0.0</coordinates>
            </LineString>
        </Placemark>
        <Placemark id="10660">
            <name>Jalan Laswi</name>
            <styleUrl>#10661</styleUrl>
            <LineString id="10659">
                <coordinates>107.630505,-6.9219065,0.0 107.6305572,-6.921776,0.0</coordinates>
            </LineString>
        </Placemark>
        <Placemark id="10664">
            <name>Jalan Raya Cipacing</name>
            <styleUrl>#10665</styleUrl>
            <LineString id="10663">
                <coordinates>107.7582047,-6.9463533,0.0 107.7581185,-6.9462528,0.0</coordinates>
            </LineString>
        </Placemark>
        <Placemark id="10668">
            <name>Jalan Raya Cipacing</name>
            <styleUrl>#10669</styleUrl>
            <LineString id="10667">
                <coordinates>107.758233,-6.9461825,0.0 107.7582715,-6.9462591,0.0 107.7583334,-6.9463236,0.0</coordinates>
            </LineString>
        </Placemark>
        <Placemark id="10672">
            <name>Jalan Raya Cipacing</name>
            <styleUrl>#10673</styleUrl>
            <LineString id="10671">
                <coordinates>107.7583334,-6.9463236,0.0 107.7585779,-6.9465346,0.0 107.7591741,-6.9470535,0.0 107.7595709,-6.9473958,0.0 107.7597488,-6.9475531,0.0 107.7600202,-6.947793,0.0 107.7607282,-6.9483898,0.0 107.7609507,-6.9485896,0.0 107.7611973,-6.9488002,0.0 107.7614413,-6.9490204,0.0 107.7617633,-6.9492982,0.0 107.762128,-6.949611,0.0 107.7621805,-6.9496545,0.0 107.7627468,-6.9501747,0.0 107.762789,-6.9502135,0.0 107.762855,-6.9502679,0.0 107.7630768,-6.9504644,0.0 107.7633913,-6.9507133,0.0 107.7635315,-6.95081,0.0 107.7636418,-6.950877,0.0 107.7640121,-6.9510671,0.0</coordinates>
            </LineString>
        </Placemark>
        <Placemark id="10676">
            <name>Jalan Raya Cipacing</name>
            <styleUrl>#10677</styleUrl>
            <LineString id="10675">
                <coordinates>107.7637278,-6.9512076,0.0 107.7636967,-6.9511802,0.0 107.7633764,-6.9508895,0.0 107.7632519,-6.9507762,0.0 107.7628973,-6.9504774,0.0 107.7627113,-6.9503256,0.0 107.7623174,-6.9499795,0.0 107.7620876,-6.9497659,0.0 107.7620039,-6.9496968,0.0 107.7617899,-6.9495203,0.0 107.7615197,-6.949285,0.0 107.761415,-6.949195,0.0 107.7603657,-6.9482848,0.0 107.7601193,-6.9480656,0.0 107.7598531,-6.9478402,0.0 107.7596554,-6.9476639,0.0 107.7595832,-6.9475989,0.0 107.7592865,-6.9473383,0.0 107.7589074,-6.9469995,0.0 107.7585289,-6.9466629,0.0 107.7582233,-6.9463751,0.0 107.7582047,-6.9463533,0.0</coordinates>
            </LineString>
        </Placemark>
        <Placemark id="10680">
            <name>Jalan Soekarno-Hatta</name>
            <styleUrl>#10681</styleUrl>
            <LineString id="10679">
                <coordinates>107.6054387,-6.9480071,0.0 107.6057218,-6.9480258,0.0 107.6059845,-6.9480432,0.0 107.6061148,-6.9480518,0.0 107.6064402,-6.9480733,0.0 107.6065499,-6.9480806,0.0 107.6067107,-6.9480912,0.0 107.6070517,-6.9481138,0.0 107.6072302,-6.9481255,0.0 107.6072587,-6.9481274,0.0 107.6073396,-6.9481328,0.0 107.6077353,-6.9481589,0.0 107.6080187,-6.9481777,0.0 107.6086542,-6.9482197,0.0 107.6089854,-6.9482416,0.0</coordinates>
            </LineString>
        </Placemark>
        <Placemark id="10684">
            <name>Jalan Soekarno-Hatta</name>
            <styleUrl>#10685</styleUrl>
            <LineString id="10683">
                <coordinates>107.6089974,-6.9483475,0.0 107.6088993,-6.9483444,0.0 107.6087518,-6.9483342,0.0 107.6084452,-6.9483129,0.0 107.6082859,-6.9483019,0.0 107.6079479,-6.9482785,0.0 107.6076198,-6.9482557,0.0 107.6075247,-6.9482491,0.0 107.6072566,-6.9482306,0.0 107.6072047,-6.948227,0.0 107.6071349,-6.9482221,0.0 107.6070593,-6.9482169,0.0 107.6065158,-6.9481792,0.0 107.6063661,-6.9481689,0.0 107.6056908,-6.9481221,0.0 107.6054314,-6.9481041,0.0</coordinates>
            </LineString>
        </Placemark>
        <Placemark id="10688">
            <name>Jalan Tol Padalarang–Cileunyi</name>
            <styleUrl>#10689</styleUrl>
            <LineString id="10687">
                <coordinates>107.6242877,-6.9636447,0.0 107.6240196,-6.9635519,0.0</coordinates>
            </LineString>
        </Placemark>
        <Placemark id="10692">
            <name>Jalan Tol Padalarang–Cileunyi</name>
            <styleUrl>#10693</styleUrl>
            <LineString id="10691">
                <coordinates>107.6280445,-6.9645778,0.0 107.62756,-6.9644995,0.0 107.627086,-6.9644104,0.0 107.6262714,-6.9642167,0.0 107.625309,-6.9639661,0.0 107.6242877,-6.9636447,0.0</coordinates>
            </LineString>
        </Placemark>
        <Placemark id="10696">
            <name>Jalan Lapang Supratman</name>
            <styleUrl>#10697</styleUrl>
            <LineString id="10695">
                <coordinates>107.6293885,-6.9081299,0.0 107.6293159,-6.9080334,0.0 107.6292485,-6.9079205,0.0</coordinates>
            </LineString>
        </Placemark>
        <Placemark id="10700">
            <name>Jalan Sulanjana</name>
            <styleUrl>#10701</styleUrl>
            <LineString id="10699">
                <coordinates>107.6125313,-6.9002122,0.0 107.6126165,-6.9002542,0.0</coordinates>
            </LineString>
        </Placemark>
        <Placemark id="10704">
            <name>Jalan Tamansari</name>
            <styleUrl>#10705</styleUrl>
            <LineString id="10703">
                <coordinates>107.6096024,-6.8976029,0.0 107.6095964,-6.8977261,0.0</coordinates>
            </LineString>
        </Placemark>
        <Placemark id="10708">
            <name>Simpang Susun Cileunyi</name>
            <styleUrl>#10709</styleUrl>
            <LineString id="10707">
                <coordinates>107.7500992,-6.9452682,0.0 107.7500094,-6.9452192,0.0 107.7498961,-6.9451275,0.0 107.7497556,-6.9449936,0.0 107.7496368,-6.9449014,0.0 107.7494931,-6.9448347,0.0 107.749357,-6.9448082,0.0 107.7492184,-6.9448102,0.0 107.7490775,-6.9448404,0.0 107.7486306,-6.9449883,0.0 107.748288,-6.9451184,0.0 107.747941,-6.9452446,0.0 107.74775,-6.9453067,0.0 107.7475894,-6.9453548,0.0</coordinates>
            </LineString>
        </Placemark>
        <Placemark id="10712">
            <name>Jalan Akses Tol Mohammad Toha</name>
            <styleUrl>#10713</styleUrl>
            <LineString id="10711">
                <coordinates>107.6115714,-6.9559139,0.0 107.6117244,-6.9558114,0.0 107.6117733,-6.9557675,0.0 107.6117861,-6.9557162,0.0 107.6117861,-6.955665,0.0 107.6117909,-6.9555998,0.0</coordinates>
            </LineString>
        </Placemark>
        <Placemark id="10716">
            <name>Jalan Mohammad Toha</name>
            <styleUrl>#10717</styleUrl>
            <LineString id="10715">
                <coordinates>107.6116741,-6.9552221,0.0 107.6116137,-6.9550271,0.0 107.6116113,-6.9549027,0.0</coordinates>
            </LineString>
        </Placemark>
        <Placemark id="10720">
            <name>Jalan Tol Padalarang–Cileunyi</name>
            <styleUrl>#10721</styleUrl>
            <LineString id="10719">
                <coordinates>107.7475894,-6.9453548,0.0 107.7472109,-6.9454817,0.0 107.7468279,-6.9455708,0.0 107.7465409,-6.9456587,0.0 107.7455018,-6.9461073,0.0 107.7429282,-6.9473374,0.0 107.7411818,-6.9482906,0.0 107.7301632,-6.9542907,0.0</coordinates>
            </LineString>
        </Placemark>
        <Placemark id="10724">
            <name>Jalan Tol Padalarang–Cileunyi</name>
            <styleUrl>#10725</styleUrl>
            <LineString id="10723">
                <coordinates>107.7010781,-6.9688314,0.0 107.7008012,-6.9689116,0.0</coordinates>
            </LineString>
        </Placemark>
        <Placemark id="10728">
            <name>Jalan Tol Padalarang–Cileunyi</name>
            <styleUrl>#10729</styleUrl>
            <LineString id="10727">
                <coordinates>107.7044989,-6.9676661,0.0 107.704084,-6.9678305,0.0 107.7039497,-6.9678837,0.0 107.7031639,-6.9681951,0.0 107.7022147,-6.9684965,0.0 107.7017514,-6.9686443,0.0 107.7014617,-6.9687265,0.0 107.7010781,-6.9688314,0.0</coordinates>
            </LineString>
        </Placemark>
        <Placemark id="10732">
            <name>Jalan Tol Padalarang–Cileunyi</name>
            <styleUrl>#10733</styleUrl>
            <LineString id="10731">
                <coordinates>107.6428164,-6.9657886,0.0 107.6419944,-6.9659046,0.0</coordinates>
            </LineString>
        </Placemark>
        <Placemark id="10736">
            <name>Jalan Tol Padalarang–Cileunyi</name>
            <styleUrl>#10737</styleUrl>
            <LineString id="10735">
                <coordinates>107.6419944,-6.9659046,0.0 107.6415405,-6.9659546,0.0 107.6408898,-6.9659908,0.0</coordinates>
            </LineString>
        </Placemark>
        <Placemark id="10740">
            <name>Route Segment</name>
            <styleUrl>#10741</styleUrl>
            <LineString id="10739">
                <coordinates>107.6054387,-6.9480071,0.0 107.6054314,-6.9481041,0.0</coordinates>
            </LineString>
        </Placemark>
        <Placemark id="10744">
            <name>Jalan Raya Jatinangor</name>
            <styleUrl>#10745</styleUrl>
            <LineString id="10743">
                <coordinates>107.7575017,-6.9377983,0.0 107.7573797,-6.9378122,0.0</coordinates>
            </LineString>
        </Placemark>
        <Placemark id="10748">
            <name>Jalan Raya Jatinangor</name>
            <styleUrl>#10749</styleUrl>
            <LineString id="10747">
                <coordinates>107.7573797,-6.9378122,0.0 107.7573571,-6.9378162,0.0 107.7568711,-6.9379092,0.0 107.7567978,-6.9379251,0.0 107.7567478,-6.9379389,0.0 107.7567036,-6.9379558,0.0 107.7566654,-6.9379791,0.0 107.7566331,-6.9380136,0.0 107.7566158,-6.9380459,0.0 107.7566057,-6.9380795,0.0 107.7565995,-6.9381205,0.0 107.7565975,-6.938162,0.0 107.7565987,-6.9382136,0.0 107.756603,-6.938276,0.0</coordinates>
            </LineString>
        </Placemark>
        <Placemark id="10752">
            <name>Jalan Jenderal Ahmad Yani</name>
            <styleUrl>#10753</styleUrl>
            <LineString id="10751">
                <coordinates>107.6337931,-6.9136907,0.0 107.6341252,-6.9135115,0.0 107.6341698,-6.91349,0.0 107.6342542,-6.9134469,0.0</coordinates>
            </LineString>
        </Placemark>
        <Placemark id="10756">
            <name>Jalan Pelajar Pejuang 45</name>
            <styleUrl>#10757</styleUrl>
            <LineString id="10755">
                <coordinates>107.6235951,-6.9361186,0.0 107.6238655,-6.9358391,0.0 107.624189,-6.935517,0.0 107.6247775,-6.9349311,0.0</coordinates>
            </LineString>
        </Placemark>
        <Placemark id="10760">
            <name>Jalan Tamansari</name>
            <styleUrl>#10761</styleUrl>
            <LineString id="10759">
                <coordinates>107.6093542,-6.8987039,0.0 107.6093403,-6.8987437,0.0 107.6093287,-6.8987769,0.0 107.6093124,-6.8988238,0.0 107.6093049,-6.898862,0.0</coordinates>
            </LineString>
        </Placemark>
        <Placemark id="10764">
            <name>Jalan Diponegoro</name>
            <styleUrl>#10765</styleUrl>
            <LineString id="10763">
                <coordinates>107.619423,-6.9012693,0.0 107.6193022,-6.9012716,0.0</coordinates>
            </LineString>
        </Placemark>
        <Placemark id="10768">
            <name>Jalan Mohammad Toha</name>
            <styleUrl>#10769</styleUrl>
            <LineString id="10767">
                <coordinates>107.609996,-6.9500355,0.0 107.6098084,-6.9494703,0.0 107.6097027,-6.9491518,0.0 107.6096343,-6.9489457,0.0 107.6095822,-6.9487887,0.0 107.6095322,-6.9486416,0.0</coordinates>
            </LineString>
        </Placemark>
        <Placemark id="10772">
            <name>Jalan Laswi</name>
            <styleUrl>#10773</styleUrl>
            <LineString id="10771">
                <coordinates>107.6307188,-6.9173125,0.0 107.6306282,-6.9171247,0.0 107.6301434,-6.916119,0.0 107.6300893,-6.9160089,0.0</coordinates>
            </LineString>
        </Placemark>
        <Placemark id="10776">
            <name>Jalan Supratman</name>
            <styleUrl>#10777</styleUrl>
            <LineString id="10775">
                <coordinates>107.6342542,-6.9134469,0.0 107.6342317,-6.9134058,0.0 107.6342213,-6.9133894,0.0 107.6340603,-6.9130846,0.0 107.6339701,-6.9129228,0.0 107.6338062,-6.9126471,0.0 107.6333824,-6.911965,0.0 107.6332282,-6.9117173,0.0</coordinates>
            </LineString>
        </Placemark>
        <Placemark id="10780">
            <name>Simpang Susun Cileunyi</name>
            <styleUrl>#10781</styleUrl>
            <LineString id="10779">
                <coordinates>107.7520362,-6.9424513,0.0 107.7518455,-6.942422,0.0 107.7517155,-6.942411,0.0 107.7514881,-6.9424048,0.0 107.7513524,-6.9424168,0.0 107.7512268,-6.9424413,0.0 107.7511186,-6.9424877,0.0 107.7510195,-6.9425562,0.0 107.7509393,-6.9426483,0.0 107.7508813,-6.9427623,0.0 107.7508503,-6.9428895,0.0 107.7508345,-6.943054,0.0 107.750882,-6.9447748,0.0 107.7508674,-6.9449095,0.0 107.7508328,-6.9450136,0.0 107.750771,-6.9451242,0.0 107.7506763,-6.9452139,0.0 107.7505821,-6.94528,0.0 107.7504733,-6.9453171,0.0 107.7503551,-6.9453332,0.0 107.7502309,-6.9453171,0.0 107.7500992,-6.9452682,0.0</coordinates>
            </LineString>
        </Placemark>
        <Placemark id="10784">
            <name>Simpang Susun Cileunyi</name>
            <styleUrl>#10785</styleUrl>
            <LineString id="10783">
                <coordinates>107.7543319,-6.9418661,0.0 107.7534411,-6.9423494,0.0 107.7533226,-6.9423916,0.0 107.7532112,-6.9424223,0.0 107.7530812,-6.9424506,0.0 107.7529644,-6.9424698,0.0 107.7528366,-6.9424805,0.0 107.7527053,-6.9424866,0.0</coordinates>
            </LineString>
        </Placemark>
        <Placemark id="10788">
            <name>Simpang Susun Cileunyi</name>
            <styleUrl>#10789</styleUrl>
            <LineString id="10787">
                <coordinates>107.7555798,-6.9424232,0.0 107.7554332,-6.9423347,0.0 107.755305,-6.9422443,0.0 107.7551938,-6.9421473,0.0 107.7550629,-6.9420135,0.0 107.7550013,-6.9419538,0.0 107.7549382,-6.9419031,0.0 107.7548763,-6.9418632,0.0 107.754807,-6.9418299,0.0 107.7547455,-6.9418091,0.0 107.7546836,-6.9417945,0.0 107.754619,-6.9417874,0.0 107.7545589,-6.9417887,0.0 107.7545059,-6.9417965,0.0 107.7544475,-6.941813,0.0 107.7543986,-6.9418331,0.0 107.7543319,-6.9418661,0.0</coordinates>
            </LineString>
        </Placemark>
        <Placemark id="10792">
            <name>Jalan Diponegoro</name>
            <styleUrl>#10793</styleUrl>
            <LineString id="10791">
                <coordinates>107.625296,-6.9011083,0.0 107.624855,-6.9011253,0.0</coordinates>
            </LineString>
        </Placemark>
        <Placemark id="10796">
            <name>Jalan BKR</name>
            <styleUrl>#10797</styleUrl>
            <LineString id="10795">
                <coordinates>107.6127538,-6.9377388,0.0 107.6127959,-6.9377381,0.0</coordinates>
            </LineString>
        </Placemark>
        <Placemark id="10800">
            <name>Jalan BKR</name>
            <styleUrl>#10801</styleUrl>
            <LineString id="10799">
                <coordinates>107.6090705,-6.9376195,0.0 107.6091826,-6.9376215,0.0 107.6092886,-6.9376285,0.0 107.6096639,-6.9376389,0.0</coordinates>
            </LineString>
        </Placemark>
        <Placemark id="10804">
            <name>Jalan Layang Laswi - Pelajar Pejuang 45</name>
            <styleUrl>#10805</styleUrl>
            <LineString id="10803">
                <coordinates>107.6271642,-6.9265982,0.0 107.6273607,-6.9260252,0.0</coordinates>
            </LineString>
        </Placemark>
        <Placemark id="10808">
            <name>Jalan Lapang Supratman</name>
            <styleUrl>#10809</styleUrl>
            <LineString id="10807">
                <coordinates>107.6292485,-6.9079205,0.0 107.62923,-6.9078642,0.0 107.6292272,-6.9077795,0.0 107.6292391,-6.9077178,0.0 107.6292929,-6.9076039,0.0 107.6293847,-6.9074925,0.0 107.629504,-6.9073986,0.0 107.6296151,-6.9073236,0.0 107.6297079,-6.907261,0.0 107.6297865,-6.907208,0.0 107.6301321,-6.9069718,0.0</coordinates>
            </LineString>
        </Placemark>
        <Placemark id="10812">
            <name>Jalan BKR</name>
            <styleUrl>#10813</styleUrl>
            <LineString id="10811">
                <coordinates>107.6061748,-6.9375256,0.0 107.6062545,-6.937531,0.0</coordinates>
            </LineString>
        </Placemark>
        <Placemark id="10816">
            <name>Jalan Raya Cipacing</name>
            <styleUrl>#10817</styleUrl>
            <LineString id="10815">
                <coordinates>107.7581185,-6.9462528,0.0 107.7581077,-6.9462396,0.0 107.7580567,-6.9461015,0.0 107.7579739,-6.9456688,0.0 107.7579108,-6.9452473,0.0 107.7579039,-6.9452065,0.0 107.7578799,-6.9450636,0.0 107.7578368,-6.9448985,0.0 107.7577769,-6.9447825,0.0 107.7576954,-6.9446728,0.0 107.7573574,-6.9442745,0.0 107.7573021,-6.9442165,0.0 107.7569266,-6.943836,0.0 107.7566293,-6.9435347,0.0 107.7564104,-6.943302,0.0 107.75596,-6.9428213,0.0 107.7558672,-6.9427223,0.0 107.7557736,-6.9426257,0.0 107.7556415,-6.9424863,0.0 107.7555798,-6.9424232,0.0</coordinates>
            </LineString>
        </Placemark>
        <Placemark id="10820">
            <name>Jalan Raya Cipacing</name>
            <styleUrl>#10821</styleUrl>
            <LineString id="10819">
                <coordinates>107.7638858,-6.9513467,0.0 107.7637278,-6.9512076,0.0</coordinates>
            </LineString>
        </Placemark>
        <Placemark id="10824">
            <name>Jalan BKR</name>
            <styleUrl>#10825</styleUrl>
            <LineString id="10823">
                <coordinates>107.6062545,-6.937531,0.0 107.606317,-6.9375353,0.0 107.606583,-6.9375409,0.0</coordinates>
            </LineString>
        </Placemark>
        <Placemark id="10828">
            <name>Jalan Jenderal Ahmad Yani</name>
            <styleUrl>#10829</styleUrl>
            <LineString id="10827">
                <coordinates>107.6333413,-6.9139888,0.0 107.6333677,-6.9139334,0.0 107.6333958,-6.9139024,0.0 107.6334392,-6.9138763,0.0 107.6337931,-6.9136907,0.0</coordinates>
            </LineString>
        </Placemark>
        <Placemark id="10832">
            <name>Jalan Layang Laswi - Pelajar Pejuang 45</name>
            <styleUrl>#10833</styleUrl>
            <LineString id="10831">
                <coordinates>107.6285299,-6.9231566,0.0 107.6288204,-6.9229136,0.0</coordinates>
            </LineString>
        </Placemark>
        <Placemark id="10836">
            <name>Jalan Laswi</name>
            <styleUrl>#10837</styleUrl>
            <LineString id="10835">
                <coordinates>107.6288204,-6.9229136,0.0 107.6289665,-6.9228357,0.0 107.6291932,-6.9227271,0.0</coordinates>
            </LineString>
        </Placemark>
        <Placemark id="10840">
            <name>Jalan Laswi</name>
            <styleUrl>#10841</styleUrl>
            <LineString id="10839">
                <coordinates>107.6291932,-6.9227271,0.0 107.6294774,-6.9225864,0.0 107.6301417,-6.9222589,0.0 107.630297,-6.9221614,0.0 107.6303896,-6.9220755,0.0 107.6304543,-6.9219897,0.0 107.630505,-6.9219065,0.0</coordinates>
            </LineString>
        </Placemark>
        <Placemark id="10844">
            <name>Jalan Tamansari</name>
            <styleUrl>#10845</styleUrl>
            <LineString id="10843">
                <coordinates>107.609539,-6.8982797,0.0 107.6095278,-6.898317,0.0 107.6095258,-6.8983236,0.0 107.6093542,-6.8987039,0.0</coordinates>
            </LineString>
        </Placemark>
        <Placemark id="10848">
            <name>Jalan Tol Padalarang–Cileunyi</name>
            <styleUrl>#10849</styleUrl>
            <LineString id="10847">
                <coordinates>107.6408898,-6.9659908,0.0 107.6397305,-6.9659882,0.0 107.6383527,-6.9658664,0.0</coordinates>
            </LineString>
        </Placemark>
        <Placemark id="10852">
            <name>Jalan Diponegoro</name>
            <styleUrl>#10853</styleUrl>
            <LineString id="10851">
                <coordinates>107.6253574,-6.9011085,0.0 107.625296,-6.9011083,0.0</coordinates>
            </LineString>
        </Placemark>
        <Placemark id="10856">
            <name>Jalan Pelajar Pejuang 45</name>
            <styleUrl>#10857</styleUrl>
            <LineString id="10855">
                <coordinates>107.6269788,-6.9273388,0.0 107.6271642,-6.9265982,0.0</coordinates>
            </LineString>
        </Placemark>
        <Placemark id="10860">
            <name>Jalan Pelajar Pejuang 45</name>
            <styleUrl>#10861</styleUrl>
            <LineString id="10859">
                <coordinates>107.6247775,-6.9349311,0.0 107.6249855,-6.9346776,0.0 107.6250422,-6.9346084,0.0 107.6251837,-6.9343381,0.0 107.6251981,-6.9343038,0.0 107.6252675,-6.9340965,0.0 107.6254318,-6.9335047,0.0</coordinates>
            </LineString>
        </Placemark>
        <Placemark id="10864">
            <name>Jalan BKR</name>
            <styleUrl>#10865</styleUrl>
            <LineString id="10863">
                <coordinates>107.6204439,-6.9379553,0.0 107.6207808,-6.9378586,0.0 107.621238,-6.9376849,0.0</coordinates>
            </LineString>
        </Placemark>
        <Placemark id="10868">
            <name>Jalan Tamansari</name>
            <styleUrl>#10869</styleUrl>
            <LineString id="10867">
                <coordinates>107.609463,-6.8995343,0.0 107.6094417,-6.8995178,0.0 107.6094265,-6.8994956,0.0 107.6094191,-6.8994698,0.0 107.60942,-6.899443,0.0 107.6094292,-6.8994158,0.0 107.6094334,-6.8994087,0.0 107.6094395,-6.8994003,0.0</coordinates>
            </LineString>
        </Placemark>
        <Placemark id="10872">
            <name>Jalan Tamansari</name>
            <styleUrl>#10873</styleUrl>
            <LineString id="10871">
                <coordinates>107.6095896,-6.8994756,0.0 107.6095803,-6.8995008,0.0 107.6095637,-6.8995219,0.0 107.6095413,-6.8995369,0.0 107.6095154,-6.8995444,0.0 107.6094884,-6.8995434,0.0 107.609463,-6.8995343,0.0</coordinates>
            </LineString>
        </Placemark>
        <Placemark id="10876">
            <name>Jalan Raya Jatinangor</name>
            <styleUrl>#10877</styleUrl>
            <LineString id="10875">
                <coordinates>107.7736926,-6.9323109,0.0 107.7738066,-6.9322665,0.0 107.7739683,-6.9322035,0.0 107.7740358,-6.9321758,0.0 107.7740982,-6.9321512,0.0 107.77421,-6.9321096,0.0 107.7743127,-6.9320696,0.0 107.7744245,-6.9320244,0.0 107.7745198,-6.9319889,0.0 107.7746809,-6.9319243,0.0 107.7748892,-6.9318473,0.0 107.7751265,-6.9317665,0.0 107.7754197,-6.9316973,0.0 107.7755193,-6.9316825,0.0 107.7758563,-6.9316463,0.0</coordinates>
            </LineString>
        </Placemark>
        <Placemark id="10880">
            <name>Pangkalan DAMRI Jatinangor</name>
            <styleUrl>#10881</styleUrl>
            <LineString id="10879">
                <coordinates>107.7734495,-6.9323206,0.0 107.7735374,-6.9323192,0.0 107.7736021,-6.9323154,0.0 107.7736926,-6.9323109,0.0</coordinates>
            </LineString>
        </Placemark>
        <Placemark id="10884">
            <name>Jalan Tamansari</name>
            <styleUrl>#10885</styleUrl>
            <LineString id="10883">
                <coordinates>107.6093049,-6.898862,0.0 107.6093013,-6.8989051,0.0 107.6092963,-6.8989949,0.0 107.609301,-6.8990722,0.0 107.6093117,-6.8991401,0.0 107.6093337,-6.899255,0.0</coordinates>
            </LineString>
        </Placemark>
        <Placemark id="10888">
            <name>Jalan Tamansari</name>
            <styleUrl>#10889</styleUrl>
            <LineString id="10887">
                <coordinates>107.6093337,-6.899255,0.0 107.6093456,-6.8992955,0.0 107.6093737,-6.8993458,0.0 107.6094395,-6.8994003,0.0</coordinates>
            </LineString>
        </Placemark>
        <Placemark id="10892">
            <name>Jalan Tol Padalarang–Cileunyi</name>
            <styleUrl>#10893</styleUrl>
            <LineString id="10891">
                <coordinates>107.6376421,-6.9657635,0.0 107.6327136,-6.9651719,0.0</coordinates>
            </LineString>
        </Placemark>
        <Placemark id="10896">
            <name>Jalan Jenderal Ahmad Yani</name>
            <styleUrl>#10897</styleUrl>
            <LineString id="10895">
                <coordinates>107.6300393,-6.9157014,0.0 107.630088,-6.9156756,0.0 107.6303085,-6.9155587,0.0</coordinates>
            </LineString>
        </Placemark>
        <Placemark id="10900">
            <name>Jalan Laswi</name>
            <styleUrl>#10901</styleUrl>
            <LineString id="10899">
                <coordinates>107.6299922,-6.9158161,0.0 107.6299627,-6.9157488,0.0</coordinates>
            </LineString>
        </Placemark>
        <Placemark id="10904">
            <name>Jalan Pelajar Pejuang 45</name>
            <styleUrl>#10905</styleUrl>
            <LineString id="10903">
                <coordinates>107.6256715,-6.9325087,0.0 107.6256947,-6.9324168,0.0</coordinates>
            </LineString>
        </Placemark>
        <Placemark id="10908">
            <name>Jalan Diponegoro</name>
            <styleUrl>#10909</styleUrl>
            <LineString id="10907">
                <coordinates>107.6134712,-6.9004601,0.0 107.613905,-6.900554,0.0 107.6143382,-6.9006167,0.0 107.614717,-6.9006273,0.0 107.6149941,-6.900621,0.0 107.6150711,-6.9006334,0.0</coordinates>
            </LineString>
        </Placemark>
        <Placemark id="10912">
            <name>Jalan Sindangsari</name>
            <styleUrl>#10913</styleUrl>
            <LineString id="10911">
                <coordinates>107.756603,-6.938276,0.0 107.7566936,-6.9387104,0.0 107.7567119,-6.9387919,0.0 107.7567382,-6.9389134,0.0</coordinates>
            </LineString>
        </Placemark>
        <Placemark id="10916">
            <name>Route Segment</name>
            <styleUrl>#10917</styleUrl>
            <LineString id="10915">
                <coordinates>107.7556492,-6.9414928,0.0 107.7555845,-6.9415429,0.0 107.7555449,-6.9415828,0.0 107.7555149,-6.9416223,0.0 107.7554901,-6.9416719,0.0 107.755476,-6.9417148,0.0 107.7554689,-6.9417623,0.0 107.7554694,-6.9418209,0.0 107.7554753,-6.9418728,0.0 107.7554896,-6.9419234,0.0 107.7555143,-6.9419798,0.0</coordinates>
            </LineString>
        </Placemark>
        <Placemark id="10920">
            <name>Jalan Tamansari</name>
            <styleUrl>#10921</styleUrl>
            <LineString id="10919">
                <coordinates>107.6095612,-6.898037,0.0 107.6095795,-6.8979008,0.0</coordinates>
            </LineString>
        </Placemark>
        <Placemark id="10924">
            <name>Jalan Layang Laswi - Pelajar Pejuang 45</name>
            <styleUrl>#10925</styleUrl>
            <LineString id="10923">
                <coordinates>107.6273607,-6.9260252,0.0 107.6276211,-6.9249504,0.0 107.6276616,-6.9247914,0.0</coordinates>
            </LineString>
        </Placemark>
        <Placemark id="10928">
            <name>Jalan Pelajar Pejuang 45</name>
            <styleUrl>#10929</styleUrl>
            <LineString id="10927">
                <coordinates>107.6226877,-6.9369246,0.0 107.6227233,-6.9368982,0.0</coordinates>
            </LineString>
        </Placemark>
        <Placemark id="10932">
            <name>Jalan Laswi</name>
            <styleUrl>#10933</styleUrl>
            <LineString id="10931">
                <coordinates>107.6310227,-6.9199664,0.0 107.631071,-6.9197854,0.0 107.6313572,-6.9186866,0.0</coordinates>
            </LineString>
        </Placemark>
        <Placemark id="10936">
            <name>Jalan BKR</name>
            <styleUrl>#10937</styleUrl>
            <LineString id="10935">
                <coordinates>107.6084176,-6.9375995,0.0 107.6084753,-6.9376013,0.0 107.6087624,-6.9376105,0.0 107.6089484,-6.9376165,0.0 107.6089838,-6.9376176,0.0 107.6090705,-6.9376195,0.0</coordinates>
            </LineString>
        </Placemark>
        <Placemark id="10940">
            <name>Jalan BKR</name>
            <styleUrl>#10941</styleUrl>
            <LineString id="10939">
                <coordinates>107.6113683,-6.9376957,0.0 107.612618,-6.9377348,0.0 107.6126817,-6.9377368,0.0 107.6127538,-6.9377388,0.0</coordinates>
            </LineString>
        </Placemark>
        <Placemark id="10944">
            <name>Jalan Mohammad Toha</name>
            <styleUrl>#10945</styleUrl>
            <LineString id="10943">
                <coordinates>107.6076477,-6.9431556,0.0 107.6075689,-6.9429228,0.0 107.6074989,-6.9427159,0.0 107.6074151,-6.942468,0.0 107.6074044,-6.9424365,0.0 107.6073267,-6.9422067,0.0 107.6072871,-6.9420857,0.0 107.6072103,-6.9418515,0.0 107.6071736,-6.9417393,0.0 107.6070094,-6.9412381,0.0 107.606932,-6.9410019,0.0 107.6068982,-6.9408986,0.0 107.6067904,-6.9405695,0.0 107.6067424,-6.9404231,0.0 107.6066617,-6.9401765,0.0 107.6066129,-6.9400276,0.0 107.6065833,-6.9399373,0.0 107.6065081,-6.9397106,0.0 107.6064373,-6.939497,0.0 107.6063207,-6.9391297,0.0 107.6063015,-6.9390693,0.0 107.6062885,-6.939027,0.0 107.6062755,-6.9389847,0.0 107.6062595,-6.9389365,0.0 107.6062399,-6.9388618,0.0 107.6062007,-6.9387072,0.0 107.6061889,-6.9386548,0.0 107.6061828,-6.9385203,0.0 107.6061749,-6.938344,0.0</coordinates>
            </LineString>
        </Placemark>
        <Placemark id="10948">
            <name>Jalan Pelajar Pejuang 45</name>
            <styleUrl>#10949</styleUrl>
            <LineString id="10947">
                <coordinates>107.6263851,-6.9296738,0.0 107.626402,-6.9296074,0.0 107.6264104,-6.9295742,0.0 107.6264188,-6.929541,0.0 107.6264291,-6.9295004,0.0</coordinates>
            </LineString>
        </Placemark>
        <Placemark id="10952">
            <name>Jalan Hasanudin</name>
            <styleUrl>#10953</styleUrl>
            <LineString id="10951">
                <coordinates>107.6149218,-6.8948399,0.0 107.6148696,-6.8948387,0.0 107.6146258,-6.894833,0.0 107.6144033,-6.8948409,0.0</coordinates>
            </LineString>
        </Placemark>
        <Placemark id="10956">
            <name>Jalan Hasanudin</name>
            <styleUrl>#10957</styleUrl>
            <LineString id="10955">
                <coordinates>107.6144033,-6.8948409,0.0 107.6143207,-6.8948409,0.0 107.613998,-6.8948395,0.0</coordinates>
            </LineString>
        </Placemark>
        <Placemark id="10960">
            <name>Jalan Laswi</name>
            <styleUrl>#10961</styleUrl>
            <LineString id="10959">
                <coordinates>107.6313572,-6.9186866,0.0 107.6313458,-6.9186198,0.0</coordinates>
            </LineString>
        </Placemark>
        <Placemark id="10964">
            <name>Jalan Mohammad Toha</name>
            <styleUrl>#10965</styleUrl>
            <LineString id="10963">
                <coordinates>107.6093038,-6.9479813,0.0 107.6092951,-6.9479579,0.0 107.6092415,-6.9478107,0.0 107.6091943,-6.9476776,0.0 107.6091509,-6.9475613,0.0 107.6090997,-6.9474124,0.0 107.6090862,-6.9473728,0.0 107.6090786,-6.9473503,0.0 107.6089872,-6.9470817,0.0 107.6087733,-6.946453,0.0 107.6086954,-6.946224,0.0 107.6086676,-6.9461425,0.0</coordinates>
            </LineString>
        </Placemark>
        <Placemark id="10968">
            <name>Jalan Tamansari</name>
            <styleUrl>#10969</styleUrl>
            <LineString id="10967">
                <coordinates>107.6095964,-6.8977261,0.0 107.6095907,-6.8977903,0.0 107.609583,-6.8978619,0.0 107.6095795,-6.8979008,0.0</coordinates>
            </LineString>
        </Placemark>
        <Placemark id="10972">
            <name>Jalan Tamansari</name>
            <styleUrl>#10973</styleUrl>
            <LineString id="10971">
                <coordinates>107.6096043,-6.8975557,0.0 107.6096138,-6.8972132,0.0 107.6096181,-6.8970719,0.0 107.6096252,-6.8968375,0.0 107.6096228,-6.89681,0.0 107.6096158,-6.8967239,0.0 107.6095891,-6.8965712,0.0 107.6095531,-6.8963864,0.0 107.6095485,-6.896363,0.0 107.6095093,-6.8962232,0.0 107.6094951,-6.8961724,0.0 107.6094398,-6.8959853,0.0 107.6093504,-6.8957793,0.0 107.6089556,-6.8950833,0.0 107.6088926,-6.8949846,0.0 107.6088287,-6.8948846,0.0</coordinates>
            </LineString>
        </Placemark>
        <Placemark id="10976">
            <name>Jalan Akses Tol Mohammad Toha</name>
            <styleUrl>#10977</styleUrl>
            <LineString id="10975">
                <coordinates>107.6085312,-6.9569907,0.0 107.6092555,-6.9566806,0.0 107.60948,-6.9566135,0.0 107.6097044,-6.9565496,0.0 107.6097661,-6.9565323,0.0 107.609816,-6.9565159,0.0 107.6100189,-6.956447,0.0 107.6103048,-6.9563499,0.0 107.6105279,-6.956276,0.0 107.6108621,-6.9561653,0.0</coordinates>
            </LineString>
        </Placemark>
        <Placemark id="10980">
            <name>Jalan Akses Tol Mohammad Toha</name>
            <styleUrl>#10981</styleUrl>
            <LineString id="10979">
                <coordinates>107.6085312,-6.9569907,0.0 107.6081813,-6.9571073,0.0 107.6077749,-6.9572641,0.0 107.6075633,-6.9573828,0.0 107.607347,-6.9575274,0.0 107.6071385,-6.9576995,0.0 107.6069192,-6.9579126,0.0 107.606703,-6.9581866,0.0 107.6065542,-6.9584225,0.0 107.6064008,-6.9587544,0.0 107.6063119,-6.9590451,0.0 107.6062444,-6.9594034,0.0</coordinates>
            </LineString>
        </Placemark>
        <Placemark id="10984">
            <name>Simpang Susun Mohammad Toha</name>
            <styleUrl>#10985</styleUrl>
            <LineString id="10983">
                <coordinates>107.6059883,-6.9617334,0.0 107.6059485,-6.9621931,0.0 107.6058886,-6.9624489,0.0 107.605815,-6.96263,0.0 107.6056816,-6.962834,0.0 107.6055697,-6.9629679,0.0 107.6054071,-6.9631065,0.0 107.6052185,-6.9632221,0.0 107.6050053,-6.9633211,0.0 107.6047661,-6.9633896,0.0 107.6045361,-6.9634063,0.0 107.6043597,-6.9633911,0.0 107.6041312,-6.9633363,0.0 107.6039748,-6.9632693,0.0 107.6038823,-6.9632262,0.0 107.6038054,-6.9631817,0.0</coordinates>
            </LineString>
        </Placemark>
        <Placemark id="10988">
            <name>Simpang Susun Mohammad Toha</name>
            <styleUrl>#10989</styleUrl>
            <LineString id="10987">
                <coordinates>107.6060328,-6.9612843,0.0 107.6059883,-6.9617334,0.0</coordinates>
            </LineString>
        </Placemark>
        <Placemark id="10992">
            <name>Simpang Susun Mohammad Toha</name>
            <styleUrl>#10993</styleUrl>
            <LineString id="10991">
                <coordinates>107.6052772,-6.9616227,0.0 107.6048086,-6.9617155,0.0 107.6040014,-6.96183,0.0 107.6038288,-6.9618685,0.0 107.603762,-6.9618832,0.0 107.6036674,-6.9619188,0.0 107.6035494,-6.9619914,0.0 107.6034793,-6.9620502,0.0 107.6034383,-6.9621148,0.0 107.6034176,-6.9621634,0.0 107.6034021,-6.9622313,0.0 107.6033907,-6.9622971,0.0 107.6033901,-6.962371,0.0 107.6034051,-6.9625061,0.0 107.6034283,-6.9626113,0.0 107.6034723,-6.9627731,0.0 107.6035421,-6.9629029,0.0 107.6036921,-6.9630639,0.0 107.6038054,-6.9631817,0.0</coordinates>
            </LineString>
        </Placemark>
        <Placemark id="10996">
            <name>Simpang Susun Mohammad Toha</name>
            <styleUrl>#10997</styleUrl>
            <LineString id="10995">
                <coordinates>107.6062444,-6.9594034,0.0 107.606177,-6.9600422,0.0 107.6060328,-6.9612843,0.0</coordinates>
            </LineString>
        </Placemark>
        <Placemark id="11000">
            <name>Pangkalan DAMRI Jatinangor</name>
            <styleUrl>#11001</styleUrl>
            <LineString id="10999">
                <coordinates>107.7732761,-6.9323235,0.0 107.7733132,-6.9323144,0.0 107.7734495,-6.9323206,0.0</coordinates>
            </LineString>
        </Placemark>
        <Placemark id="11004">
            <name>Simpang Susun Cileunyi</name>
            <styleUrl>#11005</styleUrl>
            <LineString id="11003">
                <coordinates>107.7527053,-6.9424866,0.0 107.7523857,-6.9424652,0.0</coordinates>
            </LineString>
        </Placemark>
        <Placemark id="11008">
            <name>Jalan Sentot Alibasyah</name>
            <styleUrl>#11009</styleUrl>
            <LineString id="11007">
                <coordinates>107.6192514,-6.8994349,0.0 107.6192218,-6.8994058,0.0 107.6191372,-6.8993236,0.0</coordinates>
            </LineString>
        </Placemark>
        <Placemark id="11012">
            <name>Jalan Hasanudin</name>
            <styleUrl>#11013</styleUrl>
            <LineString id="11011">
                <coordinates>107.6174318,-6.8947388,0.0 107.6166325,-6.894853,0.0 107.6160516,-6.8948686,0.0</coordinates>
            </LineString>
        </Placemark>
        <Placemark id="11016">
            <name>Jalan Raya Jatinangor</name>
            <styleUrl>#11017</styleUrl>
            <LineString id="11015">
                <coordinates>107.773198,-6.9333982,0.0 107.7730158,-6.9334383,0.0</coordinates>
            </LineString>
        </Placemark>
        <Placemark id="11020">
            <name>Jalan Raya Jatinangor</name>
            <styleUrl>#11021</styleUrl>
            <LineString id="11019">
                <coordinates>107.7730158,-6.9334383,0.0 107.7727388,-6.9334992,0.0 107.7725047,-6.9335701,0.0 107.7723042,-6.9336259,0.0</coordinates>
            </LineString>
        </Placemark>
        <Placemark id="11024">
            <name>Jalan Raya Jatinangor</name>
            <styleUrl>#11025</styleUrl>
            <LineString id="11023">
                <coordinates>107.7723042,-6.9336259,0.0 107.7721709,-6.9336712,0.0 107.7720967,-6.9336943,0.0 107.7719763,-6.9337339,0.0</coordinates>
            </LineString>
        </Placemark>
        <Placemark id="11028">
            <name>Jalan Raya Jatinangor</name>
            <styleUrl>#11029</styleUrl>
            <LineString id="11027">
                <coordinates>107.7719763,-6.9337339,0.0 107.7719551,-6.9337409,0.0 107.7717215,-6.9338177,0.0 107.7716528,-6.9338358,0.0</coordinates>
            </LineString>
        </Placemark>
        <Placemark id="11032">
            <name>Jalan Raya Jatinangor</name>
            <styleUrl>#11033</styleUrl>
            <LineString id="11031">
                <coordinates>107.7716528,-6.9338358,0.0 107.7714354,-6.9339085,0.0</coordinates>
            </LineString>
        </Placemark>
        <Placemark id="11036">
            <name>Jalan Raya Jatinangor</name>
            <styleUrl>#11037</styleUrl>
            <LineString id="11035">
                <coordinates>107.7714354,-6.9339085,0.0 107.7713755,-6.9339286,0.0 107.7712431,-6.933968,0.0 107.7711133,-6.9340114,0.0 107.7709605,-6.9340638,0.0</coordinates>
            </LineString>
        </Placemark>
        <Placemark id="11040">
            <name>Jalan Raya Jatinangor</name>
            <styleUrl>#11041</styleUrl>
            <LineString id="11039">
                <coordinates>107.7709605,-6.9340638,0.0 107.7709162,-6.9340772,0.0 107.7705413,-6.9341968,0.0 107.7702364,-6.9342916,0.0</coordinates>
            </LineString>
        </Placemark>
        <Placemark id="11044">
            <name>Jalan Raya Jatinangor</name>
            <styleUrl>#11045</styleUrl>
            <LineString id="11043">
                <coordinates>107.7702364,-6.9342916,0.0 107.7701854,-6.9343067,0.0</coordinates>
            </LineString>
        </Placemark>
        <Placemark id="11048">
            <name>Jalan Raya Jatinangor</name>
            <styleUrl>#11049</styleUrl>
            <LineString id="11047">
                <coordinates>107.7701854,-6.9343067,0.0 107.7700339,-6.9343516,0.0</coordinates>
            </LineString>
        </Placemark>
        <Placemark id="11052">
            <name>Jalan Raya Jatinangor</name>
            <styleUrl>#11053</styleUrl>
            <LineString id="11051">
                <coordinates>107.7700339,-6.9343516,0.0 107.7699868,-6.9343642,0.0</coordinates>
            </LineString>
        </Placemark>
        <Placemark id="11056">
            <name>Jalan Raya Jatinangor</name>
            <styleUrl>#11057</styleUrl>
            <LineString id="11055">
                <coordinates>107.7699868,-6.9343642,0.0 107.7698756,-6.9343962,0.0</coordinates>
            </LineString>
        </Placemark>
        <Placemark id="11060">
            <name>Jalan Raya Jatinangor</name>
            <styleUrl>#11061</styleUrl>
            <LineString id="11059">
                <coordinates>107.7698756,-6.9343962,0.0 107.7697367,-6.9344344,0.0</coordinates>
            </LineString>
        </Placemark>
        <Placemark id="11064">
            <name>Jalan Raya Jatinangor</name>
            <styleUrl>#11065</styleUrl>
            <LineString id="11063">
                <coordinates>107.7697367,-6.9344344,0.0 107.7696624,-6.9344554,0.0 107.7694684,-6.9345104,0.0 107.7692651,-6.9345654,0.0 107.7692304,-6.9345758,0.0 107.7689424,-6.9346581,0.0</coordinates>
            </LineString>
        </Placemark>
        <Placemark id="11068">
            <name>Jalan Raya Jatinangor</name>
            <styleUrl>#11069</styleUrl>
            <LineString id="11067">
                <coordinates>107.7689424,-6.9346581,0.0 107.7687964,-6.9347019,0.0</coordinates>
            </LineString>
        </Placemark>
        <Placemark id="11072">
            <name>Jalan Raya Jatinangor</name>
            <styleUrl>#11073</styleUrl>
            <LineString id="11071">
                <coordinates>107.7687964,-6.9347019,0.0 107.768696,-6.9347256,0.0 107.7684592,-6.9347916,0.0</coordinates>
            </LineString>
        </Placemark>
        <Placemark id="11076">
            <name>Jalan Raya Jatinangor</name>
            <styleUrl>#11077</styleUrl>
            <LineString id="11075">
                <coordinates>107.7684592,-6.9347916,0.0 107.7684122,-6.9348046,0.0 107.7683791,-6.9348137,0.0</coordinates>
            </LineString>
        </Placemark>
        <Placemark id="11080">
            <name>Jalan Raya Jatinangor</name>
            <styleUrl>#11081</styleUrl>
            <LineString id="11079">
                <coordinates>107.7683791,-6.9348137,0.0 107.7682156,-6.9348589,0.0 107.7682046,-6.9348619,0.0</coordinates>
            </LineString>
        </Placemark>
        <Placemark id="11084">
            <name>Jalan Raya Jatinangor</name>
            <styleUrl>#11085</styleUrl>
            <LineString id="11083">
                <coordinates>107.7682046,-6.9348619,0.0 107.7680368,-6.934913,0.0 107.7678269,-6.9349786,0.0 107.7676197,-6.9350369,0.0</coordinates>
            </LineString>
        </Placemark>
        <Placemark id="11088">
            <name>Jalan Raya Jatinangor</name>
            <styleUrl>#11089</styleUrl>
            <LineString id="11087">
                <coordinates>107.7676197,-6.9350369,0.0 107.7675768,-6.9350493,0.0</coordinates>
            </LineString>
        </Placemark>
        <Placemark id="11092">
            <name>Jalan Pelajar Pejuang 45</name>
            <styleUrl>#11093</styleUrl>
            <LineString id="11091">
                <coordinates>107.625634,-6.9326543,0.0 107.6256715,-6.9325087,0.0</coordinates>
            </LineString>
        </Placemark>
        <Placemark id="11096">
            <name>Jalan Pelajar Pejuang 45</name>
            <styleUrl>#11097</styleUrl>
            <LineString id="11095">
                <coordinates>107.6256947,-6.9324168,0.0 107.6257279,-6.9322848,0.0</coordinates>
            </LineString>
        </Placemark>
        <Placemark id="11100">
            <name>Jalan Diponegoro</name>
            <styleUrl>#11101</styleUrl>
            <LineString id="11099">
                <coordinates>107.6236741,-6.9011631,0.0 107.6234939,-6.9011666,0.0</coordinates>
            </LineString>
        </Placemark>
        <Placemark id="11104">
            <name>Jalan Diponegoro</name>
            <styleUrl>#11105</styleUrl>
            <LineString id="11103">
                <coordinates>107.6234939,-6.9011666,0.0 107.6233793,-6.9011688,0.0 107.6232646,-6.901171,0.0</coordinates>
            </LineString>
        </Placemark>
        <Placemark id="11108">
            <name>Jalan Diponegoro</name>
            <styleUrl>#11109</styleUrl>
            <LineString id="11107">
                <coordinates>107.6232646,-6.901171,0.0 107.6231861,-6.9011725,0.0</coordinates>
            </LineString>
        </Placemark>
        <Placemark id="11112">
            <name>Jalan Diponegoro</name>
            <styleUrl>#11113</styleUrl>
            <LineString id="11111">
                <coordinates>107.6231861,-6.9011725,0.0 107.6229595,-6.9011769,0.0</coordinates>
            </LineString>
        </Placemark>
        <Placemark id="11116">
            <name>Jalan Diponegoro</name>
            <styleUrl>#11117</styleUrl>
            <LineString id="11115">
                <coordinates>107.6229595,-6.9011769,0.0 107.6229193,-6.9011777,0.0</coordinates>
            </LineString>
        </Placemark>
        <Placemark id="11120">
            <name>Jalan Diponegoro</name>
            <styleUrl>#11121</styleUrl>
            <LineString id="11119">
                <coordinates>107.6229193,-6.9011777,0.0 107.6227,-6.901182,0.0</coordinates>
            </LineString>
        </Placemark>
        <Placemark id="11124">
            <name>Jalan Diponegoro</name>
            <styleUrl>#11125</styleUrl>
            <LineString id="11123">
                <coordinates>107.6227,-6.901182,0.0 107.6226543,-6.9011828,0.0</coordinates>
            </LineString>
        </Placemark>
        <Placemark id="11128">
            <name>Jalan Diponegoro</name>
            <styleUrl>#11129</styleUrl>
            <LineString id="11127">
                <coordinates>107.6226543,-6.9011828,0.0 107.6224364,-6.9011901,0.0</coordinates>
            </LineString>
        </Placemark>
        <Placemark id="11132">
            <name>Jalan Diponegoro</name>
            <styleUrl>#11133</styleUrl>
            <LineString id="11131">
                <coordinates>107.6224364,-6.9011901,0.0 107.6223306,-6.9011924,0.0</coordinates>
            </LineString>
        </Placemark>
        <Placemark id="11136">
            <name>Jalan Diponegoro</name>
            <styleUrl>#11137</styleUrl>
            <LineString id="11135">
                <coordinates>107.6223306,-6.9011924,0.0 107.6222064,-6.9011951,0.0</coordinates>
            </LineString>
        </Placemark>
        <Placemark id="11140">
            <name>Jalan Diponegoro</name>
            <styleUrl>#11141</styleUrl>
            <LineString id="11139">
                <coordinates>107.6222064,-6.9011951,0.0 107.6216513,-6.9012073,0.0</coordinates>
            </LineString>
        </Placemark>
        <Placemark id="11144">
            <name>Jalan Diponegoro</name>
            <styleUrl>#11145</styleUrl>
            <LineString id="11143">
                <coordinates>107.6216513,-6.9012073,0.0 107.6215707,-6.9012091,0.0</coordinates>
            </LineString>
        </Placemark>
        <Placemark id="11148">
            <name>Jalan Diponegoro</name>
            <styleUrl>#11149</styleUrl>
            <LineString id="11147">
                <coordinates>107.6215707,-6.9012091,0.0 107.6211128,-6.9012203,0.0 107.6210608,-6.9012202,0.0</coordinates>
            </LineString>
        </Placemark>
        <Placemark id="11152">
            <name>Jalan Diponegoro</name>
            <styleUrl>#11153</styleUrl>
            <LineString id="11151">
                <coordinates>107.6210608,-6.9012202,0.0 107.6208411,-6.9012258,0.0</coordinates>
            </LineString>
        </Placemark>
        <Placemark id="11156">
            <name>Jalan Diponegoro</name>
            <styleUrl>#11157</styleUrl>
            <LineString id="11155">
                <coordinates>107.6248142,-6.9011269,0.0 107.6245024,-6.9011404,0.0</coordinates>
            </LineString>
        </Placemark>
        <Placemark id="11160">
            <name>Jalan Diponegoro</name>
            <styleUrl>#11161</styleUrl>
            <LineString id="11159">
                <coordinates>107.6245024,-6.9011404,0.0 107.6243173,-6.9011486,0.0</coordinates>
            </LineString>
        </Placemark>
        <Placemark id="11164">
            <name>Jalan Diponegoro</name>
            <styleUrl>#11165</styleUrl>
            <LineString id="11163">
                <coordinates>107.6243173,-6.9011486,0.0 107.6241682,-6.9011517,0.0 107.6240859,-6.9011536,0.0</coordinates>
            </LineString>
        </Placemark>
        <Placemark id="11168">
            <name>Jalan Diponegoro</name>
            <styleUrl>#11169</styleUrl>
            <LineString id="11167">
                <coordinates>107.6240859,-6.9011536,0.0 107.6240223,-6.9011551,0.0</coordinates>
            </LineString>
        </Placemark>
        <Placemark id="11172">
            <name>Jalan Diponegoro</name>
            <styleUrl>#11173</styleUrl>
            <LineString id="11171">
                <coordinates>107.6240223,-6.9011551,0.0 107.6238271,-6.9011596,0.0</coordinates>
            </LineString>
        </Placemark>
        <Placemark id="11176">
            <name>Jalan Diponegoro</name>
            <styleUrl>#11177</styleUrl>
            <LineString id="11175">
                <coordinates>107.6238271,-6.9011596,0.0 107.6237622,-6.9011611,0.0</coordinates>
            </LineString>
        </Placemark>
        <Placemark id="11180">
            <name>Jalan Diponegoro</name>
            <styleUrl>#11181</styleUrl>
            <LineString id="11179">
                <coordinates>107.6237622,-6.9011611,0.0 107.6236741,-6.9011631,0.0</coordinates>
            </LineString>
        </Placemark>
        <Placemark id="11184">
            <name>Jalan Diponegoro</name>
            <styleUrl>#11185</styleUrl>
            <LineString id="11183">
                <coordinates>107.6208411,-6.9012258,0.0 107.6201283,-6.9012501,0.0 107.619705,-6.9012645,0.0</coordinates>
            </LineString>
        </Placemark>
        <Placemark id="11188">
            <name>Jalan Diponegoro</name>
            <styleUrl>#11189</styleUrl>
            <LineString id="11187">
                <coordinates>107.619705,-6.9012645,0.0 107.6195121,-6.9012668,0.0 107.619423,-6.9012693,0.0</coordinates>
            </LineString>
        </Placemark>
        <Placemark id="11192">
            <name>Jalan Ir. H. Djuanda</name>
            <styleUrl>#11193</styleUrl>
            <LineString id="11191">
                <coordinates>107.6130825,-6.8937804,0.0 107.6130451,-6.8942754,0.0 107.6130082,-6.8948099,0.0</coordinates>
            </LineString>
        </Placemark>
        <Placemark id="11196">
            <name>Jalan Sulanjana</name>
            <styleUrl>#11197</styleUrl>
            <LineString id="11195">
                <coordinates>107.6095896,-6.8994756,0.0 107.6097153,-6.8994722,0.0 107.6098137,-6.8994796,0.0 107.6099669,-6.899504,0.0</coordinates>
            </LineString>
        </Placemark>
        <Placemark id="11200">
            <name>Jalan Layang Laswi - Pelajar Pejuang 45</name>
            <styleUrl>#11201</styleUrl>
            <LineString id="11199">
                <coordinates>107.6278076,-6.9242181,0.0 107.6278825,-6.9239774,0.0 107.6279805,-6.9237628,0.0 107.6280744,-6.9236111,0.0 107.6281851,-6.9234637,0.0 107.62831,-6.9233456,0.0 107.6284342,-6.9232324,0.0 107.6285299,-6.9231566,0.0</coordinates>
            </LineString>
        </Placemark>
        <Placemark id="11204">
            <name>Jalan Layang Laswi - Pelajar Pejuang 45</name>
            <styleUrl>#11205</styleUrl>
            <LineString id="11203">
                <coordinates>107.6276616,-6.9247914,0.0 107.6278076,-6.9242181,0.0</coordinates>
            </LineString>
        </Placemark>
        <Placemark id="11208">
            <name>Simpang Susun Cileunyi</name>
            <styleUrl>#11209</styleUrl>
            <LineString id="11207">
                <coordinates>107.7523857,-6.9424652,0.0 107.7520362,-6.9424513,0.0</coordinates>
            </LineString>
        </Placemark>
        <Placemark id="11212">
            <name>Jalan Tol Padalarang–Cileunyi</name>
            <styleUrl>#11213</styleUrl>
            <LineString id="11211">
                <coordinates>107.6327136,-6.9651719,0.0 107.6280445,-6.9645778,0.0</coordinates>
            </LineString>
        </Placemark>
        <Placemark id="11216">
            <name>Jalan Sentot Alibasyah</name>
            <styleUrl>#11217</styleUrl>
            <LineString id="11215">
                <coordinates>107.6193024,-6.9011929,0.0 107.6192996,-6.9010729,0.0 107.6192733,-6.8999367,0.0</coordinates>
            </LineString>
        </Placemark>
        <Placemark id="11220">
            <name>Jalan Tamansari</name>
            <styleUrl>#11221</styleUrl>
            <LineString id="11219">
                <coordinates>107.6088287,-6.8948846,0.0 107.6087143,-6.8947151,0.0 107.6086646,-6.8946314,0.0 107.6086077,-6.8945355,0.0 107.6085721,-6.8944755,0.0 107.6085446,-6.8944122,0.0 107.6085108,-6.8943345,0.0 107.6084937,-6.8942855,0.0 107.6084661,-6.8942039,0.0 107.6084541,-6.894096,0.0 107.6084513,-6.8939744,0.0 107.608451,-6.8938318,0.0</coordinates>
            </LineString>
        </Placemark>
        <Placemark id="11224">
            <name>Jalan Supratman</name>
            <styleUrl>#11225</styleUrl>
            <LineString id="11223">
                <coordinates>107.6301321,-6.9069718,0.0 107.6300738,-6.9068822,0.0</coordinates>
            </LineString>
        </Placemark>
    </Document>
</kml>
