<?xml version="1.0" encoding="UTF-8"?>
<kml xmlns="http://www.opengis.net/kml/2.2" xmlns:gx="http://www.google.com/kml/ext/2.2">
    <Document id="9554">
        <Style id="9560">
            <IconStyle id="9561">
                <colorMode>normal</colorMode>
                <scale>1</scale>
                <heading>0</heading>
                <Icon id="9562">
                    <href>http://maps.google.com/mapfiles/kml/pushpin/ylw-pushpin.png</href>
                </Icon>
            </IconStyle>
        </Style>
        <Style id="9565">
            <IconStyle id="9566">
                <colorMode>normal</colorMode>
                <scale>1</scale>
                <heading>0</heading>
                <Icon id="9567">
                    <href>http://maps.google.com/mapfiles/kml/pushpin/ylw-pushpin.png</href>
                </Icon>
            </IconStyle>
        </Style>
        <Style id="9570">
            <IconStyle id="9571">
                <colorMode>normal</colorMode>
                <scale>1</scale>
                <heading>0</heading>
                <Icon id="9572">
                    <href>http://maps.google.com/mapfiles/kml/pushpin/ylw-pushpin.png</href>
                </Icon>
            </IconStyle>
        </Style>
        <Style id="9575">
            <IconStyle id="9576">
                <colorMode>normal</colorMode>
                <scale>1</scale>
                <heading>0</heading>
                <Icon id="9577">
                    <href>http://maps.google.com/mapfiles/kml/pushpin/ylw-pushpin.png</href>
                </Icon>
            </IconStyle>
        </Style>
        <Style id="9580">
            <IconStyle id="9581">
                <colorMode>normal</colorMode>
                <scale>1</scale>
                <heading>0</heading>
                <Icon id="9582">
                    <href>http://maps.google.com/mapfiles/kml/pushpin/ylw-pushpin.png</href>
                </Icon>
            </IconStyle>
        </Style>
        <Style id="9585">
            <IconStyle id="9586">
                <colorMode>normal</colorMode>
                <scale>1</scale>
                <heading>0</heading>
                <Icon id="9587">
                    <href>http://maps.google.com/mapfiles/kml/pushpin/ylw-pushpin.png</href>
                </Icon>
            </IconStyle>
        </Style>
        <Style id="9590">
            <IconStyle id="9591">
                <colorMode>normal</colorMode>
                <scale>1</scale>
                <heading>0</heading>
                <Icon id="9592">
                    <href>http://maps.google.com/mapfiles/kml/pushpin/ylw-pushpin.png</href>
                </Icon>
            </IconStyle>
        </Style>
        <Style id="9595">
            <IconStyle id="9596">
                <colorMode>normal</colorMode>
                <scale>1</scale>
                <heading>0</heading>
                <Icon id="9597">
                    <href>http://maps.google.com/mapfiles/kml/pushpin/ylw-pushpin.png</href>
                </Icon>
            </IconStyle>
        </Style>
        <Style id="9600">
            <IconStyle id="9601">
                <colorMode>normal</colorMode>
                <scale>1</scale>
                <heading>0</heading>
                <Icon id="9602">
                    <href>http://maps.google.com/mapfiles/kml/pushpin/ylw-pushpin.png</href>
                </Icon>
            </IconStyle>
        </Style>
        <Style id="9605">
            <IconStyle id="9606">
                <colorMode>normal</colorMode>
                <scale>1</scale>
                <heading>0</heading>
                <Icon id="9607">
                    <href>http://maps.google.com/mapfiles/kml/pushpin/ylw-pushpin.png</href>
                </Icon>
            </IconStyle>
        </Style>
        <Style id="9610">
            <IconStyle id="9611">
                <colorMode>normal</colorMode>
                <scale>1</scale>
                <heading>0</heading>
                <Icon id="9612">
                    <href>http://maps.google.com/mapfiles/kml/pushpin/ylw-pushpin.png</href>
                </Icon>
            </IconStyle>
        </Style>
        <Style id="9615">
            <IconStyle id="9616">
                <colorMode>normal</colorMode>
                <scale>1</scale>
                <heading>0</heading>
                <Icon id="9617">
                    <href>http://maps.google.com/mapfiles/kml/pushpin/ylw-pushpin.png</href>
                </Icon>
            </IconStyle>
        </Style>
        <Style id="9620">
            <IconStyle id="9621">
                <colorMode>normal</colorMode>
                <scale>1</scale>
                <heading>0</heading>
                <Icon id="9622">
                    <href>http://maps.google.com/mapfiles/kml/pushpin/ylw-pushpin.png</href>
                </Icon>
            </IconStyle>
        </Style>
        <Style id="9625">
            <IconStyle id="9626">
                <colorMode>normal</colorMode>
                <scale>1</scale>
                <heading>0</heading>
                <Icon id="9627">
                    <href>http://maps.google.com/mapfiles/kml/pushpin/ylw-pushpin.png</href>
                </Icon>
            </IconStyle>
        </Style>
        <Style id="9630">
            <IconStyle id="9631">
                <colorMode>normal</colorMode>
                <scale>1</scale>
                <heading>0</heading>
                <Icon id="9632">
                    <href>http://maps.google.com/mapfiles/kml/pushpin/ylw-pushpin.png</href>
                </Icon>
            </IconStyle>
        </Style>
        <Style id="9635">
            <IconStyle id="9636">
                <colorMode>normal</colorMode>
                <scale>1</scale>
                <heading>0</heading>
                <Icon id="9637">
                    <href>http://maps.google.com/mapfiles/kml/pushpin/ylw-pushpin.png</href>
                </Icon>
            </IconStyle>
        </Style>
        <Style id="9640">
            <IconStyle id="9641">
                <colorMode>normal</colorMode>
                <scale>1</scale>
                <heading>0</heading>
                <Icon id="9642">
                    <href>http://maps.google.com/mapfiles/kml/pushpin/ylw-pushpin.png</href>
                </Icon>
            </IconStyle>
        </Style>
        <Style id="9645">
            <IconStyle id="9646">
                <colorMode>normal</colorMode>
                <scale>1</scale>
                <heading>0</heading>
                <Icon id="9647">
                    <href>http://maps.google.com/mapfiles/kml/pushpin/ylw-pushpin.png</href>
                </Icon>
            </IconStyle>
        </Style>
        <Style id="9650">
            <LineStyle id="9651">
                <color>ff8C00EC</color>
                <colorMode>normal</colorMode>
                <width>4</width>
            </LineStyle>
        </Style>
        <Style id="9654">
            <LineStyle id="9655">
                <color>ff8C00EC</color>
                <colorMode>normal</colorMode>
                <width>4</width>
            </LineStyle>
        </Style>
        <Style id="9658">
            <LineStyle id="9659">
                <color>ff8C00EC</color>
                <colorMode>normal</colorMode>
                <width>4</width>
            </LineStyle>
        </Style>
        <Style id="9662">
            <LineStyle id="9663">
                <color>ff8C00EC</color>
                <colorMode>normal</colorMode>
                <width>4</width>
            </LineStyle>
        </Style>
        <Style id="9666">
            <LineStyle id="9667">
                <color>ff8C00EC</color>
                <colorMode>normal</colorMode>
                <width>4</width>
            </LineStyle>
        </Style>
        <Style id="9670">
            <LineStyle id="9671">
                <color>ff8C00EC</color>
                <colorMode>normal</colorMode>
                <width>4</width>
            </LineStyle>
        </Style>
        <Style id="9674">
            <LineStyle id="9675">
                <color>ff8C00EC</color>
                <colorMode>normal</colorMode>
                <width>4</width>
            </LineStyle>
        </Style>
        <Style id="9678">
            <LineStyle id="9679">
                <color>ff8C00EC</color>
                <colorMode>normal</colorMode>
                <width>4</width>
            </LineStyle>
        </Style>
        <Style id="9682">
            <LineStyle id="9683">
                <color>ff8C00EC</color>
                <colorMode>normal</colorMode>
                <width>4</width>
            </LineStyle>
        </Style>
        <Style id="9686">
            <LineStyle id="9687">
                <color>ff8C00EC</color>
                <colorMode>normal</colorMode>
                <width>4</width>
            </LineStyle>
        </Style>
        <Style id="9690">
            <LineStyle id="9691">
                <color>ff8C00EC</color>
                <colorMode>normal</colorMode>
                <width>4</width>
            </LineStyle>
        </Style>
        <Style id="9694">
            <LineStyle id="9695">
                <color>ff8C00EC</color>
                <colorMode>normal</colorMode>
                <width>4</width>
            </LineStyle>
        </Style>
        <Style id="9698">
            <LineStyle id="9699">
                <color>ff8C00EC</color>
                <colorMode>normal</colorMode>
                <width>4</width>
            </LineStyle>
        </Style>
        <Style id="9702">
            <LineStyle id="9703">
                <color>ff8C00EC</color>
                <colorMode>normal</colorMode>
                <width>4</width>
            </LineStyle>
        </Style>
        <Style id="9706">
            <LineStyle id="9707">
                <color>ff8C00EC</color>
                <colorMode>normal</colorMode>
                <width>4</width>
            </LineStyle>
        </Style>
        <Style id="9710">
            <LineStyle id="9711">
                <color>ff8C00EC</color>
                <colorMode>normal</colorMode>
                <width>4</width>
            </LineStyle>
        </Style>
        <Style id="9714">
            <LineStyle id="9715">
                <color>ff8C00EC</color>
                <colorMode>normal</colorMode>
                <width>4</width>
            </LineStyle>
        </Style>
        <Style id="9718">
            <LineStyle id="9719">
                <color>ff8C00EC</color>
                <colorMode>normal</colorMode>
                <width>4</width>
            </LineStyle>
        </Style>
        <Style id="9722">
            <LineStyle id="9723">
                <color>ff8C00EC</color>
                <colorMode>normal</colorMode>
                <width>4</width>
            </LineStyle>
        </Style>
        <Style id="9726">
            <LineStyle id="9727">
                <color>ff8C00EC</color>
                <colorMode>normal</colorMode>
                <width>4</width>
            </LineStyle>
        </Style>
        <Style id="9730">
            <LineStyle id="9731">
                <color>ff8C00EC</color>
                <colorMode>normal</colorMode>
                <width>4</width>
            </LineStyle>
        </Style>
        <Style id="9734">
            <LineStyle id="9735">
                <color>ff8C00EC</color>
                <colorMode>normal</colorMode>
                <width>4</width>
            </LineStyle>
        </Style>
        <Style id="9738">
            <LineStyle id="9739">
                <color>ff8C00EC</color>
                <colorMode>normal</colorMode>
                <width>4</width>
            </LineStyle>
        </Style>
        <Style id="9742">
            <LineStyle id="9743">
                <color>ff8C00EC</color>
                <colorMode>normal</colorMode>
                <width>4</width>
            </LineStyle>
        </Style>
        <Style id="9746">
            <LineStyle id="9747">
                <color>ff8C00EC</color>
                <colorMode>normal</colorMode>
                <width>4</width>
            </LineStyle>
        </Style>
        <Style id="9750">
            <LineStyle id="9751">
                <color>ff8C00EC</color>
                <colorMode>normal</colorMode>
                <width>4</width>
            </LineStyle>
        </Style>
        <Style id="9754">
            <LineStyle id="9755">
                <color>ff8C00EC</color>
                <colorMode>normal</colorMode>
                <width>4</width>
            </LineStyle>
        </Style>
        <Style id="9758">
            <LineStyle id="9759">
                <color>ff8C00EC</color>
                <colorMode>normal</colorMode>
                <width>4</width>
            </LineStyle>
        </Style>
        <Style id="9762">
            <LineStyle id="9763">
                <color>ff8C00EC</color>
                <colorMode>normal</colorMode>
                <width>4</width>
            </LineStyle>
        </Style>
        <Style id="9766">
            <LineStyle id="9767">
                <color>ff8C00EC</color>
                <colorMode>normal</colorMode>
                <width>4</width>
            </LineStyle>
        </Style>
        <Style id="9770">
            <LineStyle id="9771">
                <color>ff8C00EC</color>
                <colorMode>normal</colorMode>
                <width>4</width>
            </LineStyle>
        </Style>
        <Style id="9774">
            <LineStyle id="9775">
                <color>ff8C00EC</color>
                <colorMode>normal</colorMode>
                <width>4</width>
            </LineStyle>
        </Style>
        <Style id="9778">
            <LineStyle id="9779">
                <color>ff8C00EC</color>
                <colorMode>normal</colorMode>
                <width>4</width>
            </LineStyle>
        </Style>
        <Style id="9782">
            <LineStyle id="9783">
                <color>ff8C00EC</color>
                <colorMode>normal</colorMode>
                <width>4</width>
            </LineStyle>
        </Style>
        <Style id="9786">
            <LineStyle id="9787">
                <color>ff8C00EC</color>
                <colorMode>normal</colorMode>
                <width>4</width>
            </LineStyle>
        </Style>
        <Style id="9790">
            <LineStyle id="9791">
                <color>ff8C00EC</color>
                <colorMode>normal</colorMode>
                <width>4</width>
            </LineStyle>
        </Style>
        <Style id="9794">
            <LineStyle id="9795">
                <color>ff8C00EC</color>
                <colorMode>normal</colorMode>
                <width>4</width>
            </LineStyle>
        </Style>
        <Style id="9798">
            <LineStyle id="9799">
                <color>ff8C00EC</color>
                <colorMode>normal</colorMode>
                <width>4</width>
            </LineStyle>
        </Style>
        <Style id="9802">
            <LineStyle id="9803">
                <color>ff8C00EC</color>
                <colorMode>normal</colorMode>
                <width>4</width>
            </LineStyle>
        </Style>
        <Style id="9806">
            <LineStyle id="9807">
                <color>ff8C00EC</color>
                <colorMode>normal</colorMode>
                <width>4</width>
            </LineStyle>
        </Style>
        <Style id="9810">
            <LineStyle id="9811">
                <color>ff8C00EC</color>
                <colorMode>normal</colorMode>
                <width>4</width>
            </LineStyle>
        </Style>
        <Style id="9814">
            <LineStyle id="9815">
                <color>ff8C00EC</color>
                <colorMode>normal</colorMode>
                <width>4</width>
            </LineStyle>
        </Style>
        <Style id="9818">
            <LineStyle id="9819">
                <color>ff8C00EC</color>
                <colorMode>normal</colorMode>
                <width>4</width>
            </LineStyle>
        </Style>
        <Style id="9822">
            <LineStyle id="9823">
                <color>ff8C00EC</color>
                <colorMode>normal</colorMode>
                <width>4</width>
            </LineStyle>
        </Style>
        <Style id="9826">
            <LineStyle id="9827">
                <color>ff8C00EC</color>
                <colorMode>normal</colorMode>
                <width>4</width>
            </LineStyle>
        </Style>
        <Style id="9830">
            <LineStyle id="9831">
                <color>ff8C00EC</color>
                <colorMode>normal</colorMode>
                <width>4</width>
            </LineStyle>
        </Style>
        <Style id="9834">
            <LineStyle id="9835">
                <color>ff8C00EC</color>
                <colorMode>normal</colorMode>
                <width>4</width>
            </LineStyle>
        </Style>
        <Style id="9838">
            <LineStyle id="9839">
                <color>ff8C00EC</color>
                <colorMode>normal</colorMode>
                <width>4</width>
            </LineStyle>
        </Style>
        <Style id="9842">
            <LineStyle id="9843">
                <color>ff8C00EC</color>
                <colorMode>normal</colorMode>
                <width>4</width>
            </LineStyle>
        </Style>
        <Style id="9846">
            <LineStyle id="9847">
                <color>ff8C00EC</color>
                <colorMode>normal</colorMode>
                <width>4</width>
            </LineStyle>
        </Style>
        <Style id="9850">
            <LineStyle id="9851">
                <color>ff8C00EC</color>
                <colorMode>normal</colorMode>
                <width>4</width>
            </LineStyle>
        </Style>
        <Style id="9854">
            <LineStyle id="9855">
                <color>ff8C00EC</color>
                <colorMode>normal</colorMode>
                <width>4</width>
            </LineStyle>
        </Style>
        <Style id="9858">
            <LineStyle id="9859">
                <color>ff8C00EC</color>
                <colorMode>normal</colorMode>
                <width>4</width>
            </LineStyle>
        </Style>
        <Style id="9862">
            <LineStyle id="9863">
                <color>ff8C00EC</color>
                <colorMode>normal</colorMode>
                <width>4</width>
            </LineStyle>
        </Style>
        <Style id="9866">
            <LineStyle id="9867">
                <color>ff8C00EC</color>
                <colorMode>normal</colorMode>
                <width>4</width>
            </LineStyle>
        </Style>
        <Style id="9870">
            <LineStyle id="9871">
                <color>ff8C00EC</color>
                <colorMode>normal</colorMode>
                <width>4</width>
            </LineStyle>
        </Style>
        <Style id="9874">
            <LineStyle id="9875">
                <color>ff8C00EC</color>
                <colorMode>normal</colorMode>
                <width>4</width>
            </LineStyle>
        </Style>
        <Style id="9878">
            <LineStyle id="9879">
                <color>ff8C00EC</color>
                <colorMode>normal</colorMode>
                <width>4</width>
            </LineStyle>
        </Style>
        <Style id="9882">
            <LineStyle id="9883">
                <color>ff8C00EC</color>
                <colorMode>normal</colorMode>
                <width>4</width>
            </LineStyle>
        </Style>
        <Style id="9886">
            <LineStyle id="9887">
                <color>ff8C00EC</color>
                <colorMode>normal</colorMode>
                <width>4</width>
            </LineStyle>
        </Style>
        <Style id="9890">
            <LineStyle id="9891">
                <color>ff8C00EC</color>
                <colorMode>normal</colorMode>
                <width>4</width>
            </LineStyle>
        </Style>
        <Style id="9894">
            <LineStyle id="9895">
                <color>ff8C00EC</color>
                <colorMode>normal</colorMode>
                <width>4</width>
            </LineStyle>
        </Style>
        <Style id="9898">
            <LineStyle id="9899">
                <color>ff8C00EC</color>
                <colorMode>normal</colorMode>
                <width>4</width>
            </LineStyle>
        </Style>
        <Style id="9902">
            <LineStyle id="9903">
                <color>ff8C00EC</color>
                <colorMode>normal</colorMode>
                <width>4</width>
            </LineStyle>
        </Style>
        <Style id="9906">
            <LineStyle id="9907">
                <color>ff8C00EC</color>
                <colorMode>normal</colorMode>
                <width>4</width>
            </LineStyle>
        </Style>
        <Style id="9910">
            <LineStyle id="9911">
                <color>ff8C00EC</color>
                <colorMode>normal</colorMode>
                <width>4</width>
            </LineStyle>
        </Style>
        <Style id="9914">
            <LineStyle id="9915">
                <color>ff8C00EC</color>
                <colorMode>normal</colorMode>
                <width>4</width>
            </LineStyle>
        </Style>
        <Style id="9918">
            <LineStyle id="9919">
                <color>ff8C00EC</color>
                <colorMode>normal</colorMode>
                <width>4</width>
            </LineStyle>
        </Style>
        <Style id="9922">
            <LineStyle id="9923">
                <color>ff8C00EC</color>
                <colorMode>normal</colorMode>
                <width>4</width>
            </LineStyle>
        </Style>
        <Style id="9926">
            <LineStyle id="9927">
                <color>ff8C00EC</color>
                <colorMode>normal</colorMode>
                <width>4</width>
            </LineStyle>
        </Style>
        <Style id="9930">
            <LineStyle id="9931">
                <color>ff8C00EC</color>
                <colorMode>normal</colorMode>
                <width>4</width>
            </LineStyle>
        </Style>
        <Style id="9934">
            <LineStyle id="9935">
                <color>ff8C00EC</color>
                <colorMode>normal</colorMode>
                <width>4</width>
            </LineStyle>
        </Style>
        <Style id="9938">
            <LineStyle id="9939">
                <color>ff8C00EC</color>
                <colorMode>normal</colorMode>
                <width>4</width>
            </LineStyle>
        </Style>
        <Style id="9942">
            <LineStyle id="9943">
                <color>ff8C00EC</color>
                <colorMode>normal</colorMode>
                <width>4</width>
            </LineStyle>
        </Style>
        <Style id="9946">
            <LineStyle id="9947">
                <color>ff8C00EC</color>
                <colorMode>normal</colorMode>
                <width>4</width>
            </LineStyle>
        </Style>
        <Style id="9950">
            <LineStyle id="9951">
                <color>ff8C00EC</color>
                <colorMode>normal</colorMode>
                <width>4</width>
            </LineStyle>
        </Style>
        <Style id="9954">
            <LineStyle id="9955">
                <color>ff8C00EC</color>
                <colorMode>normal</colorMode>
                <width>4</width>
            </LineStyle>
        </Style>
        <Style id="9958">
            <LineStyle id="9959">
                <color>ff8C00EC</color>
                <colorMode>normal</colorMode>
                <width>4</width>
            </LineStyle>
        </Style>
        <Style id="9962">
            <LineStyle id="9963">
                <color>ff8C00EC</color>
                <colorMode>normal</colorMode>
                <width>4</width>
            </LineStyle>
        </Style>
        <Style id="9966">
            <LineStyle id="9967">
                <color>ff8C00EC</color>
                <colorMode>normal</colorMode>
                <width>4</width>
            </LineStyle>
        </Style>
        <Style id="9970">
            <LineStyle id="9971">
                <color>ff8C00EC</color>
                <colorMode>normal</colorMode>
                <width>4</width>
            </LineStyle>
        </Style>
        <Style id="9974">
            <LineStyle id="9975">
                <color>ff8C00EC</color>
                <colorMode>normal</colorMode>
                <width>4</width>
            </LineStyle>
        </Style>
        <Style id="9978">
            <LineStyle id="9979">
                <color>ff8C00EC</color>
                <colorMode>normal</colorMode>
                <width>4</width>
            </LineStyle>
        </Style>
        <Style id="9982">
            <LineStyle id="9983">
                <color>ff8C00EC</color>
                <colorMode>normal</colorMode>
                <width>4</width>
            </LineStyle>
        </Style>
        <Style id="9986">
            <LineStyle id="9987">
                <color>ff8C00EC</color>
                <colorMode>normal</colorMode>
                <width>4</width>
            </LineStyle>
        </Style>
        <Style id="9990">
            <LineStyle id="9991">
                <color>ff8C00EC</color>
                <colorMode>normal</colorMode>
                <width>4</width>
            </LineStyle>
        </Style>
        <Style id="9994">
            <LineStyle id="9995">
                <color>ff8C00EC</color>
                <colorMode>normal</colorMode>
                <width>4</width>
            </LineStyle>
        </Style>
        <Style id="9998">
            <LineStyle id="9999">
                <color>ff8C00EC</color>
                <colorMode>normal</colorMode>
                <width>4</width>
            </LineStyle>
        </Style>
        <Style id="10002">
            <LineStyle id="10003">
                <color>ff8C00EC</color>
                <colorMode>normal</colorMode>
                <width>4</width>
            </LineStyle>
        </Style>
        <Style id="10006">
            <LineStyle id="10007">
                <color>ff8C00EC</color>
                <colorMode>normal</colorMode>
                <width>4</width>
            </LineStyle>
        </Style>
        <Style id="10010">
            <LineStyle id="10011">
                <color>ff8C00EC</color>
                <colorMode>normal</colorMode>
                <width>4</width>
            </LineStyle>
        </Style>
        <Style id="10014">
            <LineStyle id="10015">
                <color>ff8C00EC</color>
                <colorMode>normal</colorMode>
                <width>4</width>
            </LineStyle>
        </Style>
        <Style id="10018">
            <LineStyle id="10019">
                <color>ff8C00EC</color>
                <colorMode>normal</colorMode>
                <width>4</width>
            </LineStyle>
        </Style>
        <Style id="10022">
            <LineStyle id="10023">
                <color>ff8C00EC</color>
                <colorMode>normal</colorMode>
                <width>4</width>
            </LineStyle>
        </Style>
        <Style id="10026">
            <LineStyle id="10027">
                <color>ff8C00EC</color>
                <colorMode>normal</colorMode>
                <width>4</width>
            </LineStyle>
        </Style>
        <Style id="10030">
            <LineStyle id="10031">
                <color>ff8C00EC</color>
                <colorMode>normal</colorMode>
                <width>4</width>
            </LineStyle>
        </Style>
        <Style id="10034">
            <LineStyle id="10035">
                <color>ff8C00EC</color>
                <colorMode>normal</colorMode>
                <width>4</width>
            </LineStyle>
        </Style>
        <Style id="10038">
            <LineStyle id="10039">
                <color>ff8C00EC</color>
                <colorMode>normal</colorMode>
                <width>4</width>
            </LineStyle>
        </Style>
        <Style id="10042">
            <LineStyle id="10043">
                <color>ff8C00EC</color>
                <colorMode>normal</colorMode>
                <width>4</width>
            </LineStyle>
        </Style>
        <Style id="10046">
            <LineStyle id="10047">
                <color>ff8C00EC</color>
                <colorMode>normal</colorMode>
                <width>4</width>
            </LineStyle>
        </Style>
        <Style id="10050">
            <LineStyle id="10051">
                <color>ff8C00EC</color>
                <colorMode>normal</colorMode>
                <width>4</width>
            </LineStyle>
        </Style>
        <Style id="10054">
            <LineStyle id="10055">
                <color>ff8C00EC</color>
                <colorMode>normal</colorMode>
                <width>4</width>
            </LineStyle>
        </Style>
        <Style id="10058">
            <LineStyle id="10059">
                <color>ff8C00EC</color>
                <colorMode>normal</colorMode>
                <width>4</width>
            </LineStyle>
        </Style>
        <Style id="10062">
            <LineStyle id="10063">
                <color>ff8C00EC</color>
                <colorMode>normal</colorMode>
                <width>4</width>
            </LineStyle>
        </Style>
        <Style id="10066">
            <LineStyle id="10067">
                <color>ff8C00EC</color>
                <colorMode>normal</colorMode>
                <width>4</width>
            </LineStyle>
        </Style>
        <Style id="10070">
            <LineStyle id="10071">
                <color>ff8C00EC</color>
                <colorMode>normal</colorMode>
                <width>4</width>
            </LineStyle>
        </Style>
        <Style id="10074">
            <LineStyle id="10075">
                <color>ff8C00EC</color>
                <colorMode>normal</colorMode>
                <width>4</width>
            </LineStyle>
        </Style>
        <Style id="10078">
            <LineStyle id="10079">
                <color>ff8C00EC</color>
                <colorMode>normal</colorMode>
                <width>4</width>
            </LineStyle>
        </Style>
        <Style id="10082">
            <LineStyle id="10083">
                <color>ff8C00EC</color>
                <colorMode>normal</colorMode>
                <width>4</width>
            </LineStyle>
        </Style>
        <Style id="10086">
            <LineStyle id="10087">
                <color>ff8C00EC</color>
                <colorMode>normal</colorMode>
                <width>4</width>
            </LineStyle>
        </Style>
        <Style id="10090">
            <LineStyle id="10091">
                <color>ff8C00EC</color>
                <colorMode>normal</colorMode>
                <width>4</width>
            </LineStyle>
        </Style>
        <Style id="10094">
            <LineStyle id="10095">
                <color>ff8C00EC</color>
                <colorMode>normal</colorMode>
                <width>4</width>
            </LineStyle>
        </Style>
        <Style id="10098">
            <LineStyle id="10099">
                <color>ff8C00EC</color>
                <colorMode>normal</colorMode>
                <width>4</width>
            </LineStyle>
        </Style>
        <Style id="10102">
            <LineStyle id="10103">
                <color>ff8C00EC</color>
                <colorMode>normal</colorMode>
                <width>4</width>
            </LineStyle>
        </Style>
        <Style id="10106">
            <LineStyle id="10107">
                <color>ff8C00EC</color>
                <colorMode>normal</colorMode>
                <width>4</width>
            </LineStyle>
        </Style>
        <Style id="10110">
            <LineStyle id="10111">
                <color>ff8C00EC</color>
                <colorMode>normal</colorMode>
                <width>4</width>
            </LineStyle>
        </Style>
        <Style id="10114">
            <LineStyle id="10115">
                <color>ff8C00EC</color>
                <colorMode>normal</colorMode>
                <width>4</width>
            </LineStyle>
        </Style>
        <Style id="10118">
            <LineStyle id="10119">
                <color>ff8C00EC</color>
                <colorMode>normal</colorMode>
                <width>4</width>
            </LineStyle>
        </Style>
        <Style id="10122">
            <LineStyle id="10123">
                <color>ff8C00EC</color>
                <colorMode>normal</colorMode>
                <width>4</width>
            </LineStyle>
        </Style>
        <Style id="10126">
            <LineStyle id="10127">
                <color>ff8C00EC</color>
                <colorMode>normal</colorMode>
                <width>4</width>
            </LineStyle>
        </Style>
        <Style id="10130">
            <LineStyle id="10131">
                <color>ff8C00EC</color>
                <colorMode>normal</colorMode>
                <width>4</width>
            </LineStyle>
        </Style>
        <Style id="10134">
            <LineStyle id="10135">
                <color>ff8C00EC</color>
                <colorMode>normal</colorMode>
                <width>4</width>
            </LineStyle>
        </Style>
        <Style id="10138">
            <LineStyle id="10139">
                <color>ff8C00EC</color>
                <colorMode>normal</colorMode>
                <width>4</width>
            </LineStyle>
        </Style>
        <Style id="10142">
            <LineStyle id="10143">
                <color>ff8C00EC</color>
                <colorMode>normal</colorMode>
                <width>4</width>
            </LineStyle>
        </Style>
        <Style id="10146">
            <LineStyle id="10147">
                <color>ff8C00EC</color>
                <colorMode>normal</colorMode>
                <width>4</width>
            </LineStyle>
        </Style>
        <Style id="10150">
            <LineStyle id="10151">
                <color>ff8C00EC</color>
                <colorMode>normal</colorMode>
                <width>4</width>
            </LineStyle>
        </Style>
        <Style id="10154">
            <LineStyle id="10155">
                <color>ff8C00EC</color>
                <colorMode>normal</colorMode>
                <width>4</width>
            </LineStyle>
        </Style>
        <Style id="10158">
            <LineStyle id="10159">
                <color>ff8C00EC</color>
                <colorMode>normal</colorMode>
                <width>4</width>
            </LineStyle>
        </Style>
        <Style id="10162">
            <LineStyle id="10163">
                <color>ff8C00EC</color>
                <colorMode>normal</colorMode>
                <width>4</width>
            </LineStyle>
        </Style>
        <Style id="10166">
            <LineStyle id="10167">
                <color>ff8C00EC</color>
                <colorMode>normal</colorMode>
                <width>4</width>
            </LineStyle>
        </Style>
        <Style id="10170">
            <LineStyle id="10171">
                <color>ff8C00EC</color>
                <colorMode>normal</colorMode>
                <width>4</width>
            </LineStyle>
        </Style>
        <Style id="10174">
            <LineStyle id="10175">
                <color>ff8C00EC</color>
                <colorMode>normal</colorMode>
                <width>4</width>
            </LineStyle>
        </Style>
        <Style id="10178">
            <LineStyle id="10179">
                <color>ff8C00EC</color>
                <colorMode>normal</colorMode>
                <width>4</width>
            </LineStyle>
        </Style>
        <Style id="10182">
            <LineStyle id="10183">
                <color>ff8C00EC</color>
                <colorMode>normal</colorMode>
                <width>4</width>
            </LineStyle>
        </Style>
        <Style id="10186">
            <LineStyle id="10187">
                <color>ff8C00EC</color>
                <colorMode>normal</colorMode>
                <width>4</width>
            </LineStyle>
        </Style>
        <Style id="10190">
            <LineStyle id="10191">
                <color>ff8C00EC</color>
                <colorMode>normal</colorMode>
                <width>4</width>
            </LineStyle>
        </Style>
        <Style id="10194">
            <LineStyle id="10195">
                <color>ff8C00EC</color>
                <colorMode>normal</colorMode>
                <width>4</width>
            </LineStyle>
        </Style>
        <Style id="10198">
            <LineStyle id="10199">
                <color>ff8C00EC</color>
                <colorMode>normal</colorMode>
                <width>4</width>
            </LineStyle>
        </Style>
        <Style id="10202">
            <LineStyle id="10203">
                <color>ff8C00EC</color>
                <colorMode>normal</colorMode>
                <width>4</width>
            </LineStyle>
        </Style>
        <Style id="10206">
            <LineStyle id="10207">
                <color>ff8C00EC</color>
                <colorMode>normal</colorMode>
                <width>4</width>
            </LineStyle>
        </Style>
        <Style id="10210">
            <LineStyle id="10211">
                <color>ff8C00EC</color>
                <colorMode>normal</colorMode>
                <width>4</width>
            </LineStyle>
        </Style>
        <Style id="10214">
            <LineStyle id="10215">
                <color>ff8C00EC</color>
                <colorMode>normal</colorMode>
                <width>4</width>
            </LineStyle>
        </Style>
        <Style id="10218">
            <LineStyle id="10219">
                <color>ff8C00EC</color>
                <colorMode>normal</colorMode>
                <width>4</width>
            </LineStyle>
        </Style>
        <Style id="10222">
            <LineStyle id="10223">
                <color>ff8C00EC</color>
                <colorMode>normal</colorMode>
                <width>4</width>
            </LineStyle>
        </Style>
        <Style id="10226">
            <LineStyle id="10227">
                <color>ff8C00EC</color>
                <colorMode>normal</colorMode>
                <width>4</width>
            </LineStyle>
        </Style>
        <Style id="10230">
            <LineStyle id="10231">
                <color>ff8C00EC</color>
                <colorMode>normal</colorMode>
                <width>4</width>
            </LineStyle>
        </Style>
        <Style id="10234">
            <LineStyle id="10235">
                <color>ff8C00EC</color>
                <colorMode>normal</colorMode>
                <width>4</width>
            </LineStyle>
        </Style>
        <Style id="10238">
            <LineStyle id="10239">
                <color>ff8C00EC</color>
                <colorMode>normal</colorMode>
                <width>4</width>
            </LineStyle>
        </Style>
        <Style id="10242">
            <LineStyle id="10243">
                <color>ff8C00EC</color>
                <colorMode>normal</colorMode>
                <width>4</width>
            </LineStyle>
        </Style>
        <Style id="10246">
            <LineStyle id="10247">
                <color>ff8C00EC</color>
                <colorMode>normal</colorMode>
                <width>4</width>
            </LineStyle>
        </Style>
        <Style id="10250">
            <LineStyle id="10251">
                <color>ff8C00EC</color>
                <colorMode>normal</colorMode>
                <width>4</width>
            </LineStyle>
        </Style>
        <Style id="10254">
            <LineStyle id="10255">
                <color>ff8C00EC</color>
                <colorMode>normal</colorMode>
                <width>4</width>
            </LineStyle>
        </Style>
        <Style id="10258">
            <LineStyle id="10259">
                <color>ff8C00EC</color>
                <colorMode>normal</colorMode>
                <width>4</width>
            </LineStyle>
        </Style>
        <Style id="10262">
            <LineStyle id="10263">
                <color>ff8C00EC</color>
                <colorMode>normal</colorMode>
                <width>4</width>
            </LineStyle>
        </Style>
        <Style id="10266">
            <LineStyle id="10267">
                <color>ff8C00EC</color>
                <colorMode>normal</colorMode>
                <width>4</width>
            </LineStyle>
        </Style>
        <Style id="10270">
            <LineStyle id="10271">
                <color>ff8C00EC</color>
                <colorMode>normal</colorMode>
                <width>4</width>
            </LineStyle>
        </Style>
        <Style id="10274">
            <LineStyle id="10275">
                <color>ff8C00EC</color>
                <colorMode>normal</colorMode>
                <width>4</width>
            </LineStyle>
        </Style>
        <Style id="10278">
            <LineStyle id="10279">
                <color>ff8C00EC</color>
                <colorMode>normal</colorMode>
                <width>4</width>
            </LineStyle>
        </Style>
        <Style id="10282">
            <LineStyle id="10283">
                <color>ff8C00EC</color>
                <colorMode>normal</colorMode>
                <width>4</width>
            </LineStyle>
        </Style>
        <Style id="10286">
            <LineStyle id="10287">
                <color>ff8C00EC</color>
                <colorMode>normal</colorMode>
                <width>4</width>
            </LineStyle>
        </Style>
        <Style id="10290">
            <LineStyle id="10291">
                <color>ff8C00EC</color>
                <colorMode>normal</colorMode>
                <width>4</width>
            </LineStyle>
        </Style>
        <Style id="10294">
            <LineStyle id="10295">
                <color>ff8C00EC</color>
                <colorMode>normal</colorMode>
                <width>4</width>
            </LineStyle>
        </Style>
        <Style id="10298">
            <LineStyle id="10299">
                <color>ff8C00EC</color>
                <colorMode>normal</colorMode>
                <width>4</width>
            </LineStyle>
        </Style>
        <Style id="10302">
            <LineStyle id="10303">
                <color>ff8C00EC</color>
                <colorMode>normal</colorMode>
                <width>4</width>
            </LineStyle>
        </Style>
        <Style id="10306">
            <LineStyle id="10307">
                <color>ff8C00EC</color>
                <colorMode>normal</colorMode>
                <width>4</width>
            </LineStyle>
        </Style>
        <Style id="10310">
            <LineStyle id="10311">
                <color>ff8C00EC</color>
                <colorMode>normal</colorMode>
                <width>4</width>
            </LineStyle>
        </Style>
        <Style id="10314">
            <LineStyle id="10315">
                <color>ff8C00EC</color>
                <colorMode>normal</colorMode>
                <width>4</width>
            </LineStyle>
        </Style>
        <Style id="10318">
            <LineStyle id="10319">
                <color>ff8C00EC</color>
                <colorMode>normal</colorMode>
                <width>4</width>
            </LineStyle>
        </Style>
        <Style id="10322">
            <LineStyle id="10323">
                <color>ff8C00EC</color>
                <colorMode>normal</colorMode>
                <width>4</width>
            </LineStyle>
        </Style>
        <Style id="10326">
            <LineStyle id="10327">
                <color>ff8C00EC</color>
                <colorMode>normal</colorMode>
                <width>4</width>
            </LineStyle>
        </Style>
        <Style id="10330">
            <LineStyle id="10331">
                <color>ff8C00EC</color>
                <colorMode>normal</colorMode>
                <width>4</width>
            </LineStyle>
        </Style>
        <ExtendedData>
            <Data name="route-name">
                <value>Koridor 5: Dipatiukur → Jatinangor</value>
            </Data>
            <Data name="source">
                <value>Transport for Bandung</value>
            </Data>
        </ExtendedData>
        <Placemark id="9559">
            <name>Taman Pramuka</name>
            <styleUrl>#9560</styleUrl>
            <Point id="9558">
                <coordinates>107.6274766,-6.9106475,0.0</coordinates>
            </Point>
        </Placemark>
        <Placemark id="9564">
            <name>Lapangan Gasibu A</name>
            <styleUrl>#9565</styleUrl>
            <Point id="9563">
                <coordinates>107.6199195,-6.9011743,0.0</coordinates>
            </Point>
        </Placemark>
        <Placemark id="9569">
            <name>IPDN A</name>
            <styleUrl>#9570</styleUrl>
            <Point id="9568">
                <coordinates>107.7652024,-6.9356336,0.0</coordinates>
            </Point>
        </Placemark>
        <Placemark id="9574">
            <name>Hotel Grand Tebu</name>
            <styleUrl>#9575</styleUrl>
            <Point id="9573">
                <coordinates>107.6291076,-6.9134288,0.0</coordinates>
            </Point>
        </Placemark>
        <Placemark id="9579">
            <name>Simpang By Pass Soekarno Hatta A</name>
            <styleUrl>#9580</styleUrl>
            <Point id="9578">
                <coordinates>107.6090862,-6.9473728,0.0</coordinates>
            </Point>
        </Placemark>
        <Placemark id="9584">
            <name>Hotel Horison A</name>
            <styleUrl>#9585</styleUrl>
            <Point id="9583">
                <coordinates>107.6252887,-6.9343354,0.0</coordinates>
            </Point>
        </Placemark>
        <Placemark id="9589">
            <name>PUSDAI A</name>
            <styleUrl>#9590</styleUrl>
            <Point id="9588">
                <coordinates>107.6241876,-6.9010661,0.0</coordinates>
            </Point>
        </Placemark>
        <Placemark id="9594">
            <name>SMPN 14 Bandung (Lapangan Supratman A)</name>
            <styleUrl>#9595</styleUrl>
            <Point id="9593">
                <coordinates>107.6301163,-6.9080655,0.0</coordinates>
            </Point>
        </Placemark>
        <Placemark id="9599">
            <name>Bandung Creative Hub A</name>
            <styleUrl>#9600</styleUrl>
            <Point id="9598">
                <coordinates>107.6313457,-6.9183624,0.0</coordinates>
            </Point>
        </Placemark>
        <Placemark id="9604">
            <name>Muhammad Toha 1 (PT INTI A)</name>
            <styleUrl>#9605</styleUrl>
            <Point id="9603">
                <coordinates>107.6062885,-6.939027,0.0</coordinates>
            </Point>
        </Placemark>
        <Placemark id="9609">
            <name>SPBU Moh. Toha</name>
            <styleUrl>#9610</styleUrl>
            <Point id="9608">
                <coordinates>107.6115168,-6.954618,0.0</coordinates>
            </Point>
        </Placemark>
        <Placemark id="9614">
            <name>Cileunyi A</name>
            <styleUrl>#9615</styleUrl>
            <Point id="9613">
                <coordinates>107.7541846,-6.9410603,0.0</coordinates>
            </Point>
        </Placemark>
        <Placemark id="9619">
            <name>ITB Ganesha A</name>
            <styleUrl>#9620</styleUrl>
            <Point id="9618">
                <coordinates>107.6095668,-6.8933482,0.0</coordinates>
            </Point>
        </Placemark>
        <Placemark id="9624">
            <name>Dispora Kota Bandung</name>
            <styleUrl>#9625</styleUrl>
            <Point id="9623">
                <coordinates>107.6095531,-6.8963864,0.0</coordinates>
            </Point>
        </Placemark>
        <Placemark id="9629">
            <name>Mahawarman</name>
            <styleUrl>#9630</styleUrl>
            <Point id="9628">
                <coordinates>107.6163593,-6.8990187,0.0</coordinates>
            </Point>
        </Placemark>
        <Placemark id="9634">
            <name>ITB Jatinangor</name>
            <styleUrl>#9635</styleUrl>
            <Point id="9633">
                <coordinates>107.7688726,-6.9340481,0.0</coordinates>
            </Point>
        </Placemark>
        <Placemark id="9639">
            <name>UNPAD Dipatiukur</name>
            <styleUrl>#9640</styleUrl>
            <Point id="9638">
                <coordinates>107.6180405,-6.8934568,0.0</coordinates>
            </Point>
        </Placemark>
        <Placemark id="9644">
            <name>UNPAD Jatinangor</name>
            <styleUrl>#9645</styleUrl>
            <Point id="9643">
                <coordinates>107.7732761,-6.9323235,0.0</coordinates>
            </Point>
        </Placemark>
        <Placemark id="9649">
            <name>Jalan Sentot Alibasyah</name>
            <styleUrl>#9650</styleUrl>
            <LineString id="9648">
                <coordinates>107.6193443,-6.89924,0.0 107.6193467,-6.8993194,0.0</coordinates>
            </LineString>
        </Placemark>
        <Placemark id="9653">
            <name>Jalan Hasanudin</name>
            <styleUrl>#9654</styleUrl>
            <LineString id="9652">
                <coordinates>107.6160516,-6.8948686,0.0 107.6157544,-6.8948594,0.0 107.6154198,-6.8948516,0.0 107.6153201,-6.8948492,0.0 107.6149218,-6.8948399,0.0</coordinates>
            </LineString>
        </Placemark>
        <Placemark id="9657">
            <name>Jalan Surapati</name>
            <styleUrl>#9658</styleUrl>
            <LineString id="9656">
                <coordinates>107.6132841,-6.8988423,0.0 107.6135004,-6.898852,0.0 107.6140011,-6.8988575,0.0 107.6147331,-6.8988511,0.0 107.615213,-6.8988527,0.0 107.6156959,-6.8989008,0.0 107.6158827,-6.8989216,0.0 107.6160286,-6.8989397,0.0</coordinates>
            </LineString>
        </Placemark>
        <Placemark id="9661">
            <name>Jalan Cikapayang</name>
            <styleUrl>#9662</styleUrl>
            <LineString id="9660">
                <coordinates>107.6096733,-6.898062,0.0 107.609686,-6.8980649,0.0 107.6098477,-6.8981018,0.0 107.610121,-6.8982089,0.0 107.6102355,-6.8982538,0.0 107.6106335,-6.8984212,0.0 107.6107567,-6.8984695,0.0 107.6111644,-6.8986221,0.0 107.6115705,-6.8987489,0.0 107.6116278,-6.8987668,0.0</coordinates>
            </LineString>
        </Placemark>
        <Placemark id="9665">
            <name>Jalan Ganesha</name>
            <styleUrl>#9666</styleUrl>
            <LineString id="9664">
                <coordinates>107.608451,-6.8938318,0.0 107.6086137,-6.8937312,0.0 107.6087982,-6.893634,0.0 107.6088765,-6.8935928,0.0 107.6090448,-6.893512,0.0 107.6093151,-6.8934184,0.0 107.6094774,-6.8933731,0.0 107.6095668,-6.8933482,0.0 107.6096192,-6.8933336,0.0 107.609879,-6.8932749,0.0 107.609952,-6.8932657,0.0 107.6102808,-6.8932243,0.0 107.6103844,-6.8932176,0.0 107.6104782,-6.8932163,0.0 107.6106041,-6.893216,0.0 107.6109077,-6.8932466,0.0 107.6110847,-6.8932872,0.0 107.6112795,-6.8933467,0.0 107.611316,-6.8933595,0.0 107.6114196,-6.8933958,0.0 107.6118346,-6.893539,0.0 107.6119543,-6.8935795,0.0 107.6121446,-6.8936144,0.0 107.6123348,-6.8936492,0.0 107.612577,-6.893691,0.0 107.612929,-6.8937515,0.0 107.6130211,-6.8937711,0.0</coordinates>
            </LineString>
        </Placemark>
        <Placemark id="9669">
            <name>Jalan Raya Cileunyi</name>
            <styleUrl>#9670</styleUrl>
            <LineString id="9668">
                <coordinates>107.7528851,-6.9391361,0.0 107.7530294,-6.9390441,0.0 107.7537452,-6.938697,0.0 107.7540066,-6.9385699,0.0 107.7541454,-6.9385016,0.0 107.7544927,-6.9383149,0.0 107.7548022,-6.9381645,0.0 107.755132,-6.9380904,0.0 107.7553843,-6.9380561,0.0 107.7558468,-6.9379992,0.0 107.7559524,-6.9379853,0.0 107.7560525,-6.9379722,0.0</coordinates>
            </LineString>
        </Placemark>
        <Placemark id="9673">
            <name>Jalan Akses Tol Mohammad Toha</name>
            <styleUrl>#9674</styleUrl>
            <LineString id="9672">
                <coordinates>107.6119773,-6.9559046,0.0 107.6119023,-6.955933,0.0</coordinates>
            </LineString>
        </Placemark>
        <Placemark id="9677">
            <name>Jalan Akses Tol Mohammad Toha</name>
            <styleUrl>#9678</styleUrl>
            <LineString id="9676">
                <coordinates>107.6062444,-6.9594034,0.0 107.6062935,-6.9598183,0.0 107.6063891,-6.9601879,0.0 107.6064891,-6.9604204,0.0 107.6065484,-6.9605246,0.0 107.6066342,-6.9606298,0.0 107.606712,-6.960735,0.0 107.6068276,-6.9608426,0.0 107.6069614,-6.9609506,0.0 107.6071374,-6.9610507,0.0 107.6073557,-6.9611476,0.0 107.6075788,-6.9611894,0.0 107.6078236,-6.9612087,0.0 107.6080064,-6.9612283,0.0</coordinates>
            </LineString>
        </Placemark>
        <Placemark id="9681">
            <name>Jalan Tol Padalarang–Cileunyi</name>
            <styleUrl>#9682</styleUrl>
            <LineString id="9680">
                <coordinates>107.6376642,-6.9656491,0.0 107.6383542,-6.9657306,0.0</coordinates>
            </LineString>
        </Placemark>
        <Placemark id="9685">
            <name>Jalan Tol Padalarang–Cileunyi</name>
            <styleUrl>#9686</styleUrl>
            <LineString id="9684">
                <coordinates>107.6428065,-6.9656857,0.0 107.6433819,-6.9655597,0.0 107.6439457,-6.9654188,0.0 107.6444876,-6.9652811,0.0 107.6456233,-6.9649793,0.0 107.6461997,-6.9648425,0.0 107.6464447,-6.9648018,0.0 107.6471321,-6.9646894,0.0 107.6477031,-6.9646316,0.0 107.6480073,-6.9646075,0.0 107.6482899,-6.9645955,0.0 107.648769,-6.9645835,0.0 107.6492481,-6.9646002,0.0 107.6494731,-6.9646135,0.0 107.6497775,-6.9646261,0.0 107.650345,-6.9646987,0.0 107.6548013,-6.9653876,0.0 107.6570222,-6.9657337,0.0 107.6581165,-6.9659094,0.0 107.6591915,-6.9661036,0.0 107.6597561,-6.9662374,0.0 107.6602707,-6.9663703,0.0 107.6603107,-6.966378,0.0</coordinates>
            </LineString>
        </Placemark>
        <Placemark id="9689">
            <name>Jalan Tol Padalarang–Cileunyi</name>
            <styleUrl>#9690</styleUrl>
            <LineString id="9688">
                <coordinates>107.6605722,-6.9664426,0.0 107.6617508,-6.9667679,0.0 107.6621613,-6.9668812,0.0 107.6629525,-6.9670928,0.0 107.6637748,-6.9672708,0.0 107.6646665,-6.9674083,0.0 107.665565,-6.9675082,0.0 107.6664515,-6.9675481,0.0 107.667055,-6.9675574,0.0 107.6691132,-6.9675103,0.0 107.6700937,-6.9674908,0.0 107.6711041,-6.967534,0.0</coordinates>
            </LineString>
        </Placemark>
        <Placemark id="9693">
            <name>Jalan Tol Padalarang–Cileunyi</name>
            <styleUrl>#9694</styleUrl>
            <LineString id="9692">
                <coordinates>107.6603107,-6.966378,0.0 107.6605722,-6.9664426,0.0</coordinates>
            </LineString>
        </Placemark>
        <Placemark id="9697">
            <name>Jalan Tol Padalarang–Cileunyi</name>
            <styleUrl>#9698</styleUrl>
            <LineString id="9696">
                <coordinates>107.7274621,-6.9555628,0.0 107.730105,-6.9541849,0.0</coordinates>
            </LineString>
        </Placemark>
        <Placemark id="9701">
            <name>Jalan Tamansari</name>
            <styleUrl>#9702</styleUrl>
            <LineString id="9700">
                <coordinates>107.6096024,-6.8976029,0.0 107.6096043,-6.8975557,0.0</coordinates>
            </LineString>
        </Placemark>
        <Placemark id="9705">
            <name>Jalan Surapati</name>
            <styleUrl>#9706</styleUrl>
            <LineString id="9704">
                <coordinates>107.6164572,-6.8990452,0.0 107.6177545,-6.8992474,0.0 107.6179645,-6.899261,0.0 107.6181289,-6.8992635,0.0 107.6184335,-6.8992562,0.0</coordinates>
            </LineString>
        </Placemark>
        <Placemark id="9709">
            <name>Jalan Tol Padalarang–Cileunyi</name>
            <styleUrl>#9710</styleUrl>
            <LineString id="9708">
                <coordinates>107.6780936,-6.9682142,0.0 107.6791178,-6.9683208,0.0 107.6828364,-6.9687183,0.0 107.684564,-6.9688851,0.0 107.6861756,-6.9690221,0.0 107.6864951,-6.96905,0.0 107.6873347,-6.9691278,0.0 107.6888908,-6.969272,0.0 107.6900884,-6.9694124,0.0 107.6909182,-6.9695025,0.0 107.6921685,-6.9696105,0.0 107.6929032,-6.9696526,0.0 107.6940014,-6.9696718,0.0 107.6952538,-6.9696387,0.0 107.6962926,-6.9695695,0.0 107.6970049,-6.9694949,0.0 107.6978674,-6.9693954,0.0 107.6986982,-6.9692535,0.0 107.6991637,-6.9691642,0.0 107.7003608,-6.9689155,0.0 107.7007549,-6.9688011,0.0</coordinates>
            </LineString>
        </Placemark>
        <Placemark id="9713">
            <name>Jalan Tol Padalarang–Cileunyi</name>
            <styleUrl>#9714</styleUrl>
            <LineString id="9712">
                <coordinates>107.7044746,-6.9675629,0.0 107.7045311,-6.9675384,0.0 107.7048064,-6.967419,0.0</coordinates>
            </LineString>
        </Placemark>
        <Placemark id="9717">
            <name>Jalan Tol Padalarang–Cileunyi</name>
            <styleUrl>#9718</styleUrl>
            <LineString id="9716">
                <coordinates>107.6713565,-6.9675464,0.0 107.672646,-6.9676726,0.0 107.6778229,-6.968186,0.0</coordinates>
            </LineString>
        </Placemark>
        <Placemark id="9721">
            <name>Jalan Tol Padalarang–Cileunyi</name>
            <styleUrl>#9722</styleUrl>
            <LineString id="9720">
                <coordinates>107.6778229,-6.968186,0.0 107.6780936,-6.9682142,0.0</coordinates>
            </LineString>
        </Placemark>
        <Placemark id="9725">
            <name>Jalan Tol Padalarang–Cileunyi</name>
            <styleUrl>#9726</styleUrl>
            <LineString id="9724">
                <coordinates>107.6711041,-6.967534,0.0 107.6713565,-6.9675464,0.0</coordinates>
            </LineString>
        </Placemark>
        <Placemark id="9729">
            <name>Jalan Tol Padalarang–Cileunyi</name>
            <styleUrl>#9730</styleUrl>
            <LineString id="9728">
                <coordinates>107.7048064,-6.967419,0.0 107.7049627,-6.9673439,0.0 107.7063273,-6.9666885,0.0 107.707713,-6.9659768,0.0 107.7079453,-6.9658455,0.0 107.7100313,-6.964752,0.0 107.71226,-6.9635947,0.0 107.7142374,-6.9625564,0.0 107.7158084,-6.9617315,0.0 107.7169965,-6.9611014,0.0 107.7181569,-6.9604752,0.0 107.7189587,-6.9600552,0.0 107.7192018,-6.9599278,0.0 107.7238903,-6.9574717,0.0 107.7262495,-6.9562108,0.0 107.7274621,-6.9555628,0.0</coordinates>
            </LineString>
        </Placemark>
        <Placemark id="9733">
            <name>Jalan Tol Padalarang–Cileunyi</name>
            <styleUrl>#9734</styleUrl>
            <LineString id="9732">
                <coordinates>107.6138569,-6.9608687,0.0 107.6145694,-6.9608244,0.0 107.6152712,-6.9608006,0.0 107.6158234,-6.9607949,0.0 107.6163738,-6.9608351,0.0 107.6169258,-6.9608827,0.0 107.6174131,-6.9609627,0.0 107.618434,-6.9611867,0.0 107.6188986,-6.961326,0.0 107.6194087,-6.9615161,0.0 107.6204529,-6.9619211,0.0</coordinates>
            </LineString>
        </Placemark>
        <Placemark id="9737">
            <name>Jalan Tol Padalarang–Cileunyi</name>
            <styleUrl>#9738</styleUrl>
            <LineString id="9736">
                <coordinates>107.6133971,-6.9608951,0.0 107.6138569,-6.9608687,0.0</coordinates>
            </LineString>
        </Placemark>
        <Placemark id="9741">
            <name>Jalan Cendana</name>
            <styleUrl>#9742</styleUrl>
            <LineString id="9740">
                <coordinates>107.6277859,-6.9093517,0.0 107.6278013,-6.9093346,0.0 107.6278181,-6.9093161,0.0 107.6278963,-6.9092341,0.0 107.628258,-6.908846,0.0 107.6282951,-6.908808,0.0 107.6283467,-6.9087552,0.0 107.6284809,-6.9086325,0.0 107.6286271,-6.9085102,0.0 107.6290698,-6.9082008,0.0 107.6291731,-6.9081286,0.0</coordinates>
            </LineString>
        </Placemark>
        <Placemark id="9745">
            <name>Jalan Dipatiukur</name>
            <styleUrl>#9746</styleUrl>
            <LineString id="9744">
                <coordinates>107.6180243,-6.8939028,0.0 107.6180053,-6.8939499,0.0 107.6178924,-6.8941229,0.0 107.6178302,-6.8942182,0.0 107.6177817,-6.8942718,0.0 107.6176835,-6.8943336,0.0</coordinates>
            </LineString>
        </Placemark>
        <Placemark id="9749">
            <name>Jalan Laswi</name>
            <styleUrl>#9750</styleUrl>
            <LineString id="9748">
                <coordinates>107.6300393,-6.9157014,0.0 107.6300714,-6.9157678,0.0</coordinates>
            </LineString>
        </Placemark>
        <Placemark id="9753">
            <name>Jalan BKR</name>
            <styleUrl>#9754</styleUrl>
            <LineString id="9752">
                <coordinates>107.6225805,-6.9371274,0.0 107.6222978,-6.9373184,0.0 107.6222364,-6.9373473,0.0 107.6215455,-6.9376726,0.0 107.620815,-6.9379417,0.0 107.620486,-6.9380409,0.0</coordinates>
            </LineString>
        </Placemark>
        <Placemark id="9757">
            <name>Jalan Diponegoro</name>
            <styleUrl>#9758</styleUrl>
            <LineString id="9756">
                <coordinates>107.6253576,-6.9010411,0.0 107.6256046,-6.9010365,0.0 107.6259572,-6.9010164,0.0 107.6261054,-6.901032,0.0 107.6261791,-6.9010486,0.0 107.6262773,-6.9010795,0.0</coordinates>
            </LineString>
        </Placemark>
        <Placemark id="9761">
            <name>Jalan Supratman</name>
            <styleUrl>#9762</styleUrl>
            <LineString id="9760">
                <coordinates>107.6262773,-6.9010795,0.0 107.6263699,-6.9011304,0.0 107.6264269,-6.9011824,0.0 107.6264718,-6.9012333,0.0 107.6265757,-6.9013649,0.0 107.6266563,-6.9014902,0.0 107.626915,-6.9018846,0.0 107.6273065,-6.9024786,0.0 107.6277159,-6.9031136,0.0 107.6282963,-6.9039806,0.0 107.6283353,-6.9040429,0.0 107.6284046,-6.9041512,0.0 107.6284431,-6.9042079,0.0 107.6287631,-6.9046886,0.0 107.6292288,-6.9053923,0.0 107.6297187,-6.9061543,0.0 107.6298346,-6.9063292,0.0 107.6299279,-6.9064699,0.0</coordinates>
            </LineString>
        </Placemark>
        <Placemark id="9765">
            <name>Jalan Lapang Supratman</name>
            <styleUrl>#9766</styleUrl>
            <LineString id="9764">
                <coordinates>107.6306223,-6.907732,0.0 107.6307097,-6.9076768,0.0</coordinates>
            </LineString>
        </Placemark>
        <Placemark id="9769">
            <name>Jalan L.L. RE. Martadinata</name>
            <styleUrl>#9770</styleUrl>
            <LineString id="9768">
                <coordinates>107.6295758,-6.9147576,0.0 107.6296602,-6.9148398,0.0</coordinates>
            </LineString>
        </Placemark>
        <Placemark id="9773">
            <name>Jalan L.L. RE. Martadinata</name>
            <styleUrl>#9774</styleUrl>
            <LineString id="9772">
                <coordinates>107.6295758,-6.9147576,0.0 107.6294559,-6.914423,0.0 107.6292504,-6.9137992,0.0 107.6291718,-6.9135678,0.0 107.6291409,-6.913501,0.0 107.6291311,-6.9134798,0.0 107.6291076,-6.9134288,0.0 107.6290892,-6.913389,0.0 107.6290686,-6.9133503,0.0 107.6289845,-6.913192,0.0 107.6288644,-6.9130163,0.0 107.628731,-6.9128285,0.0 107.6286968,-6.9127848,0.0 107.6286154,-6.9126809,0.0</coordinates>
            </LineString>
        </Placemark>
        <Placemark id="9777">
            <name>Jalan Akses Tol Mohammad Toha</name>
            <styleUrl>#9778</styleUrl>
            <LineString id="9776">
                <coordinates>107.6109823,-6.9562337,0.0 107.6108289,-6.956309,0.0</coordinates>
            </LineString>
        </Placemark>
        <Placemark id="9781">
            <name>Jalan Mohammad Toha</name>
            <styleUrl>#9782</styleUrl>
            <LineString id="9780">
                <coordinates>107.6116113,-6.9549027,0.0 107.6116834,-6.9550038,0.0 107.6117349,-6.955158,0.0 107.6118082,-6.9554079,0.0 107.6118897,-6.9556394,0.0</coordinates>
            </LineString>
        </Placemark>
        <Placemark id="9785">
            <name>Jalan Tol Padalarang–Cileunyi</name>
            <styleUrl>#9786</styleUrl>
            <LineString id="9784">
                <coordinates>107.6098249,-6.9611724,0.0 107.6133971,-6.9608951,0.0</coordinates>
            </LineString>
        </Placemark>
        <Placemark id="9789">
            <name>Jalan Surapati</name>
            <styleUrl>#9790</styleUrl>
            <LineString id="9788">
                <coordinates>107.6160286,-6.8989397,0.0 107.6160918,-6.8989527,0.0 107.6161796,-6.8989698,0.0 107.6163593,-6.8990187,0.0 107.6164572,-6.8990452,0.0</coordinates>
            </LineString>
        </Placemark>
        <Placemark id="9793">
            <name>Jalan L.L. RE. Martadinata</name>
            <styleUrl>#9794</styleUrl>
            <LineString id="9792">
                <coordinates>107.6286154,-6.9126809,0.0 107.628535,-6.9125792,0.0 107.6283442,-6.9123228,0.0 107.6282645,-6.9122224,0.0 107.6281542,-6.9121048,0.0 107.6278567,-6.9118039,0.0 107.6278298,-6.9117777,0.0 107.6278029,-6.9117514,0.0 107.6276535,-6.9116065,0.0 107.6271705,-6.9111433,0.0 107.627074,-6.9110498,0.0</coordinates>
            </LineString>
        </Placemark>
        <Placemark id="9797">
            <name>Jalan Cikapayang</name>
            <styleUrl>#9798</styleUrl>
            <LineString id="9796">
                <coordinates>107.6127424,-6.8988496,0.0 107.6128334,-6.8988469,0.0</coordinates>
            </LineString>
        </Placemark>
        <Placemark id="9801">
            <name>Jalan Supratman</name>
            <styleUrl>#9802</styleUrl>
            <LineString id="9800">
                <coordinates>107.6301227,-6.9067812,0.0 107.6302159,-6.9069194,0.0</coordinates>
            </LineString>
        </Placemark>
        <Placemark id="9805">
            <name>Jalan Surapati</name>
            <styleUrl>#9806</styleUrl>
            <LineString id="9804">
                <coordinates>107.6184335,-6.8992562,0.0 107.6189635,-6.8992333,0.0 107.6190223,-6.899231,0.0 107.6190829,-6.8992313,0.0 107.6192777,-6.8992377,0.0 107.6193443,-6.89924,0.0</coordinates>
            </LineString>
        </Placemark>
        <Placemark id="9809">
            <name>Jalan BKR</name>
            <styleUrl>#9810</styleUrl>
            <LineString id="9808">
                <coordinates>107.6090371,-6.9377023,0.0 107.6089837,-6.9377027,0.0 107.6088735,-6.9376992,0.0 107.6084233,-6.9376849,0.0 107.6081426,-6.937676,0.0 107.6074822,-6.9376551,0.0 107.6067777,-6.9376327,0.0 107.6064422,-6.9376269,0.0</coordinates>
            </LineString>
        </Placemark>
        <Placemark id="9813">
            <name>Jalan Ir. H. Djuanda</name>
            <styleUrl>#9814</styleUrl>
            <LineString id="9812">
                <coordinates>107.612944,-6.8948069,0.0 107.6129656,-6.8944678,0.0 107.612982,-6.8942326,0.0 107.6130211,-6.8937711,0.0</coordinates>
            </LineString>
        </Placemark>
        <Placemark id="9817">
            <name>Jalan Hasanudin</name>
            <styleUrl>#9818</styleUrl>
            <LineString id="9816">
                <coordinates>107.613998,-6.8948395,0.0 107.6134856,-6.8948285,0.0 107.6134343,-6.8948263,0.0 107.6133011,-6.8948223,0.0 107.6130874,-6.8948127,0.0 107.6130082,-6.8948099,0.0</coordinates>
            </LineString>
        </Placemark>
        <Placemark id="9821">
            <name>Jalan Hasanudin</name>
            <styleUrl>#9822</styleUrl>
            <LineString id="9820">
                <coordinates>107.6130082,-6.8948099,0.0 107.612944,-6.8948069,0.0</coordinates>
            </LineString>
        </Placemark>
        <Placemark id="9825">
            <name>Jalan BKR</name>
            <styleUrl>#9826</styleUrl>
            <LineString id="9824">
                <coordinates>107.612765,-6.9378378,0.0 107.6126835,-6.937834,0.0 107.6122038,-6.9378169,0.0 107.6104681,-6.9377552,0.0 107.6099479,-6.9377367,0.0</coordinates>
            </LineString>
        </Placemark>
        <Placemark id="9829">
            <name>Jalan Mohammad Toha</name>
            <styleUrl>#9830</styleUrl>
            <LineString id="9828">
                <coordinates>107.6094437,-6.9483822,0.0 107.6094101,-6.9482727,0.0</coordinates>
            </LineString>
        </Placemark>
        <Placemark id="9833">
            <name>Jalan Mohammad Toha</name>
            <styleUrl>#9834</styleUrl>
            <LineString id="9832">
                <coordinates>107.6086676,-6.9461425,0.0 107.6086093,-6.945971,0.0 107.6085871,-6.9459059,0.0 107.608562,-6.9458321,0.0 107.6085284,-6.9457333,0.0 107.6084824,-6.9455982,0.0 107.6084779,-6.9455849,0.0 107.6084496,-6.9455018,0.0 107.608427,-6.9454354,0.0 107.608407,-6.9453744,0.0 107.6083491,-6.945205,0.0 107.6082597,-6.9449435,0.0 107.6082426,-6.9448934,0.0 107.6082103,-6.9447985,0.0 107.6080915,-6.9444492,0.0 107.6079672,-6.944084,0.0 107.6078706,-6.9438055,0.0 107.607766,-6.9435054,0.0 107.6077347,-6.9434128,0.0 107.607677,-6.9432421,0.0 107.6076477,-6.9431556,0.0</coordinates>
            </LineString>
        </Placemark>
        <Placemark id="9837">
            <name>Jalan Supratman</name>
            <styleUrl>#9838</styleUrl>
            <LineString id="9836">
                <coordinates>107.6302159,-6.9069194,0.0 107.6307097,-6.9076768,0.0</coordinates>
            </LineString>
        </Placemark>
        <Placemark id="9841">
            <name>Jalan Pelajar Pejuang 45</name>
            <styleUrl>#9842</styleUrl>
            <LineString id="9840">
                <coordinates>107.6261515,-6.9309754,0.0 107.6258277,-6.9322856,0.0 107.6258213,-6.9323117,0.0</coordinates>
            </LineString>
        </Placemark>
        <Placemark id="9845">
            <name>Jalan Pelajar Pejuang 45</name>
            <styleUrl>#9846</styleUrl>
            <LineString id="9844">
                <coordinates>107.6255287,-6.9335306,0.0 107.6254673,-6.9337607,0.0 107.6253996,-6.9339927,0.0 107.6253661,-6.9341125,0.0 107.6253131,-6.9342776,0.0 107.6252887,-6.9343354,0.0 107.6252568,-6.9344147,0.0 107.6252253,-6.9344866,0.0 107.6251797,-6.9345751,0.0 107.6251233,-6.9346683,0.0 107.6250543,-6.9347675,0.0 107.6248605,-6.9350024,0.0</coordinates>
            </LineString>
        </Placemark>
        <Placemark id="9849">
            <name>Jalan BKR</name>
            <styleUrl>#9850</styleUrl>
            <LineString id="9848">
                <coordinates>107.620486,-6.9380409,0.0 107.6202343,-6.9381005,0.0</coordinates>
            </LineString>
        </Placemark>
        <Placemark id="9853">
            <name>Jalan BKR</name>
            <styleUrl>#9854</styleUrl>
            <LineString id="9852">
                <coordinates>107.6202343,-6.9381005,0.0 107.6197515,-6.9381729,0.0 107.6195826,-6.9381826,0.0 107.6193344,-6.9381968,0.0 107.6190662,-6.9381955,0.0 107.6187901,-6.93818,0.0 107.6187806,-6.9381795,0.0 107.6185574,-6.9381661,0.0 107.6180007,-6.938125,0.0</coordinates>
            </LineString>
        </Placemark>
        <Placemark id="9857">
            <name>Route Segment</name>
            <styleUrl>#9858</styleUrl>
            <LineString id="9856">
                <coordinates>107.6064422,-6.9376269,0.0 107.6063967,-6.9376401,0.0 107.6063538,-6.9376599,0.0 107.6063205,-6.9376809,0.0 107.6062905,-6.9377063,0.0 107.6062689,-6.937729,0.0 107.6062496,-6.9377537,0.0 107.6062388,-6.9377795,0.0 107.6062171,-6.9378548,0.0</coordinates>
            </LineString>
        </Placemark>
        <Placemark id="9861">
            <name>Jalan Lapang Supratman</name>
            <styleUrl>#9862</styleUrl>
            <LineString id="9860">
                <coordinates>107.6306223,-6.907732,0.0 107.6302838,-6.9079553,0.0 107.6301163,-6.9080655,0.0 107.6299488,-6.9081756,0.0 107.6297436,-6.9082432,0.0 107.629633,-6.9082512,0.0 107.6295506,-6.9082404,0.0 107.6294925,-6.9082151,0.0 107.629441,-6.9081795,0.0 107.6293885,-6.9081299,0.0</coordinates>
            </LineString>
        </Placemark>
        <Placemark id="9865">
            <name>Jalan Diponegoro</name>
            <styleUrl>#9866</styleUrl>
            <LineString id="9864">
                <coordinates>107.6199195,-6.9011743,0.0 107.6208401,-6.9011493,0.0</coordinates>
            </LineString>
        </Placemark>
        <Placemark id="9869">
            <name>Jalan L.L. RE. Martadinata</name>
            <styleUrl>#9870</styleUrl>
            <LineString id="9868">
                <coordinates>107.6299139,-6.9154306,0.0 107.629994,-6.9156036,0.0 107.6300393,-6.9157014,0.0</coordinates>
            </LineString>
        </Placemark>
        <Placemark id="9873">
            <name>Jalan Taman Pramuka</name>
            <styleUrl>#9874</styleUrl>
            <LineString id="9872">
                <coordinates>107.6274721,-6.9097736,0.0 107.6275231,-6.9098318,0.0 107.6275876,-6.9099568,0.0 107.6276091,-6.9100234,0.0 107.6276252,-6.9100913,0.0 107.6276368,-6.9101834,0.0 107.6276346,-6.9102897,0.0 107.6276106,-6.9103897,0.0 107.6276024,-6.9104242,0.0 107.6275467,-6.9105478,0.0 107.6274766,-6.9106475,0.0 107.6272869,-6.9108345,0.0 107.6271232,-6.9109989,0.0 107.627074,-6.9110498,0.0</coordinates>
            </LineString>
        </Placemark>
        <Placemark id="9877">
            <name>Jalan Supratman</name>
            <styleUrl>#9878</styleUrl>
            <LineString id="9876">
                <coordinates>107.6299279,-6.9064699,0.0 107.6300067,-6.9065959,0.0 107.6301227,-6.9067812,0.0</coordinates>
            </LineString>
        </Placemark>
        <Placemark id="9881">
            <name>Jalan Raya Cileunyi</name>
            <styleUrl>#9882</styleUrl>
            <LineString id="9880">
                <coordinates>107.7537453,-6.9404081,0.0 107.7537018,-6.9402543,0.0 107.7536586,-6.9401195,0.0 107.7536284,-6.9400362,0.0 107.7536203,-6.9400138,0.0 107.7535735,-6.93994,0.0 107.7535061,-6.9398592,0.0 107.7534342,-6.9398036,0.0 107.7529385,-6.9394875,0.0</coordinates>
            </LineString>
        </Placemark>
        <Placemark id="9885">
            <name>Jalan Raya Jatinangor</name>
            <styleUrl>#9886</styleUrl>
            <LineString id="9884">
                <coordinates>107.7560525,-6.9379722,0.0 107.7561221,-6.9379622,0.0 107.7562242,-6.9379454,0.0 107.7565469,-6.9378853,0.0</coordinates>
            </LineString>
        </Placemark>
        <Placemark id="9889">
            <name>Jalan Raya Jatinangor</name>
            <styleUrl>#9890</styleUrl>
            <LineString id="9888">
                <coordinates>107.757487,-6.9377295,0.0 107.757703,-6.9377047,0.0 107.7579083,-6.9376765,0.0 107.758202,-6.9376231,0.0 107.7585141,-6.9375674,0.0 107.7588445,-6.937496,0.0 107.7590419,-6.9374502,0.0 107.7595382,-6.9373062,0.0 107.7595587,-6.9373015,0.0 107.7599873,-6.937175,0.0 107.7604918,-6.9370404,0.0 107.7616581,-6.9367119,0.0 107.7624109,-6.9364803,0.0 107.7624735,-6.9364562,0.0 107.7626201,-6.9363989,0.0 107.7626862,-6.9363741,0.0 107.7629,-6.9362934,0.0 107.7630053,-6.936259,0.0 107.7632526,-6.9361885,0.0 107.7635958,-6.9360836,0.0 107.7642048,-6.9359115,0.0 107.7644049,-6.9358576,0.0 107.7644404,-6.9358482,0.0 107.7644824,-6.9358361,0.0 107.7652024,-6.9356336,0.0 107.7660491,-6.935392,0.0 107.7663076,-6.9353169,0.0 107.7666588,-6.9352102,0.0 107.7671166,-6.9350782,0.0 107.7673132,-6.9350212,0.0 107.7674101,-6.9349647,0.0 107.7675131,-6.9348887,0.0</coordinates>
            </LineString>
        </Placemark>
        <Placemark id="9893">
            <name>Jalan Dipatiukur</name>
            <styleUrl>#9894</styleUrl>
            <LineString id="9892">
                <coordinates>107.6180405,-6.8934568,0.0 107.6180406,-6.8934879,0.0 107.6180471,-6.8937485,0.0 107.6180433,-6.8938273,0.0 107.6180243,-6.8939028,0.0</coordinates>
            </LineString>
        </Placemark>
        <Placemark id="9897">
            <name>Jalan Sentot Alibasyah</name>
            <styleUrl>#9898</styleUrl>
            <LineString id="9896">
                <coordinates>107.6193536,-6.8995642,0.0 107.6193611,-6.8998371,0.0 107.6193648,-6.89993,0.0</coordinates>
            </LineString>
        </Placemark>
        <Placemark id="9901">
            <name>Jalan Sentot Alibasyah</name>
            <styleUrl>#9902</styleUrl>
            <LineString id="9900">
                <coordinates>107.6193648,-6.89993,0.0 107.6193767,-6.9002364,0.0 107.6194077,-6.9010307,0.0 107.6194103,-6.9010674,0.0 107.619419,-6.9011883,0.0</coordinates>
            </LineString>
        </Placemark>
        <Placemark id="9905">
            <name>Jalan Pelajar Pejuang 45</name>
            <styleUrl>#9906</styleUrl>
            <LineString id="9904">
                <coordinates>107.6228382,-6.9369209,0.0 107.6228092,-6.9369445,0.0 107.6227837,-6.9369651,0.0</coordinates>
            </LineString>
        </Placemark>
        <Placemark id="9909">
            <name>Jalan Pelajar Pejuang 45</name>
            <styleUrl>#9910</styleUrl>
            <LineString id="9908">
                <coordinates>107.6248605,-6.9350024,0.0 107.6246392,-6.935218,0.0 107.6242435,-6.9356055,0.0 107.6240525,-6.9357906,0.0 107.6237769,-6.9360502,0.0 107.6237206,-6.9361054,0.0 107.6236477,-6.9361789,0.0</coordinates>
            </LineString>
        </Placemark>
        <Placemark id="9913">
            <name>Jalan Dipatiukur</name>
            <styleUrl>#9914</styleUrl>
            <LineString id="9912">
                <coordinates>107.6176835,-6.8943336,0.0 107.6175117,-6.8946008,0.0 107.6174318,-6.8947388,0.0</coordinates>
            </LineString>
        </Placemark>
        <Placemark id="9917">
            <name>Jalan Mohammad Toha</name>
            <styleUrl>#9918</styleUrl>
            <LineString id="9916">
                <coordinates>107.6116113,-6.9549027,0.0 107.6115903,-6.9548395,0.0 107.6115496,-6.9547181,0.0 107.6115404,-6.9546891,0.0 107.6115309,-6.9546605,0.0 107.6115168,-6.954618,0.0 107.6115056,-6.9545841,0.0 107.6114306,-6.9543571,0.0 107.6114039,-6.9542777,0.0 107.6113779,-6.9541994,0.0 107.6113491,-6.9541126,0.0 107.6113021,-6.953971,0.0 107.6112433,-6.9537939,0.0 107.6112087,-6.9536897,0.0 107.6111456,-6.953493,0.0 107.6111025,-6.9533696,0.0 107.6110127,-6.9530992,0.0 107.6109821,-6.9530069,0.0 107.6109598,-6.9529395,0.0 107.610882,-6.9527052,0.0 107.6108172,-6.9525101,0.0 107.6107154,-6.9522033,0.0 107.610704,-6.9521688,0.0 107.6106927,-6.9521348,0.0 107.6106289,-6.9519383,0.0 107.6105529,-6.9517136,0.0 107.6105221,-6.9516206,0.0 107.6104355,-6.951364,0.0 107.6103879,-6.9512162,0.0 107.6103079,-6.9509754,0.0 107.6101654,-6.950546,0.0 107.6101111,-6.9503823,0.0 107.609996,-6.9500355,0.0</coordinates>
            </LineString>
        </Placemark>
        <Placemark id="9921">
            <name>Jalan Mohammad Toha</name>
            <styleUrl>#9922</styleUrl>
            <LineString id="9920">
                <coordinates>107.6062171,-6.9378548,0.0 107.6061991,-6.9382951,0.0 107.6061936,-6.9383233,0.0 107.6061749,-6.938344,0.0</coordinates>
            </LineString>
        </Placemark>
        <Placemark id="9925">
            <name>Jalan Laswi</name>
            <styleUrl>#9926</styleUrl>
            <LineString id="9924">
                <coordinates>107.6306517,-6.921792,0.0 107.6306076,-6.9219152,0.0</coordinates>
            </LineString>
        </Placemark>
        <Placemark id="9929">
            <name>Jalan Laswi</name>
            <styleUrl>#9930</styleUrl>
            <LineString id="9928">
                <coordinates>107.6314582,-6.9186505,0.0 107.6314521,-6.9187098,0.0 107.6311743,-6.9198076,0.0 107.6311548,-6.9198845,0.0 107.6311255,-6.9199916,0.0 107.6311165,-6.9200314,0.0 107.6310834,-6.9201567,0.0 107.6310196,-6.9203743,0.0 107.6308919,-6.9209029,0.0 107.6307944,-6.9212635,0.0 107.6307757,-6.9213371,0.0 107.6306517,-6.921792,0.0</coordinates>
            </LineString>
        </Placemark>
        <Placemark id="9933">
            <name>Jalan Raya Cileunyi</name>
            <styleUrl>#9934</styleUrl>
            <LineString id="9932">
                <coordinates>107.7529385,-6.9394875,0.0 107.7528917,-6.9394393,0.0 107.7528665,-6.939405,0.0 107.752848,-6.9393592,0.0 107.7528383,-6.9393028,0.0 107.7528389,-6.9392537,0.0 107.7528454,-6.9392089,0.0 107.7528588,-6.9391713,0.0 107.7528851,-6.9391361,0.0</coordinates>
            </LineString>
        </Placemark>
        <Placemark id="9937">
            <name>Jalan Tol Padalarang–Cileunyi</name>
            <styleUrl>#9938</styleUrl>
            <LineString id="9936">
                <coordinates>107.6240011,-6.9634006,0.0 107.6242839,-6.9634978,0.0</coordinates>
            </LineString>
        </Placemark>
        <Placemark id="9941">
            <name>Jalan Tol Padalarang–Cileunyi</name>
            <styleUrl>#9942</styleUrl>
            <LineString id="9940">
                <coordinates>107.6242839,-6.9634978,0.0 107.6253366,-6.963833,0.0 107.6258435,-6.9639721,0.0 107.626347,-6.9640978,0.0 107.6267896,-6.9641948,0.0 107.6271874,-6.9642858,0.0 107.627711,-6.9643758,0.0 107.6282532,-6.9644618,0.0 107.6286813,-6.9645136,0.0 107.6293116,-6.9645915,0.0 107.629938,-6.9646675,0.0</coordinates>
            </LineString>
        </Placemark>
        <Placemark id="9945">
            <name>Jalan Akses Tol Mohammad Toha</name>
            <styleUrl>#9946</styleUrl>
            <LineString id="9944">
                <coordinates>107.6108289,-6.956309,0.0 107.6106066,-6.9564192,0.0 107.6105951,-6.9564249,0.0 107.6101198,-6.9566866,0.0</coordinates>
            </LineString>
        </Placemark>
        <Placemark id="9949">
            <name>Jalan Akses Tol Mohammad Toha</name>
            <styleUrl>#9950</styleUrl>
            <LineString id="9948">
                <coordinates>107.6097904,-6.9568141,0.0 107.6094291,-6.9568824,0.0 107.6090911,-6.9569245,0.0 107.6085312,-6.9569907,0.0</coordinates>
            </LineString>
        </Placemark>
        <Placemark id="9953">
            <name>Jalan Akses Tol Mohammad Toha</name>
            <styleUrl>#9954</styleUrl>
            <LineString id="9952">
                <coordinates>107.6101198,-6.9566866,0.0 107.6098531,-6.956786,0.0 107.6097904,-6.9568141,0.0</coordinates>
            </LineString>
        </Placemark>
        <Placemark id="9957">
            <name>Jalan Tamansari</name>
            <styleUrl>#9958</styleUrl>
            <LineString id="9956">
                <coordinates>107.6096024,-6.8976029,0.0 107.6095964,-6.8977261,0.0</coordinates>
            </LineString>
        </Placemark>
        <Placemark id="9961">
            <name>Jalan Tol Padalarang–Cileunyi</name>
            <styleUrl>#9962</styleUrl>
            <LineString id="9960">
                <coordinates>107.730105,-6.9541849,0.0 107.7328205,-6.9527237,0.0 107.7394411,-6.9491034,0.0 107.7398865,-6.9488629,0.0 107.7408358,-6.9483505,0.0 107.7429104,-6.9472221,0.0 107.7447624,-6.9463008,0.0 107.7464588,-6.9455793,0.0</coordinates>
            </LineString>
        </Placemark>
        <Placemark id="9965">
            <name>Simpang Susun Cileunyi</name>
            <styleUrl>#9966</styleUrl>
            <LineString id="9964">
                <coordinates>107.7464588,-6.9455793,0.0 107.7466437,-6.9454658,0.0 107.7468001,-6.9453773,0.0 107.7470107,-6.9452678,0.0 107.7473345,-6.9451187,0.0 107.7482395,-6.9446799,0.0</coordinates>
            </LineString>
        </Placemark>
        <Placemark id="9969">
            <name>Jalan Tol Padalarang–Cileunyi</name>
            <styleUrl>#9970</styleUrl>
            <LineString id="9968">
                <coordinates>107.7007549,-6.9688011,0.0 107.70103,-6.9687285,0.0</coordinates>
            </LineString>
        </Placemark>
        <Placemark id="9973">
            <name>Jalan Tol Padalarang–Cileunyi</name>
            <styleUrl>#9974</styleUrl>
            <LineString id="9972">
                <coordinates>107.70103,-6.9687285,0.0 107.7018043,-6.9685122,0.0 107.7020499,-6.9684354,0.0 107.7031454,-6.9680792,0.0 107.7039354,-6.9677807,0.0 107.7044746,-6.9675629,0.0</coordinates>
            </LineString>
        </Placemark>
        <Placemark id="9977">
            <name>Jalan Tol Padalarang–Cileunyi</name>
            <styleUrl>#9978</styleUrl>
            <LineString id="9976">
                <coordinates>107.6419915,-6.9658012,0.0 107.6428065,-6.9656857,0.0</coordinates>
            </LineString>
        </Placemark>
        <Placemark id="9981">
            <name>Jalan Tol Padalarang–Cileunyi</name>
            <styleUrl>#9982</styleUrl>
            <LineString id="9980">
                <coordinates>107.6383542,-6.9657306,0.0 107.6397387,-6.9658628,0.0 107.6408974,-6.9658788,0.0 107.6415324,-6.9658455,0.0 107.6419915,-6.9658012,0.0</coordinates>
            </LineString>
        </Placemark>
        <Placemark id="9985">
            <name>Jalan Raya Jatinangor</name>
            <styleUrl>#9986</styleUrl>
            <LineString id="9984">
                <coordinates>107.7573448,-6.9377483,0.0 107.757487,-6.9377295,0.0</coordinates>
            </LineString>
        </Placemark>
        <Placemark id="9989">
            <name>Jalan Raya Jatinangor</name>
            <styleUrl>#9990</styleUrl>
            <LineString id="9988">
                <coordinates>107.7565469,-6.9378853,0.0 107.757032,-6.9378,0.0 107.7573448,-6.9377483,0.0</coordinates>
            </LineString>
        </Placemark>
        <Placemark id="9993">
            <name>Jalan Pelajar Pejuang 45</name>
            <styleUrl>#9994</styleUrl>
            <LineString id="9992">
                <coordinates>107.6236477,-6.9361789,0.0 107.6235824,-6.9362369,0.0 107.6235086,-6.9363093,0.0 107.6231823,-6.9366255,0.0 107.6229766,-6.9368169,0.0</coordinates>
            </LineString>
        </Placemark>
        <Placemark id="9997">
            <name>Jalan Raya Jatinangor</name>
            <styleUrl>#9998</styleUrl>
            <LineString id="9996">
                <coordinates>107.7675131,-6.9348887,0.0 107.7675751,-6.9347793,0.0 107.7676277,-6.934685,0.0 107.767735,-6.9344928,0.0 107.7678125,-6.9344095,0.0 107.7678271,-6.9343939,0.0 107.7679063,-6.934321,0.0</coordinates>
            </LineString>
        </Placemark>
        <Placemark id="10001">
            <name>Jalan Laswi</name>
            <styleUrl>#10002</styleUrl>
            <LineString id="10000">
                <coordinates>107.6301738,-6.9159696,0.0 107.6307277,-6.917074,0.0 107.6309005,-6.9174283,0.0 107.631021,-6.9176755,0.0</coordinates>
            </LineString>
        </Placemark>
        <Placemark id="10005">
            <name>Jalan Cendana</name>
            <styleUrl>#10006</styleUrl>
            <LineString id="10004">
                <coordinates>107.6277694,-6.9094286,0.0 107.6277509,-6.9094797,0.0 107.6277185,-6.9095309,0.0 107.6274721,-6.9097736,0.0</coordinates>
            </LineString>
        </Placemark>
        <Placemark id="10009">
            <name>Jalan Mohammad Toha</name>
            <styleUrl>#10010</styleUrl>
            <LineString id="10008">
                <coordinates>107.6095322,-6.9486416,0.0 107.6094437,-6.9483822,0.0</coordinates>
            </LineString>
        </Placemark>
        <Placemark id="10013">
            <name>Jalan Mohammad Toha</name>
            <styleUrl>#10014</styleUrl>
            <LineString id="10012">
                <coordinates>107.609996,-6.9500355,0.0 107.6098084,-6.9494703,0.0 107.6097027,-6.9491518,0.0 107.6096343,-6.9489457,0.0 107.6095822,-6.9487887,0.0 107.6095322,-6.9486416,0.0</coordinates>
            </LineString>
        </Placemark>
        <Placemark id="10017">
            <name>Jalan Laswi</name>
            <styleUrl>#10018</styleUrl>
            <LineString id="10016">
                <coordinates>107.631021,-6.9176755,0.0 107.6313457,-6.9183624,0.0 107.6313877,-6.9184513,0.0 107.6314478,-6.9185784,0.0</coordinates>
            </LineString>
        </Placemark>
        <Placemark id="10021">
            <name>Simpang Susun Cileunyi</name>
            <styleUrl>#10022</styleUrl>
            <LineString id="10020">
                <coordinates>107.7500827,-6.943838,0.0 107.7501644,-6.9437736,0.0 107.7502379,-6.9437034,0.0 107.7503219,-6.9436003,0.0 107.7503868,-6.9434949,0.0 107.7504375,-6.9433927,0.0 107.750497,-6.9432424,0.0 107.7506748,-6.9427502,0.0 107.750726,-6.9426504,0.0 107.7508076,-6.9425196,0.0 107.7509278,-6.9423953,0.0 107.7510431,-6.9423266,0.0 107.7511863,-6.9422715,0.0 107.7513252,-6.9422468,0.0 107.751485,-6.9422345,0.0 107.7520438,-6.9422049,0.0 107.7521489,-6.9422007,0.0 107.7522465,-6.9421996,0.0 107.7523906,-6.9422036,0.0</coordinates>
            </LineString>
        </Placemark>
        <Placemark id="10025">
            <name>Simpang Susun Cileunyi</name>
            <styleUrl>#10026</styleUrl>
            <LineString id="10024">
                <coordinates>107.7541065,-6.9418043,0.0 107.754163,-6.9417663,0.0 107.7542124,-6.941722,0.0 107.7542539,-6.9416709,0.0 107.7542888,-6.9416176,0.0 107.7543165,-6.9415433,0.0 107.7543297,-6.9414684,0.0 107.7543261,-6.941382,0.0 107.7543165,-6.9413312,0.0 107.7542878,-6.9412663,0.0 107.7542181,-6.9411235,0.0 107.7541846,-6.9410603,0.0 107.7540569,-6.9408199,0.0</coordinates>
            </LineString>
        </Placemark>
        <Placemark id="10029">
            <name>Simpang Susun Cileunyi</name>
            <styleUrl>#10030</styleUrl>
            <LineString id="10028">
                <coordinates>107.7482395,-6.9446799,0.0 107.7485419,-6.9445421,0.0 107.7489168,-6.9443776,0.0 107.7496027,-6.9440818,0.0 107.7497522,-6.9440159,0.0 107.7498739,-6.9439583,0.0 107.7499691,-6.9439075,0.0 107.7500827,-6.943838,0.0</coordinates>
            </LineString>
        </Placemark>
        <Placemark id="10033">
            <name>Jalan Diponegoro</name>
            <styleUrl>#10034</styleUrl>
            <LineString id="10032">
                <coordinates>107.6249276,-6.9010477,0.0 107.6251195,-6.9010442,0.0 107.6252968,-6.9010429,0.0</coordinates>
            </LineString>
        </Placemark>
        <Placemark id="10037">
            <name>Jalan Cikapayang</name>
            <styleUrl>#10038</styleUrl>
            <LineString id="10036">
                <coordinates>107.6122413,-6.8988516,0.0 107.6124765,-6.8988513,0.0 107.6125697,-6.8988512,0.0 107.6125995,-6.8988514,0.0 107.6127424,-6.8988496,0.0</coordinates>
            </LineString>
        </Placemark>
        <Placemark id="10041">
            <name>Jalan Cikapayang</name>
            <styleUrl>#10042</styleUrl>
            <LineString id="10040">
                <coordinates>107.612079,-6.8988384,0.0 107.6122413,-6.8988516,0.0</coordinates>
            </LineString>
        </Placemark>
        <Placemark id="10045">
            <name>Simpang Susun Cileunyi</name>
            <styleUrl>#10046</styleUrl>
            <LineString id="10044">
                <coordinates>107.7526686,-6.9422553,0.0 107.7529058,-6.9422841,0.0 107.7529797,-6.9422849,0.0 107.7530559,-6.9422836,0.0 107.7531339,-6.942277,0.0 107.7532371,-6.9422492,0.0 107.7533072,-6.9422247,0.0 107.7533786,-6.9421952,0.0 107.7535068,-6.9421311,0.0 107.7541065,-6.9418043,0.0</coordinates>
            </LineString>
        </Placemark>
        <Placemark id="10049">
            <name>Jalan Sentot Alibasyah</name>
            <styleUrl>#10050</styleUrl>
            <LineString id="10048">
                <coordinates>107.6193467,-6.8993194,0.0 107.6193483,-6.8994321,0.0</coordinates>
            </LineString>
        </Placemark>
        <Placemark id="10053">
            <name>Jalan Layang Laswi - Pelajar Pejuang 45</name>
            <styleUrl>#10054</styleUrl>
            <LineString id="10052">
                <coordinates>107.6273607,-6.9260252,0.0 107.6272692,-6.9266332,0.0</coordinates>
            </LineString>
        </Placemark>
        <Placemark id="10057">
            <name>Jalan Cendana</name>
            <styleUrl>#10058</styleUrl>
            <LineString id="10056">
                <coordinates>107.6293885,-6.9081299,0.0 107.6293346,-6.9081101,0.0 107.6292995,-6.9081037,0.0 107.6292676,-6.9081042,0.0 107.6292361,-6.9081084,0.0 107.6291731,-6.9081286,0.0</coordinates>
            </LineString>
        </Placemark>
        <Placemark id="10061">
            <name>Jalan Mohammad Toha</name>
            <styleUrl>#10062</styleUrl>
            <LineString id="10060">
                <coordinates>107.6094101,-6.9482727,0.0 107.6093038,-6.9479813,0.0</coordinates>
            </LineString>
        </Placemark>
        <Placemark id="10065">
            <name>Jalan Surapati</name>
            <styleUrl>#10066</styleUrl>
            <LineString id="10064">
                <coordinates>107.6128334,-6.8988469,0.0 107.6130623,-6.8988431,0.0 107.6131081,-6.8988419,0.0 107.6132841,-6.8988423,0.0</coordinates>
            </LineString>
        </Placemark>
        <Placemark id="10069">
            <name>Jalan Layang Laswi - Pelajar Pejuang 45</name>
            <styleUrl>#10070</styleUrl>
            <LineString id="10068">
                <coordinates>107.6288628,-6.9229966,0.0 107.6285299,-6.9231566,0.0</coordinates>
            </LineString>
        </Placemark>
        <Placemark id="10073">
            <name>Jalan Cendana</name>
            <styleUrl>#10074</styleUrl>
            <LineString id="10072">
                <coordinates>107.6277859,-6.9093517,0.0 107.6277694,-6.9094286,0.0</coordinates>
            </LineString>
        </Placemark>
        <Placemark id="10077">
            <name>Jalan Laswi</name>
            <styleUrl>#10078</styleUrl>
            <LineString id="10076">
                <coordinates>107.6292933,-6.9227899,0.0 107.6291685,-6.9228503,0.0 107.628989,-6.9229361,0.0 107.6288628,-6.9229966,0.0</coordinates>
            </LineString>
        </Placemark>
        <Placemark id="10081">
            <name>Jalan Laswi</name>
            <styleUrl>#10082</styleUrl>
            <LineString id="10080">
                <coordinates>107.6306076,-6.9219152,0.0 107.6305418,-6.9220442,0.0 107.6304603,-6.92214,0.0 107.6303771,-6.9222199,0.0 107.6302684,-6.9222995,0.0 107.6301928,-6.9223398,0.0 107.6295282,-6.9226765,0.0 107.6292933,-6.9227899,0.0</coordinates>
            </LineString>
        </Placemark>
        <Placemark id="10085">
            <name>Jalan L.L. RE. Martadinata</name>
            <styleUrl>#10086</styleUrl>
            <LineString id="10084">
                <coordinates>107.6296602,-6.9148398,0.0 107.6299139,-6.9154306,0.0</coordinates>
            </LineString>
        </Placemark>
        <Placemark id="10089">
            <name>Route Segment</name>
            <styleUrl>#10090</styleUrl>
            <LineString id="10088">
                <coordinates>107.6086585,-6.9611877,0.0 107.6090755,-6.9611618,0.0</coordinates>
            </LineString>
        </Placemark>
        <Placemark id="10093">
            <name>Simpang Susun Mohammad Toha</name>
            <styleUrl>#10094</styleUrl>
            <LineString id="10092">
                <coordinates>107.6080064,-6.9612283,0.0 107.6086585,-6.9611877,0.0</coordinates>
            </LineString>
        </Placemark>
        <Placemark id="10097">
            <name>Route Segment</name>
            <styleUrl>#10098</styleUrl>
            <LineString id="10096">
                <coordinates>107.6090755,-6.9611618,0.0 107.6094898,-6.9611361,0.0 107.6098249,-6.9611724,0.0</coordinates>
            </LineString>
        </Placemark>
        <Placemark id="10101">
            <name>Jalan BKR</name>
            <styleUrl>#10102</styleUrl>
            <LineString id="10100">
                <coordinates>107.6099479,-6.9377367,0.0 107.6093092,-6.9377139,0.0 107.6092855,-6.9377131,0.0 107.6091524,-6.9377062,0.0</coordinates>
            </LineString>
        </Placemark>
        <Placemark id="10105">
            <name>Jalan Pelajar Pejuang 45</name>
            <styleUrl>#10106</styleUrl>
            <LineString id="10104">
                <coordinates>107.6272692,-6.9266332,0.0 107.6270688,-6.9273448,0.0</coordinates>
            </LineString>
        </Placemark>
        <Placemark id="10109">
            <name>Jalan Pelajar Pejuang 45</name>
            <styleUrl>#10110</styleUrl>
            <LineString id="10108">
                <coordinates>107.6270688,-6.9273448,0.0 107.6265339,-6.9294495,0.0 107.6265262,-6.92948,0.0 107.6265152,-6.9295231,0.0</coordinates>
            </LineString>
        </Placemark>
        <Placemark id="10113">
            <name>Jalan Pelajar Pejuang 45</name>
            <styleUrl>#10114</styleUrl>
            <LineString id="10112">
                <coordinates>107.6257297,-6.9326742,0.0 107.6256828,-6.9328555,0.0 107.6255654,-6.9333784,0.0 107.6255287,-6.9335306,0.0</coordinates>
            </LineString>
        </Placemark>
        <Placemark id="10117">
            <name>Jalan Pelajar Pejuang 45</name>
            <styleUrl>#10118</styleUrl>
            <LineString id="10116">
                <coordinates>107.6227837,-6.9369651,0.0 107.6227463,-6.9369955,0.0</coordinates>
            </LineString>
        </Placemark>
        <Placemark id="10121">
            <name>Jalan Cikapayang</name>
            <styleUrl>#10122</styleUrl>
            <LineString id="10120">
                <coordinates>107.6116278,-6.8987668,0.0 107.6117839,-6.898802,0.0 107.6120472,-6.8988327,0.0 107.612079,-6.8988384,0.0</coordinates>
            </LineString>
        </Placemark>
        <Placemark id="10125">
            <name>Halte Metro Jabar Trans UNPAD Jatinangor</name>
            <styleUrl>#10126</styleUrl>
            <LineString id="10124">
                <coordinates>107.7723146,-6.932773,0.0 107.772412,-6.9326842,0.0 107.772458,-6.9326526,0.0 107.7732006,-6.9323549,0.0 107.7732761,-6.9323235,0.0</coordinates>
            </LineString>
        </Placemark>
        <Placemark id="10129">
            <name>Jalan Tol Padalarang–Cileunyi</name>
            <styleUrl>#10130</styleUrl>
            <LineString id="10128">
                <coordinates>107.6204529,-6.9619211,0.0 107.6224734,-6.9628093,0.0 107.6231866,-6.9631092,0.0 107.6240011,-6.9634006,0.0</coordinates>
            </LineString>
        </Placemark>
        <Placemark id="10133">
            <name>Jalan Tol Padalarang–Cileunyi</name>
            <styleUrl>#10134</styleUrl>
            <LineString id="10132">
                <coordinates>107.629938,-6.9646675,0.0 107.6371405,-6.9655837,0.0 107.6376642,-6.9656491,0.0</coordinates>
            </LineString>
        </Placemark>
        <Placemark id="10137">
            <name>Jalan Laswi</name>
            <styleUrl>#10138</styleUrl>
            <LineString id="10136">
                <coordinates>107.6300714,-6.9157678,0.0 107.6301117,-6.9158472,0.0 107.6301738,-6.9159696,0.0</coordinates>
            </LineString>
        </Placemark>
        <Placemark id="10141">
            <name>Jalan Pelajar Pejuang 45</name>
            <styleUrl>#10142</styleUrl>
            <LineString id="10140">
                <coordinates>107.6257675,-6.932523,0.0 107.625745,-6.9326113,0.0</coordinates>
            </LineString>
        </Placemark>
        <Placemark id="10145">
            <name>Route Segment</name>
            <styleUrl>#10146</styleUrl>
            <LineString id="10144">
                <coordinates>107.6095795,-6.8979008,0.0 107.6095922,-6.8979707,0.0 107.6096191,-6.8980197,0.0 107.6096733,-6.898062,0.0</coordinates>
            </LineString>
        </Placemark>
        <Placemark id="10149">
            <name>Jalan Layang Laswi - Pelajar Pejuang 45</name>
            <styleUrl>#10150</styleUrl>
            <LineString id="10148">
                <coordinates>107.6273607,-6.9260252,0.0 107.6276211,-6.9249504,0.0 107.6276616,-6.9247914,0.0</coordinates>
            </LineString>
        </Placemark>
        <Placemark id="10153">
            <name>Jalan Pelajar Pejuang 45</name>
            <styleUrl>#10154</styleUrl>
            <LineString id="10152">
                <coordinates>107.6229766,-6.9368169,0.0 107.6228382,-6.9369209,0.0</coordinates>
            </LineString>
        </Placemark>
        <Placemark id="10157">
            <name>Jalan Pelajar Pejuang 45</name>
            <styleUrl>#10158</styleUrl>
            <LineString id="10156">
                <coordinates>107.6265152,-6.9295231,0.0 107.6265047,-6.9295649,0.0 107.6261794,-6.9308642,0.0 107.6261515,-6.9309754,0.0</coordinates>
            </LineString>
        </Placemark>
        <Placemark id="10161">
            <name>Jalan BKR</name>
            <styleUrl>#10162</styleUrl>
            <LineString id="10160">
                <coordinates>107.6138239,-6.9378694,0.0 107.6132552,-6.9378454,0.0 107.6128951,-6.9378373,0.0 107.6128117,-6.9378367,0.0 107.612765,-6.9378378,0.0</coordinates>
            </LineString>
        </Placemark>
        <Placemark id="10165">
            <name>Jalan Mohammad Toha</name>
            <styleUrl>#10166</styleUrl>
            <LineString id="10164">
                <coordinates>107.6076477,-6.9431556,0.0 107.6075689,-6.9429228,0.0 107.6074989,-6.9427159,0.0 107.6074151,-6.942468,0.0 107.6074044,-6.9424365,0.0 107.6073267,-6.9422067,0.0 107.6072871,-6.9420857,0.0 107.6072103,-6.9418515,0.0 107.6071736,-6.9417393,0.0 107.6070094,-6.9412381,0.0 107.606932,-6.9410019,0.0 107.6068982,-6.9408986,0.0 107.6067904,-6.9405695,0.0 107.6067424,-6.9404231,0.0 107.6066617,-6.9401765,0.0 107.6066129,-6.9400276,0.0 107.6065833,-6.9399373,0.0 107.6065081,-6.9397106,0.0 107.6064373,-6.939497,0.0 107.6063207,-6.9391297,0.0 107.6063015,-6.9390693,0.0 107.6062885,-6.939027,0.0 107.6062755,-6.9389847,0.0 107.6062595,-6.9389365,0.0 107.6062399,-6.9388618,0.0 107.6062007,-6.9387072,0.0 107.6061889,-6.9386548,0.0 107.6061828,-6.9385203,0.0 107.6061749,-6.938344,0.0</coordinates>
            </LineString>
        </Placemark>
        <Placemark id="10169">
            <name>Jalan Diponegoro</name>
            <styleUrl>#10170</styleUrl>
            <LineString id="10168">
                <coordinates>107.619419,-6.9011883,0.0 107.6195383,-6.9011835,0.0 107.6199195,-6.9011743,0.0</coordinates>
            </LineString>
        </Placemark>
        <Placemark id="10173">
            <name>Jalan Diponegoro</name>
            <styleUrl>#10174</styleUrl>
            <LineString id="10172">
                <coordinates>107.6252968,-6.9010429,0.0 107.6253576,-6.9010411,0.0</coordinates>
            </LineString>
        </Placemark>
        <Placemark id="10177">
            <name>Jalan BKR</name>
            <styleUrl>#10178</styleUrl>
            <LineString id="10176">
                <coordinates>107.6227463,-6.9369955,0.0 107.6226977,-6.937034,0.0 107.6225805,-6.9371274,0.0</coordinates>
            </LineString>
        </Placemark>
        <Placemark id="10181">
            <name>Jalan Hasanudin</name>
            <styleUrl>#10182</styleUrl>
            <LineString id="10180">
                <coordinates>107.6149218,-6.8948399,0.0 107.6148696,-6.8948387,0.0 107.6146258,-6.894833,0.0 107.6144033,-6.8948409,0.0</coordinates>
            </LineString>
        </Placemark>
        <Placemark id="10185">
            <name>Jalan Hasanudin</name>
            <styleUrl>#10186</styleUrl>
            <LineString id="10184">
                <coordinates>107.6144033,-6.8948409,0.0 107.6143207,-6.8948409,0.0 107.613998,-6.8948395,0.0</coordinates>
            </LineString>
        </Placemark>
        <Placemark id="10189">
            <name>Jalan BKR</name>
            <styleUrl>#10190</styleUrl>
            <LineString id="10188">
                <coordinates>107.6091524,-6.9377062,0.0 107.6090371,-6.9377023,0.0</coordinates>
            </LineString>
        </Placemark>
        <Placemark id="10193">
            <name>Jalan Laswi</name>
            <styleUrl>#10194</styleUrl>
            <LineString id="10192">
                <coordinates>107.6314478,-6.9185784,0.0 107.6314582,-6.9186505,0.0</coordinates>
            </LineString>
        </Placemark>
        <Placemark id="10197">
            <name>Jalan Mohammad Toha</name>
            <styleUrl>#10198</styleUrl>
            <LineString id="10196">
                <coordinates>107.6093038,-6.9479813,0.0 107.6092951,-6.9479579,0.0 107.6092415,-6.9478107,0.0 107.6091943,-6.9476776,0.0 107.6091509,-6.9475613,0.0 107.6090997,-6.9474124,0.0 107.6090862,-6.9473728,0.0 107.6090786,-6.9473503,0.0 107.6089872,-6.9470817,0.0 107.6087733,-6.946453,0.0 107.6086954,-6.946224,0.0 107.6086676,-6.9461425,0.0</coordinates>
            </LineString>
        </Placemark>
        <Placemark id="10201">
            <name>Jalan Tamansari</name>
            <styleUrl>#10202</styleUrl>
            <LineString id="10200">
                <coordinates>107.6095964,-6.8977261,0.0 107.6095907,-6.8977903,0.0 107.609583,-6.8978619,0.0 107.6095795,-6.8979008,0.0</coordinates>
            </LineString>
        </Placemark>
        <Placemark id="10205">
            <name>Jalan Tamansari</name>
            <styleUrl>#10206</styleUrl>
            <LineString id="10204">
                <coordinates>107.6096043,-6.8975557,0.0 107.6096138,-6.8972132,0.0 107.6096181,-6.8970719,0.0 107.6096252,-6.8968375,0.0 107.6096228,-6.89681,0.0 107.6096158,-6.8967239,0.0 107.6095891,-6.8965712,0.0 107.6095531,-6.8963864,0.0 107.6095485,-6.896363,0.0 107.6095093,-6.8962232,0.0 107.6094951,-6.8961724,0.0 107.6094398,-6.8959853,0.0 107.6093504,-6.8957793,0.0 107.6089556,-6.8950833,0.0 107.6088926,-6.8949846,0.0 107.6088287,-6.8948846,0.0</coordinates>
            </LineString>
        </Placemark>
        <Placemark id="10209">
            <name>Jalan Akses Tol Mohammad Toha</name>
            <styleUrl>#10210</styleUrl>
            <LineString id="10208">
                <coordinates>107.6085312,-6.9569907,0.0 107.6081813,-6.9571073,0.0 107.6077749,-6.9572641,0.0 107.6075633,-6.9573828,0.0 107.607347,-6.9575274,0.0 107.6071385,-6.9576995,0.0 107.6069192,-6.9579126,0.0 107.606703,-6.9581866,0.0 107.6065542,-6.9584225,0.0 107.6064008,-6.9587544,0.0 107.6063119,-6.9590451,0.0 107.6062444,-6.9594034,0.0</coordinates>
            </LineString>
        </Placemark>
        <Placemark id="10213">
            <name>Jalan Akses Tol Mohammad Toha</name>
            <styleUrl>#10214</styleUrl>
            <LineString id="10212">
                <coordinates>107.6119023,-6.955933,0.0 107.6116445,-6.9560155,0.0 107.6115943,-6.9560327,0.0 107.6110917,-6.9561978,0.0 107.6109823,-6.9562337,0.0</coordinates>
            </LineString>
        </Placemark>
        <Placemark id="10217">
            <name>Jalan Mohammad Toha</name>
            <styleUrl>#10218</styleUrl>
            <LineString id="10216">
                <coordinates>107.6118947,-6.9556604,0.0 107.611923,-6.9557408,0.0 107.6119415,-6.9557973,0.0</coordinates>
            </LineString>
        </Placemark>
        <Placemark id="10221">
            <name>Jalan Mohammad Toha</name>
            <styleUrl>#10222</styleUrl>
            <LineString id="10220">
                <coordinates>107.6118897,-6.9556394,0.0 107.6118947,-6.9556604,0.0</coordinates>
            </LineString>
        </Placemark>
        <Placemark id="10225">
            <name>Jalan Mohammad Toha</name>
            <styleUrl>#10226</styleUrl>
            <LineString id="10224">
                <coordinates>107.6119415,-6.9557973,0.0 107.6119773,-6.9559046,0.0</coordinates>
            </LineString>
        </Placemark>
        <Placemark id="10229">
            <name>Pangkalan DAMRI Jatinangor</name>
            <styleUrl>#10230</styleUrl>
            <LineString id="10228">
                <coordinates>107.7722158,-6.9328953,0.0 107.7722644,-6.932833,0.0 107.7723146,-6.932773,0.0</coordinates>
            </LineString>
        </Placemark>
        <Placemark id="10233">
            <name>Jalan Raya Cileunyi</name>
            <styleUrl>#10234</styleUrl>
            <LineString id="10232">
                <coordinates>107.7540569,-6.9408199,0.0 107.7538374,-6.9405922,0.0 107.753818,-6.940561,0.0 107.7537775,-6.9405013,0.0 107.7537453,-6.9404081,0.0</coordinates>
            </LineString>
        </Placemark>
        <Placemark id="10237">
            <name>Simpang Susun Cileunyi</name>
            <styleUrl>#10238</styleUrl>
            <LineString id="10236">
                <coordinates>107.7523906,-6.9422036,0.0 107.7524946,-6.9422111,0.0 107.7525451,-6.9422183,0.0 107.7525975,-6.9422299,0.0 107.7526686,-6.9422553,0.0</coordinates>
            </LineString>
        </Placemark>
        <Placemark id="10241">
            <name>Jalan Sentot Alibasyah</name>
            <styleUrl>#10242</styleUrl>
            <LineString id="10240">
                <coordinates>107.6193483,-6.8994321,0.0 107.6193491,-6.8994587,0.0 107.6193536,-6.8995642,0.0</coordinates>
            </LineString>
        </Placemark>
        <Placemark id="10245">
            <name>Jalan Hasanudin</name>
            <styleUrl>#10246</styleUrl>
            <LineString id="10244">
                <coordinates>107.6174318,-6.8947388,0.0 107.6166325,-6.894853,0.0 107.6160516,-6.8948686,0.0</coordinates>
            </LineString>
        </Placemark>
        <Placemark id="10249">
            <name>Jalan BKR</name>
            <styleUrl>#10250</styleUrl>
            <LineString id="10248">
                <coordinates>107.6160946,-6.9380178,0.0 107.6138239,-6.9378694,0.0</coordinates>
            </LineString>
        </Placemark>
        <Placemark id="10253">
            <name>Jalan BKR</name>
            <styleUrl>#10254</styleUrl>
            <LineString id="10252">
                <coordinates>107.6180007,-6.938125,0.0 107.6171204,-6.9380799,0.0</coordinates>
            </LineString>
        </Placemark>
        <Placemark id="10257">
            <name>Jalan BKR</name>
            <styleUrl>#10258</styleUrl>
            <LineString id="10256">
                <coordinates>107.6171204,-6.9380799,0.0 107.6167712,-6.9380574,0.0</coordinates>
            </LineString>
        </Placemark>
        <Placemark id="10261">
            <name>Jalan BKR</name>
            <styleUrl>#10262</styleUrl>
            <LineString id="10260">
                <coordinates>107.6167712,-6.9380574,0.0 107.6166344,-6.9380533,0.0</coordinates>
            </LineString>
        </Placemark>
        <Placemark id="10265">
            <name>Jalan BKR</name>
            <styleUrl>#10266</styleUrl>
            <LineString id="10264">
                <coordinates>107.6166344,-6.9380533,0.0 107.6162382,-6.9380256,0.0</coordinates>
            </LineString>
        </Placemark>
        <Placemark id="10269">
            <name>Jalan BKR</name>
            <styleUrl>#10270</styleUrl>
            <LineString id="10268">
                <coordinates>107.6162382,-6.9380256,0.0 107.6160946,-6.9380178,0.0</coordinates>
            </LineString>
        </Placemark>
        <Placemark id="10273">
            <name>Jalan Raya Jatinangor</name>
            <styleUrl>#10274</styleUrl>
            <LineString id="10272">
                <coordinates>107.7679063,-6.934321,0.0 107.7681579,-6.9342545,0.0 107.7684973,-6.9341574,0.0 107.768833,-6.9340581,0.0 107.7688726,-6.9340481,0.0 107.7696761,-6.9338458,0.0 107.7703987,-6.9336234,0.0 107.7708274,-6.9334914,0.0 107.7709455,-6.9334391,0.0 107.7713808,-6.9332463,0.0 107.7714431,-6.9332174,0.0 107.7717685,-6.9330746,0.0 107.7718028,-6.9330593,0.0 107.7718574,-6.9330345,0.0 107.7721133,-6.9329352,0.0 107.7721658,-6.932914,0.0 107.7722158,-6.9328953,0.0</coordinates>
            </LineString>
        </Placemark>
        <Placemark id="10277">
            <name>Jalan Pelajar Pejuang 45</name>
            <styleUrl>#10278</styleUrl>
            <LineString id="10276">
                <coordinates>107.625745,-6.9326113,0.0 107.6257297,-6.9326742,0.0</coordinates>
            </LineString>
        </Placemark>
        <Placemark id="10281">
            <name>Jalan Pelajar Pejuang 45</name>
            <styleUrl>#10282</styleUrl>
            <LineString id="10280">
                <coordinates>107.6258213,-6.9323117,0.0 107.6257675,-6.932523,0.0</coordinates>
            </LineString>
        </Placemark>
        <Placemark id="10285">
            <name>Jalan Diponegoro</name>
            <styleUrl>#10286</styleUrl>
            <LineString id="10284">
                <coordinates>107.6208401,-6.9011493,0.0 107.6213033,-6.9011378,0.0</coordinates>
            </LineString>
        </Placemark>
        <Placemark id="10289">
            <name>Jalan Diponegoro</name>
            <styleUrl>#10290</styleUrl>
            <LineString id="10288">
                <coordinates>107.6213033,-6.9011378,0.0 107.6216766,-6.9011285,0.0</coordinates>
            </LineString>
        </Placemark>
        <Placemark id="10293">
            <name>Jalan Diponegoro</name>
            <styleUrl>#10294</styleUrl>
            <LineString id="10292">
                <coordinates>107.6216766,-6.9011285,0.0 107.6221254,-6.9011174,0.0</coordinates>
            </LineString>
        </Placemark>
        <Placemark id="10297">
            <name>Jalan Diponegoro</name>
            <styleUrl>#10298</styleUrl>
            <LineString id="10296">
                <coordinates>107.6221254,-6.9011174,0.0 107.6224081,-6.9011103,0.0</coordinates>
            </LineString>
        </Placemark>
        <Placemark id="10301">
            <name>Jalan Diponegoro</name>
            <styleUrl>#10302</styleUrl>
            <LineString id="10300">
                <coordinates>107.6224081,-6.9011103,0.0 107.6234934,-6.9010834,0.0</coordinates>
            </LineString>
        </Placemark>
        <Placemark id="10305">
            <name>Jalan Diponegoro</name>
            <styleUrl>#10306</styleUrl>
            <LineString id="10304">
                <coordinates>107.6234934,-6.9010834,0.0 107.6236693,-6.901079,0.0</coordinates>
            </LineString>
        </Placemark>
        <Placemark id="10309">
            <name>Jalan Diponegoro</name>
            <styleUrl>#10310</styleUrl>
            <LineString id="10308">
                <coordinates>107.6236693,-6.901079,0.0 107.6238119,-6.9010754,0.0</coordinates>
            </LineString>
        </Placemark>
        <Placemark id="10313">
            <name>Jalan Diponegoro</name>
            <styleUrl>#10314</styleUrl>
            <LineString id="10312">
                <coordinates>107.6238119,-6.9010754,0.0 107.6241876,-6.9010661,0.0 107.6246942,-6.9010535,0.0</coordinates>
            </LineString>
        </Placemark>
        <Placemark id="10317">
            <name>Jalan Diponegoro</name>
            <styleUrl>#10318</styleUrl>
            <LineString id="10316">
                <coordinates>107.6246942,-6.9010535,0.0 107.6249276,-6.9010477,0.0</coordinates>
            </LineString>
        </Placemark>
        <Placemark id="10321">
            <name>Jalan Layang Laswi - Pelajar Pejuang 45</name>
            <styleUrl>#10322</styleUrl>
            <LineString id="10320">
                <coordinates>107.6278076,-6.9242181,0.0 107.6278825,-6.9239774,0.0 107.6279805,-6.9237628,0.0 107.6280744,-6.9236111,0.0 107.6281851,-6.9234637,0.0 107.62831,-6.9233456,0.0 107.6284342,-6.9232324,0.0 107.6285299,-6.9231566,0.0</coordinates>
            </LineString>
        </Placemark>
        <Placemark id="10325">
            <name>Jalan Layang Laswi - Pelajar Pejuang 45</name>
            <styleUrl>#10326</styleUrl>
            <LineString id="10324">
                <coordinates>107.6276616,-6.9247914,0.0 107.6278076,-6.9242181,0.0</coordinates>
            </LineString>
        </Placemark>
        <Placemark id="10329">
            <name>Jalan Tamansari</name>
            <styleUrl>#10330</styleUrl>
            <LineString id="10328">
                <coordinates>107.6088287,-6.8948846,0.0 107.6087143,-6.8947151,0.0 107.6086646,-6.8946314,0.0 107.6086077,-6.8945355,0.0 107.6085721,-6.8944755,0.0 107.6085446,-6.8944122,0.0 107.6085108,-6.8943345,0.0 107.6084937,-6.8942855,0.0 107.6084661,-6.8942039,0.0 107.6084541,-6.894096,0.0 107.6084513,-6.8939744,0.0 107.608451,-6.8938318,0.0</coordinates>
            </LineString>
        </Placemark>
    </Document>
</kml>
