<?xml version="1.0" encoding="UTF-8"?>
<kml xmlns="http://www.opengis.net/kml/2.2" xmlns:gx="http://www.google.com/kml/ext/2.2">
    <Document id="6944">
        <Style id="6950">
            <IconStyle id="6951">
                <colorMode>normal</colorMode>
                <scale>1</scale>
                <heading>0</heading>
                <Icon id="6952">
                    <href>http://maps.google.com/mapfiles/kml/pushpin/ylw-pushpin.png</href>
                </Icon>
            </IconStyle>
        </Style>
        <Style id="6955">
            <IconStyle id="6956">
                <colorMode>normal</colorMode>
                <scale>1</scale>
                <heading>0</heading>
                <Icon id="6957">
                    <href>http://maps.google.com/mapfiles/kml/pushpin/ylw-pushpin.png</href>
                </Icon>
            </IconStyle>
        </Style>
        <Style id="6960">
            <IconStyle id="6961">
                <colorMode>normal</colorMode>
                <scale>1</scale>
                <heading>0</heading>
                <Icon id="6962">
                    <href>http://maps.google.com/mapfiles/kml/pushpin/ylw-pushpin.png</href>
                </Icon>
            </IconStyle>
        </Style>
        <Style id="6965">
            <IconStyle id="6966">
                <colorMode>normal</colorMode>
                <scale>1</scale>
                <heading>0</heading>
                <Icon id="6967">
                    <href>http://maps.google.com/mapfiles/kml/pushpin/ylw-pushpin.png</href>
                </Icon>
            </IconStyle>
        </Style>
        <Style id="6970">
            <IconStyle id="6971">
                <colorMode>normal</colorMode>
                <scale>1</scale>
                <heading>0</heading>
                <Icon id="6972">
                    <href>http://maps.google.com/mapfiles/kml/pushpin/ylw-pushpin.png</href>
                </Icon>
            </IconStyle>
        </Style>
        <Style id="6975">
            <IconStyle id="6976">
                <colorMode>normal</colorMode>
                <scale>1</scale>
                <heading>0</heading>
                <Icon id="6977">
                    <href>http://maps.google.com/mapfiles/kml/pushpin/ylw-pushpin.png</href>
                </Icon>
            </IconStyle>
        </Style>
        <Style id="6980">
            <IconStyle id="6981">
                <colorMode>normal</colorMode>
                <scale>1</scale>
                <heading>0</heading>
                <Icon id="6982">
                    <href>http://maps.google.com/mapfiles/kml/pushpin/ylw-pushpin.png</href>
                </Icon>
            </IconStyle>
        </Style>
        <Style id="6985">
            <IconStyle id="6986">
                <colorMode>normal</colorMode>
                <scale>1</scale>
                <heading>0</heading>
                <Icon id="6987">
                    <href>http://maps.google.com/mapfiles/kml/pushpin/ylw-pushpin.png</href>
                </Icon>
            </IconStyle>
        </Style>
        <Style id="6990">
            <IconStyle id="6991">
                <colorMode>normal</colorMode>
                <scale>1</scale>
                <heading>0</heading>
                <Icon id="6992">
                    <href>http://maps.google.com/mapfiles/kml/pushpin/ylw-pushpin.png</href>
                </Icon>
            </IconStyle>
        </Style>
        <Style id="6995">
            <IconStyle id="6996">
                <colorMode>normal</colorMode>
                <scale>1</scale>
                <heading>0</heading>
                <Icon id="6997">
                    <href>http://maps.google.com/mapfiles/kml/pushpin/ylw-pushpin.png</href>
                </Icon>
            </IconStyle>
        </Style>
        <Style id="7000">
            <IconStyle id="7001">
                <colorMode>normal</colorMode>
                <scale>1</scale>
                <heading>0</heading>
                <Icon id="7002">
                    <href>http://maps.google.com/mapfiles/kml/pushpin/ylw-pushpin.png</href>
                </Icon>
            </IconStyle>
        </Style>
        <Style id="7005">
            <IconStyle id="7006">
                <colorMode>normal</colorMode>
                <scale>1</scale>
                <heading>0</heading>
                <Icon id="7007">
                    <href>http://maps.google.com/mapfiles/kml/pushpin/ylw-pushpin.png</href>
                </Icon>
            </IconStyle>
        </Style>
        <Style id="7010">
            <IconStyle id="7011">
                <colorMode>normal</colorMode>
                <scale>1</scale>
                <heading>0</heading>
                <Icon id="7012">
                    <href>http://maps.google.com/mapfiles/kml/pushpin/ylw-pushpin.png</href>
                </Icon>
            </IconStyle>
        </Style>
        <Style id="7015">
            <IconStyle id="7016">
                <colorMode>normal</colorMode>
                <scale>1</scale>
                <heading>0</heading>
                <Icon id="7017">
                    <href>http://maps.google.com/mapfiles/kml/pushpin/ylw-pushpin.png</href>
                </Icon>
            </IconStyle>
        </Style>
        <Style id="7020">
            <IconStyle id="7021">
                <colorMode>normal</colorMode>
                <scale>1</scale>
                <heading>0</heading>
                <Icon id="7022">
                    <href>http://maps.google.com/mapfiles/kml/pushpin/ylw-pushpin.png</href>
                </Icon>
            </IconStyle>
        </Style>
        <Style id="7025">
            <IconStyle id="7026">
                <colorMode>normal</colorMode>
                <scale>1</scale>
                <heading>0</heading>
                <Icon id="7027">
                    <href>http://maps.google.com/mapfiles/kml/pushpin/ylw-pushpin.png</href>
                </Icon>
            </IconStyle>
        </Style>
        <Style id="7030">
            <IconStyle id="7031">
                <colorMode>normal</colorMode>
                <scale>1</scale>
                <heading>0</heading>
                <Icon id="7032">
                    <href>http://maps.google.com/mapfiles/kml/pushpin/ylw-pushpin.png</href>
                </Icon>
            </IconStyle>
        </Style>
        <Style id="7035">
            <IconStyle id="7036">
                <colorMode>normal</colorMode>
                <scale>1</scale>
                <heading>0</heading>
                <Icon id="7037">
                    <href>http://maps.google.com/mapfiles/kml/pushpin/ylw-pushpin.png</href>
                </Icon>
            </IconStyle>
        </Style>
        <Style id="7040">
            <IconStyle id="7041">
                <colorMode>normal</colorMode>
                <scale>1</scale>
                <heading>0</heading>
                <Icon id="7042">
                    <href>http://maps.google.com/mapfiles/kml/pushpin/ylw-pushpin.png</href>
                </Icon>
            </IconStyle>
        </Style>
        <Style id="7045">
            <IconStyle id="7046">
                <colorMode>normal</colorMode>
                <scale>1</scale>
                <heading>0</heading>
                <Icon id="7047">
                    <href>http://maps.google.com/mapfiles/kml/pushpin/ylw-pushpin.png</href>
                </Icon>
            </IconStyle>
        </Style>
        <Style id="7050">
            <IconStyle id="7051">
                <colorMode>normal</colorMode>
                <scale>1</scale>
                <heading>0</heading>
                <Icon id="7052">
                    <href>http://maps.google.com/mapfiles/kml/pushpin/ylw-pushpin.png</href>
                </Icon>
            </IconStyle>
        </Style>
        <Style id="7055">
            <IconStyle id="7056">
                <colorMode>normal</colorMode>
                <scale>1</scale>
                <heading>0</heading>
                <Icon id="7057">
                    <href>http://maps.google.com/mapfiles/kml/pushpin/ylw-pushpin.png</href>
                </Icon>
            </IconStyle>
        </Style>
        <Style id="7060">
            <IconStyle id="7061">
                <colorMode>normal</colorMode>
                <scale>1</scale>
                <heading>0</heading>
                <Icon id="7062">
                    <href>http://maps.google.com/mapfiles/kml/pushpin/ylw-pushpin.png</href>
                </Icon>
            </IconStyle>
        </Style>
        <Style id="7065">
            <IconStyle id="7066">
                <colorMode>normal</colorMode>
                <scale>1</scale>
                <heading>0</heading>
                <Icon id="7067">
                    <href>http://maps.google.com/mapfiles/kml/pushpin/ylw-pushpin.png</href>
                </Icon>
            </IconStyle>
        </Style>
        <Style id="7070">
            <IconStyle id="7071">
                <colorMode>normal</colorMode>
                <scale>1</scale>
                <heading>0</heading>
                <Icon id="7072">
                    <href>http://maps.google.com/mapfiles/kml/pushpin/ylw-pushpin.png</href>
                </Icon>
            </IconStyle>
        </Style>
        <Style id="7075">
            <IconStyle id="7076">
                <colorMode>normal</colorMode>
                <scale>1</scale>
                <heading>0</heading>
                <Icon id="7077">
                    <href>http://maps.google.com/mapfiles/kml/pushpin/ylw-pushpin.png</href>
                </Icon>
            </IconStyle>
        </Style>
        <Style id="7080">
            <IconStyle id="7081">
                <colorMode>normal</colorMode>
                <scale>1</scale>
                <heading>0</heading>
                <Icon id="7082">
                    <href>http://maps.google.com/mapfiles/kml/pushpin/ylw-pushpin.png</href>
                </Icon>
            </IconStyle>
        </Style>
        <Style id="7085">
            <IconStyle id="7086">
                <colorMode>normal</colorMode>
                <scale>1</scale>
                <heading>0</heading>
                <Icon id="7087">
                    <href>http://maps.google.com/mapfiles/kml/pushpin/ylw-pushpin.png</href>
                </Icon>
            </IconStyle>
        </Style>
        <Style id="7090">
            <IconStyle id="7091">
                <colorMode>normal</colorMode>
                <scale>1</scale>
                <heading>0</heading>
                <Icon id="7092">
                    <href>http://maps.google.com/mapfiles/kml/pushpin/ylw-pushpin.png</href>
                </Icon>
            </IconStyle>
        </Style>
        <Style id="7095">
            <IconStyle id="7096">
                <colorMode>normal</colorMode>
                <scale>1</scale>
                <heading>0</heading>
                <Icon id="7097">
                    <href>http://maps.google.com/mapfiles/kml/pushpin/ylw-pushpin.png</href>
                </Icon>
            </IconStyle>
        </Style>
        <Style id="7100">
            <IconStyle id="7101">
                <colorMode>normal</colorMode>
                <scale>1</scale>
                <heading>0</heading>
                <Icon id="7102">
                    <href>http://maps.google.com/mapfiles/kml/pushpin/ylw-pushpin.png</href>
                </Icon>
            </IconStyle>
        </Style>
        <Style id="7105">
            <LineStyle id="7106">
                <color>ff632B56</color>
                <colorMode>normal</colorMode>
                <width>4</width>
            </LineStyle>
        </Style>
        <Style id="7109">
            <LineStyle id="7110">
                <color>ff632B56</color>
                <colorMode>normal</colorMode>
                <width>4</width>
            </LineStyle>
        </Style>
        <Style id="7113">
            <LineStyle id="7114">
                <color>ff632B56</color>
                <colorMode>normal</colorMode>
                <width>4</width>
            </LineStyle>
        </Style>
        <Style id="7117">
            <LineStyle id="7118">
                <color>ff632B56</color>
                <colorMode>normal</colorMode>
                <width>4</width>
            </LineStyle>
        </Style>
        <Style id="7121">
            <LineStyle id="7122">
                <color>ff632B56</color>
                <colorMode>normal</colorMode>
                <width>4</width>
            </LineStyle>
        </Style>
        <Style id="7125">
            <LineStyle id="7126">
                <color>ff632B56</color>
                <colorMode>normal</colorMode>
                <width>4</width>
            </LineStyle>
        </Style>
        <Style id="7129">
            <LineStyle id="7130">
                <color>ff632B56</color>
                <colorMode>normal</colorMode>
                <width>4</width>
            </LineStyle>
        </Style>
        <Style id="7133">
            <LineStyle id="7134">
                <color>ff632B56</color>
                <colorMode>normal</colorMode>
                <width>4</width>
            </LineStyle>
        </Style>
        <Style id="7137">
            <LineStyle id="7138">
                <color>ff632B56</color>
                <colorMode>normal</colorMode>
                <width>4</width>
            </LineStyle>
        </Style>
        <Style id="7141">
            <LineStyle id="7142">
                <color>ff632B56</color>
                <colorMode>normal</colorMode>
                <width>4</width>
            </LineStyle>
        </Style>
        <Style id="7145">
            <LineStyle id="7146">
                <color>ff632B56</color>
                <colorMode>normal</colorMode>
                <width>4</width>
            </LineStyle>
        </Style>
        <Style id="7149">
            <LineStyle id="7150">
                <color>ff632B56</color>
                <colorMode>normal</colorMode>
                <width>4</width>
            </LineStyle>
        </Style>
        <Style id="7153">
            <LineStyle id="7154">
                <color>ff632B56</color>
                <colorMode>normal</colorMode>
                <width>4</width>
            </LineStyle>
        </Style>
        <Style id="7157">
            <LineStyle id="7158">
                <color>ff632B56</color>
                <colorMode>normal</colorMode>
                <width>4</width>
            </LineStyle>
        </Style>
        <Style id="7161">
            <LineStyle id="7162">
                <color>ff632B56</color>
                <colorMode>normal</colorMode>
                <width>4</width>
            </LineStyle>
        </Style>
        <Style id="7165">
            <LineStyle id="7166">
                <color>ff632B56</color>
                <colorMode>normal</colorMode>
                <width>4</width>
            </LineStyle>
        </Style>
        <Style id="7169">
            <LineStyle id="7170">
                <color>ff632B56</color>
                <colorMode>normal</colorMode>
                <width>4</width>
            </LineStyle>
        </Style>
        <Style id="7173">
            <LineStyle id="7174">
                <color>ff632B56</color>
                <colorMode>normal</colorMode>
                <width>4</width>
            </LineStyle>
        </Style>
        <Style id="7177">
            <LineStyle id="7178">
                <color>ff632B56</color>
                <colorMode>normal</colorMode>
                <width>4</width>
            </LineStyle>
        </Style>
        <Style id="7181">
            <LineStyle id="7182">
                <color>ff632B56</color>
                <colorMode>normal</colorMode>
                <width>4</width>
            </LineStyle>
        </Style>
        <Style id="7185">
            <LineStyle id="7186">
                <color>ff632B56</color>
                <colorMode>normal</colorMode>
                <width>4</width>
            </LineStyle>
        </Style>
        <Style id="7189">
            <LineStyle id="7190">
                <color>ff632B56</color>
                <colorMode>normal</colorMode>
                <width>4</width>
            </LineStyle>
        </Style>
        <Style id="7193">
            <LineStyle id="7194">
                <color>ff632B56</color>
                <colorMode>normal</colorMode>
                <width>4</width>
            </LineStyle>
        </Style>
        <Style id="7197">
            <LineStyle id="7198">
                <color>ff632B56</color>
                <colorMode>normal</colorMode>
                <width>4</width>
            </LineStyle>
        </Style>
        <Style id="7201">
            <LineStyle id="7202">
                <color>ff632B56</color>
                <colorMode>normal</colorMode>
                <width>4</width>
            </LineStyle>
        </Style>
        <Style id="7205">
            <LineStyle id="7206">
                <color>ff632B56</color>
                <colorMode>normal</colorMode>
                <width>4</width>
            </LineStyle>
        </Style>
        <Style id="7209">
            <LineStyle id="7210">
                <color>ff632B56</color>
                <colorMode>normal</colorMode>
                <width>4</width>
            </LineStyle>
        </Style>
        <Style id="7213">
            <LineStyle id="7214">
                <color>ff632B56</color>
                <colorMode>normal</colorMode>
                <width>4</width>
            </LineStyle>
        </Style>
        <Style id="7217">
            <LineStyle id="7218">
                <color>ff632B56</color>
                <colorMode>normal</colorMode>
                <width>4</width>
            </LineStyle>
        </Style>
        <Style id="7221">
            <LineStyle id="7222">
                <color>ff632B56</color>
                <colorMode>normal</colorMode>
                <width>4</width>
            </LineStyle>
        </Style>
        <Style id="7225">
            <LineStyle id="7226">
                <color>ff632B56</color>
                <colorMode>normal</colorMode>
                <width>4</width>
            </LineStyle>
        </Style>
        <Style id="7229">
            <LineStyle id="7230">
                <color>ff632B56</color>
                <colorMode>normal</colorMode>
                <width>4</width>
            </LineStyle>
        </Style>
        <Style id="7233">
            <LineStyle id="7234">
                <color>ff632B56</color>
                <colorMode>normal</colorMode>
                <width>4</width>
            </LineStyle>
        </Style>
        <Style id="7237">
            <LineStyle id="7238">
                <color>ff632B56</color>
                <colorMode>normal</colorMode>
                <width>4</width>
            </LineStyle>
        </Style>
        <Style id="7241">
            <LineStyle id="7242">
                <color>ff632B56</color>
                <colorMode>normal</colorMode>
                <width>4</width>
            </LineStyle>
        </Style>
        <Style id="7245">
            <LineStyle id="7246">
                <color>ff632B56</color>
                <colorMode>normal</colorMode>
                <width>4</width>
            </LineStyle>
        </Style>
        <Style id="7249">
            <LineStyle id="7250">
                <color>ff632B56</color>
                <colorMode>normal</colorMode>
                <width>4</width>
            </LineStyle>
        </Style>
        <Style id="7253">
            <LineStyle id="7254">
                <color>ff632B56</color>
                <colorMode>normal</colorMode>
                <width>4</width>
            </LineStyle>
        </Style>
        <Style id="7257">
            <LineStyle id="7258">
                <color>ff632B56</color>
                <colorMode>normal</colorMode>
                <width>4</width>
            </LineStyle>
        </Style>
        <Style id="7261">
            <LineStyle id="7262">
                <color>ff632B56</color>
                <colorMode>normal</colorMode>
                <width>4</width>
            </LineStyle>
        </Style>
        <Style id="7265">
            <LineStyle id="7266">
                <color>ff632B56</color>
                <colorMode>normal</colorMode>
                <width>4</width>
            </LineStyle>
        </Style>
        <Style id="7269">
            <LineStyle id="7270">
                <color>ff632B56</color>
                <colorMode>normal</colorMode>
                <width>4</width>
            </LineStyle>
        </Style>
        <Style id="7273">
            <LineStyle id="7274">
                <color>ff632B56</color>
                <colorMode>normal</colorMode>
                <width>4</width>
            </LineStyle>
        </Style>
        <Style id="7277">
            <LineStyle id="7278">
                <color>ff632B56</color>
                <colorMode>normal</colorMode>
                <width>4</width>
            </LineStyle>
        </Style>
        <Style id="7281">
            <LineStyle id="7282">
                <color>ff632B56</color>
                <colorMode>normal</colorMode>
                <width>4</width>
            </LineStyle>
        </Style>
        <Style id="7285">
            <LineStyle id="7286">
                <color>ff632B56</color>
                <colorMode>normal</colorMode>
                <width>4</width>
            </LineStyle>
        </Style>
        <Style id="7289">
            <LineStyle id="7290">
                <color>ff632B56</color>
                <colorMode>normal</colorMode>
                <width>4</width>
            </LineStyle>
        </Style>
        <Style id="7293">
            <LineStyle id="7294">
                <color>ff632B56</color>
                <colorMode>normal</colorMode>
                <width>4</width>
            </LineStyle>
        </Style>
        <Style id="7297">
            <LineStyle id="7298">
                <color>ff632B56</color>
                <colorMode>normal</colorMode>
                <width>4</width>
            </LineStyle>
        </Style>
        <Style id="7301">
            <LineStyle id="7302">
                <color>ff632B56</color>
                <colorMode>normal</colorMode>
                <width>4</width>
            </LineStyle>
        </Style>
        <Style id="7305">
            <LineStyle id="7306">
                <color>ff632B56</color>
                <colorMode>normal</colorMode>
                <width>4</width>
            </LineStyle>
        </Style>
        <Style id="7309">
            <LineStyle id="7310">
                <color>ff632B56</color>
                <colorMode>normal</colorMode>
                <width>4</width>
            </LineStyle>
        </Style>
        <Style id="7313">
            <LineStyle id="7314">
                <color>ff632B56</color>
                <colorMode>normal</colorMode>
                <width>4</width>
            </LineStyle>
        </Style>
        <Style id="7317">
            <LineStyle id="7318">
                <color>ff632B56</color>
                <colorMode>normal</colorMode>
                <width>4</width>
            </LineStyle>
        </Style>
        <Style id="7321">
            <LineStyle id="7322">
                <color>ff632B56</color>
                <colorMode>normal</colorMode>
                <width>4</width>
            </LineStyle>
        </Style>
        <Style id="7325">
            <LineStyle id="7326">
                <color>ff632B56</color>
                <colorMode>normal</colorMode>
                <width>4</width>
            </LineStyle>
        </Style>
        <Style id="7329">
            <LineStyle id="7330">
                <color>ff632B56</color>
                <colorMode>normal</colorMode>
                <width>4</width>
            </LineStyle>
        </Style>
        <Style id="7333">
            <LineStyle id="7334">
                <color>ff632B56</color>
                <colorMode>normal</colorMode>
                <width>4</width>
            </LineStyle>
        </Style>
        <Style id="7337">
            <LineStyle id="7338">
                <color>ff632B56</color>
                <colorMode>normal</colorMode>
                <width>4</width>
            </LineStyle>
        </Style>
        <Style id="7341">
            <LineStyle id="7342">
                <color>ff632B56</color>
                <colorMode>normal</colorMode>
                <width>4</width>
            </LineStyle>
        </Style>
        <Style id="7345">
            <LineStyle id="7346">
                <color>ff632B56</color>
                <colorMode>normal</colorMode>
                <width>4</width>
            </LineStyle>
        </Style>
        <Style id="7349">
            <LineStyle id="7350">
                <color>ff632B56</color>
                <colorMode>normal</colorMode>
                <width>4</width>
            </LineStyle>
        </Style>
        <Style id="7353">
            <LineStyle id="7354">
                <color>ff632B56</color>
                <colorMode>normal</colorMode>
                <width>4</width>
            </LineStyle>
        </Style>
        <Style id="7357">
            <LineStyle id="7358">
                <color>ff632B56</color>
                <colorMode>normal</colorMode>
                <width>4</width>
            </LineStyle>
        </Style>
        <Style id="7361">
            <LineStyle id="7362">
                <color>ff632B56</color>
                <colorMode>normal</colorMode>
                <width>4</width>
            </LineStyle>
        </Style>
        <Style id="7365">
            <LineStyle id="7366">
                <color>ff632B56</color>
                <colorMode>normal</colorMode>
                <width>4</width>
            </LineStyle>
        </Style>
        <Style id="7369">
            <LineStyle id="7370">
                <color>ff632B56</color>
                <colorMode>normal</colorMode>
                <width>4</width>
            </LineStyle>
        </Style>
        <Style id="7373">
            <LineStyle id="7374">
                <color>ff632B56</color>
                <colorMode>normal</colorMode>
                <width>4</width>
            </LineStyle>
        </Style>
        <Style id="7377">
            <LineStyle id="7378">
                <color>ff632B56</color>
                <colorMode>normal</colorMode>
                <width>4</width>
            </LineStyle>
        </Style>
        <Style id="7381">
            <LineStyle id="7382">
                <color>ff632B56</color>
                <colorMode>normal</colorMode>
                <width>4</width>
            </LineStyle>
        </Style>
        <Style id="7385">
            <LineStyle id="7386">
                <color>ff632B56</color>
                <colorMode>normal</colorMode>
                <width>4</width>
            </LineStyle>
        </Style>
        <Style id="7389">
            <LineStyle id="7390">
                <color>ff632B56</color>
                <colorMode>normal</colorMode>
                <width>4</width>
            </LineStyle>
        </Style>
        <Style id="7393">
            <LineStyle id="7394">
                <color>ff632B56</color>
                <colorMode>normal</colorMode>
                <width>4</width>
            </LineStyle>
        </Style>
        <Style id="7397">
            <LineStyle id="7398">
                <color>ff632B56</color>
                <colorMode>normal</colorMode>
                <width>4</width>
            </LineStyle>
        </Style>
        <Style id="7401">
            <LineStyle id="7402">
                <color>ff632B56</color>
                <colorMode>normal</colorMode>
                <width>4</width>
            </LineStyle>
        </Style>
        <Style id="7405">
            <LineStyle id="7406">
                <color>ff632B56</color>
                <colorMode>normal</colorMode>
                <width>4</width>
            </LineStyle>
        </Style>
        <Style id="7409">
            <LineStyle id="7410">
                <color>ff632B56</color>
                <colorMode>normal</colorMode>
                <width>4</width>
            </LineStyle>
        </Style>
        <Style id="7413">
            <LineStyle id="7414">
                <color>ff632B56</color>
                <colorMode>normal</colorMode>
                <width>4</width>
            </LineStyle>
        </Style>
        <Style id="7417">
            <LineStyle id="7418">
                <color>ff632B56</color>
                <colorMode>normal</colorMode>
                <width>4</width>
            </LineStyle>
        </Style>
        <Style id="7421">
            <LineStyle id="7422">
                <color>ff632B56</color>
                <colorMode>normal</colorMode>
                <width>4</width>
            </LineStyle>
        </Style>
        <Style id="7425">
            <LineStyle id="7426">
                <color>ff632B56</color>
                <colorMode>normal</colorMode>
                <width>4</width>
            </LineStyle>
        </Style>
        <Style id="7429">
            <LineStyle id="7430">
                <color>ff632B56</color>
                <colorMode>normal</colorMode>
                <width>4</width>
            </LineStyle>
        </Style>
        <Style id="7433">
            <LineStyle id="7434">
                <color>ff632B56</color>
                <colorMode>normal</colorMode>
                <width>4</width>
            </LineStyle>
        </Style>
        <Style id="7437">
            <LineStyle id="7438">
                <color>ff632B56</color>
                <colorMode>normal</colorMode>
                <width>4</width>
            </LineStyle>
        </Style>
        <Style id="7441">
            <LineStyle id="7442">
                <color>ff632B56</color>
                <colorMode>normal</colorMode>
                <width>4</width>
            </LineStyle>
        </Style>
        <Style id="7445">
            <LineStyle id="7446">
                <color>ff632B56</color>
                <colorMode>normal</colorMode>
                <width>4</width>
            </LineStyle>
        </Style>
        <Style id="7449">
            <LineStyle id="7450">
                <color>ff632B56</color>
                <colorMode>normal</colorMode>
                <width>4</width>
            </LineStyle>
        </Style>
        <Style id="7453">
            <LineStyle id="7454">
                <color>ff632B56</color>
                <colorMode>normal</colorMode>
                <width>4</width>
            </LineStyle>
        </Style>
        <Style id="7457">
            <LineStyle id="7458">
                <color>ff632B56</color>
                <colorMode>normal</colorMode>
                <width>4</width>
            </LineStyle>
        </Style>
        <Style id="7461">
            <LineStyle id="7462">
                <color>ff632B56</color>
                <colorMode>normal</colorMode>
                <width>4</width>
            </LineStyle>
        </Style>
        <Style id="7465">
            <LineStyle id="7466">
                <color>ff632B56</color>
                <colorMode>normal</colorMode>
                <width>4</width>
            </LineStyle>
        </Style>
        <Style id="7469">
            <LineStyle id="7470">
                <color>ff632B56</color>
                <colorMode>normal</colorMode>
                <width>4</width>
            </LineStyle>
        </Style>
        <Style id="7473">
            <LineStyle id="7474">
                <color>ff632B56</color>
                <colorMode>normal</colorMode>
                <width>4</width>
            </LineStyle>
        </Style>
        <Style id="7477">
            <LineStyle id="7478">
                <color>ff632B56</color>
                <colorMode>normal</colorMode>
                <width>4</width>
            </LineStyle>
        </Style>
        <Style id="7481">
            <LineStyle id="7482">
                <color>ff632B56</color>
                <colorMode>normal</colorMode>
                <width>4</width>
            </LineStyle>
        </Style>
        <Style id="7485">
            <LineStyle id="7486">
                <color>ff632B56</color>
                <colorMode>normal</colorMode>
                <width>4</width>
            </LineStyle>
        </Style>
        <Style id="7489">
            <LineStyle id="7490">
                <color>ff632B56</color>
                <colorMode>normal</colorMode>
                <width>4</width>
            </LineStyle>
        </Style>
        <Style id="7493">
            <LineStyle id="7494">
                <color>ff632B56</color>
                <colorMode>normal</colorMode>
                <width>4</width>
            </LineStyle>
        </Style>
        <Style id="7497">
            <LineStyle id="7498">
                <color>ff632B56</color>
                <colorMode>normal</colorMode>
                <width>4</width>
            </LineStyle>
        </Style>
        <Style id="7501">
            <LineStyle id="7502">
                <color>ff632B56</color>
                <colorMode>normal</colorMode>
                <width>4</width>
            </LineStyle>
        </Style>
        <Style id="7505">
            <LineStyle id="7506">
                <color>ff632B56</color>
                <colorMode>normal</colorMode>
                <width>4</width>
            </LineStyle>
        </Style>
        <Style id="7509">
            <LineStyle id="7510">
                <color>ff632B56</color>
                <colorMode>normal</colorMode>
                <width>4</width>
            </LineStyle>
        </Style>
        <Style id="7513">
            <LineStyle id="7514">
                <color>ff632B56</color>
                <colorMode>normal</colorMode>
                <width>4</width>
            </LineStyle>
        </Style>
        <Style id="7517">
            <LineStyle id="7518">
                <color>ff632B56</color>
                <colorMode>normal</colorMode>
                <width>4</width>
            </LineStyle>
        </Style>
        <Style id="7521">
            <LineStyle id="7522">
                <color>ff632B56</color>
                <colorMode>normal</colorMode>
                <width>4</width>
            </LineStyle>
        </Style>
        <Style id="7525">
            <LineStyle id="7526">
                <color>ff632B56</color>
                <colorMode>normal</colorMode>
                <width>4</width>
            </LineStyle>
        </Style>
        <Style id="7529">
            <LineStyle id="7530">
                <color>ff632B56</color>
                <colorMode>normal</colorMode>
                <width>4</width>
            </LineStyle>
        </Style>
        <Style id="7533">
            <LineStyle id="7534">
                <color>ff632B56</color>
                <colorMode>normal</colorMode>
                <width>4</width>
            </LineStyle>
        </Style>
        <Style id="7537">
            <LineStyle id="7538">
                <color>ff632B56</color>
                <colorMode>normal</colorMode>
                <width>4</width>
            </LineStyle>
        </Style>
        <Style id="7541">
            <LineStyle id="7542">
                <color>ff632B56</color>
                <colorMode>normal</colorMode>
                <width>4</width>
            </LineStyle>
        </Style>
        <Style id="7545">
            <LineStyle id="7546">
                <color>ff632B56</color>
                <colorMode>normal</colorMode>
                <width>4</width>
            </LineStyle>
        </Style>
        <Style id="7549">
            <LineStyle id="7550">
                <color>ff632B56</color>
                <colorMode>normal</colorMode>
                <width>4</width>
            </LineStyle>
        </Style>
        <Style id="7553">
            <LineStyle id="7554">
                <color>ff632B56</color>
                <colorMode>normal</colorMode>
                <width>4</width>
            </LineStyle>
        </Style>
        <Style id="7557">
            <LineStyle id="7558">
                <color>ff632B56</color>
                <colorMode>normal</colorMode>
                <width>4</width>
            </LineStyle>
        </Style>
        <Style id="7561">
            <LineStyle id="7562">
                <color>ff632B56</color>
                <colorMode>normal</colorMode>
                <width>4</width>
            </LineStyle>
        </Style>
        <Style id="7565">
            <LineStyle id="7566">
                <color>ff632B56</color>
                <colorMode>normal</colorMode>
                <width>4</width>
            </LineStyle>
        </Style>
        <Style id="7569">
            <LineStyle id="7570">
                <color>ff632B56</color>
                <colorMode>normal</colorMode>
                <width>4</width>
            </LineStyle>
        </Style>
        <Style id="7573">
            <LineStyle id="7574">
                <color>ff632B56</color>
                <colorMode>normal</colorMode>
                <width>4</width>
            </LineStyle>
        </Style>
        <Style id="7577">
            <LineStyle id="7578">
                <color>ff632B56</color>
                <colorMode>normal</colorMode>
                <width>4</width>
            </LineStyle>
        </Style>
        <Style id="7581">
            <LineStyle id="7582">
                <color>ff632B56</color>
                <colorMode>normal</colorMode>
                <width>4</width>
            </LineStyle>
        </Style>
        <Style id="7585">
            <LineStyle id="7586">
                <color>ff632B56</color>
                <colorMode>normal</colorMode>
                <width>4</width>
            </LineStyle>
        </Style>
        <Style id="7589">
            <LineStyle id="7590">
                <color>ff632B56</color>
                <colorMode>normal</colorMode>
                <width>4</width>
            </LineStyle>
        </Style>
        <Style id="7593">
            <LineStyle id="7594">
                <color>ff632B56</color>
                <colorMode>normal</colorMode>
                <width>4</width>
            </LineStyle>
        </Style>
        <Style id="7597">
            <LineStyle id="7598">
                <color>ff632B56</color>
                <colorMode>normal</colorMode>
                <width>4</width>
            </LineStyle>
        </Style>
        <Style id="7601">
            <LineStyle id="7602">
                <color>ff632B56</color>
                <colorMode>normal</colorMode>
                <width>4</width>
            </LineStyle>
        </Style>
        <Style id="7605">
            <LineStyle id="7606">
                <color>ff632B56</color>
                <colorMode>normal</colorMode>
                <width>4</width>
            </LineStyle>
        </Style>
        <Style id="7609">
            <LineStyle id="7610">
                <color>ff632B56</color>
                <colorMode>normal</colorMode>
                <width>4</width>
            </LineStyle>
        </Style>
        <Style id="7613">
            <LineStyle id="7614">
                <color>ff632B56</color>
                <colorMode>normal</colorMode>
                <width>4</width>
            </LineStyle>
        </Style>
        <Style id="7617">
            <LineStyle id="7618">
                <color>ff632B56</color>
                <colorMode>normal</colorMode>
                <width>4</width>
            </LineStyle>
        </Style>
        <Style id="7621">
            <LineStyle id="7622">
                <color>ff632B56</color>
                <colorMode>normal</colorMode>
                <width>4</width>
            </LineStyle>
        </Style>
        <Style id="7625">
            <LineStyle id="7626">
                <color>ff632B56</color>
                <colorMode>normal</colorMode>
                <width>4</width>
            </LineStyle>
        </Style>
        <Style id="7629">
            <LineStyle id="7630">
                <color>ff632B56</color>
                <colorMode>normal</colorMode>
                <width>4</width>
            </LineStyle>
        </Style>
        <Style id="7633">
            <LineStyle id="7634">
                <color>ff632B56</color>
                <colorMode>normal</colorMode>
                <width>4</width>
            </LineStyle>
        </Style>
        <Style id="7637">
            <LineStyle id="7638">
                <color>ff632B56</color>
                <colorMode>normal</colorMode>
                <width>4</width>
            </LineStyle>
        </Style>
        <Style id="7641">
            <LineStyle id="7642">
                <color>ff632B56</color>
                <colorMode>normal</colorMode>
                <width>4</width>
            </LineStyle>
        </Style>
        <Style id="7645">
            <LineStyle id="7646">
                <color>ff632B56</color>
                <colorMode>normal</colorMode>
                <width>4</width>
            </LineStyle>
        </Style>
        <Style id="7649">
            <LineStyle id="7650">
                <color>ff632B56</color>
                <colorMode>normal</colorMode>
                <width>4</width>
            </LineStyle>
        </Style>
        <Style id="7653">
            <LineStyle id="7654">
                <color>ff632B56</color>
                <colorMode>normal</colorMode>
                <width>4</width>
            </LineStyle>
        </Style>
        <Style id="7657">
            <LineStyle id="7658">
                <color>ff632B56</color>
                <colorMode>normal</colorMode>
                <width>4</width>
            </LineStyle>
        </Style>
        <Style id="7661">
            <LineStyle id="7662">
                <color>ff632B56</color>
                <colorMode>normal</colorMode>
                <width>4</width>
            </LineStyle>
        </Style>
        <Style id="7665">
            <LineStyle id="7666">
                <color>ff632B56</color>
                <colorMode>normal</colorMode>
                <width>4</width>
            </LineStyle>
        </Style>
        <Style id="7669">
            <LineStyle id="7670">
                <color>ff632B56</color>
                <colorMode>normal</colorMode>
                <width>4</width>
            </LineStyle>
        </Style>
        <Style id="7673">
            <LineStyle id="7674">
                <color>ff632B56</color>
                <colorMode>normal</colorMode>
                <width>4</width>
            </LineStyle>
        </Style>
        <Style id="7677">
            <LineStyle id="7678">
                <color>ff632B56</color>
                <colorMode>normal</colorMode>
                <width>4</width>
            </LineStyle>
        </Style>
        <Style id="7681">
            <LineStyle id="7682">
                <color>ff632B56</color>
                <colorMode>normal</colorMode>
                <width>4</width>
            </LineStyle>
        </Style>
        <Style id="7685">
            <LineStyle id="7686">
                <color>ff632B56</color>
                <colorMode>normal</colorMode>
                <width>4</width>
            </LineStyle>
        </Style>
        <Style id="7689">
            <LineStyle id="7690">
                <color>ff632B56</color>
                <colorMode>normal</colorMode>
                <width>4</width>
            </LineStyle>
        </Style>
        <Style id="7693">
            <LineStyle id="7694">
                <color>ff632B56</color>
                <colorMode>normal</colorMode>
                <width>4</width>
            </LineStyle>
        </Style>
        <Style id="7697">
            <LineStyle id="7698">
                <color>ff632B56</color>
                <colorMode>normal</colorMode>
                <width>4</width>
            </LineStyle>
        </Style>
        <Style id="7701">
            <LineStyle id="7702">
                <color>ff632B56</color>
                <colorMode>normal</colorMode>
                <width>4</width>
            </LineStyle>
        </Style>
        <Style id="7705">
            <LineStyle id="7706">
                <color>ff632B56</color>
                <colorMode>normal</colorMode>
                <width>4</width>
            </LineStyle>
        </Style>
        <Style id="7709">
            <LineStyle id="7710">
                <color>ff632B56</color>
                <colorMode>normal</colorMode>
                <width>4</width>
            </LineStyle>
        </Style>
        <Style id="7713">
            <LineStyle id="7714">
                <color>ff632B56</color>
                <colorMode>normal</colorMode>
                <width>4</width>
            </LineStyle>
        </Style>
        <Style id="7717">
            <LineStyle id="7718">
                <color>ff632B56</color>
                <colorMode>normal</colorMode>
                <width>4</width>
            </LineStyle>
        </Style>
        <Style id="7721">
            <LineStyle id="7722">
                <color>ff632B56</color>
                <colorMode>normal</colorMode>
                <width>4</width>
            </LineStyle>
        </Style>
        <Style id="7725">
            <LineStyle id="7726">
                <color>ff632B56</color>
                <colorMode>normal</colorMode>
                <width>4</width>
            </LineStyle>
        </Style>
        <Style id="7729">
            <LineStyle id="7730">
                <color>ff632B56</color>
                <colorMode>normal</colorMode>
                <width>4</width>
            </LineStyle>
        </Style>
        <Style id="7733">
            <LineStyle id="7734">
                <color>ff632B56</color>
                <colorMode>normal</colorMode>
                <width>4</width>
            </LineStyle>
        </Style>
        <Style id="7737">
            <LineStyle id="7738">
                <color>ff632B56</color>
                <colorMode>normal</colorMode>
                <width>4</width>
            </LineStyle>
        </Style>
        <Style id="7741">
            <LineStyle id="7742">
                <color>ff632B56</color>
                <colorMode>normal</colorMode>
                <width>4</width>
            </LineStyle>
        </Style>
        <Style id="7745">
            <LineStyle id="7746">
                <color>ff632B56</color>
                <colorMode>normal</colorMode>
                <width>4</width>
            </LineStyle>
        </Style>
        <Style id="7749">
            <LineStyle id="7750">
                <color>ff632B56</color>
                <colorMode>normal</colorMode>
                <width>4</width>
            </LineStyle>
        </Style>
        <Style id="7753">
            <LineStyle id="7754">
                <color>ff632B56</color>
                <colorMode>normal</colorMode>
                <width>4</width>
            </LineStyle>
        </Style>
        <Style id="7757">
            <LineStyle id="7758">
                <color>ff632B56</color>
                <colorMode>normal</colorMode>
                <width>4</width>
            </LineStyle>
        </Style>
        <Style id="7761">
            <LineStyle id="7762">
                <color>ff632B56</color>
                <colorMode>normal</colorMode>
                <width>4</width>
            </LineStyle>
        </Style>
        <Style id="7765">
            <LineStyle id="7766">
                <color>ff632B56</color>
                <colorMode>normal</colorMode>
                <width>4</width>
            </LineStyle>
        </Style>
        <Style id="7769">
            <LineStyle id="7770">
                <color>ff632B56</color>
                <colorMode>normal</colorMode>
                <width>4</width>
            </LineStyle>
        </Style>
        <Style id="7773">
            <LineStyle id="7774">
                <color>ff632B56</color>
                <colorMode>normal</colorMode>
                <width>4</width>
            </LineStyle>
        </Style>
        <Style id="7777">
            <LineStyle id="7778">
                <color>ff632B56</color>
                <colorMode>normal</colorMode>
                <width>4</width>
            </LineStyle>
        </Style>
        <Style id="7781">
            <LineStyle id="7782">
                <color>ff632B56</color>
                <colorMode>normal</colorMode>
                <width>4</width>
            </LineStyle>
        </Style>
        <Style id="7785">
            <LineStyle id="7786">
                <color>ff632B56</color>
                <colorMode>normal</colorMode>
                <width>4</width>
            </LineStyle>
        </Style>
        <Style id="7789">
            <LineStyle id="7790">
                <color>ff632B56</color>
                <colorMode>normal</colorMode>
                <width>4</width>
            </LineStyle>
        </Style>
        <Style id="7793">
            <LineStyle id="7794">
                <color>ff632B56</color>
                <colorMode>normal</colorMode>
                <width>4</width>
            </LineStyle>
        </Style>
        <Style id="7797">
            <LineStyle id="7798">
                <color>ff632B56</color>
                <colorMode>normal</colorMode>
                <width>4</width>
            </LineStyle>
        </Style>
        <Style id="7801">
            <LineStyle id="7802">
                <color>ff632B56</color>
                <colorMode>normal</colorMode>
                <width>4</width>
            </LineStyle>
        </Style>
        <Style id="7805">
            <LineStyle id="7806">
                <color>ff632B56</color>
                <colorMode>normal</colorMode>
                <width>4</width>
            </LineStyle>
        </Style>
        <Style id="7809">
            <LineStyle id="7810">
                <color>ff632B56</color>
                <colorMode>normal</colorMode>
                <width>4</width>
            </LineStyle>
        </Style>
        <Style id="7813">
            <LineStyle id="7814">
                <color>ff632B56</color>
                <colorMode>normal</colorMode>
                <width>4</width>
            </LineStyle>
        </Style>
        <Style id="7817">
            <LineStyle id="7818">
                <color>ff632B56</color>
                <colorMode>normal</colorMode>
                <width>4</width>
            </LineStyle>
        </Style>
        <Style id="7821">
            <LineStyle id="7822">
                <color>ff632B56</color>
                <colorMode>normal</colorMode>
                <width>4</width>
            </LineStyle>
        </Style>
        <Style id="7825">
            <LineStyle id="7826">
                <color>ff632B56</color>
                <colorMode>normal</colorMode>
                <width>4</width>
            </LineStyle>
        </Style>
        <Style id="7829">
            <LineStyle id="7830">
                <color>ff632B56</color>
                <colorMode>normal</colorMode>
                <width>4</width>
            </LineStyle>
        </Style>
        <Style id="7833">
            <LineStyle id="7834">
                <color>ff632B56</color>
                <colorMode>normal</colorMode>
                <width>4</width>
            </LineStyle>
        </Style>
        <Style id="7837">
            <LineStyle id="7838">
                <color>ff632B56</color>
                <colorMode>normal</colorMode>
                <width>4</width>
            </LineStyle>
        </Style>
        <Style id="7841">
            <LineStyle id="7842">
                <color>ff632B56</color>
                <colorMode>normal</colorMode>
                <width>4</width>
            </LineStyle>
        </Style>
        <Style id="7845">
            <LineStyle id="7846">
                <color>ff632B56</color>
                <colorMode>normal</colorMode>
                <width>4</width>
            </LineStyle>
        </Style>
        <Style id="7849">
            <LineStyle id="7850">
                <color>ff632B56</color>
                <colorMode>normal</colorMode>
                <width>4</width>
            </LineStyle>
        </Style>
        <Style id="7853">
            <LineStyle id="7854">
                <color>ff632B56</color>
                <colorMode>normal</colorMode>
                <width>4</width>
            </LineStyle>
        </Style>
        <ExtendedData>
            <Data name="route-name">
                <value>Koridor 3: Baleendah → BEC</value>
            </Data>
            <Data name="source">
                <value>Transport for Bandung</value>
            </Data>
        </ExtendedData>
        <Placemark id="6949">
            <name>Pasar Kordon A</name>
            <styleUrl>#6950</styleUrl>
            <Point id="6948">
                <coordinates>107.6389417,-6.9541903,0.0</coordinates>
            </Point>
        </Placemark>
        <Placemark id="6954">
            <name>Stasiun Bandung</name>
            <styleUrl>#6955</styleUrl>
            <Point id="6953">
                <coordinates>107.6029303,-6.9125954,0.0</coordinates>
            </Point>
        </Placemark>
        <Placemark id="6959">
            <name>Masjid Al-Amanah</name>
            <styleUrl>#6960</styleUrl>
            <Point id="6958">
                <coordinates>107.6287137,-7.0059605,0.0</coordinates>
            </Point>
        </Placemark>
        <Placemark id="6964">
            <name>Medal Sekarwangi</name>
            <styleUrl>#6965</styleUrl>
            <Point id="6963">
                <coordinates>107.6323136,-6.9484371,0.0</coordinates>
            </Point>
        </Placemark>
        <Placemark id="6969">
            <name>Pasar Kembang Wastukencana</name>
            <styleUrl>#6970</styleUrl>
            <Point id="6968">
                <coordinates>107.607265,-6.9048943,0.0</coordinates>
            </Point>
        </Placemark>
        <Placemark id="6974">
            <name>PT LEN Industri A</name>
            <styleUrl>#6975</styleUrl>
            <Point id="6973">
                <coordinates>107.6190348,-6.9490929,0.0</coordinates>
            </Point>
        </Placemark>
        <Placemark id="6979">
            <name>Taman Tegalega 3</name>
            <styleUrl>#6980</styleUrl>
            <Point id="6978">
                <coordinates>107.6062967,-6.9365546,0.0</coordinates>
            </Point>
        </Placemark>
        <Placemark id="6984">
            <name>SDN Pajajaran</name>
            <styleUrl>#6985</styleUrl>
            <Point id="6983">
                <coordinates>107.6000477,-6.9068645,0.0</coordinates>
            </Point>
        </Placemark>
        <Placemark id="6989">
            <name>Stasiun Timur</name>
            <styleUrl>#6990</styleUrl>
            <Point id="6988">
                <coordinates>107.604546,-6.9153572,0.0</coordinates>
            </Point>
        </Placemark>
        <Placemark id="6994">
            <name>Sekolah Ganesha</name>
            <styleUrl>#6995</styleUrl>
            <Point id="6993">
                <coordinates>107.6063015,-6.9390693,0.0</coordinates>
            </Point>
        </Placemark>
        <Placemark id="6999">
            <name>Alun-alun Bandung</name>
            <styleUrl>#7000</styleUrl>
            <Point id="6998">
                <coordinates>107.6071309,-6.9211347,0.0</coordinates>
            </Point>
        </Placemark>
        <Placemark id="7004">
            <name>SMAN 6 Bandung</name>
            <styleUrl>#7005</styleUrl>
            <Point id="7003">
                <coordinates>107.5979188,-6.9114098,0.0</coordinates>
            </Point>
        </Placemark>
        <Placemark id="7009">
            <name>STHB</name>
            <styleUrl>#7010</styleUrl>
            <Point id="7008">
                <coordinates>107.6044055,-6.9062288,0.0</coordinates>
            </Point>
        </Placemark>
        <Placemark id="7014">
            <name>TK Kemala Bhayangkari</name>
            <styleUrl>#7015</styleUrl>
            <Point id="7013">
                <coordinates>107.608407,-6.9453744,0.0</coordinates>
            </Point>
        </Placemark>
        <Placemark id="7019">
            <name>SDN Moh. Toha</name>
            <styleUrl>#7020</styleUrl>
            <Point id="7018">
                <coordinates>107.6068239,-6.9301306,0.0</coordinates>
            </Point>
        </Placemark>
        <Placemark id="7024">
            <name>Grand Yogya Kepatihan</name>
            <styleUrl>#7025</styleUrl>
            <Point id="7023">
                <coordinates>107.6062731,-6.9238523,0.0</coordinates>
            </Point>
        </Placemark>
        <Placemark id="7029">
            <name>Matahari Land</name>
            <styleUrl>#7030</styleUrl>
            <Point id="7028">
                <coordinates>107.6312603,-7.0040341,0.0</coordinates>
            </Point>
        </Placemark>
        <Placemark id="7034">
            <name>Masjid Jami' Baitul Huda A</name>
            <styleUrl>#7035</styleUrl>
            <Point id="7033">
                <coordinates>107.6318753,-7.0002118,0.0</coordinates>
            </Point>
        </Placemark>
        <Placemark id="7039">
            <name>Bubur Ayam H. Amid</name>
            <styleUrl>#7040</styleUrl>
            <Point id="7038">
                <coordinates>107.6308112,-6.9946948,0.0</coordinates>
            </Point>
        </Placemark>
        <Placemark id="7044">
            <name>Borma Bojongsoang</name>
            <styleUrl>#7045</styleUrl>
            <Point id="7043">
                <coordinates>107.6330944,-6.984586,0.0</coordinates>
            </Point>
        </Placemark>
        <Placemark id="7049">
            <name>SD Negeri Lengkong</name>
            <styleUrl>#7050</styleUrl>
            <Point id="7048">
                <coordinates>107.6352127,-6.9763963,0.0</coordinates>
            </Point>
        </Placemark>
        <Placemark id="7054">
            <name>Puskesmas Bojongsoang</name>
            <styleUrl>#7055</styleUrl>
            <Point id="7053">
                <coordinates>107.6374709,-6.9676213,0.0</coordinates>
            </Point>
        </Placemark>
        <Placemark id="7059">
            <name>Bluebird A</name>
            <styleUrl>#7060</styleUrl>
            <Point id="7058">
                <coordinates>107.6395155,-6.9576826,0.0</coordinates>
            </Point>
        </Placemark>
        <Placemark id="7064">
            <name>JAPNAS</name>
            <styleUrl>#7065</styleUrl>
            <Point id="7063">
                <coordinates>107.6364761,-6.9512022,0.0</coordinates>
            </Point>
        </Placemark>
        <Placemark id="7069">
            <name>Bangunan Mart A</name>
            <styleUrl>#7070</styleUrl>
            <Point id="7068">
                <coordinates>107.6281405,-6.9494245,0.0</coordinates>
            </Point>
        </Placemark>
        <Placemark id="7074">
            <name>LPKIA A</name>
            <styleUrl>#7075</styleUrl>
            <Point id="7073">
                <coordinates>107.6242225,-6.9495008,0.0</coordinates>
            </Point>
        </Placemark>
        <Placemark id="7079">
            <name>PLN UP3 Bandung A</name>
            <styleUrl>#7080</styleUrl>
            <Point id="7078">
                <coordinates>107.612094,-6.9485877,0.0</coordinates>
            </Point>
        </Placemark>
        <Placemark id="7084">
            <name>ITC Kebon Kalapa</name>
            <styleUrl>#7085</styleUrl>
            <Point id="7083">
                <coordinates>107.6059805,-6.9267319,0.0</coordinates>
            </Point>
        </Placemark>
        <Placemark id="7089">
            <name>Banceuy</name>
            <styleUrl>#7090</styleUrl>
            <Point id="7088">
                <coordinates>107.6066404,-6.9187122,0.0</coordinates>
            </Point>
        </Placemark>
        <Placemark id="7094">
            <name>Baleendah</name>
            <styleUrl>#7095</styleUrl>
            <Point id="7093">
                <coordinates>107.6261375,-7.0067058,0.0</coordinates>
            </Point>
        </Placemark>
        <Placemark id="7099">
            <name>Bandung Electronic Center</name>
            <styleUrl>#7100</styleUrl>
            <Point id="7098">
                <coordinates>107.6093744,-6.9081456,0.0</coordinates>
            </Point>
        </Placemark>
        <Placemark id="7104">
            <name>Jalan Cicendo</name>
            <styleUrl>#7105</styleUrl>
            <LineString id="7103">
                <coordinates>107.6044417,-6.9072201,0.0 107.6044521,-6.9072879,0.0 107.604458,-6.9073889,0.0 107.6044748,-6.9078654,0.0 107.6044776,-6.9079587,0.0 107.6044909,-6.9084617,0.0 107.6044917,-6.9087943,0.0 107.6044683,-6.9089756,0.0 107.6044333,-6.9091247,0.0 107.6043797,-6.9092856,0.0 107.6043042,-6.9094657,0.0 107.6042851,-6.9095101,0.0 107.6042598,-6.9095715,0.0 107.6042199,-6.9096823,0.0 107.6041664,-6.9098645,0.0 107.60413,-6.9100304,0.0 107.6041131,-6.910177,0.0 107.604095,-6.9104032,0.0 107.6040795,-6.910612,0.0 107.6040749,-6.9106747,0.0 107.6040736,-6.9106984,0.0 107.6040635,-6.9108642,0.0 107.6040608,-6.9109088,0.0 107.6039986,-6.911908,0.0 107.6039597,-6.9124977,0.0 107.6039561,-6.9125447,0.0</coordinates>
            </LineString>
        </Placemark>
        <Placemark id="7108">
            <name>Jalan L.L. RE. Martadinata</name>
            <styleUrl>#7109</styleUrl>
            <LineString id="7107">
                <coordinates>107.6079412,-6.9065104,0.0 107.6081981,-6.9065975,0.0 107.6083321,-6.9066257,0.0 107.6092299,-6.9067838,0.0 107.6093359,-6.9068089,0.0</coordinates>
            </LineString>
        </Placemark>
        <Placemark id="7112">
            <name>Jalan Pajajaran</name>
            <styleUrl>#7113</styleUrl>
            <LineString id="7111">
                <coordinates>107.6073865,-6.9076628,0.0 107.6073442,-6.9076324,0.0 107.6072754,-6.9075859,0.0 107.6071035,-6.9074752,0.0 107.6070242,-6.9074318,0.0 107.6068765,-6.907351,0.0 107.6066403,-6.907244,0.0 107.6065225,-6.9072053,0.0 107.6064209,-6.9071852,0.0 107.6062761,-6.9071663,0.0 107.6061572,-6.9071583,0.0 107.6058415,-6.9071486,0.0 107.6055894,-6.9071347,0.0</coordinates>
            </LineString>
        </Placemark>
        <Placemark id="7116">
            <name>Jalan Cihampelas</name>
            <styleUrl>#7117</styleUrl>
            <LineString id="7115">
                <coordinates>107.6044282,-6.9071102,0.0 107.6044133,-6.9065285,0.0 107.6044055,-6.9062288,0.0 107.6044014,-6.9058496,0.0 107.6043978,-6.9056926,0.0 107.6043877,-6.9049197,0.0 107.6043867,-6.9048271,0.0</coordinates>
            </LineString>
        </Placemark>
        <Placemark id="7120">
            <name>Jalan Kebon Kawung</name>
            <styleUrl>#7121</styleUrl>
            <LineString id="7119">
                <coordinates>107.5982527,-6.912368,0.0 107.5981735,-6.9123668,0.0 107.5980964,-6.9123486,0.0 107.5980334,-6.9123085,0.0 107.5979805,-6.912262,0.0</coordinates>
            </LineString>
        </Placemark>
        <Placemark id="7124">
            <name>Jalan Kebon Kawung</name>
            <styleUrl>#7125</styleUrl>
            <LineString id="7123">
                <coordinates>107.6019305,-6.9125353,0.0 107.601745,-6.9125245,0.0</coordinates>
            </LineString>
        </Placemark>
        <Placemark id="7128">
            <name>Jalan Perintis Kemerdekaan</name>
            <styleUrl>#7129</styleUrl>
            <LineString id="7127">
                <coordinates>107.6071931,-6.9145156,0.0 107.6072105,-6.9144549,0.0 107.6072378,-6.9143977,0.0 107.6072741,-6.9143458,0.0 107.6073185,-6.9143005,0.0</coordinates>
            </LineString>
        </Placemark>
        <Placemark id="7132">
            <name>Jalan Perintis Kemerdekaan</name>
            <styleUrl>#7133</styleUrl>
            <LineString id="7131">
                <coordinates>107.6075641,-6.9142136,0.0 107.6078626,-6.9140606,0.0 107.607935,-6.9140241,0.0 107.6079799,-6.9140014,0.0 107.6081711,-6.9139136,0.0 107.6082715,-6.9138902,0.0 107.6087543,-6.9138526,0.0 107.6088925,-6.9138457,0.0 107.6089516,-6.913844,0.0</coordinates>
            </LineString>
        </Placemark>
        <Placemark id="7136">
            <name>Jalan Stasiun Timur</name>
            <styleUrl>#7137</styleUrl>
            <LineString id="7135">
                <coordinates>107.6045889,-6.9148224,0.0 107.6045944,-6.9147921,0.0 107.6046031,-6.9147807,0.0 107.6046151,-6.914765,0.0 107.6046317,-6.9147543,0.0 107.6046427,-6.9147472,0.0 107.6046716,-6.9147379,0.0 107.6047205,-6.914736,0.0 107.6051298,-6.9147855,0.0 107.6063544,-6.9149336,0.0 107.6064066,-6.9149399,0.0</coordinates>
            </LineString>
        </Placemark>
        <Placemark id="7140">
            <name>Jalan Otto Iskandardinata</name>
            <styleUrl>#7141</styleUrl>
            <LineString id="7139">
                <coordinates>107.604546,-6.9153572,0.0 107.6045814,-6.9149387,0.0 107.6045889,-6.9148224,0.0</coordinates>
            </LineString>
        </Placemark>
        <Placemark id="7144">
            <name>Jalan Banceuy</name>
            <styleUrl>#7145</styleUrl>
            <LineString id="7143">
                <coordinates>107.6064585,-6.9210512,0.0 107.6064774,-6.9208936,0.0 107.6064789,-6.9208813,0.0 107.6065186,-6.9205454,0.0 107.6065406,-6.9203592,0.0 107.6065698,-6.92013,0.0 107.6065812,-6.9200148,0.0 107.6066381,-6.9195407,0.0 107.6066715,-6.9190952,0.0 107.6066765,-6.9189704,0.0</coordinates>
            </LineString>
        </Placemark>
        <Placemark id="7148">
            <name>Jalan Mohammad Toha</name>
            <styleUrl>#7149</styleUrl>
            <LineString id="7147">
                <coordinates>107.6062697,-6.9369192,0.0 107.6062734,-6.9368359,0.0 107.6062967,-6.9365546,0.0 107.6063142,-6.9363593,0.0 107.6063233,-6.9362301,0.0 107.6063417,-6.936014,0.0 107.6064406,-6.9346805,0.0 107.6064535,-6.9345182,0.0 107.6064952,-6.9339342,0.0 107.606542,-6.9332805,0.0 107.6065448,-6.9332508,0.0 107.6065614,-6.9329988,0.0 107.6065733,-6.9328659,0.0</coordinates>
            </LineString>
        </Placemark>
        <Placemark id="7152">
            <name>Jalan Alun-alun Timur</name>
            <styleUrl>#7153</styleUrl>
            <LineString id="7151">
                <coordinates>107.6075166,-6.9225267,0.0 107.6075532,-6.9224801,0.0 107.6075645,-6.9224452,0.0 107.6076223,-6.9218665,0.0 107.6076488,-6.9214983,0.0 107.6076487,-6.9214444,0.0 107.6076364,-6.9214042,0.0 107.607634,-6.9213964,0.0 107.6076058,-6.9213365,0.0 107.6075741,-6.9213048,0.0 107.607526,-6.921273,0.0</coordinates>
            </LineString>
        </Placemark>
        <Placemark id="7156">
            <name>Jalan Mohammad Toha</name>
            <styleUrl>#7157</styleUrl>
            <LineString id="7155">
                <coordinates>107.6068239,-6.9301306,0.0 107.6068303,-6.9300608,0.0 107.6068664,-6.9296894,0.0 107.6069258,-6.9290279,0.0 107.6070558,-6.9274889,0.0</coordinates>
            </LineString>
        </Placemark>
        <Placemark id="7160">
            <name>Jalan Pajajaran</name>
            <styleUrl>#7161</styleUrl>
            <LineString id="7159">
                <coordinates>107.6055894,-6.9071347,0.0 107.6053829,-6.907135,0.0</coordinates>
            </LineString>
        </Placemark>
        <Placemark id="7164">
            <name>Jalan Raya Bojongsoang</name>
            <styleUrl>#7165</styleUrl>
            <LineString id="7163">
                <coordinates>107.6378206,-6.9660771,0.0 107.6377617,-6.9662997,0.0 107.6377398,-6.9663836,0.0 107.637718,-6.9664881,0.0 107.6376914,-6.9666121,0.0 107.63764,-6.9668648,0.0 107.6376161,-6.9669718,0.0 107.6376092,-6.9670029,0.0 107.6375979,-6.9670536,0.0 107.6375686,-6.9671846,0.0 107.6374709,-6.9676213,0.0 107.6374449,-6.9677377,0.0 107.6373154,-6.9683172,0.0 107.6372888,-6.9684363,0.0 107.6370571,-6.9694733,0.0 107.6370479,-6.9695143,0.0 107.6369304,-6.9700405,0.0 107.6369161,-6.9701041,0.0 107.6368934,-6.9701783,0.0</coordinates>
            </LineString>
        </Placemark>
        <Placemark id="7168">
            <name>Jalan Wastukancana</name>
            <styleUrl>#7169</styleUrl>
            <LineString id="7167">
                <coordinates>107.6088855,-6.9102984,0.0 107.6088445,-6.9102299,0.0 107.6087639,-6.910086,0.0 107.608484,-6.9095465,0.0 107.6083912,-6.9093671,0.0</coordinates>
            </LineString>
        </Placemark>
        <Placemark id="7172">
            <name>Jalan Jaksa Naranata</name>
            <styleUrl>#7173</styleUrl>
            <LineString id="7171">
                <coordinates>107.6312405,-7.0048462,0.0 107.6312185,-7.0050869,0.0 107.6312026,-7.0051603,0.0 107.6311757,-7.0052422,0.0 107.631148,-7.0052776,0.0 107.6309071,-7.0054785,0.0 107.6303516,-7.0059344,0.0 107.6303208,-7.0059523,0.0 107.6302832,-7.0059623,0.0 107.6302443,-7.0059663,0.0 107.6297938,-7.0059487,0.0 107.6294679,-7.0059529,0.0 107.6291782,-7.0059567,0.0 107.6287137,-7.0059605,0.0 107.6280322,-7.0059523,0.0 107.6272639,-7.0059498,0.0 107.6268268,-7.0059464,0.0 107.6261913,-7.0059527,0.0</coordinates>
            </LineString>
        </Placemark>
        <Placemark id="7176">
            <name>Jalan dr. Cipto</name>
            <styleUrl>#7177</styleUrl>
            <LineString id="7175">
                <coordinates>107.60248,-6.9044983,0.0 107.6024687,-6.9045461,0.0 107.6024526,-6.9045901,0.0 107.6024341,-6.9046263,0.0 107.6024097,-6.9046673,0.0 107.6023869,-6.9046979,0.0 107.6023547,-6.9047352,0.0 107.6023239,-6.9047618,0.0 107.6022877,-6.9047871,0.0 107.6022483,-6.904811,0.0 107.6022126,-6.9048244,0.0 107.6021723,-6.9048351,0.0 107.6021289,-6.9048417,0.0 107.6015193,-6.9048777,0.0</coordinates>
            </LineString>
        </Placemark>
        <Placemark id="7180">
            <name>Jalan Abdul Rivai</name>
            <styleUrl>#7181</styleUrl>
            <LineString id="7179">
                <coordinates>107.6024466,-6.9041854,0.0 107.6025371,-6.9042372,0.0 107.6026381,-6.9042582,0.0</coordinates>
            </LineString>
        </Placemark>
        <Placemark id="7184">
            <name>Jalan Abdul Rivai</name>
            <styleUrl>#7185</styleUrl>
            <LineString id="7183">
                <coordinates>107.6042585,-6.9043799,0.0 107.6042031,-6.9043784,0.0 107.6041906,-6.9043785,0.0 107.6038123,-6.904381,0.0 107.6037017,-6.9043817,0.0 107.6032139,-6.9043917,0.0 107.60315,-6.9044117,0.0 107.603087,-6.9044423,0.0 107.6030408,-6.9044641,0.0 107.602977,-6.9044876,0.0 107.6029215,-6.9045028,0.0 107.6025713,-6.9045005,0.0</coordinates>
            </LineString>
        </Placemark>
        <Placemark id="7188">
            <name>Jalan Soekarno-Hatta</name>
            <styleUrl>#7189</styleUrl>
            <LineString id="7187">
                <coordinates>107.6330945,-6.9481961,0.0 107.6323136,-6.9484371,0.0 107.632106,-6.9485021,0.0 107.6314597,-6.9487033,0.0 107.6309601,-6.9488589,0.0 107.6307204,-6.9489241,0.0 107.630177,-6.949072,0.0 107.6300682,-6.9490915,0.0 107.629949,-6.9491129,0.0 107.6296209,-6.9491718,0.0 107.6292262,-6.9492482,0.0 107.6291488,-6.9492632,0.0 107.6289847,-6.9492968,0.0 107.6287343,-6.94934,0.0</coordinates>
            </LineString>
        </Placemark>
        <Placemark id="7192">
            <name>Route Segment</name>
            <styleUrl>#7193</styleUrl>
            <LineString id="7191">
                <coordinates>107.6336417,-6.9483304,0.0 107.633508,-6.9482767,0.0 107.6333517,-6.9482302,0.0 107.6330945,-6.9481961,0.0</coordinates>
            </LineString>
        </Placemark>
        <Placemark id="7196">
            <name>Jalan HOS. Cokroaminoto</name>
            <styleUrl>#7197</styleUrl>
            <LineString id="7195">
                <coordinates>107.5979469,-6.9117824,0.0 107.5979313,-6.9116207,0.0</coordinates>
            </LineString>
        </Placemark>
        <Placemark id="7200">
            <name>Jalan Soekarno-Hatta</name>
            <styleUrl>#7201</styleUrl>
            <LineString id="7199">
                <coordinates>107.6219865,-6.9493019,0.0 107.6215623,-6.9492646,0.0</coordinates>
            </LineString>
        </Placemark>
        <Placemark id="7204">
            <name>Jalan Soekarno-Hatta</name>
            <styleUrl>#7205</styleUrl>
            <LineString id="7203">
                <coordinates>107.6215623,-6.9492646,0.0 107.6214774,-6.9492594,0.0</coordinates>
            </LineString>
        </Placemark>
        <Placemark id="7208">
            <name>Jalan Terusan Bojongsoang</name>
            <styleUrl>#7209</styleUrl>
            <LineString id="7207">
                <coordinates>107.6320736,-6.9900649,0.0 107.6320352,-6.9901805,0.0 107.6319793,-6.9903512,0.0 107.6319245,-6.9905522,0.0 107.6318697,-6.9907532,0.0 107.6318415,-6.9908464,0.0 107.6317423,-6.9911484,0.0 107.6316708,-6.99136,0.0 107.6316525,-6.9914167,0.0 107.6315815,-6.9916369,0.0 107.6315,-6.9919241,0.0 107.6314065,-6.992229,0.0 107.6313361,-6.9924993,0.0</coordinates>
            </LineString>
        </Placemark>
        <Placemark id="7212">
            <name>Jalan Cihampelas</name>
            <styleUrl>#7213</styleUrl>
            <LineString id="7211">
                <coordinates>107.6043435,-6.9046277,0.0 107.6043346,-6.9045425,0.0 107.6043345,-6.9045219,0.0 107.6043315,-6.9044861,0.0 107.6043182,-6.9044457,0.0 107.6042946,-6.9044123,0.0 107.6042585,-6.9043799,0.0</coordinates>
            </LineString>
        </Placemark>
        <Placemark id="7216">
            <name>Jalan Wastukencana</name>
            <styleUrl>#7217</styleUrl>
            <LineString id="7215">
                <coordinates>107.604454,-6.9042842,0.0 107.6045194,-6.9042857,0.0</coordinates>
            </LineString>
        </Placemark>
        <Placemark id="7220">
            <name>Jalan Abdul Rivai</name>
            <styleUrl>#7221</styleUrl>
            <LineString id="7219">
                <coordinates>107.60432,-6.9042886,0.0 107.604454,-6.9042842,0.0</coordinates>
            </LineString>
        </Placemark>
        <Placemark id="7224">
            <name>Jalan Wastukancana</name>
            <styleUrl>#7225</styleUrl>
            <LineString id="7223">
                <coordinates>107.6075644,-6.9054686,0.0 107.607609,-6.9055867,0.0 107.6076511,-6.9057161,0.0 107.6076853,-6.905845,0.0</coordinates>
            </LineString>
        </Placemark>
        <Placemark id="7228">
            <name>Jalan Wastukancana</name>
            <styleUrl>#7229</styleUrl>
            <LineString id="7227">
                <coordinates>107.6083912,-6.9093671,0.0 107.6082885,-6.9092058,0.0 107.6082341,-6.9091403,0.0 107.608135,-6.9090242,0.0</coordinates>
            </LineString>
        </Placemark>
        <Placemark id="7232">
            <name>Jalan Dewi Sartika</name>
            <styleUrl>#7233</styleUrl>
            <LineString id="7231">
                <coordinates>107.6059454,-6.9273849,0.0 107.6059791,-6.9270185,0.0 107.6059757,-6.9268782,0.0 107.6059805,-6.9267319,0.0 107.6059951,-6.9265345,0.0 107.6060102,-6.926383,0.0 107.6060764,-6.9256868,0.0</coordinates>
            </LineString>
        </Placemark>
        <Placemark id="7236">
            <name>Jalan Pajajaran</name>
            <styleUrl>#7237</styleUrl>
            <LineString id="7235">
                <coordinates>107.5978766,-6.9065641,0.0 107.5979786,-6.9065883,0.0 107.5982101,-6.9066424,0.0 107.5983334,-6.9066643,0.0 107.5987941,-6.906746,0.0</coordinates>
            </LineString>
        </Placemark>
        <Placemark id="7240">
            <name>Jalan Wastukancana</name>
            <styleUrl>#7241</styleUrl>
            <LineString id="7239">
                <coordinates>107.608135,-6.9090242,0.0 107.6079856,-6.9088682,0.0 107.6079388,-6.9087953,0.0 107.6078779,-6.9086773,0.0 107.6078276,-6.9085634,0.0 107.6077911,-6.9084463,0.0 107.6076596,-6.9080052,0.0</coordinates>
            </LineString>
        </Placemark>
        <Placemark id="7244">
            <name>Jalan Abdul Rivai</name>
            <styleUrl>#7245</styleUrl>
            <LineString id="7243">
                <coordinates>107.6029269,-6.904267,0.0 107.6031396,-6.9043088,0.0 107.6032112,-6.9043137,0.0 107.6041669,-6.9042924,0.0 107.6041892,-6.9042919,0.0 107.60432,-6.9042886,0.0</coordinates>
            </LineString>
        </Placemark>
        <Placemark id="7248">
            <name>Jalan Wastukancana</name>
            <styleUrl>#7249</styleUrl>
            <LineString id="7247">
                <coordinates>107.6077246,-6.9060495,0.0 107.6077494,-6.9061802,0.0 107.6077784,-6.906285,0.0 107.6078246,-6.906372,0.0 107.607872,-6.9064327,0.0 107.6079412,-6.9065104,0.0</coordinates>
            </LineString>
        </Placemark>
        <Placemark id="7252">
            <name>Jalan Dewi Sartika</name>
            <styleUrl>#7253</styleUrl>
            <LineString id="7251">
                <coordinates>107.6060764,-6.9256868,0.0 107.6061378,-6.9250253,0.0 107.6061983,-6.9243822,0.0 107.6062071,-6.924326,0.0 107.6062157,-6.9242858,0.0 107.6062271,-6.9242427,0.0 107.6062411,-6.9241764,0.0 107.6062448,-6.9241528,0.0 107.6062731,-6.9238523,0.0 107.6063064,-6.9235364,0.0</coordinates>
            </LineString>
        </Placemark>
        <Placemark id="7256">
            <name>Jalan Wastukancana</name>
            <styleUrl>#7257</styleUrl>
            <LineString id="7255">
                <coordinates>107.6090309,-6.9137833,0.0 107.6090355,-6.9136767,0.0 107.609036,-6.9135295,0.0 107.6090452,-6.9130028,0.0 107.6090502,-6.9127472,0.0 107.6090523,-6.9126675,0.0 107.6090858,-6.9111585,0.0 107.6090891,-6.9110401,0.0 107.6090928,-6.9109499,0.0 107.6090952,-6.910906,0.0 107.6090943,-6.9108169,0.0 107.6090871,-6.9107051,0.0 107.6090715,-6.9106208,0.0 107.609044,-6.9105515,0.0</coordinates>
            </LineString>
        </Placemark>
        <Placemark id="7260">
            <name>Jalan Mohammad Toha</name>
            <styleUrl>#7261</styleUrl>
            <LineString id="7259">
                <coordinates>107.6061651,-6.9376173,0.0 107.6061748,-6.9375256,0.0</coordinates>
            </LineString>
        </Placemark>
        <Placemark id="7264">
            <name>Jalan Perintis Kemerdekaan</name>
            <styleUrl>#7265</styleUrl>
            <LineString id="7263">
                <coordinates>107.6070945,-6.9151362,0.0 107.6071194,-6.9149776,0.0 107.6071865,-6.9145473,0.0 107.6071931,-6.9145156,0.0</coordinates>
            </LineString>
        </Placemark>
        <Placemark id="7268">
            <name>Jalan HOS. Cokroaminoto</name>
            <styleUrl>#7269</styleUrl>
            <LineString id="7267">
                <coordinates>107.5976288,-6.9073749,0.0 107.5976476,-6.9072399,0.0 107.5976545,-6.9071624,0.0 107.5976396,-6.9068592,0.0 107.5976232,-6.9066483,0.0 107.5976301,-6.9066034,0.0 107.5976524,-6.9065823,0.0 107.5976833,-6.9065748,0.0 107.5977255,-6.9065767,0.0 107.597784,-6.9065777,0.0 107.5978766,-6.9065641,0.0</coordinates>
            </LineString>
        </Placemark>
        <Placemark id="7272">
            <name>Jalan Perintis Kemerdekaan</name>
            <styleUrl>#7273</styleUrl>
            <LineString id="7271">
                <coordinates>107.6089516,-6.913844,0.0 107.6089581,-6.9138231,0.0 107.6089707,-6.9138051,0.0 107.6089882,-6.9137917,0.0 107.6090089,-6.9137842,0.0 107.6090309,-6.9137833,0.0</coordinates>
            </LineString>
        </Placemark>
        <Placemark id="7276">
            <name>Jalan Soekarno-Hatta</name>
            <styleUrl>#7277</styleUrl>
            <LineString id="7275">
                <coordinates>107.619664,-6.9491378,0.0 107.6192566,-6.9491082,0.0 107.6191444,-6.9491,0.0 107.6190348,-6.9490929,0.0 107.6183449,-6.9490419,0.0 107.6180229,-6.9490185,0.0 107.6177428,-6.9489982,0.0 107.6176728,-6.9489931,0.0 107.6161768,-6.9488844,0.0 107.6149066,-6.9487921,0.0 107.6146214,-6.9487713,0.0 107.6144956,-6.9487622,0.0 107.6140649,-6.9487309,0.0 107.6138203,-6.9487131,0.0 107.6137002,-6.9487044,0.0 107.6135696,-6.9486949,0.0 107.612919,-6.9486476,0.0 107.6124407,-6.9486128,0.0</coordinates>
            </LineString>
        </Placemark>
        <Placemark id="7280">
            <name>Jalan Mohammad Toha</name>
            <styleUrl>#7281</styleUrl>
            <LineString id="7279">
                <coordinates>107.6094437,-6.9483822,0.0 107.6094101,-6.9482727,0.0</coordinates>
            </LineString>
        </Placemark>
        <Placemark id="7284">
            <name>Jalan Mohammad Toha</name>
            <styleUrl>#7285</styleUrl>
            <LineString id="7283">
                <coordinates>107.6086676,-6.9461425,0.0 107.6086093,-6.945971,0.0 107.6085871,-6.9459059,0.0 107.608562,-6.9458321,0.0 107.6085284,-6.9457333,0.0 107.6084824,-6.9455982,0.0 107.6084779,-6.9455849,0.0 107.6084496,-6.9455018,0.0 107.608427,-6.9454354,0.0 107.608407,-6.9453744,0.0 107.6083491,-6.945205,0.0 107.6082597,-6.9449435,0.0 107.6082426,-6.9448934,0.0 107.6082103,-6.9447985,0.0 107.6080915,-6.9444492,0.0 107.6079672,-6.944084,0.0 107.6078706,-6.9438055,0.0 107.607766,-6.9435054,0.0 107.6077347,-6.9434128,0.0 107.607677,-6.9432421,0.0 107.6076477,-6.9431556,0.0</coordinates>
            </LineString>
        </Placemark>
        <Placemark id="7288">
            <name>Jalan Pajajaran</name>
            <styleUrl>#7289</styleUrl>
            <LineString id="7287">
                <coordinates>107.601582,-6.9069752,0.0 107.6018374,-6.9069939,0.0 107.6022676,-6.9070278,0.0 107.6024088,-6.9070386,0.0 107.6028154,-6.9070698,0.0 107.6030906,-6.9070909,0.0 107.6042719,-6.9071615,0.0 107.6043341,-6.9071602,0.0 107.6043882,-6.9071529,0.0</coordinates>
            </LineString>
        </Placemark>
        <Placemark id="7292">
            <name>Jalan Dewi Sartika</name>
            <styleUrl>#7293</styleUrl>
            <LineString id="7291">
                <coordinates>107.6063064,-6.9235364,0.0 107.6063176,-6.9234981,0.0 107.6063289,-6.9234418,0.0 107.6063543,-6.9231005,0.0 107.6063668,-6.9228999,0.0 107.6063912,-6.9225658,0.0 107.606396,-6.9224934,0.0 107.6064134,-6.9224385,0.0 107.6064448,-6.9224162,0.0</coordinates>
            </LineString>
        </Placemark>
        <Placemark id="7296">
            <name>Jalan Dalem Kaum</name>
            <styleUrl>#7297</styleUrl>
            <LineString id="7295">
                <coordinates>107.6065203,-6.9224203,0.0 107.607062,-6.9224762,0.0 107.6073353,-6.9225078,0.0 107.6074316,-6.9225178,0.0 107.6075166,-6.9225267,0.0</coordinates>
            </LineString>
        </Placemark>
        <Placemark id="7300">
            <name>Jalan Asia Afrika</name>
            <styleUrl>#7301</styleUrl>
            <LineString id="7299">
                <coordinates>107.607195,-6.9211421,0.0 107.6071709,-6.9211388,0.0 107.6071309,-6.9211347,0.0</coordinates>
            </LineString>
        </Placemark>
        <Placemark id="7304">
            <name>Jalan Banceuy</name>
            <styleUrl>#7305</styleUrl>
            <LineString id="7303">
                <coordinates>107.6066765,-6.9189704,0.0 107.6066529,-6.9187736,0.0 107.6066404,-6.9187122,0.0 107.6065971,-6.9184998,0.0 107.6065387,-6.9182135,0.0 107.6064269,-6.9177836,0.0 107.6063839,-6.9176215,0.0 107.6063193,-6.9173781,0.0 107.6061407,-6.9166856,0.0 107.6061393,-6.916603,0.0 107.6061807,-6.9164983,0.0 107.6064568,-6.916225,0.0 107.6064947,-6.9161623,0.0 107.6065161,-6.9160865,0.0 107.6065461,-6.9155971,0.0 107.6065499,-6.9154703,0.0</coordinates>
            </LineString>
        </Placemark>
        <Placemark id="7308">
            <name>Jalan Wastukancana</name>
            <styleUrl>#7309</styleUrl>
            <LineString id="7307">
                <coordinates>107.604907,-6.904268,0.0 107.6050035,-6.9041885,0.0 107.6051531,-6.9040927,0.0 107.605225,-6.9040549,0.0 107.6052645,-6.9040341,0.0 107.605369,-6.9039986,0.0 107.6054495,-6.9039862,0.0 107.6055461,-6.9039795,0.0 107.6056396,-6.9039773,0.0 107.6058035,-6.9039995,0.0 107.6059967,-6.9040381,0.0 107.6061616,-6.9040807,0.0 107.606306,-6.9041384,0.0 107.6063615,-6.9041606,0.0 107.6065841,-6.9042698,0.0</coordinates>
            </LineString>
        </Placemark>
        <Placemark id="7312">
            <name>Jalan Pungkur</name>
            <styleUrl>#7313</styleUrl>
            <LineString id="7311">
                <coordinates>107.6070558,-6.9274889,0.0 107.6070021,-6.9274842,0.0 107.6062469,-6.9274175,0.0</coordinates>
            </LineString>
        </Placemark>
        <Placemark id="7316">
            <name>Jalan Cihampelas</name>
            <styleUrl>#7317</styleUrl>
            <LineString id="7315">
                <coordinates>107.6043867,-6.9048271,0.0 107.6043543,-6.9047176,0.0 107.6043435,-6.9046277,0.0</coordinates>
            </LineString>
        </Placemark>
        <Placemark id="7320">
            <name>Jalan HOS. Cokroaminoto</name>
            <styleUrl>#7321</styleUrl>
            <LineString id="7319">
                <coordinates>107.5979313,-6.9116207,0.0 107.5979188,-6.9114098,0.0 107.5978086,-6.909947,0.0 107.5978015,-6.9098566,0.0 107.5977774,-6.9094546,0.0 107.5977427,-6.9089045,0.0 107.5976909,-6.9082042,0.0 107.5976849,-6.9081059,0.0 107.5976772,-6.9080121,0.0 107.5976288,-6.9073749,0.0</coordinates>
            </LineString>
        </Placemark>
        <Placemark id="7324">
            <name>Jalan HOS. Cokroaminoto</name>
            <styleUrl>#7325</styleUrl>
            <LineString id="7323">
                <coordinates>107.5979805,-6.912262,0.0 107.5979469,-6.9117824,0.0</coordinates>
            </LineString>
        </Placemark>
        <Placemark id="7328">
            <name>Jalan Suniaraja</name>
            <styleUrl>#7329</styleUrl>
            <LineString id="7327">
                <coordinates>107.6059861,-6.9155367,0.0 107.6057907,-6.9155809,0.0 107.6055816,-6.9156321,0.0 107.6054049,-6.9156698,0.0 107.605226,-6.9157035,0.0 107.6046673,-6.9158052,0.0 107.6045054,-6.9158364,0.0</coordinates>
            </LineString>
        </Placemark>
        <Placemark id="7332">
            <name>Jalan Buah Batu</name>
            <styleUrl>#7333</styleUrl>
            <LineString id="7331">
                <coordinates>107.6386665,-6.9617054,0.0 107.6388826,-6.9608672,0.0 107.6389139,-6.9607576,0.0 107.6389753,-6.9605419,0.0 107.6389816,-6.9605139,0.0 107.6390401,-6.9602238,0.0 107.6392594,-6.9591243,0.0 107.6393282,-6.95883,0.0 107.6393776,-6.9586036,0.0 107.6393964,-6.9585102,0.0 107.6394805,-6.9581537,0.0 107.6395042,-6.9580165,0.0 107.6395144,-6.9579242,0.0 107.6395155,-6.9576826,0.0 107.6395027,-6.9575622,0.0 107.6394639,-6.9571887,0.0 107.6394449,-6.9570431,0.0 107.6394085,-6.9568573,0.0 107.6391698,-6.9554214,0.0 107.6391258,-6.9549275,0.0 107.6390705,-6.9545755,0.0 107.6390188,-6.9543956,0.0 107.6389417,-6.9541903,0.0 107.638864,-6.9540275,0.0</coordinates>
            </LineString>
        </Placemark>
        <Placemark id="7336">
            <name>Jalan Abdul Rivai</name>
            <styleUrl>#7337</styleUrl>
            <LineString id="7335">
                <coordinates>107.6025713,-6.9045005,0.0 107.60248,-6.9044983,0.0</coordinates>
            </LineString>
        </Placemark>
        <Placemark id="7340">
            <name>Jalan Abdul Rivai</name>
            <styleUrl>#7341</styleUrl>
            <LineString id="7339">
                <coordinates>107.6026381,-6.9042582,0.0 107.6029269,-6.904267,0.0</coordinates>
            </LineString>
        </Placemark>
        <Placemark id="7344">
            <name>Jalan Pajajaran</name>
            <styleUrl>#7345</styleUrl>
            <LineString id="7343">
                <coordinates>107.6076596,-6.9080052,0.0 107.607602,-6.9079117,0.0 107.607563,-6.9078579,0.0 107.607537,-6.907823,0.0 107.607465,-6.9077399,0.0 107.6073865,-6.9076628,0.0</coordinates>
            </LineString>
        </Placemark>
        <Placemark id="7348">
            <name>Jalan Mohammad Toha</name>
            <styleUrl>#7349</styleUrl>
            <LineString id="7347">
                <coordinates>107.6061483,-6.9378682,0.0 107.6061566,-6.9377293,0.0 107.6061595,-6.9376808,0.0 107.6061651,-6.9376173,0.0</coordinates>
            </LineString>
        </Placemark>
        <Placemark id="7352">
            <name>Jalan Buah Batu</name>
            <styleUrl>#7353</styleUrl>
            <LineString id="7351">
                <coordinates>107.6350741,-6.9497625,0.0 107.6350155,-6.9497023,0.0 107.634757,-6.9494368,0.0 107.6343379,-6.9490065,0.0 107.6341242,-6.9487869,0.0 107.6336417,-6.9483304,0.0</coordinates>
            </LineString>
        </Placemark>
        <Placemark id="7356">
            <name>Jalan Buah Batu</name>
            <styleUrl>#7357</styleUrl>
            <LineString id="7355">
                <coordinates>107.6387331,-6.9537311,0.0 107.6387208,-6.9537047,0.0</coordinates>
            </LineString>
        </Placemark>
        <Placemark id="7360">
            <name>Jalan Terusan Bojongsoang</name>
            <styleUrl>#7361</styleUrl>
            <LineString id="7359">
                <coordinates>107.6328922,-6.9855671,0.0 107.6328659,-6.9857289,0.0 107.6328247,-6.9859824,0.0 107.6327896,-6.9861987,0.0 107.6327571,-6.9863987,0.0 107.6326896,-6.9868137,0.0 107.6326529,-6.987015,0.0 107.6324776,-6.987975,0.0 107.6324363,-6.9883896,0.0 107.6324078,-6.9888436,0.0 107.632341,-6.9892213,0.0 107.6323057,-6.9893722,0.0 107.63227,-6.9894981,0.0 107.6322368,-6.9895932,0.0</coordinates>
            </LineString>
        </Placemark>
        <Placemark id="7364">
            <name>Jalan Pajajaran</name>
            <styleUrl>#7365</styleUrl>
            <LineString id="7363">
                <coordinates>107.6053829,-6.907135,0.0 107.6051824,-6.9071438,0.0 107.6051387,-6.9071446,0.0 107.6045501,-6.9071569,0.0 107.6045,-6.907158,0.0</coordinates>
            </LineString>
        </Placemark>
        <Placemark id="7368">
            <name>Jalan Mohammad Toha</name>
            <styleUrl>#7369</styleUrl>
            <LineString id="7367">
                <coordinates>107.6061749,-6.938344,0.0 107.6061574,-6.9383237,0.0 107.6061507,-6.9383009,0.0 107.6061483,-6.9378682,0.0</coordinates>
            </LineString>
        </Placemark>
        <Placemark id="7372">
            <name>Jalan Buah Batu</name>
            <styleUrl>#7373</styleUrl>
            <LineString id="7371">
                <coordinates>107.638864,-6.9540275,0.0 107.6387331,-6.9537311,0.0</coordinates>
            </LineString>
        </Placemark>
        <Placemark id="7376">
            <name>Route Segment</name>
            <styleUrl>#7377</styleUrl>
            <LineString id="7375">
                <coordinates>107.633615,-6.9828912,0.0 107.6335984,-6.9828182,0.0 107.6335852,-6.9827739,0.0 107.6335642,-6.9827308,0.0 107.6335392,-6.9826922,0.0 107.6335062,-6.9826547,0.0 107.6334707,-6.9826159,0.0 107.6334271,-6.982576,0.0</coordinates>
            </LineString>
        </Placemark>
        <Placemark id="7380">
            <name>Jalan Terusan Bojongsoang</name>
            <styleUrl>#7381</styleUrl>
            <LineString id="7379">
                <coordinates>107.6322368,-6.9895932,0.0 107.6320736,-6.9900649,0.0</coordinates>
            </LineString>
        </Placemark>
        <Placemark id="7384">
            <name>Jalan Terusan Bojongsoang</name>
            <styleUrl>#7385</styleUrl>
            <LineString id="7383">
                <coordinates>107.6313361,-6.9924993,0.0 107.6310419,-6.9935157,0.0</coordinates>
            </LineString>
        </Placemark>
        <Placemark id="7388">
            <name>Jalan Mohammad Toha</name>
            <styleUrl>#7389</styleUrl>
            <LineString id="7387">
                <coordinates>107.6061748,-6.9375256,0.0 107.6061856,-6.9374395,0.0</coordinates>
            </LineString>
        </Placemark>
        <Placemark id="7392">
            <name>Jalan Suniaraja</name>
            <styleUrl>#7393</styleUrl>
            <LineString id="7391">
                <coordinates>107.6065499,-6.9154703,0.0 107.6064784,-6.9154686,0.0 107.6063683,-6.9154661,0.0 107.6059861,-6.9155367,0.0</coordinates>
            </LineString>
        </Placemark>
        <Placemark id="7396">
            <name>Jalan Mohammad Toha</name>
            <styleUrl>#7397</styleUrl>
            <LineString id="7395">
                <coordinates>107.6062104,-6.9372527,0.0 107.6062327,-6.936977,0.0 107.606243,-6.936943,0.0 107.6062697,-6.9369192,0.0</coordinates>
            </LineString>
        </Placemark>
        <Placemark id="7400">
            <name>Jalan Cicendo</name>
            <styleUrl>#7401</styleUrl>
            <LineString id="7399">
                <coordinates>107.6039561,-6.9125447,0.0 107.603934,-6.912602,0.0 107.6039133,-6.9126367,0.0 107.603885,-6.9126611,0.0</coordinates>
            </LineString>
        </Placemark>
        <Placemark id="7404">
            <name>Jalan Stasiun Timur</name>
            <styleUrl>#7405</styleUrl>
            <LineString id="7403">
                <coordinates>107.606909,-6.9153005,0.0 107.6070035,-6.9152646,0.0 107.6070659,-6.9152151,0.0 107.6070945,-6.9151362,0.0</coordinates>
            </LineString>
        </Placemark>
        <Placemark id="7408">
            <name>Jalan Buah Batu</name>
            <styleUrl>#7409</styleUrl>
            <LineString id="7407">
                <coordinates>107.6360573,-6.9507711,0.0 107.6356442,-6.9503479,0.0 107.6355777,-6.9502796,0.0 107.6355108,-6.9502109,0.0 107.6350741,-6.9497625,0.0</coordinates>
            </LineString>
        </Placemark>
        <Placemark id="7412">
            <name>Jalan Pajajaran</name>
            <styleUrl>#7413</styleUrl>
            <LineString id="7411">
                <coordinates>107.5987941,-6.906746,0.0 107.5992067,-6.9068065,0.0 107.599567,-6.9068341,0.0</coordinates>
            </LineString>
        </Placemark>
        <Placemark id="7416">
            <name>Jalan Pajajaran</name>
            <styleUrl>#7417</styleUrl>
            <LineString id="7415">
                <coordinates>107.6043882,-6.9071529,0.0 107.604396,-6.9071341,0.0 107.6044099,-6.9071192,0.0 107.6044282,-6.9071102,0.0</coordinates>
            </LineString>
        </Placemark>
        <Placemark id="7420">
            <name>Jalan Pajajaran</name>
            <styleUrl>#7421</styleUrl>
            <LineString id="7419">
                <coordinates>107.6045,-6.907158,0.0 107.6044996,-6.907174,0.0 107.6044946,-6.9071893,0.0 107.6044854,-6.9072025,0.0 107.6044728,-6.9072125,0.0 107.6044578,-6.9072185,0.0 107.6044417,-6.9072201,0.0</coordinates>
            </LineString>
        </Placemark>
        <Placemark id="7424">
            <name>Jalan Buah Batu</name>
            <styleUrl>#7425</styleUrl>
            <LineString id="7423">
                <coordinates>107.6379965,-6.9653319,0.0 107.6379752,-6.965271,0.0 107.638018,-6.9650165,0.0 107.6380564,-6.964786,0.0 107.638173,-6.9641351,0.0 107.6383343,-6.963244,0.0 107.6384096,-6.9628915,0.0 107.6385207,-6.962347,0.0</coordinates>
            </LineString>
        </Placemark>
        <Placemark id="7428">
            <name>Jalan Wastukancana</name>
            <styleUrl>#7429</styleUrl>
            <LineString id="7427">
                <coordinates>107.607556,-6.9054463,0.0 107.6075644,-6.9054686,0.0</coordinates>
            </LineString>
        </Placemark>
        <Placemark id="7432">
            <name>Jalan Soekarno-Hatta</name>
            <styleUrl>#7433</styleUrl>
            <LineString id="7431">
                <coordinates>107.6239296,-6.9494823,0.0 107.6236959,-6.9494674,0.0 107.6235803,-6.9494601,0.0 107.6233149,-6.9494323,0.0 107.6232386,-6.9494267,0.0 107.6228429,-6.9493842,0.0 107.6224799,-6.9493473,0.0 107.6222456,-6.9493211,0.0 107.6220608,-6.949308,0.0 107.6219865,-6.9493019,0.0</coordinates>
            </LineString>
        </Placemark>
        <Placemark id="7436">
            <name>Jalan Wastukancana</name>
            <styleUrl>#7437</styleUrl>
            <LineString id="7435">
                <coordinates>107.609044,-6.9105515,0.0 107.6088855,-6.9102984,0.0</coordinates>
            </LineString>
        </Placemark>
        <Placemark id="7440">
            <name>Jalan Otto Iskandardinata</name>
            <styleUrl>#7441</styleUrl>
            <LineString id="7439">
                <coordinates>107.6045054,-6.9158364,0.0 107.6045124,-6.9157548,0.0 107.6045273,-6.915589,0.0 107.604546,-6.9153572,0.0</coordinates>
            </LineString>
        </Placemark>
        <Placemark id="7444">
            <name>Jalan Terusan Bojongsoang</name>
            <styleUrl>#7445</styleUrl>
            <LineString id="7443">
                <coordinates>107.6310419,-6.9935157,0.0 107.6309877,-6.9937096,0.0</coordinates>
            </LineString>
        </Placemark>
        <Placemark id="7448">
            <name>Jalan Mohammad Toha</name>
            <styleUrl>#7449</styleUrl>
            <LineString id="7447">
                <coordinates>107.6094101,-6.9482727,0.0 107.6093038,-6.9479813,0.0</coordinates>
            </LineString>
        </Placemark>
        <Placemark id="7452">
            <name>Jalan Buah Batu</name>
            <styleUrl>#7453</styleUrl>
            <LineString id="7451">
                <coordinates>107.6386178,-6.961928,0.0 107.6386665,-6.9617054,0.0</coordinates>
            </LineString>
        </Placemark>
        <Placemark id="7456">
            <name>Jalan Buah Batu</name>
            <styleUrl>#7457</styleUrl>
            <LineString id="7455">
                <coordinates>107.6386038,-6.9620044,0.0 107.6386178,-6.961928,0.0</coordinates>
            </LineString>
        </Placemark>
        <Placemark id="7460">
            <name>Jalan Buah Batu</name>
            <styleUrl>#7461</styleUrl>
            <LineString id="7459">
                <coordinates>107.6385207,-6.962347,0.0 107.6385812,-6.9621025,0.0 107.6386038,-6.9620044,0.0</coordinates>
            </LineString>
        </Placemark>
        <Placemark id="7464">
            <name>Jalan Raya Bojongsoang</name>
            <styleUrl>#7465</styleUrl>
            <LineString id="7463">
                <coordinates>107.6368934,-6.9701783,0.0 107.6368245,-6.9704403,0.0 107.6367566,-6.9706618,0.0 107.6367317,-6.9707871,0.0 107.6366699,-6.9710324,0.0 107.6366614,-6.971059,0.0 107.6365939,-6.9713026,0.0 107.6365819,-6.9713462,0.0 107.6365553,-6.9714433,0.0 107.6364823,-6.9717147,0.0 107.6363461,-6.9721812,0.0 107.636329,-6.9722306,0.0 107.6363081,-6.9723012,0.0 107.6362682,-6.9724362,0.0</coordinates>
            </LineString>
        </Placemark>
        <Placemark id="7468">
            <name>Jalan Raya Bojongsoang</name>
            <styleUrl>#7469</styleUrl>
            <LineString id="7467">
                <coordinates>107.6362682,-6.9724362,0.0 107.6362346,-6.9725688,0.0 107.636209,-6.9726819,0.0 107.6361683,-6.9728419,0.0 107.6361478,-6.9729226,0.0 107.6360627,-6.9732596,0.0 107.6359274,-6.9737582,0.0 107.6357541,-6.9743918,0.0 107.6356773,-6.9746727,0.0</coordinates>
            </LineString>
        </Placemark>
        <Placemark id="7472">
            <name>Jalan Raya Bojongsoang</name>
            <styleUrl>#7473</styleUrl>
            <LineString id="7471">
                <coordinates>107.6356773,-6.9746727,0.0 107.6355974,-6.9749692,0.0 107.6355497,-6.9751353,0.0 107.6355355,-6.9751827,0.0 107.6355279,-6.9752078,0.0 107.6354421,-6.9755257,0.0 107.6354001,-6.9756899,0.0 107.6353506,-6.9758765,0.0 107.6353405,-6.9759145,0.0 107.6352574,-6.9762278,0.0 107.6352127,-6.9763963,0.0 107.6348432,-6.9777891,0.0 107.6345295,-6.9789719,0.0 107.6345019,-6.9790759,0.0</coordinates>
            </LineString>
        </Placemark>
        <Placemark id="7476">
            <name>Jalan Raya Bojongsoang</name>
            <styleUrl>#7477</styleUrl>
            <LineString id="7475">
                <coordinates>107.6345019,-6.9790759,0.0 107.6344946,-6.9791121,0.0 107.6343461,-6.9796139,0.0 107.634329,-6.9796715,0.0 107.6342743,-6.9798563,0.0 107.6342581,-6.9799109,0.0 107.6341755,-6.9801901,0.0 107.6341706,-6.9802082,0.0 107.6341456,-6.9803001,0.0 107.6341275,-6.9803984,0.0 107.6341206,-6.9804782,0.0 107.6341262,-6.9806244,0.0 107.6341369,-6.980772,0.0 107.6341523,-6.9810824,0.0 107.634147,-6.981186,0.0 107.6341207,-6.9813165,0.0 107.6340806,-6.9814577,0.0 107.6340129,-6.9816639,0.0 107.6340009,-6.9816991,0.0 107.6339781,-6.9817662,0.0 107.6339127,-6.981957,0.0 107.6338707,-6.9820795,0.0 107.6337834,-6.9822627,0.0</coordinates>
            </LineString>
        </Placemark>
        <Placemark id="7480">
            <name>Jalan Stasiun Timur</name>
            <styleUrl>#7481</styleUrl>
            <LineString id="7479">
                <coordinates>107.6064066,-6.9149399,0.0 107.6065239,-6.9149519,0.0 107.6066003,-6.9149924,0.0 107.6066521,-6.9150384,0.0 107.6067855,-6.9152656,0.0 107.6068306,-6.9152963,0.0 107.606909,-6.9153005,0.0</coordinates>
            </LineString>
        </Placemark>
        <Placemark id="7484">
            <name>Jalan Soekarno-Hatta</name>
            <styleUrl>#7485</styleUrl>
            <LineString id="7483">
                <coordinates>107.6214774,-6.9492594,0.0 107.6213965,-6.949255,0.0</coordinates>
            </LineString>
        </Placemark>
        <Placemark id="7488">
            <name>Jalan Wastukancana</name>
            <styleUrl>#7489</styleUrl>
            <LineString id="7487">
                <coordinates>107.6047378,-6.9043028,0.0 107.604907,-6.904268,0.0</coordinates>
            </LineString>
        </Placemark>
        <Placemark id="7492">
            <name>Jalan Wastukancana</name>
            <styleUrl>#7493</styleUrl>
            <LineString id="7491">
                <coordinates>107.6045194,-6.9042857,0.0 107.6045928,-6.9042871,0.0 107.6046289,-6.9042878,0.0 107.6047378,-6.9043028,0.0</coordinates>
            </LineString>
        </Placemark>
        <Placemark id="7496">
            <name>Jalan Wastukancana</name>
            <styleUrl>#7497</styleUrl>
            <LineString id="7495">
                <coordinates>107.6074587,-6.9052269,0.0 107.607556,-6.9054463,0.0</coordinates>
            </LineString>
        </Placemark>
        <Placemark id="7500">
            <name>Jalan Asia Afrika</name>
            <styleUrl>#7501</styleUrl>
            <LineString id="7499">
                <coordinates>107.6069008,-6.9211076,0.0 107.6066769,-6.9210774,0.0 107.6064585,-6.9210512,0.0</coordinates>
            </LineString>
        </Placemark>
        <Placemark id="7504">
            <name>Jalan Kebon Kawung</name>
            <styleUrl>#7505</styleUrl>
            <LineString id="7503">
                <coordinates>107.603885,-6.9126611,0.0 107.6038515,-6.9126567,0.0 107.6036069,-6.9126444,0.0 107.6032433,-6.9126176,0.0 107.6029824,-6.9125986,0.0 107.6029303,-6.9125954,0.0 107.6027169,-6.9125813,0.0 107.6024779,-6.9125651,0.0 107.6023535,-6.9125612,0.0 107.6022742,-6.9125566,0.0 107.6020122,-6.91254,0.0</coordinates>
            </LineString>
        </Placemark>
        <Placemark id="7508">
            <name>Jalan Kebon Kawung</name>
            <styleUrl>#7509</styleUrl>
            <LineString id="7507">
                <coordinates>107.6020122,-6.91254,0.0 107.6019305,-6.9125353,0.0</coordinates>
            </LineString>
        </Placemark>
        <Placemark id="7512">
            <name>Jalan Soekarno-Hatta</name>
            <styleUrl>#7513</styleUrl>
            <LineString id="7511">
                <coordinates>107.6097349,-6.9483987,0.0 107.6094437,-6.9483822,0.0</coordinates>
            </LineString>
        </Placemark>
        <Placemark id="7516">
            <name>Jalan Soekarno-Hatta</name>
            <styleUrl>#7517</styleUrl>
            <LineString id="7515">
                <coordinates>107.6124407,-6.9486128,0.0 107.6123629,-6.9486072,0.0 107.612094,-6.9485877,0.0 107.6112361,-6.9485253,0.0 107.6097349,-6.9483987,0.0</coordinates>
            </LineString>
        </Placemark>
        <Placemark id="7520">
            <name>Jalan Soekarno-Hatta</name>
            <styleUrl>#7521</styleUrl>
            <LineString id="7519">
                <coordinates>107.6273421,-6.9495018,0.0 107.6270133,-6.9495231,0.0 107.6269664,-6.9495257,0.0 107.6267032,-6.9495414,0.0 107.6266189,-6.949547,0.0 107.6264304,-6.9495584,0.0</coordinates>
            </LineString>
        </Placemark>
        <Placemark id="7524">
            <name>Jalan Soekarno-Hatta</name>
            <styleUrl>#7525</styleUrl>
            <LineString id="7523">
                <coordinates>107.6264304,-6.9495584,0.0 107.626314,-6.9495624,0.0 107.626127,-6.9495688,0.0 107.6259917,-6.9495692,0.0</coordinates>
            </LineString>
        </Placemark>
        <Placemark id="7528">
            <name>Jalan Dokter Gunawan Mangunkusumo</name>
            <styleUrl>#7529</styleUrl>
            <LineString id="7527">
                <coordinates>107.6015193,-6.9048777,0.0 107.601477,-6.9048314,0.0 107.6014447,-6.9047821,0.0 107.6014325,-6.9047281,0.0 107.6014033,-6.9046523,0.0</coordinates>
            </LineString>
        </Placemark>
        <Placemark id="7532">
            <name>Jalan Dokter Gunawan Mangunkusumo</name>
            <styleUrl>#7533</styleUrl>
            <LineString id="7531">
                <coordinates>107.6014361,-6.9042205,0.0 107.6014608,-6.9041341,0.0 107.6014781,-6.9040737,0.0 107.6015129,-6.9040116,0.0 107.6015648,-6.9039262,0.0 107.6016549,-6.9038742,0.0 107.6017487,-6.9038567,0.0</coordinates>
            </LineString>
        </Placemark>
        <Placemark id="7536">
            <name>Jalan Mohammad Toha</name>
            <styleUrl>#7537</styleUrl>
            <LineString id="7535">
                <coordinates>107.6076477,-6.9431556,0.0 107.6075689,-6.9429228,0.0 107.6074989,-6.9427159,0.0 107.6074151,-6.942468,0.0 107.6074044,-6.9424365,0.0 107.6073267,-6.9422067,0.0 107.6072871,-6.9420857,0.0 107.6072103,-6.9418515,0.0 107.6071736,-6.9417393,0.0 107.6070094,-6.9412381,0.0 107.606932,-6.9410019,0.0 107.6068982,-6.9408986,0.0 107.6067904,-6.9405695,0.0 107.6067424,-6.9404231,0.0 107.6066617,-6.9401765,0.0 107.6066129,-6.9400276,0.0 107.6065833,-6.9399373,0.0 107.6065081,-6.9397106,0.0 107.6064373,-6.939497,0.0 107.6063207,-6.9391297,0.0 107.6063015,-6.9390693,0.0 107.6062885,-6.939027,0.0 107.6062755,-6.9389847,0.0 107.6062595,-6.9389365,0.0 107.6062399,-6.9388618,0.0 107.6062007,-6.9387072,0.0 107.6061889,-6.9386548,0.0 107.6061828,-6.9385203,0.0 107.6061749,-6.938344,0.0</coordinates>
            </LineString>
        </Placemark>
        <Placemark id="7540">
            <name>Jalan Dalem Kaum</name>
            <styleUrl>#7541</styleUrl>
            <LineString id="7539">
                <coordinates>107.6064448,-6.9224162,0.0 107.6064668,-6.9224144,0.0 107.6065203,-6.9224203,0.0</coordinates>
            </LineString>
        </Placemark>
        <Placemark id="7544">
            <name>Jalan Wastukancana</name>
            <styleUrl>#7545</styleUrl>
            <LineString id="7543">
                <coordinates>107.6076853,-6.905845,0.0 107.6077246,-6.9060495,0.0</coordinates>
            </LineString>
        </Placemark>
        <Placemark id="7548">
            <name>Jalan Soekarno-Hatta</name>
            <styleUrl>#7549</styleUrl>
            <LineString id="7547">
                <coordinates>107.6213965,-6.949255,0.0 107.6203693,-6.9491853,0.0 107.6200002,-6.9491604,0.0 107.619664,-6.9491378,0.0</coordinates>
            </LineString>
        </Placemark>
        <Placemark id="7552">
            <name>Jalan Mohammad Toha</name>
            <styleUrl>#7553</styleUrl>
            <LineString id="7551">
                <coordinates>107.6061856,-6.9374395,0.0 107.6061929,-6.9373823,0.0 107.6062104,-6.9372527,0.0</coordinates>
            </LineString>
        </Placemark>
        <Placemark id="7556">
            <name>Jalan Soekarno-Hatta</name>
            <styleUrl>#7557</styleUrl>
            <LineString id="7555">
                <coordinates>107.6287343,-6.94934,0.0 107.6284935,-6.9493772,0.0 107.6282584,-6.9494072,0.0 107.6281405,-6.9494245,0.0 107.6277781,-6.9494666,0.0 107.6276794,-6.9494754,0.0 107.6274093,-6.9494954,0.0 107.6273421,-6.9495018,0.0</coordinates>
            </LineString>
        </Placemark>
        <Placemark id="7560">
            <name>Jalan Wastukancana</name>
            <styleUrl>#7561</styleUrl>
            <LineString id="7559">
                <coordinates>107.6070138,-6.9046,0.0 107.6071411,-6.9047305,0.0</coordinates>
            </LineString>
        </Placemark>
        <Placemark id="7564">
            <name>Jalan Wastukancana</name>
            <styleUrl>#7565</styleUrl>
            <LineString id="7563">
                <coordinates>107.6071411,-6.9047305,0.0 107.607265,-6.9048943,0.0 107.607283,-6.9049195,0.0 107.6074067,-6.905129,0.0 107.6074587,-6.9052269,0.0</coordinates>
            </LineString>
        </Placemark>
        <Placemark id="7568">
            <name>Jalan Perintis Kemerdekaan</name>
            <styleUrl>#7569</styleUrl>
            <LineString id="7567">
                <coordinates>107.6073185,-6.9143005,0.0 107.6073396,-6.9142915,0.0 107.6073918,-6.9142744,0.0 107.607494,-6.9142383,0.0 107.6075641,-6.9142136,0.0</coordinates>
            </LineString>
        </Placemark>
        <Placemark id="7572">
            <name>Jalan Mohammad Toha</name>
            <styleUrl>#7573</styleUrl>
            <LineString id="7571">
                <coordinates>107.6093038,-6.9479813,0.0 107.6092951,-6.9479579,0.0 107.6092415,-6.9478107,0.0 107.6091943,-6.9476776,0.0 107.6091509,-6.9475613,0.0 107.6090997,-6.9474124,0.0 107.6090862,-6.9473728,0.0 107.6090786,-6.9473503,0.0 107.6089872,-6.9470817,0.0 107.6087733,-6.946453,0.0 107.6086954,-6.946224,0.0 107.6086676,-6.9461425,0.0</coordinates>
            </LineString>
        </Placemark>
        <Placemark id="7576">
            <name>Jalan Soekarno-Hatta</name>
            <styleUrl>#7577</styleUrl>
            <LineString id="7575">
                <coordinates>107.6259917,-6.9495692,0.0 107.625861,-6.9495663,0.0 107.6252157,-6.9495503,0.0 107.6251112,-6.9495455,0.0 107.6249117,-6.9495363,0.0 107.6245493,-6.9495197,0.0 107.624446,-6.949515,0.0 107.6242225,-6.9495008,0.0 107.6240557,-6.9494902,0.0 107.6239296,-6.9494823,0.0</coordinates>
            </LineString>
        </Placemark>
        <Placemark id="7580">
            <name>Jalan Raya Bojongsoang</name>
            <styleUrl>#7581</styleUrl>
            <LineString id="7579">
                <coordinates>107.6378206,-6.9660771,0.0 107.6379086,-6.9657162,0.0</coordinates>
            </LineString>
        </Placemark>
        <Placemark id="7584">
            <name>Jalan Wastukancana</name>
            <styleUrl>#7585</styleUrl>
            <LineString id="7583">
                <coordinates>107.6069187,-6.9045127,0.0 107.6070138,-6.9046,0.0</coordinates>
            </LineString>
        </Placemark>
        <Placemark id="7588">
            <name>Jalan Wastukancana</name>
            <styleUrl>#7589</styleUrl>
            <LineString id="7587">
                <coordinates>107.6065841,-6.9042698,0.0 107.6067222,-6.904359,0.0 107.6068568,-6.9044553,0.0 107.6069187,-6.9045127,0.0</coordinates>
            </LineString>
        </Placemark>
        <Placemark id="7592">
            <name>Jalan Anggadireja</name>
            <styleUrl>#7593</styleUrl>
            <LineString id="7591">
                <coordinates>107.6261375,-7.0067058,0.0 107.6261404,-7.0063219,0.0 107.6261801,-7.0061732,0.0</coordinates>
            </LineString>
        </Placemark>
        <Placemark id="7596">
            <name>Jalan Asia Afrika</name>
            <styleUrl>#7597</styleUrl>
            <LineString id="7595">
                <coordinates>107.6071309,-6.9211347,0.0 107.6069871,-6.9211172,0.0 107.6069008,-6.9211076,0.0</coordinates>
            </LineString>
        </Placemark>
        <Placemark id="7600">
            <name>Jalan Mohammad Toha</name>
            <styleUrl>#7601</styleUrl>
            <LineString id="7599">
                <coordinates>107.606653,-6.9318519,0.0 107.6066633,-6.9317434,0.0 107.6066965,-6.9314375,0.0 107.606712,-6.9312859,0.0 107.6067621,-6.9307799,0.0 107.6068239,-6.9301306,0.0</coordinates>
            </LineString>
        </Placemark>
        <Placemark id="7604">
            <name>Jalan Anggadireja</name>
            <styleUrl>#7605</styleUrl>
            <LineString id="7603">
                <coordinates>107.6261801,-7.0061732,0.0 107.6261913,-7.0059527,0.0</coordinates>
            </LineString>
        </Placemark>
        <Placemark id="7608">
            <name>Jalan Asia Afrika</name>
            <styleUrl>#7609</styleUrl>
            <LineString id="7607">
                <coordinates>107.607526,-6.921273,0.0 107.6074906,-6.9212574,0.0 107.6073101,-6.9212316,0.0 107.6072565,-6.9212135,0.0 107.607195,-6.9211421,0.0</coordinates>
            </LineString>
        </Placemark>
        <Placemark id="7612">
            <name>Jalan Bojongsoang</name>
            <styleUrl>#7613</styleUrl>
            <LineString id="7611">
                <coordinates>107.6337834,-6.9822627,0.0 107.6336032,-6.9824154,0.0 107.6335002,-6.9825117,0.0</coordinates>
            </LineString>
        </Placemark>
        <Placemark id="7616">
            <name>Jalan Purnawarman</name>
            <styleUrl>#7617</styleUrl>
            <LineString id="7615">
                <coordinates>107.6093359,-6.9068089,0.0 107.6093419,-6.9069882,0.0 107.6093518,-6.9074781,0.0 107.6093559,-6.9075881,0.0 107.609369,-6.9079424,0.0 107.6093694,-6.90798,0.0 107.6093716,-6.9080529,0.0 107.6093728,-6.9080931,0.0 107.6093744,-6.9081456,0.0</coordinates>
            </LineString>
        </Placemark>
        <Placemark id="7620">
            <name>Jalan Bojongsoang</name>
            <styleUrl>#7621</styleUrl>
            <LineString id="7619">
                <coordinates>107.6335002,-6.9825117,0.0 107.6334271,-6.982576,0.0</coordinates>
            </LineString>
        </Placemark>
        <Placemark id="7624">
            <name>Jalan Buah Batu</name>
            <styleUrl>#7625</styleUrl>
            <LineString id="7623">
                <coordinates>107.6379086,-6.9657162,0.0 107.6379887,-6.9653666,0.0 107.6379942,-6.9653424,0.0 107.6379965,-6.9653319,0.0</coordinates>
            </LineString>
        </Placemark>
        <Placemark id="7628">
            <name>Jalan Pungkur</name>
            <styleUrl>#7629</styleUrl>
            <LineString id="7627">
                <coordinates>107.6062469,-6.9274175,0.0 107.6059454,-6.9273849,0.0</coordinates>
            </LineString>
        </Placemark>
        <Placemark id="7632">
            <name>Jalan dr. Rajiman</name>
            <styleUrl>#7633</styleUrl>
            <LineString id="7631">
                <coordinates>107.6017487,-6.9038567,0.0 107.6019828,-6.9038744,0.0 107.6020792,-6.9038905,0.0 107.6021603,-6.9039097,0.0 107.6022132,-6.9039225,0.0 107.6022582,-6.903939,0.0 107.6023051,-6.9039657,0.0 107.6023417,-6.9039985,0.0 107.6023628,-6.9040229,0.0 107.6023856,-6.9040562,0.0 107.6024111,-6.9041015,0.0 107.6024298,-6.9041401,0.0 107.6024466,-6.9041854,0.0</coordinates>
            </LineString>
        </Placemark>
        <Placemark id="7636">
            <name>Jalan Dokter Gunawan Mangunkusumo</name>
            <styleUrl>#7637</styleUrl>
            <LineString id="7635">
                <coordinates>107.6014033,-6.9046523,0.0 107.6014361,-6.9042205,0.0</coordinates>
            </LineString>
        </Placemark>
        <Placemark id="7640">
            <name>Jalan Terusan Bojongsoang</name>
            <styleUrl>#7641</styleUrl>
            <LineString id="7639">
                <coordinates>107.6309877,-6.9937096,0.0 107.6309524,-6.9938605,0.0</coordinates>
            </LineString>
        </Placemark>
        <Placemark id="7644">
            <name>Jalan Terusan Bojongsoang</name>
            <styleUrl>#7645</styleUrl>
            <LineString id="7643">
                <coordinates>107.6309524,-6.9938605,0.0 107.6309343,-6.9939642,0.0</coordinates>
            </LineString>
        </Placemark>
        <Placemark id="7648">
            <name>Jalan Terusan Bojongsoang</name>
            <styleUrl>#7649</styleUrl>
            <LineString id="7647">
                <coordinates>107.6309343,-6.9939642,0.0 107.6308714,-6.9943251,0.0</coordinates>
            </LineString>
        </Placemark>
        <Placemark id="7652">
            <name>Jalan Terusan Bojongsoang</name>
            <styleUrl>#7653</styleUrl>
            <LineString id="7651">
                <coordinates>107.6308714,-6.9943251,0.0 107.6308112,-6.9946948,0.0 107.6307767,-6.9949068,0.0</coordinates>
            </LineString>
        </Placemark>
        <Placemark id="7656">
            <name>Jalan Terusan Bojongsoang</name>
            <styleUrl>#7657</styleUrl>
            <LineString id="7655">
                <coordinates>107.6307767,-6.9949068,0.0 107.6307642,-6.9949973,0.0</coordinates>
            </LineString>
        </Placemark>
        <Placemark id="7660">
            <name>Jalan Terusan Bojongsoang</name>
            <styleUrl>#7661</styleUrl>
            <LineString id="7659">
                <coordinates>107.6307642,-6.9949973,0.0 107.6307513,-6.9951191,0.0</coordinates>
            </LineString>
        </Placemark>
        <Placemark id="7664">
            <name>Jalan Terusan Bojongsoang</name>
            <styleUrl>#7665</styleUrl>
            <LineString id="7663">
                <coordinates>107.6307513,-6.9951191,0.0 107.6307466,-6.995583,0.0</coordinates>
            </LineString>
        </Placemark>
        <Placemark id="7668">
            <name>Jalan Terusan Bojongsoang</name>
            <styleUrl>#7669</styleUrl>
            <LineString id="7667">
                <coordinates>107.6307466,-6.995583,0.0 107.6307627,-6.9957461,0.0 107.6308707,-6.9965927,0.0</coordinates>
            </LineString>
        </Placemark>
        <Placemark id="7672">
            <name>Jalan Terusan Bojongsoang</name>
            <styleUrl>#7673</styleUrl>
            <LineString id="7671">
                <coordinates>107.6308707,-6.9965927,0.0 107.6309236,-6.9968209,0.0 107.6309996,-6.9971489,0.0</coordinates>
            </LineString>
        </Placemark>
        <Placemark id="7676">
            <name>Jalan Terusan Bojongsoang</name>
            <styleUrl>#7677</styleUrl>
            <LineString id="7675">
                <coordinates>107.6309996,-6.9971489,0.0 107.6310282,-6.9973015,0.0 107.6310792,-6.997611,0.0 107.6311094,-6.9977754,0.0</coordinates>
            </LineString>
        </Placemark>
        <Placemark id="7680">
            <name>Jalan Terusan Bojongsoang</name>
            <styleUrl>#7681</styleUrl>
            <LineString id="7679">
                <coordinates>107.6311094,-6.9977754,0.0 107.6311198,-6.9978516,0.0</coordinates>
            </LineString>
        </Placemark>
        <Placemark id="7684">
            <name>Jalan Terusan Bojongsoang</name>
            <styleUrl>#7685</styleUrl>
            <LineString id="7683">
                <coordinates>107.6311198,-6.9978516,0.0 107.6311368,-6.9979105,0.0</coordinates>
            </LineString>
        </Placemark>
        <Placemark id="7688">
            <name>Jalan Terusan Bojongsoang</name>
            <styleUrl>#7689</styleUrl>
            <LineString id="7687">
                <coordinates>107.6311368,-6.9979105,0.0 107.6312073,-6.9980755,0.0</coordinates>
            </LineString>
        </Placemark>
        <Placemark id="7692">
            <name>Jalan Terusan Bojongsoang</name>
            <styleUrl>#7693</styleUrl>
            <LineString id="7691">
                <coordinates>107.6312073,-6.9980755,0.0 107.631235,-6.9981448,0.0</coordinates>
            </LineString>
        </Placemark>
        <Placemark id="7696">
            <name>Jalan Terusan Bojongsoang</name>
            <styleUrl>#7697</styleUrl>
            <LineString id="7695">
                <coordinates>107.631235,-6.9981448,0.0 107.6312562,-6.998198,0.0</coordinates>
            </LineString>
        </Placemark>
        <Placemark id="7700">
            <name>Jalan Terusan Bojongsoang</name>
            <styleUrl>#7701</styleUrl>
            <LineString id="7699">
                <coordinates>107.6312562,-6.998198,0.0 107.6313266,-6.9983338,0.0</coordinates>
            </LineString>
        </Placemark>
        <Placemark id="7704">
            <name>Jalan Terusan Bojongsoang</name>
            <styleUrl>#7705</styleUrl>
            <LineString id="7703">
                <coordinates>107.6313266,-6.9983338,0.0 107.6314265,-6.9985454,0.0</coordinates>
            </LineString>
        </Placemark>
        <Placemark id="7708">
            <name>Jalan Terusan Bojongsoang</name>
            <styleUrl>#7709</styleUrl>
            <LineString id="7707">
                <coordinates>107.6314265,-6.9985454,0.0 107.6316025,-6.9989284,0.0</coordinates>
            </LineString>
        </Placemark>
        <Placemark id="7712">
            <name>Jalan Terusan Bojongsoang</name>
            <styleUrl>#7713</styleUrl>
            <LineString id="7711">
                <coordinates>107.6316025,-6.9989284,0.0 107.6316216,-6.9989678,0.0 107.6316458,-6.9990175,0.0 107.6316699,-6.9990672,0.0</coordinates>
            </LineString>
        </Placemark>
        <Placemark id="7716">
            <name>Jalan Terusan Bojongsoang</name>
            <styleUrl>#7717</styleUrl>
            <LineString id="7715">
                <coordinates>107.6316699,-6.9990672,0.0 107.6318386,-6.9995318,0.0</coordinates>
            </LineString>
        </Placemark>
        <Placemark id="7720">
            <name>Jalan Terusan Bojongsoang</name>
            <styleUrl>#7721</styleUrl>
            <LineString id="7719">
                <coordinates>107.6318386,-6.9995318,0.0 107.6318678,-6.9996123,0.0</coordinates>
            </LineString>
        </Placemark>
        <Placemark id="7724">
            <name>Jalan Terusan Bojongsoang</name>
            <styleUrl>#7725</styleUrl>
            <LineString id="7723">
                <coordinates>107.6318678,-6.9996123,0.0 107.6318943,-6.9996808,0.0</coordinates>
            </LineString>
        </Placemark>
        <Placemark id="7728">
            <name>Jalan Terusan Bojongsoang</name>
            <styleUrl>#7729</styleUrl>
            <LineString id="7727">
                <coordinates>107.6318943,-6.9996808,0.0 107.6319395,-6.999798,0.0</coordinates>
            </LineString>
        </Placemark>
        <Placemark id="7732">
            <name>Jalan Terusan Bojongsoang</name>
            <styleUrl>#7733</styleUrl>
            <LineString id="7731">
                <coordinates>107.6319395,-6.999798,0.0 107.6319033,-7.0000422,0.0 107.6318805,-7.0001847,0.0</coordinates>
            </LineString>
        </Placemark>
        <Placemark id="7736">
            <name>Jalan Terusan Bojongsoang</name>
            <styleUrl>#7737</styleUrl>
            <LineString id="7735">
                <coordinates>107.6318805,-7.0001847,0.0 107.6318753,-7.0002118,0.0 107.6318593,-7.0002949,0.0 107.6316539,-7.001362,0.0 107.6316364,-7.0014605,0.0</coordinates>
            </LineString>
        </Placemark>
        <Placemark id="7740">
            <name>Jalan Terusan Bojongsoang</name>
            <styleUrl>#7741</styleUrl>
            <LineString id="7739">
                <coordinates>107.6316364,-7.0014605,0.0 107.6313964,-7.0027517,0.0</coordinates>
            </LineString>
        </Placemark>
        <Placemark id="7744">
            <name>Jalan Terusan Bojongsoang</name>
            <styleUrl>#7745</styleUrl>
            <LineString id="7743">
                <coordinates>107.6313964,-7.0027517,0.0 107.6313132,-7.0032895,0.0</coordinates>
            </LineString>
        </Placemark>
        <Placemark id="7748">
            <name>Jalan Terusan Bojongsoang</name>
            <styleUrl>#7749</styleUrl>
            <LineString id="7747">
                <coordinates>107.6313132,-7.0032895,0.0 107.6312931,-7.0035251,0.0 107.6312636,-7.0039683,0.0</coordinates>
            </LineString>
        </Placemark>
        <Placemark id="7752">
            <name>Jalan Terusan Bojongsoang</name>
            <styleUrl>#7753</styleUrl>
            <LineString id="7751">
                <coordinates>107.6312636,-7.0039683,0.0 107.6312603,-7.0040341,0.0 107.6312535,-7.004168,0.0 107.6312522,-7.0043111,0.0</coordinates>
            </LineString>
        </Placemark>
        <Placemark id="7756">
            <name>Jalan Terusan Bojongsoang</name>
            <styleUrl>#7757</styleUrl>
            <LineString id="7755">
                <coordinates>107.6312522,-7.0043111,0.0 107.6312529,-7.0043683,0.0</coordinates>
            </LineString>
        </Placemark>
        <Placemark id="7760">
            <name>Jalan Terusan Bojongsoang</name>
            <styleUrl>#7761</styleUrl>
            <LineString id="7759">
                <coordinates>107.6312529,-7.0043683,0.0 107.6312562,-7.0044362,0.0 107.6312529,-7.0045307,0.0 107.6312482,-7.0046066,0.0 107.6312405,-7.0048462,0.0</coordinates>
            </LineString>
        </Placemark>
        <Placemark id="7764">
            <name>Jalan Buah Batu</name>
            <styleUrl>#7765</styleUrl>
            <LineString id="7763">
                <coordinates>107.6387208,-6.9537047,0.0 107.6385338,-6.9533572,0.0</coordinates>
            </LineString>
        </Placemark>
        <Placemark id="7768">
            <name>Jalan Buah Batu</name>
            <styleUrl>#7769</styleUrl>
            <LineString id="7767">
                <coordinates>107.6385338,-6.9533572,0.0 107.6383625,-6.9531132,0.0 107.6380833,-6.9528345,0.0 107.6377939,-6.9525507,0.0</coordinates>
            </LineString>
        </Placemark>
        <Placemark id="7772">
            <name>Jalan Buah Batu</name>
            <styleUrl>#7773</styleUrl>
            <LineString id="7771">
                <coordinates>107.6377939,-6.9525507,0.0 107.6373856,-6.9521134,0.0</coordinates>
            </LineString>
        </Placemark>
        <Placemark id="7776">
            <name>Jalan Buah Batu</name>
            <styleUrl>#7777</styleUrl>
            <LineString id="7775">
                <coordinates>107.6373856,-6.9521134,0.0 107.6369653,-6.9517047,0.0</coordinates>
            </LineString>
        </Placemark>
        <Placemark id="7780">
            <name>Jalan Buah Batu</name>
            <styleUrl>#7781</styleUrl>
            <LineString id="7779">
                <coordinates>107.6369653,-6.9517047,0.0 107.6368024,-6.9515373,0.0 107.6364761,-6.9512022,0.0 107.6364115,-6.9511359,0.0</coordinates>
            </LineString>
        </Placemark>
        <Placemark id="7784">
            <name>Jalan Buah Batu</name>
            <styleUrl>#7785</styleUrl>
            <LineString id="7783">
                <coordinates>107.6364115,-6.9511359,0.0 107.6360573,-6.9507711,0.0</coordinates>
            </LineString>
        </Placemark>
        <Placemark id="7788">
            <name>Jalan Kebon Kawung</name>
            <styleUrl>#7789</styleUrl>
            <LineString id="7787">
                <coordinates>107.6006435,-6.9124749,0.0 107.6002224,-6.9124495,0.0</coordinates>
            </LineString>
        </Placemark>
        <Placemark id="7792">
            <name>Jalan Kebon Kawung</name>
            <styleUrl>#7793</styleUrl>
            <LineString id="7791">
                <coordinates>107.6002224,-6.9124495,0.0 107.6000202,-6.912439,0.0</coordinates>
            </LineString>
        </Placemark>
        <Placemark id="7796">
            <name>Jalan Kebon Kawung</name>
            <styleUrl>#7797</styleUrl>
            <LineString id="7795">
                <coordinates>107.6000202,-6.912439,0.0 107.5993874,-6.9123994,0.0</coordinates>
            </LineString>
        </Placemark>
        <Placemark id="7800">
            <name>Jalan Kebon Kawung</name>
            <styleUrl>#7801</styleUrl>
            <LineString id="7799">
                <coordinates>107.5993874,-6.9123994,0.0 107.5990408,-6.912374,0.0 107.5990132,-6.912372,0.0</coordinates>
            </LineString>
        </Placemark>
        <Placemark id="7804">
            <name>Jalan Kebon Kawung</name>
            <styleUrl>#7805</styleUrl>
            <LineString id="7803">
                <coordinates>107.5990132,-6.912372,0.0 107.5982527,-6.912368,0.0</coordinates>
            </LineString>
        </Placemark>
        <Placemark id="7808">
            <name>Jalan Kebon Kawung</name>
            <styleUrl>#7809</styleUrl>
            <LineString id="7807">
                <coordinates>107.601745,-6.9125245,0.0 107.601624,-6.9125174,0.0</coordinates>
            </LineString>
        </Placemark>
        <Placemark id="7812">
            <name>Jalan Kebon Kawung</name>
            <styleUrl>#7813</styleUrl>
            <LineString id="7811">
                <coordinates>107.601624,-6.9125174,0.0 107.6015636,-6.9125139,0.0</coordinates>
            </LineString>
        </Placemark>
        <Placemark id="7816">
            <name>Jalan Kebon Kawung</name>
            <styleUrl>#7817</styleUrl>
            <LineString id="7815">
                <coordinates>107.6015636,-6.9125139,0.0 107.6010547,-6.9124917,0.0</coordinates>
            </LineString>
        </Placemark>
        <Placemark id="7820">
            <name>Jalan Kebon Kawung</name>
            <styleUrl>#7821</styleUrl>
            <LineString id="7819">
                <coordinates>107.6010547,-6.9124917,0.0 107.6009674,-6.9124878,0.0</coordinates>
            </LineString>
        </Placemark>
        <Placemark id="7824">
            <name>Jalan Kebon Kawung</name>
            <styleUrl>#7825</styleUrl>
            <LineString id="7823">
                <coordinates>107.6009674,-6.9124878,0.0 107.6007223,-6.9124771,0.0 107.6006435,-6.9124749,0.0</coordinates>
            </LineString>
        </Placemark>
        <Placemark id="7828">
            <name>Jalan Pajajaran</name>
            <styleUrl>#7829</styleUrl>
            <LineString id="7827">
                <coordinates>107.599567,-6.9068341,0.0 107.5998642,-6.9068525,0.0</coordinates>
            </LineString>
        </Placemark>
        <Placemark id="7832">
            <name>Jalan Pajajaran</name>
            <styleUrl>#7833</styleUrl>
            <LineString id="7831">
                <coordinates>107.5998642,-6.9068525,0.0 107.6000477,-6.9068645,0.0 107.6001281,-6.9068699,0.0 107.6004436,-6.9068911,0.0 107.6006155,-6.9069026,0.0</coordinates>
            </LineString>
        </Placemark>
        <Placemark id="7836">
            <name>Jalan Pajajaran</name>
            <styleUrl>#7837</styleUrl>
            <LineString id="7835">
                <coordinates>107.6006155,-6.9069026,0.0 107.6008643,-6.9069205,0.0</coordinates>
            </LineString>
        </Placemark>
        <Placemark id="7840">
            <name>Jalan Pajajaran</name>
            <styleUrl>#7841</styleUrl>
            <LineString id="7839">
                <coordinates>107.6008643,-6.9069205,0.0 107.6009527,-6.906927,0.0 107.6011922,-6.9069453,0.0</coordinates>
            </LineString>
        </Placemark>
        <Placemark id="7844">
            <name>Jalan Pajajaran</name>
            <styleUrl>#7845</styleUrl>
            <LineString id="7843">
                <coordinates>107.6011922,-6.9069453,0.0 107.6012851,-6.9069524,0.0 107.601582,-6.9069752,0.0</coordinates>
            </LineString>
        </Placemark>
        <Placemark id="7848">
            <name>Jalan Terusan Bojongsoang</name>
            <styleUrl>#7849</styleUrl>
            <LineString id="7847">
                <coordinates>107.633615,-6.9828912,0.0 107.633572,-6.9830355,0.0 107.6335615,-6.9830663,0.0 107.6335302,-6.9831657,0.0 107.6335161,-6.9832054,0.0 107.6334542,-6.9834001,0.0 107.6334443,-6.9834337,0.0 107.6333645,-6.9836962,0.0 107.633295,-6.9839307,0.0 107.63319,-6.9842659,0.0 107.6331142,-6.9845196,0.0 107.6330944,-6.984586,0.0 107.6330745,-6.9846524,0.0 107.6329877,-6.9849885,0.0 107.6329841,-6.98501,0.0 107.632947,-6.985235,0.0 107.6328922,-6.9855671,0.0</coordinates>
            </LineString>
        </Placemark>
        <Placemark id="7852">
            <name>Jalan Mohammad Toha</name>
            <styleUrl>#7853</styleUrl>
            <LineString id="7851">
                <coordinates>107.6065733,-6.9328659,0.0 107.6065797,-6.9327947,0.0 107.606653,-6.9318519,0.0</coordinates>
            </LineString>
        </Placemark>
    </Document>
</kml>
