<?xml version="1.0" encoding="UTF-8"?>
<kml xmlns="http://www.opengis.net/kml/2.2" xmlns:gx="http://www.google.com/kml/ext/2.2">
    <Document id="5519">
        <Style id="5525">
            <IconStyle id="5526">
                <colorMode>normal</colorMode>
                <scale>1</scale>
                <heading>0</heading>
                <Icon id="5527">
                    <href>http://maps.google.com/mapfiles/kml/pushpin/ylw-pushpin.png</href>
                </Icon>
            </IconStyle>
        </Style>
        <Style id="5530">
            <IconStyle id="5531">
                <colorMode>normal</colorMode>
                <scale>1</scale>
                <heading>0</heading>
                <Icon id="5532">
                    <href>http://maps.google.com/mapfiles/kml/pushpin/ylw-pushpin.png</href>
                </Icon>
            </IconStyle>
        </Style>
        <Style id="5535">
            <IconStyle id="5536">
                <colorMode>normal</colorMode>
                <scale>1</scale>
                <heading>0</heading>
                <Icon id="5537">
                    <href>http://maps.google.com/mapfiles/kml/pushpin/ylw-pushpin.png</href>
                </Icon>
            </IconStyle>
        </Style>
        <Style id="5540">
            <IconStyle id="5541">
                <colorMode>normal</colorMode>
                <scale>1</scale>
                <heading>0</heading>
                <Icon id="5542">
                    <href>http://maps.google.com/mapfiles/kml/pushpin/ylw-pushpin.png</href>
                </Icon>
            </IconStyle>
        </Style>
        <Style id="5545">
            <IconStyle id="5546">
                <colorMode>normal</colorMode>
                <scale>1</scale>
                <heading>0</heading>
                <Icon id="5547">
                    <href>http://maps.google.com/mapfiles/kml/pushpin/ylw-pushpin.png</href>
                </Icon>
            </IconStyle>
        </Style>
        <Style id="5550">
            <IconStyle id="5551">
                <colorMode>normal</colorMode>
                <scale>1</scale>
                <heading>0</heading>
                <Icon id="5552">
                    <href>http://maps.google.com/mapfiles/kml/pushpin/ylw-pushpin.png</href>
                </Icon>
            </IconStyle>
        </Style>
        <Style id="5555">
            <IconStyle id="5556">
                <colorMode>normal</colorMode>
                <scale>1</scale>
                <heading>0</heading>
                <Icon id="5557">
                    <href>http://maps.google.com/mapfiles/kml/pushpin/ylw-pushpin.png</href>
                </Icon>
            </IconStyle>
        </Style>
        <Style id="5560">
            <IconStyle id="5561">
                <colorMode>normal</colorMode>
                <scale>1</scale>
                <heading>0</heading>
                <Icon id="5562">
                    <href>http://maps.google.com/mapfiles/kml/pushpin/ylw-pushpin.png</href>
                </Icon>
            </IconStyle>
        </Style>
        <Style id="5565">
            <IconStyle id="5566">
                <colorMode>normal</colorMode>
                <scale>1</scale>
                <heading>0</heading>
                <Icon id="5567">
                    <href>http://maps.google.com/mapfiles/kml/pushpin/ylw-pushpin.png</href>
                </Icon>
            </IconStyle>
        </Style>
        <Style id="5570">
            <IconStyle id="5571">
                <colorMode>normal</colorMode>
                <scale>1</scale>
                <heading>0</heading>
                <Icon id="5572">
                    <href>http://maps.google.com/mapfiles/kml/pushpin/ylw-pushpin.png</href>
                </Icon>
            </IconStyle>
        </Style>
        <Style id="5575">
            <IconStyle id="5576">
                <colorMode>normal</colorMode>
                <scale>1</scale>
                <heading>0</heading>
                <Icon id="5577">
                    <href>http://maps.google.com/mapfiles/kml/pushpin/ylw-pushpin.png</href>
                </Icon>
            </IconStyle>
        </Style>
        <Style id="5580">
            <IconStyle id="5581">
                <colorMode>normal</colorMode>
                <scale>1</scale>
                <heading>0</heading>
                <Icon id="5582">
                    <href>http://maps.google.com/mapfiles/kml/pushpin/ylw-pushpin.png</href>
                </Icon>
            </IconStyle>
        </Style>
        <Style id="5585">
            <IconStyle id="5586">
                <colorMode>normal</colorMode>
                <scale>1</scale>
                <heading>0</heading>
                <Icon id="5587">
                    <href>http://maps.google.com/mapfiles/kml/pushpin/ylw-pushpin.png</href>
                </Icon>
            </IconStyle>
        </Style>
        <Style id="5590">
            <IconStyle id="5591">
                <colorMode>normal</colorMode>
                <scale>1</scale>
                <heading>0</heading>
                <Icon id="5592">
                    <href>http://maps.google.com/mapfiles/kml/pushpin/ylw-pushpin.png</href>
                </Icon>
            </IconStyle>
        </Style>
        <Style id="5595">
            <IconStyle id="5596">
                <colorMode>normal</colorMode>
                <scale>1</scale>
                <heading>0</heading>
                <Icon id="5597">
                    <href>http://maps.google.com/mapfiles/kml/pushpin/ylw-pushpin.png</href>
                </Icon>
            </IconStyle>
        </Style>
        <Style id="5600">
            <IconStyle id="5601">
                <colorMode>normal</colorMode>
                <scale>1</scale>
                <heading>0</heading>
                <Icon id="5602">
                    <href>http://maps.google.com/mapfiles/kml/pushpin/ylw-pushpin.png</href>
                </Icon>
            </IconStyle>
        </Style>
        <Style id="5605">
            <IconStyle id="5606">
                <colorMode>normal</colorMode>
                <scale>1</scale>
                <heading>0</heading>
                <Icon id="5607">
                    <href>http://maps.google.com/mapfiles/kml/pushpin/ylw-pushpin.png</href>
                </Icon>
            </IconStyle>
        </Style>
        <Style id="5610">
            <IconStyle id="5611">
                <colorMode>normal</colorMode>
                <scale>1</scale>
                <heading>0</heading>
                <Icon id="5612">
                    <href>http://maps.google.com/mapfiles/kml/pushpin/ylw-pushpin.png</href>
                </Icon>
            </IconStyle>
        </Style>
        <Style id="5615">
            <IconStyle id="5616">
                <colorMode>normal</colorMode>
                <scale>1</scale>
                <heading>0</heading>
                <Icon id="5617">
                    <href>http://maps.google.com/mapfiles/kml/pushpin/ylw-pushpin.png</href>
                </Icon>
            </IconStyle>
        </Style>
        <Style id="5620">
            <IconStyle id="5621">
                <colorMode>normal</colorMode>
                <scale>1</scale>
                <heading>0</heading>
                <Icon id="5622">
                    <href>http://maps.google.com/mapfiles/kml/pushpin/ylw-pushpin.png</href>
                </Icon>
            </IconStyle>
        </Style>
        <Style id="5625">
            <IconStyle id="5626">
                <colorMode>normal</colorMode>
                <scale>1</scale>
                <heading>0</heading>
                <Icon id="5627">
                    <href>http://maps.google.com/mapfiles/kml/pushpin/ylw-pushpin.png</href>
                </Icon>
            </IconStyle>
        </Style>
        <Style id="5630">
            <IconStyle id="5631">
                <colorMode>normal</colorMode>
                <scale>1</scale>
                <heading>0</heading>
                <Icon id="5632">
                    <href>http://maps.google.com/mapfiles/kml/pushpin/ylw-pushpin.png</href>
                </Icon>
            </IconStyle>
        </Style>
        <Style id="5635">
            <IconStyle id="5636">
                <colorMode>normal</colorMode>
                <scale>1</scale>
                <heading>0</heading>
                <Icon id="5637">
                    <href>http://maps.google.com/mapfiles/kml/pushpin/ylw-pushpin.png</href>
                </Icon>
            </IconStyle>
        </Style>
        <Style id="5640">
            <IconStyle id="5641">
                <colorMode>normal</colorMode>
                <scale>1</scale>
                <heading>0</heading>
                <Icon id="5642">
                    <href>http://maps.google.com/mapfiles/kml/pushpin/ylw-pushpin.png</href>
                </Icon>
            </IconStyle>
        </Style>
        <Style id="5645">
            <IconStyle id="5646">
                <colorMode>normal</colorMode>
                <scale>1</scale>
                <heading>0</heading>
                <Icon id="5647">
                    <href>http://maps.google.com/mapfiles/kml/pushpin/ylw-pushpin.png</href>
                </Icon>
            </IconStyle>
        </Style>
        <Style id="5650">
            <IconStyle id="5651">
                <colorMode>normal</colorMode>
                <scale>1</scale>
                <heading>0</heading>
                <Icon id="5652">
                    <href>http://maps.google.com/mapfiles/kml/pushpin/ylw-pushpin.png</href>
                </Icon>
            </IconStyle>
        </Style>
        <Style id="5655">
            <IconStyle id="5656">
                <colorMode>normal</colorMode>
                <scale>1</scale>
                <heading>0</heading>
                <Icon id="5657">
                    <href>http://maps.google.com/mapfiles/kml/pushpin/ylw-pushpin.png</href>
                </Icon>
            </IconStyle>
        </Style>
        <Style id="5660">
            <IconStyle id="5661">
                <colorMode>normal</colorMode>
                <scale>1</scale>
                <heading>0</heading>
                <Icon id="5662">
                    <href>http://maps.google.com/mapfiles/kml/pushpin/ylw-pushpin.png</href>
                </Icon>
            </IconStyle>
        </Style>
        <Style id="5665">
            <IconStyle id="5666">
                <colorMode>normal</colorMode>
                <scale>1</scale>
                <heading>0</heading>
                <Icon id="5667">
                    <href>http://maps.google.com/mapfiles/kml/pushpin/ylw-pushpin.png</href>
                </Icon>
            </IconStyle>
        </Style>
        <Style id="5670">
            <IconStyle id="5671">
                <colorMode>normal</colorMode>
                <scale>1</scale>
                <heading>0</heading>
                <Icon id="5672">
                    <href>http://maps.google.com/mapfiles/kml/pushpin/ylw-pushpin.png</href>
                </Icon>
            </IconStyle>
        </Style>
        <Style id="5675">
            <IconStyle id="5676">
                <colorMode>normal</colorMode>
                <scale>1</scale>
                <heading>0</heading>
                <Icon id="5677">
                    <href>http://maps.google.com/mapfiles/kml/pushpin/ylw-pushpin.png</href>
                </Icon>
            </IconStyle>
        </Style>
        <Style id="5680">
            <LineStyle id="5681">
                <color>ff241CED</color>
                <colorMode>normal</colorMode>
                <width>4</width>
            </LineStyle>
        </Style>
        <Style id="5684">
            <LineStyle id="5685">
                <color>ff241CED</color>
                <colorMode>normal</colorMode>
                <width>4</width>
            </LineStyle>
        </Style>
        <Style id="5688">
            <LineStyle id="5689">
                <color>ff241CED</color>
                <colorMode>normal</colorMode>
                <width>4</width>
            </LineStyle>
        </Style>
        <Style id="5692">
            <LineStyle id="5693">
                <color>ff241CED</color>
                <colorMode>normal</colorMode>
                <width>4</width>
            </LineStyle>
        </Style>
        <Style id="5696">
            <LineStyle id="5697">
                <color>ff241CED</color>
                <colorMode>normal</colorMode>
                <width>4</width>
            </LineStyle>
        </Style>
        <Style id="5700">
            <LineStyle id="5701">
                <color>ff241CED</color>
                <colorMode>normal</colorMode>
                <width>4</width>
            </LineStyle>
        </Style>
        <Style id="5704">
            <LineStyle id="5705">
                <color>ff241CED</color>
                <colorMode>normal</colorMode>
                <width>4</width>
            </LineStyle>
        </Style>
        <Style id="5708">
            <LineStyle id="5709">
                <color>ff241CED</color>
                <colorMode>normal</colorMode>
                <width>4</width>
            </LineStyle>
        </Style>
        <Style id="5712">
            <LineStyle id="5713">
                <color>ff241CED</color>
                <colorMode>normal</colorMode>
                <width>4</width>
            </LineStyle>
        </Style>
        <Style id="5716">
            <LineStyle id="5717">
                <color>ff241CED</color>
                <colorMode>normal</colorMode>
                <width>4</width>
            </LineStyle>
        </Style>
        <Style id="5720">
            <LineStyle id="5721">
                <color>ff241CED</color>
                <colorMode>normal</colorMode>
                <width>4</width>
            </LineStyle>
        </Style>
        <Style id="5724">
            <LineStyle id="5725">
                <color>ff241CED</color>
                <colorMode>normal</colorMode>
                <width>4</width>
            </LineStyle>
        </Style>
        <Style id="5728">
            <LineStyle id="5729">
                <color>ff241CED</color>
                <colorMode>normal</colorMode>
                <width>4</width>
            </LineStyle>
        </Style>
        <Style id="5732">
            <LineStyle id="5733">
                <color>ff241CED</color>
                <colorMode>normal</colorMode>
                <width>4</width>
            </LineStyle>
        </Style>
        <Style id="5736">
            <LineStyle id="5737">
                <color>ff241CED</color>
                <colorMode>normal</colorMode>
                <width>4</width>
            </LineStyle>
        </Style>
        <Style id="5740">
            <LineStyle id="5741">
                <color>ff241CED</color>
                <colorMode>normal</colorMode>
                <width>4</width>
            </LineStyle>
        </Style>
        <Style id="5744">
            <LineStyle id="5745">
                <color>ff241CED</color>
                <colorMode>normal</colorMode>
                <width>4</width>
            </LineStyle>
        </Style>
        <Style id="5748">
            <LineStyle id="5749">
                <color>ff241CED</color>
                <colorMode>normal</colorMode>
                <width>4</width>
            </LineStyle>
        </Style>
        <Style id="5752">
            <LineStyle id="5753">
                <color>ff241CED</color>
                <colorMode>normal</colorMode>
                <width>4</width>
            </LineStyle>
        </Style>
        <Style id="5756">
            <LineStyle id="5757">
                <color>ff241CED</color>
                <colorMode>normal</colorMode>
                <width>4</width>
            </LineStyle>
        </Style>
        <Style id="5760">
            <LineStyle id="5761">
                <color>ff241CED</color>
                <colorMode>normal</colorMode>
                <width>4</width>
            </LineStyle>
        </Style>
        <Style id="5764">
            <LineStyle id="5765">
                <color>ff241CED</color>
                <colorMode>normal</colorMode>
                <width>4</width>
            </LineStyle>
        </Style>
        <Style id="5768">
            <LineStyle id="5769">
                <color>ff241CED</color>
                <colorMode>normal</colorMode>
                <width>4</width>
            </LineStyle>
        </Style>
        <Style id="5772">
            <LineStyle id="5773">
                <color>ff241CED</color>
                <colorMode>normal</colorMode>
                <width>4</width>
            </LineStyle>
        </Style>
        <Style id="5776">
            <LineStyle id="5777">
                <color>ff241CED</color>
                <colorMode>normal</colorMode>
                <width>4</width>
            </LineStyle>
        </Style>
        <Style id="5780">
            <LineStyle id="5781">
                <color>ff241CED</color>
                <colorMode>normal</colorMode>
                <width>4</width>
            </LineStyle>
        </Style>
        <Style id="5784">
            <LineStyle id="5785">
                <color>ff241CED</color>
                <colorMode>normal</colorMode>
                <width>4</width>
            </LineStyle>
        </Style>
        <Style id="5788">
            <LineStyle id="5789">
                <color>ff241CED</color>
                <colorMode>normal</colorMode>
                <width>4</width>
            </LineStyle>
        </Style>
        <Style id="5792">
            <LineStyle id="5793">
                <color>ff241CED</color>
                <colorMode>normal</colorMode>
                <width>4</width>
            </LineStyle>
        </Style>
        <Style id="5796">
            <LineStyle id="5797">
                <color>ff241CED</color>
                <colorMode>normal</colorMode>
                <width>4</width>
            </LineStyle>
        </Style>
        <Style id="5800">
            <LineStyle id="5801">
                <color>ff241CED</color>
                <colorMode>normal</colorMode>
                <width>4</width>
            </LineStyle>
        </Style>
        <Style id="5804">
            <LineStyle id="5805">
                <color>ff241CED</color>
                <colorMode>normal</colorMode>
                <width>4</width>
            </LineStyle>
        </Style>
        <Style id="5808">
            <LineStyle id="5809">
                <color>ff241CED</color>
                <colorMode>normal</colorMode>
                <width>4</width>
            </LineStyle>
        </Style>
        <Style id="5812">
            <LineStyle id="5813">
                <color>ff241CED</color>
                <colorMode>normal</colorMode>
                <width>4</width>
            </LineStyle>
        </Style>
        <Style id="5816">
            <LineStyle id="5817">
                <color>ff241CED</color>
                <colorMode>normal</colorMode>
                <width>4</width>
            </LineStyle>
        </Style>
        <Style id="5820">
            <LineStyle id="5821">
                <color>ff241CED</color>
                <colorMode>normal</colorMode>
                <width>4</width>
            </LineStyle>
        </Style>
        <Style id="5824">
            <LineStyle id="5825">
                <color>ff241CED</color>
                <colorMode>normal</colorMode>
                <width>4</width>
            </LineStyle>
        </Style>
        <Style id="5828">
            <LineStyle id="5829">
                <color>ff241CED</color>
                <colorMode>normal</colorMode>
                <width>4</width>
            </LineStyle>
        </Style>
        <Style id="5832">
            <LineStyle id="5833">
                <color>ff241CED</color>
                <colorMode>normal</colorMode>
                <width>4</width>
            </LineStyle>
        </Style>
        <Style id="5836">
            <LineStyle id="5837">
                <color>ff241CED</color>
                <colorMode>normal</colorMode>
                <width>4</width>
            </LineStyle>
        </Style>
        <Style id="5840">
            <LineStyle id="5841">
                <color>ff241CED</color>
                <colorMode>normal</colorMode>
                <width>4</width>
            </LineStyle>
        </Style>
        <Style id="5844">
            <LineStyle id="5845">
                <color>ff241CED</color>
                <colorMode>normal</colorMode>
                <width>4</width>
            </LineStyle>
        </Style>
        <Style id="5848">
            <LineStyle id="5849">
                <color>ff241CED</color>
                <colorMode>normal</colorMode>
                <width>4</width>
            </LineStyle>
        </Style>
        <Style id="5852">
            <LineStyle id="5853">
                <color>ff241CED</color>
                <colorMode>normal</colorMode>
                <width>4</width>
            </LineStyle>
        </Style>
        <Style id="5856">
            <LineStyle id="5857">
                <color>ff241CED</color>
                <colorMode>normal</colorMode>
                <width>4</width>
            </LineStyle>
        </Style>
        <Style id="5860">
            <LineStyle id="5861">
                <color>ff241CED</color>
                <colorMode>normal</colorMode>
                <width>4</width>
            </LineStyle>
        </Style>
        <Style id="5864">
            <LineStyle id="5865">
                <color>ff241CED</color>
                <colorMode>normal</colorMode>
                <width>4</width>
            </LineStyle>
        </Style>
        <Style id="5868">
            <LineStyle id="5869">
                <color>ff241CED</color>
                <colorMode>normal</colorMode>
                <width>4</width>
            </LineStyle>
        </Style>
        <Style id="5872">
            <LineStyle id="5873">
                <color>ff241CED</color>
                <colorMode>normal</colorMode>
                <width>4</width>
            </LineStyle>
        </Style>
        <Style id="5876">
            <LineStyle id="5877">
                <color>ff241CED</color>
                <colorMode>normal</colorMode>
                <width>4</width>
            </LineStyle>
        </Style>
        <Style id="5880">
            <LineStyle id="5881">
                <color>ff241CED</color>
                <colorMode>normal</colorMode>
                <width>4</width>
            </LineStyle>
        </Style>
        <Style id="5884">
            <LineStyle id="5885">
                <color>ff241CED</color>
                <colorMode>normal</colorMode>
                <width>4</width>
            </LineStyle>
        </Style>
        <Style id="5888">
            <LineStyle id="5889">
                <color>ff241CED</color>
                <colorMode>normal</colorMode>
                <width>4</width>
            </LineStyle>
        </Style>
        <Style id="5892">
            <LineStyle id="5893">
                <color>ff241CED</color>
                <colorMode>normal</colorMode>
                <width>4</width>
            </LineStyle>
        </Style>
        <Style id="5896">
            <LineStyle id="5897">
                <color>ff241CED</color>
                <colorMode>normal</colorMode>
                <width>4</width>
            </LineStyle>
        </Style>
        <Style id="5900">
            <LineStyle id="5901">
                <color>ff241CED</color>
                <colorMode>normal</colorMode>
                <width>4</width>
            </LineStyle>
        </Style>
        <Style id="5904">
            <LineStyle id="5905">
                <color>ff241CED</color>
                <colorMode>normal</colorMode>
                <width>4</width>
            </LineStyle>
        </Style>
        <Style id="5908">
            <LineStyle id="5909">
                <color>ff241CED</color>
                <colorMode>normal</colorMode>
                <width>4</width>
            </LineStyle>
        </Style>
        <Style id="5912">
            <LineStyle id="5913">
                <color>ff241CED</color>
                <colorMode>normal</colorMode>
                <width>4</width>
            </LineStyle>
        </Style>
        <Style id="5916">
            <LineStyle id="5917">
                <color>ff241CED</color>
                <colorMode>normal</colorMode>
                <width>4</width>
            </LineStyle>
        </Style>
        <Style id="5920">
            <LineStyle id="5921">
                <color>ff241CED</color>
                <colorMode>normal</colorMode>
                <width>4</width>
            </LineStyle>
        </Style>
        <Style id="5924">
            <LineStyle id="5925">
                <color>ff241CED</color>
                <colorMode>normal</colorMode>
                <width>4</width>
            </LineStyle>
        </Style>
        <Style id="5928">
            <LineStyle id="5929">
                <color>ff241CED</color>
                <colorMode>normal</colorMode>
                <width>4</width>
            </LineStyle>
        </Style>
        <Style id="5932">
            <LineStyle id="5933">
                <color>ff241CED</color>
                <colorMode>normal</colorMode>
                <width>4</width>
            </LineStyle>
        </Style>
        <Style id="5936">
            <LineStyle id="5937">
                <color>ff241CED</color>
                <colorMode>normal</colorMode>
                <width>4</width>
            </LineStyle>
        </Style>
        <Style id="5940">
            <LineStyle id="5941">
                <color>ff241CED</color>
                <colorMode>normal</colorMode>
                <width>4</width>
            </LineStyle>
        </Style>
        <Style id="5944">
            <LineStyle id="5945">
                <color>ff241CED</color>
                <colorMode>normal</colorMode>
                <width>4</width>
            </LineStyle>
        </Style>
        <Style id="5948">
            <LineStyle id="5949">
                <color>ff241CED</color>
                <colorMode>normal</colorMode>
                <width>4</width>
            </LineStyle>
        </Style>
        <Style id="5952">
            <LineStyle id="5953">
                <color>ff241CED</color>
                <colorMode>normal</colorMode>
                <width>4</width>
            </LineStyle>
        </Style>
        <Style id="5956">
            <LineStyle id="5957">
                <color>ff241CED</color>
                <colorMode>normal</colorMode>
                <width>4</width>
            </LineStyle>
        </Style>
        <Style id="5960">
            <LineStyle id="5961">
                <color>ff241CED</color>
                <colorMode>normal</colorMode>
                <width>4</width>
            </LineStyle>
        </Style>
        <Style id="5964">
            <LineStyle id="5965">
                <color>ff241CED</color>
                <colorMode>normal</colorMode>
                <width>4</width>
            </LineStyle>
        </Style>
        <Style id="5968">
            <LineStyle id="5969">
                <color>ff241CED</color>
                <colorMode>normal</colorMode>
                <width>4</width>
            </LineStyle>
        </Style>
        <Style id="5972">
            <LineStyle id="5973">
                <color>ff241CED</color>
                <colorMode>normal</colorMode>
                <width>4</width>
            </LineStyle>
        </Style>
        <Style id="5976">
            <LineStyle id="5977">
                <color>ff241CED</color>
                <colorMode>normal</colorMode>
                <width>4</width>
            </LineStyle>
        </Style>
        <Style id="5980">
            <LineStyle id="5981">
                <color>ff241CED</color>
                <colorMode>normal</colorMode>
                <width>4</width>
            </LineStyle>
        </Style>
        <Style id="5984">
            <LineStyle id="5985">
                <color>ff241CED</color>
                <colorMode>normal</colorMode>
                <width>4</width>
            </LineStyle>
        </Style>
        <Style id="5988">
            <LineStyle id="5989">
                <color>ff241CED</color>
                <colorMode>normal</colorMode>
                <width>4</width>
            </LineStyle>
        </Style>
        <Style id="5992">
            <LineStyle id="5993">
                <color>ff241CED</color>
                <colorMode>normal</colorMode>
                <width>4</width>
            </LineStyle>
        </Style>
        <Style id="5996">
            <LineStyle id="5997">
                <color>ff241CED</color>
                <colorMode>normal</colorMode>
                <width>4</width>
            </LineStyle>
        </Style>
        <Style id="6000">
            <LineStyle id="6001">
                <color>ff241CED</color>
                <colorMode>normal</colorMode>
                <width>4</width>
            </LineStyle>
        </Style>
        <Style id="6004">
            <LineStyle id="6005">
                <color>ff241CED</color>
                <colorMode>normal</colorMode>
                <width>4</width>
            </LineStyle>
        </Style>
        <Style id="6008">
            <LineStyle id="6009">
                <color>ff241CED</color>
                <colorMode>normal</colorMode>
                <width>4</width>
            </LineStyle>
        </Style>
        <Style id="6012">
            <LineStyle id="6013">
                <color>ff241CED</color>
                <colorMode>normal</colorMode>
                <width>4</width>
            </LineStyle>
        </Style>
        <Style id="6016">
            <LineStyle id="6017">
                <color>ff241CED</color>
                <colorMode>normal</colorMode>
                <width>4</width>
            </LineStyle>
        </Style>
        <Style id="6020">
            <LineStyle id="6021">
                <color>ff241CED</color>
                <colorMode>normal</colorMode>
                <width>4</width>
            </LineStyle>
        </Style>
        <Style id="6024">
            <LineStyle id="6025">
                <color>ff241CED</color>
                <colorMode>normal</colorMode>
                <width>4</width>
            </LineStyle>
        </Style>
        <Style id="6028">
            <LineStyle id="6029">
                <color>ff241CED</color>
                <colorMode>normal</colorMode>
                <width>4</width>
            </LineStyle>
        </Style>
        <Style id="6032">
            <LineStyle id="6033">
                <color>ff241CED</color>
                <colorMode>normal</colorMode>
                <width>4</width>
            </LineStyle>
        </Style>
        <Style id="6036">
            <LineStyle id="6037">
                <color>ff241CED</color>
                <colorMode>normal</colorMode>
                <width>4</width>
            </LineStyle>
        </Style>
        <Style id="6040">
            <LineStyle id="6041">
                <color>ff241CED</color>
                <colorMode>normal</colorMode>
                <width>4</width>
            </LineStyle>
        </Style>
        <Style id="6044">
            <LineStyle id="6045">
                <color>ff241CED</color>
                <colorMode>normal</colorMode>
                <width>4</width>
            </LineStyle>
        </Style>
        <Style id="6048">
            <LineStyle id="6049">
                <color>ff241CED</color>
                <colorMode>normal</colorMode>
                <width>4</width>
            </LineStyle>
        </Style>
        <Style id="6052">
            <LineStyle id="6053">
                <color>ff241CED</color>
                <colorMode>normal</colorMode>
                <width>4</width>
            </LineStyle>
        </Style>
        <Style id="6056">
            <LineStyle id="6057">
                <color>ff241CED</color>
                <colorMode>normal</colorMode>
                <width>4</width>
            </LineStyle>
        </Style>
        <Style id="6060">
            <LineStyle id="6061">
                <color>ff241CED</color>
                <colorMode>normal</colorMode>
                <width>4</width>
            </LineStyle>
        </Style>
        <Style id="6064">
            <LineStyle id="6065">
                <color>ff241CED</color>
                <colorMode>normal</colorMode>
                <width>4</width>
            </LineStyle>
        </Style>
        <Style id="6068">
            <LineStyle id="6069">
                <color>ff241CED</color>
                <colorMode>normal</colorMode>
                <width>4</width>
            </LineStyle>
        </Style>
        <Style id="6072">
            <LineStyle id="6073">
                <color>ff241CED</color>
                <colorMode>normal</colorMode>
                <width>4</width>
            </LineStyle>
        </Style>
        <Style id="6076">
            <LineStyle id="6077">
                <color>ff241CED</color>
                <colorMode>normal</colorMode>
                <width>4</width>
            </LineStyle>
        </Style>
        <Style id="6080">
            <LineStyle id="6081">
                <color>ff241CED</color>
                <colorMode>normal</colorMode>
                <width>4</width>
            </LineStyle>
        </Style>
        <Style id="6084">
            <LineStyle id="6085">
                <color>ff241CED</color>
                <colorMode>normal</colorMode>
                <width>4</width>
            </LineStyle>
        </Style>
        <Style id="6088">
            <LineStyle id="6089">
                <color>ff241CED</color>
                <colorMode>normal</colorMode>
                <width>4</width>
            </LineStyle>
        </Style>
        <Style id="6092">
            <LineStyle id="6093">
                <color>ff241CED</color>
                <colorMode>normal</colorMode>
                <width>4</width>
            </LineStyle>
        </Style>
        <Style id="6096">
            <LineStyle id="6097">
                <color>ff241CED</color>
                <colorMode>normal</colorMode>
                <width>4</width>
            </LineStyle>
        </Style>
        <Style id="6100">
            <LineStyle id="6101">
                <color>ff241CED</color>
                <colorMode>normal</colorMode>
                <width>4</width>
            </LineStyle>
        </Style>
        <Style id="6104">
            <LineStyle id="6105">
                <color>ff241CED</color>
                <colorMode>normal</colorMode>
                <width>4</width>
            </LineStyle>
        </Style>
        <Style id="6108">
            <LineStyle id="6109">
                <color>ff241CED</color>
                <colorMode>normal</colorMode>
                <width>4</width>
            </LineStyle>
        </Style>
        <Style id="6112">
            <LineStyle id="6113">
                <color>ff241CED</color>
                <colorMode>normal</colorMode>
                <width>4</width>
            </LineStyle>
        </Style>
        <Style id="6116">
            <LineStyle id="6117">
                <color>ff241CED</color>
                <colorMode>normal</colorMode>
                <width>4</width>
            </LineStyle>
        </Style>
        <Style id="6120">
            <LineStyle id="6121">
                <color>ff241CED</color>
                <colorMode>normal</colorMode>
                <width>4</width>
            </LineStyle>
        </Style>
        <Style id="6124">
            <LineStyle id="6125">
                <color>ff241CED</color>
                <colorMode>normal</colorMode>
                <width>4</width>
            </LineStyle>
        </Style>
        <Style id="6128">
            <LineStyle id="6129">
                <color>ff241CED</color>
                <colorMode>normal</colorMode>
                <width>4</width>
            </LineStyle>
        </Style>
        <Style id="6132">
            <LineStyle id="6133">
                <color>ff241CED</color>
                <colorMode>normal</colorMode>
                <width>4</width>
            </LineStyle>
        </Style>
        <Style id="6136">
            <LineStyle id="6137">
                <color>ff241CED</color>
                <colorMode>normal</colorMode>
                <width>4</width>
            </LineStyle>
        </Style>
        <Style id="6140">
            <LineStyle id="6141">
                <color>ff241CED</color>
                <colorMode>normal</colorMode>
                <width>4</width>
            </LineStyle>
        </Style>
        <Style id="6144">
            <LineStyle id="6145">
                <color>ff241CED</color>
                <colorMode>normal</colorMode>
                <width>4</width>
            </LineStyle>
        </Style>
        <Style id="6148">
            <LineStyle id="6149">
                <color>ff241CED</color>
                <colorMode>normal</colorMode>
                <width>4</width>
            </LineStyle>
        </Style>
        <Style id="6152">
            <LineStyle id="6153">
                <color>ff241CED</color>
                <colorMode>normal</colorMode>
                <width>4</width>
            </LineStyle>
        </Style>
        <Style id="6156">
            <LineStyle id="6157">
                <color>ff241CED</color>
                <colorMode>normal</colorMode>
                <width>4</width>
            </LineStyle>
        </Style>
        <Style id="6160">
            <LineStyle id="6161">
                <color>ff241CED</color>
                <colorMode>normal</colorMode>
                <width>4</width>
            </LineStyle>
        </Style>
        <Style id="6164">
            <LineStyle id="6165">
                <color>ff241CED</color>
                <colorMode>normal</colorMode>
                <width>4</width>
            </LineStyle>
        </Style>
        <Style id="6168">
            <LineStyle id="6169">
                <color>ff241CED</color>
                <colorMode>normal</colorMode>
                <width>4</width>
            </LineStyle>
        </Style>
        <Style id="6172">
            <LineStyle id="6173">
                <color>ff241CED</color>
                <colorMode>normal</colorMode>
                <width>4</width>
            </LineStyle>
        </Style>
        <Style id="6176">
            <LineStyle id="6177">
                <color>ff241CED</color>
                <colorMode>normal</colorMode>
                <width>4</width>
            </LineStyle>
        </Style>
        <Style id="6180">
            <LineStyle id="6181">
                <color>ff241CED</color>
                <colorMode>normal</colorMode>
                <width>4</width>
            </LineStyle>
        </Style>
        <Style id="6184">
            <LineStyle id="6185">
                <color>ff241CED</color>
                <colorMode>normal</colorMode>
                <width>4</width>
            </LineStyle>
        </Style>
        <Style id="6188">
            <LineStyle id="6189">
                <color>ff241CED</color>
                <colorMode>normal</colorMode>
                <width>4</width>
            </LineStyle>
        </Style>
        <Style id="6192">
            <LineStyle id="6193">
                <color>ff241CED</color>
                <colorMode>normal</colorMode>
                <width>4</width>
            </LineStyle>
        </Style>
        <Style id="6196">
            <LineStyle id="6197">
                <color>ff241CED</color>
                <colorMode>normal</colorMode>
                <width>4</width>
            </LineStyle>
        </Style>
        <Style id="6200">
            <LineStyle id="6201">
                <color>ff241CED</color>
                <colorMode>normal</colorMode>
                <width>4</width>
            </LineStyle>
        </Style>
        <Style id="6204">
            <LineStyle id="6205">
                <color>ff241CED</color>
                <colorMode>normal</colorMode>
                <width>4</width>
            </LineStyle>
        </Style>
        <Style id="6208">
            <LineStyle id="6209">
                <color>ff241CED</color>
                <colorMode>normal</colorMode>
                <width>4</width>
            </LineStyle>
        </Style>
        <Style id="6212">
            <LineStyle id="6213">
                <color>ff241CED</color>
                <colorMode>normal</colorMode>
                <width>4</width>
            </LineStyle>
        </Style>
        <Style id="6216">
            <LineStyle id="6217">
                <color>ff241CED</color>
                <colorMode>normal</colorMode>
                <width>4</width>
            </LineStyle>
        </Style>
        <Style id="6220">
            <LineStyle id="6221">
                <color>ff241CED</color>
                <colorMode>normal</colorMode>
                <width>4</width>
            </LineStyle>
        </Style>
        <Style id="6224">
            <LineStyle id="6225">
                <color>ff241CED</color>
                <colorMode>normal</colorMode>
                <width>4</width>
            </LineStyle>
        </Style>
        <Style id="6228">
            <LineStyle id="6229">
                <color>ff241CED</color>
                <colorMode>normal</colorMode>
                <width>4</width>
            </LineStyle>
        </Style>
        <Style id="6232">
            <LineStyle id="6233">
                <color>ff241CED</color>
                <colorMode>normal</colorMode>
                <width>4</width>
            </LineStyle>
        </Style>
        <Style id="6236">
            <LineStyle id="6237">
                <color>ff241CED</color>
                <colorMode>normal</colorMode>
                <width>4</width>
            </LineStyle>
        </Style>
        <Style id="6240">
            <LineStyle id="6241">
                <color>ff241CED</color>
                <colorMode>normal</colorMode>
                <width>4</width>
            </LineStyle>
        </Style>
        <Style id="6244">
            <LineStyle id="6245">
                <color>ff241CED</color>
                <colorMode>normal</colorMode>
                <width>4</width>
            </LineStyle>
        </Style>
        <Style id="6248">
            <LineStyle id="6249">
                <color>ff241CED</color>
                <colorMode>normal</colorMode>
                <width>4</width>
            </LineStyle>
        </Style>
        <Style id="6252">
            <LineStyle id="6253">
                <color>ff241CED</color>
                <colorMode>normal</colorMode>
                <width>4</width>
            </LineStyle>
        </Style>
        <Style id="6256">
            <LineStyle id="6257">
                <color>ff241CED</color>
                <colorMode>normal</colorMode>
                <width>4</width>
            </LineStyle>
        </Style>
        <Style id="6260">
            <LineStyle id="6261">
                <color>ff241CED</color>
                <colorMode>normal</colorMode>
                <width>4</width>
            </LineStyle>
        </Style>
        <Style id="6264">
            <LineStyle id="6265">
                <color>ff241CED</color>
                <colorMode>normal</colorMode>
                <width>4</width>
            </LineStyle>
        </Style>
        <Style id="6268">
            <LineStyle id="6269">
                <color>ff241CED</color>
                <colorMode>normal</colorMode>
                <width>4</width>
            </LineStyle>
        </Style>
        <Style id="6272">
            <LineStyle id="6273">
                <color>ff241CED</color>
                <colorMode>normal</colorMode>
                <width>4</width>
            </LineStyle>
        </Style>
        <Style id="6276">
            <LineStyle id="6277">
                <color>ff241CED</color>
                <colorMode>normal</colorMode>
                <width>4</width>
            </LineStyle>
        </Style>
        <Style id="6280">
            <LineStyle id="6281">
                <color>ff241CED</color>
                <colorMode>normal</colorMode>
                <width>4</width>
            </LineStyle>
        </Style>
        <Style id="6284">
            <LineStyle id="6285">
                <color>ff241CED</color>
                <colorMode>normal</colorMode>
                <width>4</width>
            </LineStyle>
        </Style>
        <Style id="6288">
            <LineStyle id="6289">
                <color>ff241CED</color>
                <colorMode>normal</colorMode>
                <width>4</width>
            </LineStyle>
        </Style>
        <Style id="6292">
            <LineStyle id="6293">
                <color>ff241CED</color>
                <colorMode>normal</colorMode>
                <width>4</width>
            </LineStyle>
        </Style>
        <Style id="6296">
            <LineStyle id="6297">
                <color>ff241CED</color>
                <colorMode>normal</colorMode>
                <width>4</width>
            </LineStyle>
        </Style>
        <Style id="6300">
            <LineStyle id="6301">
                <color>ff241CED</color>
                <colorMode>normal</colorMode>
                <width>4</width>
            </LineStyle>
        </Style>
        <Style id="6304">
            <LineStyle id="6305">
                <color>ff241CED</color>
                <colorMode>normal</colorMode>
                <width>4</width>
            </LineStyle>
        </Style>
        <Style id="6308">
            <LineStyle id="6309">
                <color>ff241CED</color>
                <colorMode>normal</colorMode>
                <width>4</width>
            </LineStyle>
        </Style>
        <Style id="6312">
            <LineStyle id="6313">
                <color>ff241CED</color>
                <colorMode>normal</colorMode>
                <width>4</width>
            </LineStyle>
        </Style>
        <Style id="6316">
            <LineStyle id="6317">
                <color>ff241CED</color>
                <colorMode>normal</colorMode>
                <width>4</width>
            </LineStyle>
        </Style>
        <Style id="6320">
            <LineStyle id="6321">
                <color>ff241CED</color>
                <colorMode>normal</colorMode>
                <width>4</width>
            </LineStyle>
        </Style>
        <ExtendedData>
            <Data name="route-name">
                <value>Koridor 2: Kota Baru Parahyangan → Alun-alun Bandung</value>
            </Data>
            <Data name="source">
                <value>Transport for Bandung</value>
            </Data>
        </ExtendedData>
        <Placemark id="5524">
            <name>Paledang</name>
            <styleUrl>#5525</styleUrl>
            <Point id="5523">
                <coordinates>107.5663258,-6.905851,0.0</coordinates>
            </Point>
        </Placemark>
        <Placemark id="5529">
            <name>Lembong</name>
            <styleUrl>#5530</styleUrl>
            <Point id="5528">
                <coordinates>107.609811,-6.916445,0.0</coordinates>
            </Point>
        </Placemark>
        <Placemark id="5534">
            <name>RS Karisma Cimareme A</name>
            <styleUrl>#5535</styleUrl>
            <Point id="5533">
                <coordinates>107.5028237,-6.8629469,0.0</coordinates>
            </Point>
        </Placemark>
        <Placemark id="5539">
            <name>RS IMC A</name>
            <styleUrl>#5540</styleUrl>
            <Point id="5538">
                <coordinates>107.5098225,-6.8633262,0.0</coordinates>
            </Point>
        </Placemark>
        <Placemark id="5544">
            <name>Masjid Ar Ridwan A</name>
            <styleUrl>#5545</styleUrl>
            <Point id="5543">
                <coordinates>107.5190095,-6.8675906,0.0</coordinates>
            </Point>
        </Placemark>
        <Placemark id="5549">
            <name>BRI Cimahi</name>
            <styleUrl>#5550</styleUrl>
            <Point id="5548">
                <coordinates>107.5442734,-6.8748788,0.0</coordinates>
            </Point>
        </Placemark>
        <Placemark id="5554">
            <name>Stasiun Kereta Cepat Padalarang</name>
            <styleUrl>#5555</styleUrl>
            <Point id="5553">
                <coordinates>107.4966418,-6.8428228,0.0</coordinates>
            </Point>
        </Placemark>
        <Placemark id="5559">
            <name>Rajawali Barat</name>
            <styleUrl>#5560</styleUrl>
            <Point id="5558">
                <coordinates>107.5701462,-6.9109306,0.0</coordinates>
            </Point>
        </Placemark>
        <Placemark id="5564">
            <name>Plaza Telkom Rajawali</name>
            <styleUrl>#5565</styleUrl>
            <Point id="5563">
                <coordinates>107.5753653,-6.9129722,0.0</coordinates>
            </Point>
        </Placemark>
        <Placemark id="5569">
            <name>Perintis Kemerdekaan</name>
            <styleUrl>#5570</styleUrl>
            <Point id="5568">
                <coordinates>107.607935,-6.9140241,0.0</coordinates>
            </Point>
        </Placemark>
        <Placemark id="5574">
            <name>Rajawali 1</name>
            <styleUrl>#5575</styleUrl>
            <Point id="5573">
                <coordinates>107.5781901,-6.9137773,0.0</coordinates>
            </Point>
        </Placemark>
        <Placemark id="5579">
            <name>Dunguscariang</name>
            <styleUrl>#5580</styleUrl>
            <Point id="5578">
                <coordinates>107.5828928,-6.9149105,0.0</coordinates>
            </Point>
        </Placemark>
        <Placemark id="5584">
            <name>SMA Trinitas</name>
            <styleUrl>#5585</styleUrl>
            <Point id="5583">
                <coordinates>107.5917121,-6.9165436,0.0</coordinates>
            </Point>
        </Placemark>
        <Placemark id="5589">
            <name>Rumah Sakit Kebon Jati</name>
            <styleUrl>#5590</styleUrl>
            <Point id="5588">
                <coordinates>107.5966005,-6.9163694,0.0</coordinates>
            </Point>
        </Placemark>
        <Placemark id="5594">
            <name>SMA Pasundan</name>
            <styleUrl>#5595</styleUrl>
            <Point id="5593">
                <coordinates>107.599627,-6.9162422,0.0</coordinates>
            </Point>
        </Placemark>
        <Placemark id="5599">
            <name>STEI LPPM A</name>
            <styleUrl>#5600</styleUrl>
            <Point id="5598">
                <coordinates>107.4986651,-6.8573652,0.0</coordinates>
            </Point>
        </Placemark>
        <Placemark id="5604">
            <name>Padasuka Indah A</name>
            <styleUrl>#5605</styleUrl>
            <Point id="5603">
                <coordinates>107.5263898,-6.8685422,0.0</coordinates>
            </Point>
        </Placemark>
        <Placemark id="5609">
            <name>Ranca Belut A</name>
            <styleUrl>#5610</styleUrl>
            <Point id="5608">
                <coordinates>107.5319386,-6.8688013,0.0</coordinates>
            </Point>
        </Placemark>
        <Placemark id="5614">
            <name>PLN Cisangkan A</name>
            <styleUrl>#5615</styleUrl>
            <Point id="5613">
                <coordinates>107.5363908,-6.8704221,0.0</coordinates>
            </Point>
        </Placemark>
        <Placemark id="5619">
            <name>RSUD Cibabat A</name>
            <styleUrl>#5620</styleUrl>
            <Point id="5618">
                <coordinates>107.5503819,-6.8797123,0.0</coordinates>
            </Point>
        </Placemark>
        <Placemark id="5624">
            <name>Dinas Sosial</name>
            <styleUrl>#5625</styleUrl>
            <Point id="5623">
                <coordinates>107.5542851,-6.8859958,0.0</coordinates>
            </Point>
        </Placemark>
        <Placemark id="5629">
            <name>Jalan Budi</name>
            <styleUrl>#5630</styleUrl>
            <Point id="5628">
                <coordinates>107.5580359,-6.8921818,0.0</coordinates>
            </Point>
        </Placemark>
        <Placemark id="5634">
            <name>SMAN 13 Bandung A</name>
            <styleUrl>#5635</styleUrl>
            <Point id="5633">
                <coordinates>107.5648032,-6.9033346,0.0</coordinates>
            </Point>
        </Placemark>
        <Placemark id="5639">
            <name>Parahyangan Timur</name>
            <styleUrl>#5640</styleUrl>
            <Point id="5638">
                <coordinates>107.4712124,-6.8663744,0.0</coordinates>
            </Point>
        </Placemark>
        <Placemark id="5644">
            <name>Rumah Sakit Cahaya Kawaluyaan</name>
            <styleUrl>#5645</styleUrl>
            <Point id="5643">
                <coordinates>107.4734039,-6.8665328,0.0</coordinates>
            </Point>
        </Placemark>
        <Placemark id="5649">
            <name>Masjid Al Irsyad</name>
            <styleUrl>#5650</styleUrl>
            <Point id="5648">
                <coordinates>107.4783521,-6.8648529,0.0</coordinates>
            </Point>
        </Placemark>
        <Placemark id="5654">
            <name>Tatar Wangsakerta A</name>
            <styleUrl>#5655</styleUrl>
            <Point id="5653">
                <coordinates>107.4805786,-6.8619949,0.0</coordinates>
            </Point>
        </Placemark>
        <Placemark id="5659">
            <name>Bale Pare A</name>
            <styleUrl>#5660</styleUrl>
            <Point id="5658">
                <coordinates>107.4897438,-6.8568342,0.0</coordinates>
            </Point>
        </Placemark>
        <Placemark id="5664">
            <name>Wahoo Waterworld</name>
            <styleUrl>#5665</styleUrl>
            <Point id="5663">
                <coordinates>107.4654195,-6.8655811,0.0</coordinates>
            </Point>
        </Placemark>
        <Placemark id="5669">
            <name>IKEA Kota Baru Parahyangan</name>
            <styleUrl>#5670</styleUrl>
            <Point id="5668">
                <coordinates>107.4660359,-6.8662865,0.0</coordinates>
            </Point>
        </Placemark>
        <Placemark id="5674">
            <name>Alun-alun Bandung</name>
            <styleUrl>#5675</styleUrl>
            <Point id="5673">
                <coordinates>107.6071309,-6.9211347,0.0</coordinates>
            </Point>
        </Placemark>
        <Placemark id="5679">
            <name>Jalan Lembong</name>
            <styleUrl>#5680</styleUrl>
            <LineString id="5678">
                <coordinates>107.6092086,-6.9161842,0.0 107.6092295,-6.9161907,0.0 107.6094526,-6.9162909,0.0 107.6097121,-6.9164037,0.0 107.609811,-6.916445,0.0 107.6099117,-6.9164912,0.0 107.610072,-6.9165602,0.0</coordinates>
            </LineString>
        </Placemark>
        <Placemark id="5683">
            <name>Jalan Kebon Jati</name>
            <styleUrl>#5684</styleUrl>
            <LineString id="5682">
                <coordinates>107.5984551,-6.9163007,0.0 107.5986452,-6.9162913,0.0 107.5986682,-6.9162902,0.0 107.5987499,-6.9162865,0.0 107.5988546,-6.916282,0.0 107.5991941,-6.9162673,0.0 107.5995626,-6.9162453,0.0 107.599627,-6.9162422,0.0 107.6002509,-6.9162121,0.0 107.600424,-6.9162116,0.0 107.6005777,-6.9162099,0.0 107.6007548,-6.9162056,0.0 107.6010558,-6.9162013,0.0 107.6016262,-6.916191,0.0 107.6019595,-6.9161867,0.0 107.6022008,-6.9161702,0.0</coordinates>
            </LineString>
        </Placemark>
        <Placemark id="5687">
            <name>Jalan Kebon Jati</name>
            <styleUrl>#5688</styleUrl>
            <LineString id="5686">
                <coordinates>107.5933422,-6.9165018,0.0 107.5934208,-6.9164973,0.0 107.5942457,-6.9164499,0.0 107.5955023,-6.9164053,0.0 107.5955245,-6.9164047,0.0 107.5955809,-6.9164032,0.0 107.5958327,-6.9163912,0.0 107.5958562,-6.9163894,0.0</coordinates>
            </LineString>
        </Placemark>
        <Placemark id="5691">
            <name>Jalan Rajawali Timur</name>
            <styleUrl>#5692</styleUrl>
            <LineString id="5690">
                <coordinates>107.5761151,-6.9132715,0.0 107.5762053,-6.9133088,0.0 107.5762519,-6.9133265,0.0 107.5765322,-6.9134206,0.0 107.5766744,-6.9134545,0.0 107.5768473,-6.9134956,0.0 107.5771173,-6.9135481,0.0 107.5772702,-6.9135797,0.0 107.5775341,-6.9136343,0.0 107.5776073,-6.9136496,0.0</coordinates>
            </LineString>
        </Placemark>
        <Placemark id="5695">
            <name>Jalan Braga</name>
            <styleUrl>#5696</styleUrl>
            <LineString id="5694">
                <coordinates>107.6090254,-6.9139243,0.0 107.6090188,-6.9140707,0.0 107.6090157,-6.9141626,0.0 107.6090099,-6.9144741,0.0 107.6090078,-6.9145319,0.0 107.609003,-6.9147575,0.0 107.6090004,-6.9148441,0.0 107.609,-6.9150767,0.0 107.6090001,-6.9151162,0.0 107.6089998,-6.9151478,0.0 107.6089988,-6.9152244,0.0</coordinates>
            </LineString>
        </Placemark>
        <Placemark id="5699">
            <name>Jalan Perintis Kemerdekaan</name>
            <styleUrl>#5700</styleUrl>
            <LineString id="5698">
                <coordinates>107.6071931,-6.9145156,0.0 107.6072105,-6.9144549,0.0 107.6072378,-6.9143977,0.0 107.6072741,-6.9143458,0.0 107.6073185,-6.9143005,0.0</coordinates>
            </LineString>
        </Placemark>
        <Placemark id="5703">
            <name>Jalan Perintis Kemerdekaan</name>
            <styleUrl>#5704</styleUrl>
            <LineString id="5702">
                <coordinates>107.6075641,-6.9142136,0.0 107.6078626,-6.9140606,0.0 107.607935,-6.9140241,0.0 107.6079799,-6.9140014,0.0 107.6081711,-6.9139136,0.0 107.6082715,-6.9138902,0.0 107.6087543,-6.9138526,0.0 107.6088925,-6.9138457,0.0 107.6089516,-6.913844,0.0</coordinates>
            </LineString>
        </Placemark>
        <Placemark id="5707">
            <name>Jalan Rajawali Barat</name>
            <styleUrl>#5708</styleUrl>
            <LineString id="5706">
                <coordinates>107.5690911,-6.9104213,0.0 107.5691322,-6.9104701,0.0 107.5691544,-6.910494,0.0 107.5691885,-6.9105173,0.0 107.569271,-6.9105673,0.0 107.5693569,-6.9106219,0.0</coordinates>
            </LineString>
        </Placemark>
        <Placemark id="5711">
            <name>Jalan Stasiun Timur</name>
            <styleUrl>#5712</styleUrl>
            <LineString id="5710">
                <coordinates>107.6045889,-6.9148224,0.0 107.6045944,-6.9147921,0.0 107.6046031,-6.9147807,0.0 107.6046151,-6.914765,0.0 107.6046317,-6.9147543,0.0 107.6046427,-6.9147472,0.0 107.6046716,-6.9147379,0.0 107.6047205,-6.914736,0.0 107.6051298,-6.9147855,0.0 107.6063544,-6.9149336,0.0 107.6064066,-6.9149399,0.0</coordinates>
            </LineString>
        </Placemark>
        <Placemark id="5715">
            <name>Jalan Otto Iskandardinata</name>
            <styleUrl>#5716</styleUrl>
            <LineString id="5714">
                <coordinates>107.604546,-6.9153572,0.0 107.6045814,-6.9149387,0.0 107.6045889,-6.9148224,0.0</coordinates>
            </LineString>
        </Placemark>
        <Placemark id="5719">
            <name>Jalan Raya Padalarang</name>
            <styleUrl>#5720</styleUrl>
            <LineString id="5718">
                <coordinates>107.4973395,-6.8515925,0.0 107.4973802,-6.8516677,0.0 107.4974241,-6.85176,0.0 107.4974862,-6.8519233,0.0 107.4975063,-6.8519776,0.0</coordinates>
            </LineString>
        </Placemark>
        <Placemark id="5723">
            <name>Jalan Gedong Lima</name>
            <styleUrl>#5724</styleUrl>
            <LineString id="5722">
                <coordinates>107.4956075,-6.8425396,0.0 107.4951058,-6.8424482,0.0 107.4950543,-6.8424626,0.0 107.4950015,-6.8424929,0.0 107.4949577,-6.8425409,0.0 107.4949135,-6.8426056,0.0 107.4947485,-6.8428782,0.0 107.4943326,-6.8435693,0.0 107.4941809,-6.8438134,0.0 107.4940263,-6.8440589,0.0 107.4936454,-6.844697,0.0 107.4935176,-6.844906,0.0 107.493283,-6.8453099,0.0 107.4931573,-6.8455161,0.0 107.4929788,-6.8458197,0.0 107.4928741,-6.8460007,0.0 107.4927386,-6.8462262,0.0 107.492614,-6.8464336,0.0 107.4923438,-6.8468831,0.0 107.4919575,-6.8475478,0.0 107.4918702,-6.8476904,0.0</coordinates>
            </LineString>
        </Placemark>
        <Placemark id="5727">
            <name>Jalan Panaris</name>
            <styleUrl>#5728</styleUrl>
            <LineString id="5726">
                <coordinates>107.4980377,-6.8447794,0.0 107.4980289,-6.8448354,0.0 107.4979763,-6.8452064,0.0 107.4979497,-6.8453886,0.0 107.4979184,-6.8456015,0.0 107.4978748,-6.8459643,0.0 107.4978228,-6.8463567,0.0 107.497797,-6.8465254,0.0 107.4977652,-6.846731,0.0 107.4977044,-6.8471374,0.0 107.4976247,-6.8477076,0.0 107.4975847,-6.8479924,0.0 107.4975239,-6.8484377,0.0 107.4975122,-6.8485235,0.0 107.4974616,-6.8488561,0.0 107.497384,-6.8493691,0.0 107.4973653,-6.8495065,0.0 107.4973504,-6.8496195,0.0 107.4972993,-6.8499522,0.0 107.4972836,-6.8500571,0.0 107.4972495,-6.8502835,0.0 107.4971882,-6.8507054,0.0 107.4971618,-6.8508663,0.0 107.4971058,-6.8512547,0.0 107.4971035,-6.8512732,0.0</coordinates>
            </LineString>
        </Placemark>
        <Placemark id="5731">
            <name>Jalan Jend. H. Amir Machmud</name>
            <styleUrl>#5732</styleUrl>
            <LineString id="5730">
                <coordinates>107.5666016,-6.9063054,0.0 107.5669287,-6.9068461,0.0 107.5673283,-6.9075068,0.0 107.5675554,-6.9078822,0.0 107.5677524,-6.908213,0.0 107.5680933,-6.9087725,0.0 107.568442,-6.9093481,0.0 107.5686667,-6.9097197,0.0 107.5690329,-6.910325,0.0 107.5690593,-6.9103687,0.0 107.5690911,-6.9104213,0.0</coordinates>
            </LineString>
        </Placemark>
        <Placemark id="5735">
            <name>Jalan Jend. H. Amir Machmud</name>
            <styleUrl>#5736</styleUrl>
            <LineString id="5734">
                <coordinates>107.541619,-6.8732394,0.0 107.5418456,-6.8733783,0.0 107.5423764,-6.8737035,0.0 107.5428429,-6.8739782,0.0 107.543171,-6.8741715,0.0 107.5435214,-6.8743778,0.0</coordinates>
            </LineString>
        </Placemark>
        <Placemark id="5739">
            <name>Jalan Kota Baru Parahyangan</name>
            <styleUrl>#5740</styleUrl>
            <LineString id="5738">
                <coordinates>107.4843016,-6.858936,0.0 107.484316,-6.8588447,0.0 107.4843572,-6.8587619,0.0</coordinates>
            </LineString>
        </Placemark>
        <Placemark id="5743">
            <name>Jalan Kota Baru Parahyangan</name>
            <styleUrl>#5744</styleUrl>
            <LineString id="5742">
                <coordinates>107.4940543,-6.8517636,0.0 107.4940828,-6.8517621,0.0 107.4941082,-6.8517594,0.0 107.4941315,-6.851755,0.0 107.4941572,-6.8517482,0.0 107.4941813,-6.85174,0.0 107.4942078,-6.8517287,0.0 107.4942327,-6.851716,0.0 107.4942529,-6.8517024,0.0 107.4942697,-6.8516875,0.0 107.4942868,-6.8516703,0.0 107.4943012,-6.8516526,0.0 107.4946927,-6.8510954,0.0 107.4947508,-6.8510173,0.0 107.4948956,-6.8508267,0.0 107.4952692,-6.8503346,0.0</coordinates>
            </LineString>
        </Placemark>
        <Placemark id="5747">
            <name>Jalan Parahyangan</name>
            <styleUrl>#5748</styleUrl>
            <LineString id="5746">
                <coordinates>107.4698236,-6.8663608,0.0 107.4709548,-6.8663543,0.0 107.4710013,-6.8663564,0.0 107.4712124,-6.8663744,0.0 107.4715875,-6.8664065,0.0 107.4724782,-6.8666043,0.0 107.4727666,-6.8666285,0.0 107.4730216,-6.8666102,0.0 107.4732532,-6.8665769,0.0 107.4734039,-6.8665328,0.0 107.473782,-6.8664222,0.0 107.4743417,-6.8662699,0.0 107.4746263,-6.8661924,0.0 107.4748755,-6.8661558,0.0 107.4750387,-6.866138,0.0 107.4751899,-6.8661306,0.0 107.4752676,-6.8661302,0.0 107.4760018,-6.8660868,0.0 107.4764356,-6.866007,0.0</coordinates>
            </LineString>
        </Placemark>
        <Placemark id="5751">
            <name>Jalan Parahyangan</name>
            <styleUrl>#5752</styleUrl>
            <LineString id="5750">
                <coordinates>107.4764356,-6.866007,0.0 107.4770717,-6.8658522,0.0</coordinates>
            </LineString>
        </Placemark>
        <Placemark id="5755">
            <name>Jalan Parahyangan</name>
            <styleUrl>#5756</styleUrl>
            <LineString id="5754">
                <coordinates>107.4692162,-6.8663547,0.0 107.4698236,-6.8663608,0.0</coordinates>
            </LineString>
        </Placemark>
        <Placemark id="5759">
            <name>Jalan Parahyangan</name>
            <styleUrl>#5760</styleUrl>
            <LineString id="5758">
                <coordinates>107.4770717,-6.8658522,0.0 107.4771828,-6.865811,0.0 107.4774403,-6.8657151,0.0 107.4776325,-6.8656175,0.0 107.477789,-6.8655128,0.0 107.4778845,-6.8654372,0.0</coordinates>
            </LineString>
        </Placemark>
        <Placemark id="5763">
            <name>Jalan Tamblong</name>
            <styleUrl>#5764</styleUrl>
            <LineString id="5762">
                <coordinates>107.6122092,-6.9201091,0.0 107.6121953,-6.9202135,0.0 107.612155,-6.9205282,0.0 107.6121207,-6.9208351,0.0 107.6120718,-6.9213137,0.0 107.6120281,-6.9216096,0.0 107.6120154,-6.9217245,0.0</coordinates>
            </LineString>
        </Placemark>
        <Placemark id="5767">
            <name>Jalan Jend. H. Amir Machmud</name>
            <styleUrl>#5768</styleUrl>
            <LineString id="5766">
                <coordinates>107.5456552,-6.8757181,0.0 107.5456997,-6.8757329,0.0 107.5457412,-6.8757501,0.0 107.5458623,-6.8758235,0.0 107.5459002,-6.8758465,0.0 107.5468207,-6.8764052,0.0 107.547019,-6.8765292,0.0 107.5470332,-6.8765381,0.0</coordinates>
            </LineString>
        </Placemark>
        <Placemark id="5771">
            <name>Jalan Lembong</name>
            <styleUrl>#5772</styleUrl>
            <LineString id="5770">
                <coordinates>107.6109278,-6.9169939,0.0 107.6111029,-6.9170839,0.0 107.6113003,-6.9171832,0.0 107.6113378,-6.917202,0.0</coordinates>
            </LineString>
        </Placemark>
        <Placemark id="5775">
            <name>Jalan Layang Cimindi</name>
            <styleUrl>#5776</styleUrl>
            <LineString id="5774">
                <coordinates>107.5616845,-6.8983006,0.0 107.5589596,-6.8938395,0.0</coordinates>
            </LineString>
        </Placemark>
        <Placemark id="5779">
            <name>Jalan Raya Gadobangkong</name>
            <styleUrl>#5780</styleUrl>
            <LineString id="5778">
                <coordinates>107.5156622,-6.866132,0.0 107.5160919,-6.8663299,0.0</coordinates>
            </LineString>
        </Placemark>
        <Placemark id="5783">
            <name>Jalan Raya Gadobangkong</name>
            <styleUrl>#5784</styleUrl>
            <LineString id="5782">
                <coordinates>107.5169868,-6.8667469,0.0 107.5172135,-6.866858,0.0 107.5174342,-6.8669686,0.0 107.5176534,-6.8670757,0.0 107.5178625,-6.8671767,0.0 107.5179976,-6.8672401,0.0 107.5183058,-6.8673783,0.0 107.5183672,-6.8673963,0.0 107.5185612,-6.8674533,0.0 107.5190095,-6.8675906,0.0 107.5190798,-6.8676144,0.0 107.5191264,-6.8676288,0.0 107.5191731,-6.8676432,0.0 107.5195447,-6.8677576,0.0 107.5196849,-6.8678007,0.0 107.5200389,-6.8679097,0.0 107.5201726,-6.8679508,0.0 107.5207876,-6.868147,0.0 107.5208297,-6.8681604,0.0 107.5209164,-6.8681885,0.0 107.5212073,-6.8682829,0.0 107.521271,-6.8683036,0.0 107.5214983,-6.8683763,0.0 107.5216087,-6.8684028,0.0 107.5217268,-6.8684273,0.0 107.521842,-6.8684414,0.0 107.5220823,-6.8684515,0.0</coordinates>
            </LineString>
        </Placemark>
        <Placemark id="5787">
            <name>Route Segment</name>
            <styleUrl>#5788</styleUrl>
            <LineString id="5786">
                <coordinates>107.611899,-6.9174826,0.0 107.6119638,-6.9175519,0.0 107.6120629,-6.9176091,0.0 107.6121927,-6.9176855,0.0 107.6122735,-6.9177431,0.0 107.612341,-6.9177922,0.0 107.6123749,-6.9178256,0.0 107.6124026,-6.9178815,0.0 107.6124151,-6.9179473,0.0 107.6124086,-6.91811,0.0 107.6124036,-6.9181433,0.0 107.6123969,-6.9182059,0.0 107.6123918,-6.9182691,0.0</coordinates>
            </LineString>
        </Placemark>
        <Placemark id="5791">
            <name>Jalan Suniaraja</name>
            <styleUrl>#5792</styleUrl>
            <LineString id="5790">
                <coordinates>107.6027081,-6.91612,0.0 107.6031079,-6.9160834,0.0</coordinates>
            </LineString>
        </Placemark>
        <Placemark id="5795">
            <name>Jalan Suniaraja</name>
            <styleUrl>#5796</styleUrl>
            <LineString id="5794">
                <coordinates>107.6024325,-6.9161432,0.0 107.6025481,-6.9161309,0.0 107.6027081,-6.91612,0.0</coordinates>
            </LineString>
        </Placemark>
        <Placemark id="5799">
            <name>Jalan Rajawali Barat</name>
            <styleUrl>#5800</styleUrl>
            <LineString id="5798">
                <coordinates>107.5693569,-6.9106219,0.0 107.5694743,-6.9106678,0.0 107.569668,-6.9107436,0.0 107.5697302,-6.910768,0.0 107.5699681,-6.910861,0.0 107.5701462,-6.9109306,0.0 107.5702926,-6.9109879,0.0 107.5704868,-6.9110639,0.0 107.5705813,-6.9111009,0.0 107.570662,-6.9111324,0.0 107.5710798,-6.9112958,0.0 107.5715519,-6.9114805,0.0 107.5717818,-6.9115704,0.0 107.5718363,-6.9115918,0.0 107.5720087,-6.9116592,0.0 107.5723261,-6.9117833,0.0 107.5725782,-6.9118819,0.0 107.5729282,-6.9120185,0.0</coordinates>
            </LineString>
        </Placemark>
        <Placemark id="5803">
            <name>Jalan Rajawali Timur</name>
            <styleUrl>#5804</styleUrl>
            <LineString id="5802">
                <coordinates>107.5776073,-6.9136496,0.0 107.5781901,-6.9137773,0.0 107.578358,-6.913811,0.0 107.5783915,-6.9138177,0.0 107.5785703,-6.9138613,0.0 107.5787813,-6.9139093,0.0 107.5797157,-6.9141156,0.0 107.57975,-6.9141241,0.0 107.5799582,-6.9141715,0.0 107.580286,-6.914244,0.0 107.5811424,-6.9144359,0.0 107.5811792,-6.9144445,0.0 107.5812333,-6.9144578,0.0 107.5813485,-6.9144861,0.0 107.581468,-6.9145158,0.0 107.5817077,-6.9145783,0.0 107.5817891,-6.9146017,0.0 107.5822948,-6.9147358,0.0 107.5825032,-6.9147967,0.0</coordinates>
            </LineString>
        </Placemark>
        <Placemark id="5807">
            <name>Jalan Perintis Kemerdekaan</name>
            <styleUrl>#5808</styleUrl>
            <LineString id="5806">
                <coordinates>107.6070945,-6.9151362,0.0 107.6071194,-6.9149776,0.0 107.6071865,-6.9145473,0.0 107.6071931,-6.9145156,0.0</coordinates>
            </LineString>
        </Placemark>
        <Placemark id="5811">
            <name>Jalan Rajawali Timur</name>
            <styleUrl>#5812</styleUrl>
            <LineString id="5810">
                <coordinates>107.5833434,-6.9150421,0.0 107.5835693,-6.9151171,0.0 107.5840285,-6.9152755,0.0 107.5843036,-6.9153672,0.0 107.5852167,-6.9156963,0.0</coordinates>
            </LineString>
        </Placemark>
        <Placemark id="5815">
            <name>Jalan Rajawali Timur</name>
            <styleUrl>#5816</styleUrl>
            <LineString id="5814">
                <coordinates>107.5858296,-6.9159179,0.0 107.5862132,-6.9160211,0.0 107.5867708,-6.9160926,0.0 107.5869745,-6.9161187,0.0 107.5871346,-6.9161385,0.0 107.5875979,-6.9161866,0.0 107.5884105,-6.9162695,0.0 107.5887476,-6.9163133,0.0 107.5891032,-6.9163578,0.0 107.5895623,-6.9164063,0.0 107.5900726,-6.9164713,0.0 107.5904668,-6.9165055,0.0</coordinates>
            </LineString>
        </Placemark>
        <Placemark id="5819">
            <name>Jalan Rajawali Timur</name>
            <styleUrl>#5820</styleUrl>
            <LineString id="5818">
                <coordinates>107.5852167,-6.9156963,0.0 107.5853751,-6.9157549,0.0 107.5856065,-6.9158405,0.0 107.5858296,-6.9159179,0.0</coordinates>
            </LineString>
        </Placemark>
        <Placemark id="5823">
            <name>Jalan Asia Afrika</name>
            <styleUrl>#5824</styleUrl>
            <LineString id="5822">
                <coordinates>107.607195,-6.9211421,0.0 107.6071709,-6.9211388,0.0 107.6071309,-6.9211347,0.0</coordinates>
            </LineString>
        </Placemark>
        <Placemark id="5827">
            <name>Jalan Kebon Jati</name>
            <styleUrl>#5828</styleUrl>
            <LineString id="5826">
                <coordinates>107.5982102,-6.9163251,0.0 107.5982729,-6.9163191,0.0</coordinates>
            </LineString>
        </Placemark>
        <Placemark id="5831">
            <name>Jalan Kebon Jati</name>
            <styleUrl>#5832</styleUrl>
            <LineString id="5830">
                <coordinates>107.5910563,-6.9165244,0.0 107.5914837,-6.9165375,0.0 107.5917121,-6.9165436,0.0 107.5918399,-6.9165435,0.0 107.5918967,-6.916545,0.0 107.5922519,-6.9165433,0.0 107.5925338,-6.9165363,0.0 107.5927772,-6.9165302,0.0 107.5933422,-6.9165018,0.0</coordinates>
            </LineString>
        </Placemark>
        <Placemark id="5835">
            <name>Jalan Rajawali Barat</name>
            <styleUrl>#5836</styleUrl>
            <LineString id="5834">
                <coordinates>107.575721,-6.9131092,0.0 107.5758021,-6.913142,0.0</coordinates>
            </LineString>
        </Placemark>
        <Placemark id="5839">
            <name>Jalan Layang Cimindi</name>
            <styleUrl>#5840</styleUrl>
            <LineString id="5838">
                <coordinates>107.561879,-6.8986119,0.0 107.5616845,-6.8983006,0.0</coordinates>
            </LineString>
        </Placemark>
        <Placemark id="5843">
            <name>Jalan Jend. H. Amir Machmud</name>
            <styleUrl>#5844</styleUrl>
            <LineString id="5842">
                <coordinates>107.5439581,-6.8746902,0.0 107.5440471,-6.8747433,0.0 107.5441415,-6.8748005,0.0 107.5442734,-6.8748788,0.0 107.544369,-6.8749357,0.0 107.544421,-6.8749667,0.0 107.5446406,-6.875103,0.0 107.5447713,-6.8751823,0.0 107.5448011,-6.8752004,0.0 107.5450897,-6.8753753,0.0 107.5451296,-6.8753995,0.0 107.5454809,-6.8756124,0.0 107.5456005,-6.875685,0.0 107.5456552,-6.8757181,0.0</coordinates>
            </LineString>
        </Placemark>
        <Placemark id="5847">
            <name>Jalan Raya Padalarang</name>
            <styleUrl>#5848</styleUrl>
            <LineString id="5846">
                <coordinates>107.4971959,-6.8514713,0.0 107.4972695,-6.8515233,0.0 107.4973395,-6.8515925,0.0</coordinates>
            </LineString>
        </Placemark>
        <Placemark id="5851">
            <name>Jalan Jend. H. Amir Machmud</name>
            <styleUrl>#5852</styleUrl>
            <LineString id="5850">
                <coordinates>107.5410215,-6.8728785,0.0 107.5411233,-6.8729412,0.0 107.5412215,-6.8730016,0.0</coordinates>
            </LineString>
        </Placemark>
        <Placemark id="5855">
            <name>Jalan Raya Padalarang</name>
            <styleUrl>#5856</styleUrl>
            <LineString id="5854">
                <coordinates>107.4962036,-6.8508025,0.0 107.4967304,-6.8511712,0.0 107.4968808,-6.8512765,0.0 107.4969413,-6.8513159,0.0</coordinates>
            </LineString>
        </Placemark>
        <Placemark id="5859">
            <name>Jalan Jend. H. Amir Machmud</name>
            <styleUrl>#5860</styleUrl>
            <LineString id="5858">
                <coordinates>107.5620012,-6.8987045,0.0 107.5620174,-6.8987312,0.0 107.5621826,-6.8990042,0.0 107.5622982,-6.8991952,0.0 107.5625724,-6.8996485,0.0 107.5628847,-6.9001643,0.0 107.563072,-6.9004738,0.0 107.5632153,-6.9007184,0.0 107.5634862,-6.9011615,0.0 107.5636794,-6.9014774,0.0 107.5637732,-6.9016307,0.0 107.563792,-6.9016635,0.0 107.5640291,-6.9020553,0.0 107.5641386,-6.9022362,0.0 107.5641814,-6.902307,0.0 107.5644255,-6.9027102,0.0 107.5645114,-6.9028522,0.0 107.56478,-6.903296,0.0 107.5648032,-6.9033346,0.0 107.565195,-6.9039875,0.0 107.565423,-6.9043586,0.0 107.5654748,-6.9044437,0.0 107.5657545,-6.9049096,0.0</coordinates>
            </LineString>
        </Placemark>
        <Placemark id="5863">
            <name>Jalan Raya Cimareme</name>
            <styleUrl>#5864</styleUrl>
            <LineString id="5862">
                <coordinates>107.5034117,-6.8632727,0.0 107.5034772,-6.8633105,0.0 107.5035566,-6.8633604,0.0 107.5037925,-6.8634899,0.0 107.5039209,-6.8635608,0.0 107.504317,-6.8637653,0.0 107.5043597,-6.8637873,0.0 107.5044255,-6.8638215,0.0 107.5047344,-6.8639832,0.0</coordinates>
            </LineString>
        </Placemark>
        <Placemark id="5867">
            <name>Jalan Raya Padalarang</name>
            <styleUrl>#5868</styleUrl>
            <LineString id="5866">
                <coordinates>107.4975473,-6.8521126,0.0 107.4975711,-6.8522828,0.0</coordinates>
            </LineString>
        </Placemark>
        <Placemark id="5871">
            <name>Jalan Jend. H. Amir Machmud</name>
            <styleUrl>#5872</styleUrl>
            <LineString id="5870">
                <coordinates>107.5261248,-6.8684369,0.0 107.5262229,-6.8684691,0.0 107.5263122,-6.8685064,0.0 107.5263898,-6.8685422,0.0 107.5264225,-6.8685573,0.0 107.5266094,-6.8686384,0.0 107.5270877,-6.8688731,0.0 107.5271548,-6.868908,0.0 107.5273141,-6.8689718,0.0 107.5274989,-6.8690436,0.0 107.5275841,-6.8690682,0.0 107.527662,-6.8690849,0.0 107.5277986,-6.8691038,0.0 107.5278876,-6.8691021,0.0 107.5279891,-6.8690928,0.0 107.5281475,-6.8690695,0.0 107.5281996,-6.8690592,0.0 107.5283978,-6.8690203,0.0 107.5284509,-6.8690086,0.0 107.5285738,-6.8689815,0.0 107.5288591,-6.8689212,0.0 107.5289883,-6.8688991,0.0 107.5293786,-6.8688406,0.0 107.5300087,-6.868775,0.0 107.5302545,-6.8687509,0.0 107.5303683,-6.8687397,0.0 107.5306127,-6.8687157,0.0 107.5307996,-6.8686984,0.0 107.5309254,-6.8686864,0.0 107.5311227,-6.8686631,0.0 107.5311768,-6.86866,0.0 107.5313217,-6.8686505,0.0 107.5314385,-6.8686555,0.0 107.5315089,-6.8686615,0.0 107.5315735,-6.8686772,0.0 107.5317099,-6.8687176,0.0 107.5318119,-6.8687546,0.0 107.5318553,-6.8687705,0.0 107.531878,-6.8687794,0.0 107.5319386,-6.8688013,0.0 107.5322086,-6.8688988,0.0 107.5324527,-6.8689916,0.0 107.5327945,-6.8691177,0.0 107.5330853,-6.8692167,0.0</coordinates>
            </LineString>
        </Placemark>
        <Placemark id="5875">
            <name>Jalan Raya Padalarang</name>
            <styleUrl>#5876</styleUrl>
            <LineString id="5874">
                <coordinates>107.4975063,-6.8519776,0.0 107.4975473,-6.8521126,0.0</coordinates>
            </LineString>
        </Placemark>
        <Placemark id="5879">
            <name>Jalan Cihaliwung</name>
            <styleUrl>#5880</styleUrl>
            <LineString id="5878">
                <coordinates>107.496525,-6.8427291,0.0 107.4966418,-6.8428228,0.0 107.4969585,-6.8430995,0.0 107.4971931,-6.8433132,0.0 107.4973786,-6.8434878,0.0 107.4975781,-6.8436854,0.0 107.497982,-6.8440435,0.0 107.498048,-6.8441045,0.0 107.498056,-6.8441191,0.0 107.4980804,-6.8441637,0.0 107.4980972,-6.8442255,0.0 107.4981043,-6.8443239,0.0 107.498091,-6.8444891,0.0</coordinates>
            </LineString>
        </Placemark>
        <Placemark id="5883">
            <name>Jalan Raya Cimareme</name>
            <styleUrl>#5884</styleUrl>
            <LineString id="5882">
                <coordinates>107.4987182,-6.8581066,0.0 107.4987288,-6.8582512,0.0 107.4987562,-6.8584531,0.0 107.4987799,-6.8586327,0.0 107.4988095,-6.8588159,0.0 107.498846,-6.8589418,0.0 107.4988952,-6.8590747,0.0 107.4989519,-6.859192,0.0 107.499024,-6.8593264,0.0 107.4991209,-6.8594557,0.0 107.4992202,-6.8595603,0.0 107.4993675,-6.8597221,0.0 107.4995891,-6.8599902,0.0 107.4997744,-6.8601871,0.0 107.4998426,-6.8602605,0.0 107.5001629,-6.8605893,0.0 107.500195,-6.8606217,0.0 107.5003415,-6.860773,0.0 107.5004973,-6.8609384,0.0 107.5006628,-6.8611039,0.0 107.5010094,-6.8614382,0.0 107.5010639,-6.8614908,0.0 107.5012224,-6.8616525,0.0 107.5014146,-6.8618608,0.0 107.5015639,-6.8620124,0.0 107.5016093,-6.8620563,0.0 107.5018806,-6.8623184,0.0 107.5021156,-6.8625154,0.0 107.5022805,-6.8626367,0.0 107.5025833,-6.8628122,0.0 107.5028237,-6.8629469,0.0 107.502934,-6.8630015,0.0 107.5031549,-6.8631253,0.0 107.5031733,-6.8631354,0.0 107.5032331,-6.8631683,0.0 107.5033168,-6.8632144,0.0 107.5034117,-6.8632727,0.0</coordinates>
            </LineString>
        </Placemark>
        <Placemark id="5887">
            <name>Jalan Jend. H. Amir Machmud</name>
            <styleUrl>#5888</styleUrl>
            <LineString id="5886">
                <coordinates>107.5470332,-6.8765381,0.0 107.5471154,-6.8765898,0.0</coordinates>
            </LineString>
        </Placemark>
        <Placemark id="5891">
            <name>Jalan Jend. H. Amir Machmud</name>
            <styleUrl>#5892</styleUrl>
            <LineString id="5890">
                <coordinates>107.5471154,-6.8765898,0.0 107.5473626,-6.8767421,0.0 107.5477789,-6.8769985,0.0 107.5481509,-6.8772403,0.0 107.5486081,-6.8775295,0.0 107.5487336,-6.8776074,0.0 107.548959,-6.8777456,0.0</coordinates>
            </LineString>
        </Placemark>
        <Placemark id="5895">
            <name>Jalan Asia Afrika</name>
            <styleUrl>#5896</styleUrl>
            <LineString id="5894">
                <coordinates>107.6120154,-6.9217245,0.0 107.6118219,-6.9217006,0.0</coordinates>
            </LineString>
        </Placemark>
        <Placemark id="5899">
            <name>Jalan Asia Afrika</name>
            <styleUrl>#5900</styleUrl>
            <LineString id="5898">
                <coordinates>107.6077961,-6.9212245,0.0 107.6076762,-6.9212089,0.0 107.6075753,-6.921193,0.0 107.6072432,-6.9211493,0.0 107.607195,-6.9211421,0.0</coordinates>
            </LineString>
        </Placemark>
        <Placemark id="5903">
            <name>Jalan Jend. H. Amir Machmud</name>
            <styleUrl>#5904</styleUrl>
            <LineString id="5902">
                <coordinates>107.5408249,-6.872758,0.0 107.5408995,-6.8728035,0.0</coordinates>
            </LineString>
        </Placemark>
        <Placemark id="5907">
            <name>Jalan Jend. H. Amir Machmud</name>
            <styleUrl>#5908</styleUrl>
            <LineString id="5906">
                <coordinates>107.5391134,-6.8717381,0.0 107.5392617,-6.8718268,0.0 107.5393459,-6.8718791,0.0 107.5395511,-6.8720061,0.0 107.5396118,-6.872043,0.0</coordinates>
            </LineString>
        </Placemark>
        <Placemark id="5911">
            <name>Jalan Jend. H. Amir Machmud</name>
            <styleUrl>#5912</styleUrl>
            <LineString id="5910">
                <coordinates>107.5396118,-6.872043,0.0 107.5399548,-6.8722548,0.0 107.5400294,-6.8723014,0.0 107.5403035,-6.8724715,0.0 107.5403649,-6.8725096,0.0 107.5406997,-6.8727172,0.0 107.540747,-6.8727452,0.0</coordinates>
            </LineString>
        </Placemark>
        <Placemark id="5915">
            <name>Jalan Kebon Jati</name>
            <styleUrl>#5916</styleUrl>
            <LineString id="5914">
                <coordinates>107.5958562,-6.9163894,0.0 107.5959698,-6.9163849,0.0</coordinates>
            </LineString>
        </Placemark>
        <Placemark id="5919">
            <name>Jalan Kebon Jati</name>
            <styleUrl>#5920</styleUrl>
            <LineString id="5918">
                <coordinates>107.5959698,-6.9163849,0.0 107.5962263,-6.9163777,0.0 107.596307,-6.9163766,0.0 107.5963955,-6.9163741,0.0 107.5966005,-6.9163694,0.0 107.5967032,-6.9163671,0.0 107.5971273,-6.9163531,0.0 107.5971763,-6.9163515,0.0 107.5974046,-6.916344,0.0 107.5980505,-6.9163289,0.0 107.5980926,-6.9163279,0.0 107.5982102,-6.9163251,0.0</coordinates>
            </LineString>
        </Placemark>
        <Placemark id="5923">
            <name>Jalan Raya Cimareme</name>
            <styleUrl>#5924</styleUrl>
            <LineString id="5922">
                <coordinates>107.5047344,-6.8639832,0.0 107.5049911,-6.8641067,0.0 107.5050586,-6.8641392,0.0 107.5051499,-6.8641787,0.0 107.5051913,-6.8641937,0.0 107.5052503,-6.8642111,0.0 107.5053149,-6.8642263,0.0 107.5053817,-6.8642351,0.0 107.5054411,-6.8642368,0.0 107.5054978,-6.8642341,0.0 107.5055404,-6.864229,0.0</coordinates>
            </LineString>
        </Placemark>
        <Placemark id="5927">
            <name>Jalan Raya Gadobangkong</name>
            <styleUrl>#5928</styleUrl>
            <LineString id="5926">
                <coordinates>107.5063671,-6.864027,0.0 107.5065856,-6.8639771,0.0 107.5070193,-6.863866,0.0 107.5077676,-6.863685,0.0 107.5082119,-6.8635741,0.0 107.5086465,-6.8634599,0.0 107.5087248,-6.8634388,0.0 107.5094028,-6.8632576,0.0 107.5094818,-6.863253,0.0 107.5095628,-6.8632583,0.0 107.5096207,-6.8632683,0.0 107.5097112,-6.8632909,0.0 107.5098225,-6.8633262,0.0 107.5099964,-6.863395,0.0 107.5100491,-6.8634203,0.0 107.510072,-6.8634302,0.0 107.5104217,-6.8635854,0.0 107.5106152,-6.8636745,0.0 107.5106923,-6.8637105,0.0 107.510966,-6.8638385,0.0 107.5111617,-6.8639301,0.0 107.5113852,-6.8640346,0.0 107.5119852,-6.8643131,0.0 107.5120662,-6.8643533,0.0 107.5123015,-6.8644685,0.0 107.5125224,-6.8645767,0.0 107.5128242,-6.8647258,0.0 107.5130197,-6.8648201,0.0 107.513398,-6.865018,0.0 107.5134421,-6.8650411,0.0 107.513879,-6.8652552,0.0 107.5140447,-6.8653343,0.0 107.5150775,-6.8658424,0.0 107.5151703,-6.8658917,0.0 107.5152076,-6.8659101,0.0 107.5156233,-6.8661135,0.0 107.5156622,-6.866132,0.0</coordinates>
            </LineString>
        </Placemark>
        <Placemark id="5931">
            <name>Jalan Raya Gadobangkong</name>
            <styleUrl>#5932</styleUrl>
            <LineString id="5930">
                <coordinates>107.5160919,-6.8663299,0.0 107.5162566,-6.8664082,0.0 107.5164712,-6.8665071,0.0 107.5167612,-6.8666428,0.0 107.5169868,-6.8667469,0.0</coordinates>
            </LineString>
        </Placemark>
        <Placemark id="5935">
            <name>Jalan Jend. H. Amir Machmud</name>
            <styleUrl>#5936</styleUrl>
            <LineString id="5934">
                <coordinates>107.5587275,-6.8933688,0.0 107.5587783,-6.8934551,0.0</coordinates>
            </LineString>
        </Placemark>
        <Placemark id="5939">
            <name>Jalan Jend. H. Amir Machmud</name>
            <styleUrl>#5940</styleUrl>
            <LineString id="5938">
                <coordinates>107.558593,-6.8931439,0.0 107.5587005,-6.8933236,0.0 107.5587275,-6.8933688,0.0</coordinates>
            </LineString>
        </Placemark>
        <Placemark id="5943">
            <name>Jalan Layang Cimindi</name>
            <styleUrl>#5944</styleUrl>
            <LineString id="5942">
                <coordinates>107.5587916,-6.8934809,0.0 107.5588855,-6.8937179,0.0</coordinates>
            </LineString>
        </Placemark>
        <Placemark id="5947">
            <name>Jalan Jend. H. Amir Machmud</name>
            <styleUrl>#5948</styleUrl>
            <LineString id="5946">
                <coordinates>107.5532991,-6.8845055,0.0 107.5532758,-6.8844655,0.0 107.5532307,-6.8843827,0.0 107.5531006,-6.8841655,0.0 107.5529605,-6.8839307,0.0 107.5529416,-6.883899,0.0 107.5528472,-6.8837408,0.0 107.5527794,-6.8836271,0.0 107.5527092,-6.8835093,0.0 107.5526121,-6.8833467,0.0 107.5525863,-6.8833033,0.0 107.5524109,-6.8830094,0.0 107.5522959,-6.8828167,0.0 107.5522386,-6.8827206,0.0 107.5520864,-6.8824613,0.0 107.5519526,-6.8822389,0.0 107.5518285,-6.882035,0.0 107.5516065,-6.8816734,0.0 107.5515108,-6.8815261,0.0 107.5513286,-6.8812206,0.0 107.5513112,-6.8811893,0.0 107.5510818,-6.8808273,0.0 107.5510407,-6.8807588,0.0 107.5509549,-6.8806153,0.0 107.5507239,-6.8802572,0.0 107.550617,-6.8800913,0.0 107.5505345,-6.8799545,0.0 107.5504164,-6.8797669,0.0 107.5503819,-6.8797123,0.0 107.5503366,-6.8796404,0.0 107.5501318,-6.8792963,0.0 107.5500491,-6.8791569,0.0 107.5499778,-6.8790409,0.0 107.5498734,-6.8788724,0.0 107.5498308,-6.8788036,0.0 107.549812,-6.8787698,0.0</coordinates>
            </LineString>
        </Placemark>
        <Placemark id="5951">
            <name>Jalan Jend. H. Amir Machmud</name>
            <styleUrl>#5952</styleUrl>
            <LineString id="5950">
                <coordinates>107.5554797,-6.8879517,0.0 107.5557165,-6.8883377,0.0 107.5559126,-6.8886546,0.0 107.5559962,-6.8887905,0.0 107.5562442,-6.8891982,0.0 107.5564554,-6.8895688,0.0 107.5566931,-6.889986,0.0 107.5568497,-6.8902446,0.0 107.5572088,-6.8908164,0.0 107.5572447,-6.8908741,0.0 107.5575829,-6.8914103,0.0 107.5576545,-6.8915256,0.0 107.5580359,-6.8921818,0.0 107.5580847,-6.8922657,0.0 107.5581322,-6.8923483,0.0 107.558593,-6.8931439,0.0</coordinates>
            </LineString>
        </Placemark>
        <Placemark id="5955">
            <name>Jalan Raya Padalarang</name>
            <styleUrl>#5956</styleUrl>
            <LineString id="5954">
                <coordinates>107.4956199,-6.8503909,0.0 107.4960649,-6.8507054,0.0 107.4961485,-6.850764,0.0 107.4962036,-6.8508025,0.0</coordinates>
            </LineString>
        </Placemark>
        <Placemark id="5959">
            <name>Route Segment</name>
            <styleUrl>#5960</styleUrl>
            <LineString id="5958">
                <coordinates>107.4633398,-6.864904,0.0 107.4632585,-6.8650059,0.0 107.4631703,-6.8650632,0.0 107.463069,-6.8650921,0.0 107.4629637,-6.8650901,0.0 107.4628636,-6.8650574,0.0</coordinates>
            </LineString>
        </Placemark>
        <Placemark id="5963">
            <name>Jalan Jend. H. Amir Machmud</name>
            <styleUrl>#5964</styleUrl>
            <LineString id="5962">
                <coordinates>107.5494026,-6.8780936,0.0 107.5495541,-6.8782893,0.0 107.5496587,-6.8784451,0.0 107.5497177,-6.878543,0.0 107.5497815,-6.8786488,0.0 107.5498008,-6.8786901,0.0 107.549812,-6.8787698,0.0</coordinates>
            </LineString>
        </Placemark>
        <Placemark id="5967">
            <name>Jalan Jend. H. Amir Machmud</name>
            <styleUrl>#5968</styleUrl>
            <LineString id="5966">
                <coordinates>107.540747,-6.8727452,0.0 107.5408249,-6.872758,0.0</coordinates>
            </LineString>
        </Placemark>
        <Placemark id="5971">
            <name>Jalan Jend. H. Amir Machmud</name>
            <styleUrl>#5972</styleUrl>
            <LineString id="5970">
                <coordinates>107.533145,-6.8692367,0.0 107.5331785,-6.8692495,0.0 107.5335628,-6.8693791,0.0 107.5337126,-6.8694306,0.0 107.5337447,-6.8694416,0.0 107.5339049,-6.8694966,0.0 107.5341763,-6.8696061,0.0 107.5342233,-6.8696235,0.0 107.5343842,-6.869692,0.0</coordinates>
            </LineString>
        </Placemark>
        <Placemark id="5975">
            <name>Jalan Jend. H. Amir Machmud</name>
            <styleUrl>#5976</styleUrl>
            <LineString id="5974">
                <coordinates>107.5330853,-6.8692167,0.0 107.533145,-6.8692367,0.0</coordinates>
            </LineString>
        </Placemark>
        <Placemark id="5979">
            <name>Jalan Panyawangan</name>
            <styleUrl>#5980</styleUrl>
            <LineString id="5978">
                <coordinates>107.4870991,-6.8578224,0.0 107.4874491,-6.8577118,0.0</coordinates>
            </LineString>
        </Placemark>
        <Placemark id="5983">
            <name>Jalan Panyawangan</name>
            <styleUrl>#5984</styleUrl>
            <LineString id="5982">
                <coordinates>107.4847723,-6.8586782,0.0 107.4848686,-6.8586859,0.0 107.4849119,-6.8586783,0.0 107.4849501,-6.8586647,0.0 107.4850957,-6.8585927,0.0 107.4851542,-6.8585673,0.0 107.485469,-6.8584169,0.0 107.4858086,-6.8582717,0.0 107.4863356,-6.8580663,0.0 107.4867539,-6.8579294,0.0 107.4870991,-6.8578224,0.0</coordinates>
            </LineString>
        </Placemark>
        <Placemark id="5987">
            <name>Jalan Raya Caringin</name>
            <styleUrl>#5988</styleUrl>
            <LineString id="5986">
                <coordinates>107.4977859,-6.8538237,0.0 107.4978121,-6.8539405,0.0</coordinates>
            </LineString>
        </Placemark>
        <Placemark id="5991">
            <name>Jalan Raya Simpang</name>
            <styleUrl>#5992</styleUrl>
            <LineString id="5990">
                <coordinates>107.4975965,-6.8527156,0.0 107.4975988,-6.8527427,0.0 107.4976134,-6.8528859,0.0 107.497658,-6.8531891,0.0 107.4976818,-6.8533539,0.0 107.4977128,-6.8535065,0.0 107.4977859,-6.8538237,0.0</coordinates>
            </LineString>
        </Placemark>
        <Placemark id="5995">
            <name>Jalan Raya Gadobangkong</name>
            <styleUrl>#5996</styleUrl>
            <LineString id="5994">
                <coordinates>107.5220823,-6.8684515,0.0 107.5221811,-6.8684242,0.0 107.5226775,-6.8684431,0.0 107.5232624,-6.8684653,0.0 107.523407,-6.8684708,0.0</coordinates>
            </LineString>
        </Placemark>
        <Placemark id="5999">
            <name>Jalan Raya Gadobangkong</name>
            <styleUrl>#6000</styleUrl>
            <LineString id="5998">
                <coordinates>107.523407,-6.8684708,0.0 107.5237171,-6.8684826,0.0 107.523763,-6.8684843,0.0 107.5238237,-6.8685111,0.0</coordinates>
            </LineString>
        </Placemark>
        <Placemark id="6003">
            <name>Jalan Jend. H. Amir Machmud</name>
            <styleUrl>#6004</styleUrl>
            <LineString id="6002">
                <coordinates>107.5363431,-6.8704044,0.0 107.5363908,-6.8704221,0.0 107.5364884,-6.8704594,0.0 107.5365376,-6.8704766,0.0 107.5365778,-6.8704906,0.0 107.5366787,-6.8705296,0.0 107.5373836,-6.8707918,0.0 107.5376817,-6.8709329,0.0 107.5379552,-6.8710821,0.0 107.538003,-6.8711086,0.0 107.5381559,-6.8711974,0.0 107.5382103,-6.8712287,0.0 107.5383378,-6.871298,0.0 107.538881,-6.871595,0.0 107.5391134,-6.8717381,0.0</coordinates>
            </LineString>
        </Placemark>
        <Placemark id="6007">
            <name>Jalan Layang Cimindi</name>
            <styleUrl>#6008</styleUrl>
            <LineString id="6006">
                <coordinates>107.561879,-6.8986119,0.0 107.5620012,-6.8987045,0.0</coordinates>
            </LineString>
        </Placemark>
        <Placemark id="6011">
            <name>Jalan Stasiun Timur</name>
            <styleUrl>#6012</styleUrl>
            <LineString id="6010">
                <coordinates>107.606909,-6.9153005,0.0 107.6070035,-6.9152646,0.0 107.6070659,-6.9152151,0.0 107.6070945,-6.9151362,0.0</coordinates>
            </LineString>
        </Placemark>
        <Placemark id="6015">
            <name>Jalan Jend. H. Amir Machmud</name>
            <styleUrl>#6016</styleUrl>
            <LineString id="6014">
                <coordinates>107.5435214,-6.8743778,0.0 107.5438725,-6.8745904,0.0 107.5438997,-6.874607,0.0 107.5439581,-6.8746902,0.0</coordinates>
            </LineString>
        </Placemark>
        <Placemark id="6019">
            <name>Jalan Tamblong</name>
            <styleUrl>#6020</styleUrl>
            <LineString id="6018">
                <coordinates>107.61235,-6.918793,0.0 107.6123364,-6.9189576,0.0 107.6122952,-6.9194549,0.0 107.6122402,-6.9198677,0.0 107.6122212,-6.9200158,0.0 107.6122183,-6.920038,0.0 107.6122118,-6.9200856,0.0 107.6122092,-6.9201091,0.0</coordinates>
            </LineString>
        </Placemark>
        <Placemark id="6023">
            <name>Jalan Jend. H. Amir Machmud</name>
            <styleUrl>#6024</styleUrl>
            <LineString id="6022">
                <coordinates>107.5587783,-6.8934551,0.0 107.5587916,-6.8934809,0.0</coordinates>
            </LineString>
        </Placemark>
        <Placemark id="6027">
            <name>Jalan Jend. H. Amir Machmud</name>
            <styleUrl>#6028</styleUrl>
            <LineString id="6026">
                <coordinates>107.548959,-6.8777456,0.0 107.5490877,-6.8778359,0.0 107.5492174,-6.8779244,0.0 107.549317,-6.8779991,0.0</coordinates>
            </LineString>
        </Placemark>
        <Placemark id="6031">
            <name>Jalan Raya Simpang</name>
            <styleUrl>#6032</styleUrl>
            <LineString id="6030">
                <coordinates>107.4976114,-6.852603,0.0 107.4975965,-6.8527156,0.0</coordinates>
            </LineString>
        </Placemark>
        <Placemark id="6035">
            <name>Jalan Raya Padalarang</name>
            <styleUrl>#6036</styleUrl>
            <LineString id="6034">
                <coordinates>107.4952692,-6.8503346,0.0 107.4952919,-6.8503154,0.0 107.4953092,-6.8503026,0.0 107.4953245,-6.8502937,0.0 107.4953422,-6.8502863,0.0 107.4953615,-6.8502816,0.0 107.4953823,-6.8502789,0.0 107.4954033,-6.8502783,0.0 107.4954263,-6.8502797,0.0 107.495444,-6.8502829,0.0 107.4954666,-6.8502899,0.0 107.4954882,-6.8502996,0.0 107.4955059,-6.8503087,0.0 107.4955273,-6.8503217,0.0</coordinates>
            </LineString>
        </Placemark>
        <Placemark id="6039">
            <name>Jalan Perintis Kemerdekaan</name>
            <styleUrl>#6040</styleUrl>
            <LineString id="6038">
                <coordinates>107.6089516,-6.913844,0.0 107.6089515,-6.9138647,0.0 107.6089575,-6.9138845,0.0 107.6089691,-6.9139001,0.0 107.6089853,-6.9139148,0.0 107.6090046,-6.9139225,0.0 107.6090254,-6.9139243,0.0</coordinates>
            </LineString>
        </Placemark>
        <Placemark id="6043">
            <name>Jalan Raya Padalarang</name>
            <styleUrl>#6044</styleUrl>
            <LineString id="6042">
                <coordinates>107.4940514,-6.8492327,0.0 107.4950851,-6.8499905,0.0 107.4951925,-6.8500625,0.0 107.4955273,-6.8503217,0.0</coordinates>
            </LineString>
        </Placemark>
        <Placemark id="6047">
            <name>Jalan Panaris</name>
            <styleUrl>#6048</styleUrl>
            <LineString id="6046">
                <coordinates>107.4969413,-6.8513159,0.0 107.496984,-6.8513256,0.0 107.4970109,-6.8513266,0.0 107.4970319,-6.8513244,0.0 107.4970487,-6.8513218,0.0 107.4970638,-6.8513156,0.0 107.4970788,-6.8513063,0.0 107.4970921,-6.8512922,0.0 107.4971035,-6.8512732,0.0</coordinates>
            </LineString>
        </Placemark>
        <Placemark id="6051">
            <name>Jalan Jend. H. Amir Machmud</name>
            <styleUrl>#6052</styleUrl>
            <LineString id="6050">
                <coordinates>107.5408995,-6.8728035,0.0 107.5410215,-6.8728785,0.0</coordinates>
            </LineString>
        </Placemark>
        <Placemark id="6055">
            <name>Jalan Asia Afrika</name>
            <styleUrl>#6056</styleUrl>
            <LineString id="6054">
                <coordinates>107.6094601,-6.9214117,0.0 107.6092801,-6.921392,0.0 107.6090723,-6.9213678,0.0 107.6088911,-6.921347,0.0 107.6087921,-6.9213346,0.0 107.6082723,-6.9212776,0.0 107.6080497,-6.9212529,0.0 107.6077961,-6.9212245,0.0</coordinates>
            </LineString>
        </Placemark>
        <Placemark id="6059">
            <name>Jalan Jend. H. Amir Machmud</name>
            <styleUrl>#6060</styleUrl>
            <LineString id="6058">
                <coordinates>107.5541694,-6.8858165,0.0 107.5542851,-6.8859958,0.0 107.5543889,-6.8861567,0.0 107.5546545,-6.8865907,0.0 107.5548379,-6.8868775,0.0 107.5554797,-6.8879517,0.0</coordinates>
            </LineString>
        </Placemark>
        <Placemark id="6063">
            <name>Jalan Jend. H. Amir Machmud</name>
            <styleUrl>#6064</styleUrl>
            <LineString id="6062">
                <coordinates>107.5532991,-6.8845055,0.0 107.5533598,-6.88455,0.0 107.5536834,-6.8850678,0.0 107.5538169,-6.8852824,0.0 107.5539243,-6.885443,0.0 107.5540488,-6.8856295,0.0 107.5541694,-6.8858165,0.0</coordinates>
            </LineString>
        </Placemark>
        <Placemark id="6067">
            <name>Jalan Jend. H. Amir Machmud</name>
            <styleUrl>#6068</styleUrl>
            <LineString id="6066">
                <coordinates>107.549317,-6.8779991,0.0 107.5494026,-6.8780936,0.0</coordinates>
            </LineString>
        </Placemark>
        <Placemark id="6071">
            <name>Jalan Jend. H. Amir Machmud</name>
            <styleUrl>#6072</styleUrl>
            <LineString id="6070">
                <coordinates>107.5343842,-6.869692,0.0 107.5344382,-6.8696871,0.0 107.5347789,-6.8698083,0.0</coordinates>
            </LineString>
        </Placemark>
        <Placemark id="6075">
            <name>Jalan Jend. H. Amir Machmud</name>
            <styleUrl>#6076</styleUrl>
            <LineString id="6074">
                <coordinates>107.5347789,-6.8698083,0.0 107.5351322,-6.8699342,0.0 107.5353127,-6.8699962,0.0 107.5356083,-6.8701012,0.0 107.5358512,-6.8701925,0.0 107.5359218,-6.8702457,0.0</coordinates>
            </LineString>
        </Placemark>
        <Placemark id="6079">
            <name>Jalan Jend. H. Amir Machmud</name>
            <styleUrl>#6080</styleUrl>
            <LineString id="6078">
                <coordinates>107.5412215,-6.8730016,0.0 107.541357,-6.8730827,0.0 107.541619,-6.8732394,0.0</coordinates>
            </LineString>
        </Placemark>
        <Placemark id="6083">
            <name>Jalan Parahyangan</name>
            <styleUrl>#6084</styleUrl>
            <LineString id="6082">
                <coordinates>107.4633741,-6.8648197,0.0 107.4634031,-6.864828,0.0 107.4634779,-6.8648561,0.0 107.4640054,-6.8650609,0.0 107.4644707,-6.8652401,0.0 107.4652002,-6.8654997,0.0 107.4654195,-6.8655811,0.0 107.4655745,-6.8656434,0.0 107.4658465,-6.8657528,0.0 107.4662287,-6.8658962,0.0</coordinates>
            </LineString>
        </Placemark>
        <Placemark id="6087">
            <name>Jalan Raya Caringin</name>
            <styleUrl>#6088</styleUrl>
            <LineString id="6086">
                <coordinates>107.4987021,-6.8578894,0.0 107.4987182,-6.8581066,0.0</coordinates>
            </LineString>
        </Placemark>
        <Placemark id="6091">
            <name>Jalan Raya Caringin</name>
            <styleUrl>#6092</styleUrl>
            <LineString id="6090">
                <coordinates>107.4978121,-6.8539405,0.0 107.4978195,-6.8539756,0.0 107.497921,-6.8543483,0.0 107.4979689,-6.8545091,0.0 107.4980044,-6.8546237,0.0 107.4980409,-6.8547619,0.0 107.4980626,-6.8548322,0.0 107.4980832,-6.8548991,0.0 107.4981365,-6.855064,0.0 107.4981795,-6.8551922,0.0 107.4982118,-6.8553041,0.0 107.4982291,-6.855364,0.0 107.4982378,-6.8553939,0.0 107.4982496,-6.8554342,0.0 107.4982975,-6.8555796,0.0 107.4983226,-6.8556685,0.0 107.4983772,-6.8558679,0.0 107.4983981,-6.8559365,0.0 107.4984229,-6.8560363,0.0 107.4984955,-6.8563195,0.0 107.498506,-6.8563653,0.0 107.4985165,-6.856411,0.0 107.4985642,-6.8566145,0.0 107.4986032,-6.8567807,0.0 107.4986178,-6.8568699,0.0 107.4986213,-6.8568936,0.0 107.4986408,-6.8570257,0.0 107.4986583,-6.8572813,0.0 107.4986651,-6.8573652,0.0 107.4986693,-6.8574167,0.0 107.4986734,-6.8574856,0.0 107.4986774,-6.8575545,0.0 107.4986922,-6.857755,0.0 107.4987011,-6.8578756,0.0 107.4987021,-6.8578894,0.0</coordinates>
            </LineString>
        </Placemark>
        <Placemark id="6095">
            <name>Jalan Parahyangan</name>
            <styleUrl>#6096</styleUrl>
            <LineString id="6094">
                <coordinates>107.4687633,-6.8663594,0.0 107.468989,-6.8663525,0.0 107.4692162,-6.8663547,0.0</coordinates>
            </LineString>
        </Placemark>
        <Placemark id="6099">
            <name>Jalan Panyawangan</name>
            <styleUrl>#6100</styleUrl>
            <LineString id="6098">
                <coordinates>107.4874491,-6.8577118,0.0 107.4876716,-6.8576416,0.0 107.4879757,-6.8575383,0.0 107.488122,-6.8574912,0.0 107.488308,-6.8574314,0.0 107.4885459,-6.8573551,0.0 107.4888892,-6.8572401,0.0 107.4892812,-6.8570951,0.0 107.4894686,-6.8570082,0.0 107.489531,-6.8569726,0.0 107.4896523,-6.8569034,0.0 107.4897438,-6.8568342,0.0 107.4899844,-6.8566524,0.0 107.4900085,-6.8566282,0.0 107.4901429,-6.8564932,0.0 107.4901532,-6.8564805,0.0 107.4902639,-6.8563447,0.0 107.490483,-6.8560057,0.0 107.4904865,-6.8559994,0.0 107.4905871,-6.8557926,0.0 107.4906776,-6.855566,0.0 107.4907709,-6.8552799,0.0 107.4908185,-6.8551202,0.0 107.4908989,-6.854854,0.0 107.4910049,-6.8546029,0.0 107.4910743,-6.8544566,0.0 107.491121,-6.8543751,0.0 107.4912161,-6.8542267,0.0 107.4913222,-6.8540756,0.0 107.49144,-6.8539351,0.0 107.4915761,-6.8537961,0.0 107.491837,-6.8535702,0.0 107.4921311,-6.853325,0.0 107.4923265,-6.8531708,0.0 107.4925389,-6.8530232,0.0 107.4928491,-6.8528116,0.0 107.4932077,-6.8525742,0.0 107.493305,-6.8525093,0.0 107.4933647,-6.8524575,0.0 107.4934922,-6.8523177,0.0</coordinates>
            </LineString>
        </Placemark>
        <Placemark id="6103">
            <name>Jalan Suniaraja</name>
            <styleUrl>#6104</styleUrl>
            <LineString id="6102">
                <coordinates>107.6031079,-6.9160834,0.0 107.60326,-6.9160638,0.0 107.6040403,-6.915928,0.0 107.6043695,-6.9158689,0.0 107.6045054,-6.9158364,0.0</coordinates>
            </LineString>
        </Placemark>
        <Placemark id="6107">
            <name>Jalan Otto Iskandardinata</name>
            <styleUrl>#6108</styleUrl>
            <LineString id="6106">
                <coordinates>107.6045054,-6.9158364,0.0 107.6045124,-6.9157548,0.0 107.6045273,-6.915589,0.0 107.604546,-6.9153572,0.0</coordinates>
            </LineString>
        </Placemark>
        <Placemark id="6111">
            <name>Jalan Kota Baru Parahyangan</name>
            <styleUrl>#6112</styleUrl>
            <LineString id="6110">
                <coordinates>107.4934922,-6.8523177,0.0 107.4934922,-6.8522266,0.0 107.4935001,-6.8521613,0.0 107.4935127,-6.8521063,0.0 107.4935344,-6.8520506,0.0 107.4935642,-6.8520008,0.0 107.493597,-6.8519537,0.0 107.4936319,-6.8519114,0.0 107.493668,-6.851876,0.0 107.4937065,-6.8518461,0.0 107.493751,-6.8518207,0.0 107.493795,-6.8518006,0.0 107.4938418,-6.8517845,0.0 107.4938843,-6.8517736,0.0 107.4939237,-6.8517673,0.0 107.4939593,-6.8517637,0.0 107.4940018,-6.8517618,0.0 107.4940543,-6.8517636,0.0</coordinates>
            </LineString>
        </Placemark>
        <Placemark id="6115">
            <name>Jalan Lembong</name>
            <styleUrl>#6116</styleUrl>
            <LineString id="6114">
                <coordinates>107.610072,-6.9165602,0.0 107.6101313,-6.9165901,0.0 107.6106113,-6.9168303,0.0 107.6108249,-6.916942,0.0 107.6109278,-6.9169939,0.0</coordinates>
            </LineString>
        </Placemark>
        <Placemark id="6119">
            <name>Jalan Lembong</name>
            <styleUrl>#6120</styleUrl>
            <LineString id="6118">
                <coordinates>107.6089865,-6.9159412,0.0 107.6090126,-6.9160368,0.0 107.6090539,-6.9160779,0.0 107.6090668,-6.9160857,0.0 107.6091109,-6.9161236,0.0 107.6092086,-6.9161842,0.0</coordinates>
            </LineString>
        </Placemark>
        <Placemark id="6123">
            <name>Jalan Layang Cimindi</name>
            <styleUrl>#6124</styleUrl>
            <LineString id="6122">
                <coordinates>107.5589596,-6.8938395,0.0 107.5588855,-6.8937179,0.0</coordinates>
            </LineString>
        </Placemark>
        <Placemark id="6127">
            <name>Jalan Rajawali Timur</name>
            <styleUrl>#6128</styleUrl>
            <LineString id="6126">
                <coordinates>107.5825032,-6.9147967,0.0 107.5825508,-6.9148106,0.0 107.5828928,-6.9149105,0.0 107.5830612,-6.9149597,0.0 107.5833434,-6.9150421,0.0</coordinates>
            </LineString>
        </Placemark>
        <Placemark id="6131">
            <name>Jalan Stasiun Timur</name>
            <styleUrl>#6132</styleUrl>
            <LineString id="6130">
                <coordinates>107.6064066,-6.9149399,0.0 107.6065239,-6.9149519,0.0 107.6066003,-6.9149924,0.0 107.6066521,-6.9150384,0.0 107.6067855,-6.9152656,0.0 107.6068306,-6.9152963,0.0 107.606909,-6.9153005,0.0</coordinates>
            </LineString>
        </Placemark>
        <Placemark id="6135">
            <name>Route Segment</name>
            <styleUrl>#6136</styleUrl>
            <LineString id="6134">
                <coordinates>107.462684,-6.8646423,0.0 107.4627379,-6.8645388,0.0 107.4628188,-6.8644565,0.0 107.4629242,-6.8644061,0.0 107.4630403,-6.8643926,0.0 107.4631545,-6.8644173,0.0 107.4632637,-6.864486,0.0 107.4633409,-6.864589,0.0 107.4633756,-6.8647126,0.0 107.4633741,-6.8648197,0.0</coordinates>
            </LineString>
        </Placemark>
        <Placemark id="6139">
            <name>Jalan Braga</name>
            <styleUrl>#6140</styleUrl>
            <LineString id="6138">
                <coordinates>107.6089988,-6.9152244,0.0 107.6089979,-6.9152703,0.0 107.6089865,-6.9159412,0.0</coordinates>
            </LineString>
        </Placemark>
        <Placemark id="6143">
            <name>Jalan Suniaraja</name>
            <styleUrl>#6144</styleUrl>
            <LineString id="6142">
                <coordinates>107.6022008,-6.9161702,0.0 107.6023308,-6.916154,0.0 107.6024325,-6.9161432,0.0</coordinates>
            </LineString>
        </Placemark>
        <Placemark id="6147">
            <name>Jalan Jend. H. Amir Machmud</name>
            <styleUrl>#6148</styleUrl>
            <LineString id="6146">
                <coordinates>107.5657545,-6.9049096,0.0 107.565964,-6.9052548,0.0 107.5663258,-6.905851,0.0 107.5666016,-6.9063054,0.0</coordinates>
            </LineString>
        </Placemark>
        <Placemark id="6151">
            <name>Jalan Kebon Jati</name>
            <styleUrl>#6152</styleUrl>
            <LineString id="6150">
                <coordinates>107.5904668,-6.9165055,0.0 107.5910563,-6.9165244,0.0</coordinates>
            </LineString>
        </Placemark>
        <Placemark id="6155">
            <name>Jalan Rajawali Barat</name>
            <styleUrl>#6156</styleUrl>
            <LineString id="6154">
                <coordinates>107.5729282,-6.9120185,0.0 107.5729439,-6.9120247,0.0 107.573014,-6.9120524,0.0 107.5733246,-6.9121739,0.0 107.5735241,-6.9122519,0.0 107.5736798,-6.9123128,0.0 107.5737227,-6.9123296,0.0 107.5741069,-6.9124804,0.0 107.5746597,-6.9126961,0.0 107.5747971,-6.9127499,0.0 107.5748397,-6.9127665,0.0 107.575213,-6.9129126,0.0 107.5753191,-6.9129541,0.0 107.5753653,-6.9129722,0.0</coordinates>
            </LineString>
        </Placemark>
        <Placemark id="6159">
            <name>Jalan Panaris</name>
            <styleUrl>#6160</styleUrl>
            <LineString id="6158">
                <coordinates>107.498091,-6.8444891,0.0 107.4980761,-6.8445837,0.0 107.4980377,-6.8447794,0.0</coordinates>
            </LineString>
        </Placemark>
        <Placemark id="6163">
            <name>Jalan Perintis Kemerdekaan</name>
            <styleUrl>#6164</styleUrl>
            <LineString id="6162">
                <coordinates>107.6073185,-6.9143005,0.0 107.6073396,-6.9142915,0.0 107.6073918,-6.9142744,0.0 107.607494,-6.9142383,0.0 107.6075641,-6.9142136,0.0</coordinates>
            </LineString>
        </Placemark>
        <Placemark id="6167">
            <name>Jalan Raya Padalarang</name>
            <styleUrl>#6168</styleUrl>
            <LineString id="6166">
                <coordinates>107.4918702,-6.8476904,0.0 107.4921087,-6.8478535,0.0 107.492362,-6.8480443,0.0 107.4928498,-6.848382,0.0 107.4937107,-6.8489854,0.0</coordinates>
            </LineString>
        </Placemark>
        <Placemark id="6171">
            <name>Jalan Raya Padalarang</name>
            <styleUrl>#6172</styleUrl>
            <LineString id="6170">
                <coordinates>107.4937107,-6.8489854,0.0 107.4940514,-6.8492327,0.0</coordinates>
            </LineString>
        </Placemark>
        <Placemark id="6175">
            <name>Jalan Parahyangan</name>
            <styleUrl>#6176</styleUrl>
            <LineString id="6174">
                <coordinates>107.4652055,-6.8656256,0.0 107.4646954,-6.8654179,0.0 107.4640445,-6.8651709,0.0 107.4635435,-6.8649769,0.0 107.4634518,-6.86494,0.0 107.4633398,-6.864904,0.0</coordinates>
            </LineString>
        </Placemark>
        <Placemark id="6179">
            <name>Route Segment</name>
            <styleUrl>#6180</styleUrl>
            <LineString id="6178">
                <coordinates>107.4661021,-6.866168,0.0 107.4662494,-6.8662062,0.0 107.4662836,-6.8661962,0.0 107.466303,-6.8661769,0.0 107.4663235,-6.8661173,0.0 107.4663188,-6.866089,0.0 107.4663016,-6.8660626,0.0 107.4662694,-6.8660304,0.0 107.4661951,-6.8659828,0.0</coordinates>
            </LineString>
        </Placemark>
        <Placemark id="6183">
            <name>Jalan Parahyangan</name>
            <styleUrl>#6184</styleUrl>
            <LineString id="6182">
                <coordinates>107.4662287,-6.8658962,0.0 107.4671162,-6.8661259,0.0 107.4678673,-6.8662864,0.0 107.4684174,-6.8663596,0.0 107.4685065,-6.8663602,0.0 107.4685804,-6.8663605,0.0 107.46866,-6.8663613,0.0</coordinates>
            </LineString>
        </Placemark>
        <Placemark id="6187">
            <name>Jalan Raya Padalarang</name>
            <styleUrl>#6188</styleUrl>
            <LineString id="6186">
                <coordinates>107.4969413,-6.8513159,0.0 107.4971959,-6.8514713,0.0</coordinates>
            </LineString>
        </Placemark>
        <Placemark id="6191">
            <name>Jalan Parahyangan</name>
            <styleUrl>#6192</styleUrl>
            <LineString id="6190">
                <coordinates>107.46866,-6.8663613,0.0 107.4687633,-6.8663594,0.0</coordinates>
            </LineString>
        </Placemark>
        <Placemark id="6195">
            <name>Jalan Jend. H. Amir Machmud</name>
            <styleUrl>#6196</styleUrl>
            <LineString id="6194">
                <coordinates>107.5359218,-6.8702457,0.0 107.5362685,-6.8703754,0.0 107.5363078,-6.8703903,0.0</coordinates>
            </LineString>
        </Placemark>
        <Placemark id="6199">
            <name>Jalan Jend. H. Amir Machmud</name>
            <styleUrl>#6200</styleUrl>
            <LineString id="6198">
                <coordinates>107.5363078,-6.8703903,0.0 107.5363431,-6.8704044,0.0</coordinates>
            </LineString>
        </Placemark>
        <Placemark id="6203">
            <name>Jalan Tamblong</name>
            <styleUrl>#6204</styleUrl>
            <LineString id="6202">
                <coordinates>107.6123918,-6.9182691,0.0 107.6123449,-6.9186433,0.0 107.6123419,-6.9187305,0.0 107.61235,-6.918793,0.0</coordinates>
            </LineString>
        </Placemark>
        <Placemark id="6207">
            <name>Jalan Parahyangan</name>
            <styleUrl>#6208</styleUrl>
            <LineString id="6206">
                <coordinates>107.4661951,-6.8659828,0.0 107.4655359,-6.8657449,0.0 107.4652055,-6.8656256,0.0</coordinates>
            </LineString>
        </Placemark>
        <Placemark id="6211">
            <name>Jalan Kebon Jati</name>
            <styleUrl>#6212</styleUrl>
            <LineString id="6210">
                <coordinates>107.5982729,-6.9163191,0.0 107.5984551,-6.9163007,0.0</coordinates>
            </LineString>
        </Placemark>
        <Placemark id="6215">
            <name>Jalan Rajawali Barat</name>
            <styleUrl>#6216</styleUrl>
            <LineString id="6214">
                <coordinates>107.5753653,-6.9129722,0.0 107.5754115,-6.9129902,0.0 107.5755013,-6.9130253,0.0 107.575721,-6.9131092,0.0</coordinates>
            </LineString>
        </Placemark>
        <Placemark id="6219">
            <name>Jalan Gedong Lima</name>
            <styleUrl>#6220</styleUrl>
            <LineString id="6218">
                <coordinates>107.496525,-6.8427291,0.0 107.4964138,-6.8427137,0.0 107.4963207,-6.8427015,0.0 107.4961611,-6.8426708,0.0 107.4961019,-6.8426579,0.0</coordinates>
            </LineString>
        </Placemark>
        <Placemark id="6223">
            <name>Jalan Gedong Lima</name>
            <styleUrl>#6224</styleUrl>
            <LineString id="6222">
                <coordinates>107.4961019,-6.8426579,0.0 107.4956719,-6.8425538,0.0 107.4956075,-6.8425396,0.0</coordinates>
            </LineString>
        </Placemark>
        <Placemark id="6227">
            <name>Jalan Raya Padalarang</name>
            <styleUrl>#6228</styleUrl>
            <LineString id="6226">
                <coordinates>107.4955273,-6.8503217,0.0 107.4956199,-6.8503909,0.0</coordinates>
            </LineString>
        </Placemark>
        <Placemark id="6231">
            <name>Jalan Raya Gadobangkong</name>
            <styleUrl>#6232</styleUrl>
            <LineString id="6230">
                <coordinates>107.5238237,-6.8685111,0.0 107.5238605,-6.8685121,0.0 107.524111,-6.8685186,0.0 107.5242475,-6.8685297,0.0 107.5243947,-6.8685238,0.0 107.5245213,-6.8685157,0.0 107.5246659,-6.8685002,0.0 107.5248121,-6.8684764,0.0 107.5250106,-6.8684338,0.0 107.5252251,-6.8683845,0.0 107.5253284,-6.8683626,0.0 107.5254235,-6.8683509,0.0 107.525547,-6.8683413,0.0 107.525671,-6.8683467,0.0 107.5258493,-6.8683639,0.0 107.5260715,-6.8684195,0.0 107.5261248,-6.8684369,0.0</coordinates>
            </LineString>
        </Placemark>
        <Placemark id="6235">
            <name>Jalan Kota Baru Parahyangan</name>
            <styleUrl>#6236</styleUrl>
            <LineString id="6234">
                <coordinates>107.4843572,-6.8587619,0.0 107.4844215,-6.858695,0.0 107.484503,-6.8586504,0.0 107.4845942,-6.858632,0.0 107.4846868,-6.8586416,0.0 107.4847723,-6.8586782,0.0</coordinates>
            </LineString>
        </Placemark>
        <Placemark id="6239">
            <name>Jalan Raya Cimareme</name>
            <styleUrl>#6240</styleUrl>
            <LineString id="6238">
                <coordinates>107.5055404,-6.864229,0.0 107.5056235,-6.864215,0.0 107.505703,-6.8641943,0.0 107.5063671,-6.864027,0.0</coordinates>
            </LineString>
        </Placemark>
        <Placemark id="6243">
            <name>Jalan Lembong</name>
            <styleUrl>#6244</styleUrl>
            <LineString id="6242">
                <coordinates>107.6113378,-6.917202,0.0 107.6114765,-6.9172727,0.0</coordinates>
            </LineString>
        </Placemark>
        <Placemark id="6247">
            <name>Jalan Lembong</name>
            <styleUrl>#6248</styleUrl>
            <LineString id="6246">
                <coordinates>107.6114765,-6.9172727,0.0 107.6115788,-6.9173248,0.0</coordinates>
            </LineString>
        </Placemark>
        <Placemark id="6251">
            <name>Jalan Lembong</name>
            <styleUrl>#6252</styleUrl>
            <LineString id="6250">
                <coordinates>107.6115788,-6.9173248,0.0 107.6118099,-6.9174381,0.0 107.611899,-6.9174826,0.0</coordinates>
            </LineString>
        </Placemark>
        <Placemark id="6255">
            <name>Jalan Asia Afrika</name>
            <styleUrl>#6256</styleUrl>
            <LineString id="6254">
                <coordinates>107.6098267,-6.921461,0.0 107.6097986,-6.9214572,0.0 107.6094601,-6.9214117,0.0</coordinates>
            </LineString>
        </Placemark>
        <Placemark id="6259">
            <name>Jalan Asia Afrika</name>
            <styleUrl>#6260</styleUrl>
            <LineString id="6258">
                <coordinates>107.6118219,-6.9217006,0.0 107.6115001,-6.9216626,0.0 107.6114214,-6.9216524,0.0 107.6112374,-6.9216318,0.0 107.6110246,-6.9216047,0.0 107.6108437,-6.9215848,0.0 107.6106307,-6.9215569,0.0 107.6104259,-6.9215335,0.0 107.610212,-6.9215095,0.0 107.6101463,-6.9215025,0.0 107.6099829,-6.9214819,0.0 107.6099373,-6.9214762,0.0 107.6098267,-6.921461,0.0</coordinates>
            </LineString>
        </Placemark>
        <Placemark id="6263">
            <name>Jalan Rajawali Timur</name>
            <styleUrl>#6264</styleUrl>
            <LineString id="6262">
                <coordinates>107.5758021,-6.913142,0.0 107.5761151,-6.9132715,0.0</coordinates>
            </LineString>
        </Placemark>
        <Placemark id="6267">
            <name>Jalan Raya Padalarang</name>
            <styleUrl>#6268</styleUrl>
            <LineString id="6266">
                <coordinates>107.4975711,-6.8522828,0.0 107.4976114,-6.852603,0.0</coordinates>
            </LineString>
        </Placemark>
        <Placemark id="6271">
            <name>Route Segment</name>
            <styleUrl>#6272</styleUrl>
            <LineString id="6270">
                <coordinates>107.4628636,-6.8650574,0.0 107.462761,-6.8649799,0.0 107.4626867,-6.8648702,0.0 107.462669,-6.8647455,0.0</coordinates>
            </LineString>
        </Placemark>
        <Placemark id="6275">
            <name>Route Segment</name>
            <styleUrl>#6276</styleUrl>
            <LineString id="6274">
                <coordinates>107.462669,-6.8647455,0.0 107.462684,-6.8646423,0.0</coordinates>
            </LineString>
        </Placemark>
        <Placemark id="6279">
            <name>Jalan Parahyangan</name>
            <styleUrl>#6280</styleUrl>
            <LineString id="6278">
                <coordinates>107.4778845,-6.8654372,0.0 107.4779539,-6.8653639,0.0</coordinates>
            </LineString>
        </Placemark>
        <Placemark id="6283">
            <name>Jalan Parahyangan</name>
            <styleUrl>#6284</styleUrl>
            <LineString id="6282">
                <coordinates>107.4779539,-6.8653639,0.0 107.4780103,-6.8652956,0.0 107.4782493,-6.8649836,0.0 107.4783521,-6.8648529,0.0 107.478623,-6.8644852,0.0</coordinates>
            </LineString>
        </Placemark>
        <Placemark id="6287">
            <name>Jalan Parahyangan</name>
            <styleUrl>#6288</styleUrl>
            <LineString id="6286">
                <coordinates>107.478623,-6.8644852,0.0 107.4787665,-6.8642969,0.0</coordinates>
            </LineString>
        </Placemark>
        <Placemark id="6291">
            <name>Jalan Parahyangan</name>
            <styleUrl>#6292</styleUrl>
            <LineString id="6290">
                <coordinates>107.4787665,-6.8642969,0.0 107.4793221,-6.8635501,0.0</coordinates>
            </LineString>
        </Placemark>
        <Placemark id="6295">
            <name>Jalan Parahyangan</name>
            <styleUrl>#6296</styleUrl>
            <LineString id="6294">
                <coordinates>107.4793221,-6.8635501,0.0 107.4794588,-6.8633663,0.0 107.4796486,-6.863124,0.0 107.4798236,-6.8628897,0.0 107.4799998,-6.862669,0.0 107.4800828,-6.862553,0.0</coordinates>
            </LineString>
        </Placemark>
        <Placemark id="6299">
            <name>Jalan Parahyangan</name>
            <styleUrl>#6300</styleUrl>
            <LineString id="6298">
                <coordinates>107.4800828,-6.862553,0.0 107.4801029,-6.862525,0.0 107.4802167,-6.862388,0.0 107.4803343,-6.8622504,0.0 107.4804332,-6.8621429,0.0 107.4805167,-6.862052,0.0 107.4805786,-6.8619949,0.0 107.4805918,-6.8619827,0.0 107.4807916,-6.8617955,0.0 107.4810311,-6.8615717,0.0 107.4812216,-6.8613836,0.0</coordinates>
            </LineString>
        </Placemark>
        <Placemark id="6303">
            <name>Jalan Parahyangan</name>
            <styleUrl>#6304</styleUrl>
            <LineString id="6302">
                <coordinates>107.4812216,-6.8613836,0.0 107.4812976,-6.8613194,0.0</coordinates>
            </LineString>
        </Placemark>
        <Placemark id="6307">
            <name>Jalan Parahyangan</name>
            <styleUrl>#6308</styleUrl>
            <LineString id="6306">
                <coordinates>107.4812976,-6.8613194,0.0 107.4814863,-6.861144,0.0 107.4817917,-6.8608628,0.0 107.4818339,-6.8608239,0.0 107.4821886,-6.8605153,0.0 107.4824943,-6.8602586,0.0</coordinates>
            </LineString>
        </Placemark>
        <Placemark id="6311">
            <name>Jalan Parahyangan</name>
            <styleUrl>#6312</styleUrl>
            <LineString id="6310">
                <coordinates>107.4824943,-6.8602586,0.0 107.4826237,-6.86015,0.0 107.482933,-6.85992,0.0 107.4832819,-6.8596702,0.0 107.4836672,-6.8594023,0.0 107.4838823,-6.8592668,0.0 107.4839107,-6.8592489,0.0 107.4841227,-6.8591076,0.0</coordinates>
            </LineString>
        </Placemark>
        <Placemark id="6315">
            <name>Jalan Parahyangan</name>
            <styleUrl>#6316</styleUrl>
            <LineString id="6314">
                <coordinates>107.4841227,-6.8591076,0.0 107.484169,-6.8590739,0.0 107.484233,-6.8590098,0.0 107.4843016,-6.858936,0.0</coordinates>
            </LineString>
        </Placemark>
        <Placemark id="6319">
            <name>Route Segment</name>
            <styleUrl>#6320</styleUrl>
            <LineString id="6318">
                <coordinates>107.4660359,-6.8662865,0.0 107.4659757,-6.8662866,0.0 107.4659518,-6.8662823,0.0 107.4659305,-6.8662707,0.0 107.4659141,-6.866253,0.0 107.4659042,-6.8662309,0.0 107.465902,-6.8662069,0.0 107.4659082,-6.8661823,0.0 107.4659223,-6.8661612,0.0 107.4659427,-6.8661461,0.0 107.4659671,-6.8661386,0.0 107.4659926,-6.8661397,0.0 107.4661021,-6.866168,0.0</coordinates>
            </LineString>
        </Placemark>
    </Document>
</kml>
