<?xml version="1.0" encoding="UTF-8"?>
<kml xmlns="http://www.opengis.net/kml/2.2" xmlns:gx="http://www.google.com/kml/ext/2.2">
    <Document id="7856">
        <Style id="7862">
            <IconStyle id="7863">
                <colorMode>normal</colorMode>
                <scale>1</scale>
                <heading>0</heading>
                <Icon id="7864">
                    <href>http://maps.google.com/mapfiles/kml/pushpin/ylw-pushpin.png</href>
                </Icon>
            </IconStyle>
        </Style>
        <Style id="7867">
            <IconStyle id="7868">
                <colorMode>normal</colorMode>
                <scale>1</scale>
                <heading>0</heading>
                <Icon id="7869">
                    <href>http://maps.google.com/mapfiles/kml/pushpin/ylw-pushpin.png</href>
                </Icon>
            </IconStyle>
        </Style>
        <Style id="7872">
            <IconStyle id="7873">
                <colorMode>normal</colorMode>
                <scale>1</scale>
                <heading>0</heading>
                <Icon id="7874">
                    <href>http://maps.google.com/mapfiles/kml/pushpin/ylw-pushpin.png</href>
                </Icon>
            </IconStyle>
        </Style>
        <Style id="7877">
            <IconStyle id="7878">
                <colorMode>normal</colorMode>
                <scale>1</scale>
                <heading>0</heading>
                <Icon id="7879">
                    <href>http://maps.google.com/mapfiles/kml/pushpin/ylw-pushpin.png</href>
                </Icon>
            </IconStyle>
        </Style>
        <Style id="7882">
            <IconStyle id="7883">
                <colorMode>normal</colorMode>
                <scale>1</scale>
                <heading>0</heading>
                <Icon id="7884">
                    <href>http://maps.google.com/mapfiles/kml/pushpin/ylw-pushpin.png</href>
                </Icon>
            </IconStyle>
        </Style>
        <Style id="7887">
            <IconStyle id="7888">
                <colorMode>normal</colorMode>
                <scale>1</scale>
                <heading>0</heading>
                <Icon id="7889">
                    <href>http://maps.google.com/mapfiles/kml/pushpin/ylw-pushpin.png</href>
                </Icon>
            </IconStyle>
        </Style>
        <Style id="7892">
            <IconStyle id="7893">
                <colorMode>normal</colorMode>
                <scale>1</scale>
                <heading>0</heading>
                <Icon id="7894">
                    <href>http://maps.google.com/mapfiles/kml/pushpin/ylw-pushpin.png</href>
                </Icon>
            </IconStyle>
        </Style>
        <Style id="7897">
            <IconStyle id="7898">
                <colorMode>normal</colorMode>
                <scale>1</scale>
                <heading>0</heading>
                <Icon id="7899">
                    <href>http://maps.google.com/mapfiles/kml/pushpin/ylw-pushpin.png</href>
                </Icon>
            </IconStyle>
        </Style>
        <Style id="7902">
            <IconStyle id="7903">
                <colorMode>normal</colorMode>
                <scale>1</scale>
                <heading>0</heading>
                <Icon id="7904">
                    <href>http://maps.google.com/mapfiles/kml/pushpin/ylw-pushpin.png</href>
                </Icon>
            </IconStyle>
        </Style>
        <Style id="7907">
            <IconStyle id="7908">
                <colorMode>normal</colorMode>
                <scale>1</scale>
                <heading>0</heading>
                <Icon id="7909">
                    <href>http://maps.google.com/mapfiles/kml/pushpin/ylw-pushpin.png</href>
                </Icon>
            </IconStyle>
        </Style>
        <Style id="7912">
            <IconStyle id="7913">
                <colorMode>normal</colorMode>
                <scale>1</scale>
                <heading>0</heading>
                <Icon id="7914">
                    <href>http://maps.google.com/mapfiles/kml/pushpin/ylw-pushpin.png</href>
                </Icon>
            </IconStyle>
        </Style>
        <Style id="7917">
            <IconStyle id="7918">
                <colorMode>normal</colorMode>
                <scale>1</scale>
                <heading>0</heading>
                <Icon id="7919">
                    <href>http://maps.google.com/mapfiles/kml/pushpin/ylw-pushpin.png</href>
                </Icon>
            </IconStyle>
        </Style>
        <Style id="7922">
            <IconStyle id="7923">
                <colorMode>normal</colorMode>
                <scale>1</scale>
                <heading>0</heading>
                <Icon id="7924">
                    <href>http://maps.google.com/mapfiles/kml/pushpin/ylw-pushpin.png</href>
                </Icon>
            </IconStyle>
        </Style>
        <Style id="7927">
            <IconStyle id="7928">
                <colorMode>normal</colorMode>
                <scale>1</scale>
                <heading>0</heading>
                <Icon id="7929">
                    <href>http://maps.google.com/mapfiles/kml/pushpin/ylw-pushpin.png</href>
                </Icon>
            </IconStyle>
        </Style>
        <Style id="7932">
            <IconStyle id="7933">
                <colorMode>normal</colorMode>
                <scale>1</scale>
                <heading>0</heading>
                <Icon id="7934">
                    <href>http://maps.google.com/mapfiles/kml/pushpin/ylw-pushpin.png</href>
                </Icon>
            </IconStyle>
        </Style>
        <Style id="7937">
            <IconStyle id="7938">
                <colorMode>normal</colorMode>
                <scale>1</scale>
                <heading>0</heading>
                <Icon id="7939">
                    <href>http://maps.google.com/mapfiles/kml/pushpin/ylw-pushpin.png</href>
                </Icon>
            </IconStyle>
        </Style>
        <Style id="7942">
            <IconStyle id="7943">
                <colorMode>normal</colorMode>
                <scale>1</scale>
                <heading>0</heading>
                <Icon id="7944">
                    <href>http://maps.google.com/mapfiles/kml/pushpin/ylw-pushpin.png</href>
                </Icon>
            </IconStyle>
        </Style>
        <Style id="7947">
            <IconStyle id="7948">
                <colorMode>normal</colorMode>
                <scale>1</scale>
                <heading>0</heading>
                <Icon id="7949">
                    <href>http://maps.google.com/mapfiles/kml/pushpin/ylw-pushpin.png</href>
                </Icon>
            </IconStyle>
        </Style>
        <Style id="7952">
            <IconStyle id="7953">
                <colorMode>normal</colorMode>
                <scale>1</scale>
                <heading>0</heading>
                <Icon id="7954">
                    <href>http://maps.google.com/mapfiles/kml/pushpin/ylw-pushpin.png</href>
                </Icon>
            </IconStyle>
        </Style>
        <Style id="7957">
            <IconStyle id="7958">
                <colorMode>normal</colorMode>
                <scale>1</scale>
                <heading>0</heading>
                <Icon id="7959">
                    <href>http://maps.google.com/mapfiles/kml/pushpin/ylw-pushpin.png</href>
                </Icon>
            </IconStyle>
        </Style>
        <Style id="7962">
            <IconStyle id="7963">
                <colorMode>normal</colorMode>
                <scale>1</scale>
                <heading>0</heading>
                <Icon id="7964">
                    <href>http://maps.google.com/mapfiles/kml/pushpin/ylw-pushpin.png</href>
                </Icon>
            </IconStyle>
        </Style>
        <Style id="7967">
            <IconStyle id="7968">
                <colorMode>normal</colorMode>
                <scale>1</scale>
                <heading>0</heading>
                <Icon id="7969">
                    <href>http://maps.google.com/mapfiles/kml/pushpin/ylw-pushpin.png</href>
                </Icon>
            </IconStyle>
        </Style>
        <Style id="7972">
            <IconStyle id="7973">
                <colorMode>normal</colorMode>
                <scale>1</scale>
                <heading>0</heading>
                <Icon id="7974">
                    <href>http://maps.google.com/mapfiles/kml/pushpin/ylw-pushpin.png</href>
                </Icon>
            </IconStyle>
        </Style>
        <Style id="7977">
            <IconStyle id="7978">
                <colorMode>normal</colorMode>
                <scale>1</scale>
                <heading>0</heading>
                <Icon id="7979">
                    <href>http://maps.google.com/mapfiles/kml/pushpin/ylw-pushpin.png</href>
                </Icon>
            </IconStyle>
        </Style>
        <Style id="7982">
            <IconStyle id="7983">
                <colorMode>normal</colorMode>
                <scale>1</scale>
                <heading>0</heading>
                <Icon id="7984">
                    <href>http://maps.google.com/mapfiles/kml/pushpin/ylw-pushpin.png</href>
                </Icon>
            </IconStyle>
        </Style>
        <Style id="7987">
            <IconStyle id="7988">
                <colorMode>normal</colorMode>
                <scale>1</scale>
                <heading>0</heading>
                <Icon id="7989">
                    <href>http://maps.google.com/mapfiles/kml/pushpin/ylw-pushpin.png</href>
                </Icon>
            </IconStyle>
        </Style>
        <Style id="7992">
            <IconStyle id="7993">
                <colorMode>normal</colorMode>
                <scale>1</scale>
                <heading>0</heading>
                <Icon id="7994">
                    <href>http://maps.google.com/mapfiles/kml/pushpin/ylw-pushpin.png</href>
                </Icon>
            </IconStyle>
        </Style>
        <Style id="7997">
            <IconStyle id="7998">
                <colorMode>normal</colorMode>
                <scale>1</scale>
                <heading>0</heading>
                <Icon id="7999">
                    <href>http://maps.google.com/mapfiles/kml/pushpin/ylw-pushpin.png</href>
                </Icon>
            </IconStyle>
        </Style>
        <Style id="8002">
            <IconStyle id="8003">
                <colorMode>normal</colorMode>
                <scale>1</scale>
                <heading>0</heading>
                <Icon id="8004">
                    <href>http://maps.google.com/mapfiles/kml/pushpin/ylw-pushpin.png</href>
                </Icon>
            </IconStyle>
        </Style>
        <Style id="8007">
            <LineStyle id="8008">
                <color>ff632B56</color>
                <colorMode>normal</colorMode>
                <width>4</width>
            </LineStyle>
        </Style>
        <Style id="8011">
            <LineStyle id="8012">
                <color>ff632B56</color>
                <colorMode>normal</colorMode>
                <width>4</width>
            </LineStyle>
        </Style>
        <Style id="8015">
            <LineStyle id="8016">
                <color>ff632B56</color>
                <colorMode>normal</colorMode>
                <width>4</width>
            </LineStyle>
        </Style>
        <Style id="8019">
            <LineStyle id="8020">
                <color>ff632B56</color>
                <colorMode>normal</colorMode>
                <width>4</width>
            </LineStyle>
        </Style>
        <Style id="8023">
            <LineStyle id="8024">
                <color>ff632B56</color>
                <colorMode>normal</colorMode>
                <width>4</width>
            </LineStyle>
        </Style>
        <Style id="8027">
            <LineStyle id="8028">
                <color>ff632B56</color>
                <colorMode>normal</colorMode>
                <width>4</width>
            </LineStyle>
        </Style>
        <Style id="8031">
            <LineStyle id="8032">
                <color>ff632B56</color>
                <colorMode>normal</colorMode>
                <width>4</width>
            </LineStyle>
        </Style>
        <Style id="8035">
            <LineStyle id="8036">
                <color>ff632B56</color>
                <colorMode>normal</colorMode>
                <width>4</width>
            </LineStyle>
        </Style>
        <Style id="8039">
            <LineStyle id="8040">
                <color>ff632B56</color>
                <colorMode>normal</colorMode>
                <width>4</width>
            </LineStyle>
        </Style>
        <Style id="8043">
            <LineStyle id="8044">
                <color>ff632B56</color>
                <colorMode>normal</colorMode>
                <width>4</width>
            </LineStyle>
        </Style>
        <Style id="8047">
            <LineStyle id="8048">
                <color>ff632B56</color>
                <colorMode>normal</colorMode>
                <width>4</width>
            </LineStyle>
        </Style>
        <Style id="8051">
            <LineStyle id="8052">
                <color>ff632B56</color>
                <colorMode>normal</colorMode>
                <width>4</width>
            </LineStyle>
        </Style>
        <Style id="8055">
            <LineStyle id="8056">
                <color>ff632B56</color>
                <colorMode>normal</colorMode>
                <width>4</width>
            </LineStyle>
        </Style>
        <Style id="8059">
            <LineStyle id="8060">
                <color>ff632B56</color>
                <colorMode>normal</colorMode>
                <width>4</width>
            </LineStyle>
        </Style>
        <Style id="8063">
            <LineStyle id="8064">
                <color>ff632B56</color>
                <colorMode>normal</colorMode>
                <width>4</width>
            </LineStyle>
        </Style>
        <Style id="8067">
            <LineStyle id="8068">
                <color>ff632B56</color>
                <colorMode>normal</colorMode>
                <width>4</width>
            </LineStyle>
        </Style>
        <Style id="8071">
            <LineStyle id="8072">
                <color>ff632B56</color>
                <colorMode>normal</colorMode>
                <width>4</width>
            </LineStyle>
        </Style>
        <Style id="8075">
            <LineStyle id="8076">
                <color>ff632B56</color>
                <colorMode>normal</colorMode>
                <width>4</width>
            </LineStyle>
        </Style>
        <Style id="8079">
            <LineStyle id="8080">
                <color>ff632B56</color>
                <colorMode>normal</colorMode>
                <width>4</width>
            </LineStyle>
        </Style>
        <Style id="8083">
            <LineStyle id="8084">
                <color>ff632B56</color>
                <colorMode>normal</colorMode>
                <width>4</width>
            </LineStyle>
        </Style>
        <Style id="8087">
            <LineStyle id="8088">
                <color>ff632B56</color>
                <colorMode>normal</colorMode>
                <width>4</width>
            </LineStyle>
        </Style>
        <Style id="8091">
            <LineStyle id="8092">
                <color>ff632B56</color>
                <colorMode>normal</colorMode>
                <width>4</width>
            </LineStyle>
        </Style>
        <Style id="8095">
            <LineStyle id="8096">
                <color>ff632B56</color>
                <colorMode>normal</colorMode>
                <width>4</width>
            </LineStyle>
        </Style>
        <Style id="8099">
            <LineStyle id="8100">
                <color>ff632B56</color>
                <colorMode>normal</colorMode>
                <width>4</width>
            </LineStyle>
        </Style>
        <Style id="8103">
            <LineStyle id="8104">
                <color>ff632B56</color>
                <colorMode>normal</colorMode>
                <width>4</width>
            </LineStyle>
        </Style>
        <Style id="8107">
            <LineStyle id="8108">
                <color>ff632B56</color>
                <colorMode>normal</colorMode>
                <width>4</width>
            </LineStyle>
        </Style>
        <Style id="8111">
            <LineStyle id="8112">
                <color>ff632B56</color>
                <colorMode>normal</colorMode>
                <width>4</width>
            </LineStyle>
        </Style>
        <Style id="8115">
            <LineStyle id="8116">
                <color>ff632B56</color>
                <colorMode>normal</colorMode>
                <width>4</width>
            </LineStyle>
        </Style>
        <Style id="8119">
            <LineStyle id="8120">
                <color>ff632B56</color>
                <colorMode>normal</colorMode>
                <width>4</width>
            </LineStyle>
        </Style>
        <Style id="8123">
            <LineStyle id="8124">
                <color>ff632B56</color>
                <colorMode>normal</colorMode>
                <width>4</width>
            </LineStyle>
        </Style>
        <Style id="8127">
            <LineStyle id="8128">
                <color>ff632B56</color>
                <colorMode>normal</colorMode>
                <width>4</width>
            </LineStyle>
        </Style>
        <Style id="8131">
            <LineStyle id="8132">
                <color>ff632B56</color>
                <colorMode>normal</colorMode>
                <width>4</width>
            </LineStyle>
        </Style>
        <Style id="8135">
            <LineStyle id="8136">
                <color>ff632B56</color>
                <colorMode>normal</colorMode>
                <width>4</width>
            </LineStyle>
        </Style>
        <Style id="8139">
            <LineStyle id="8140">
                <color>ff632B56</color>
                <colorMode>normal</colorMode>
                <width>4</width>
            </LineStyle>
        </Style>
        <Style id="8143">
            <LineStyle id="8144">
                <color>ff632B56</color>
                <colorMode>normal</colorMode>
                <width>4</width>
            </LineStyle>
        </Style>
        <Style id="8147">
            <LineStyle id="8148">
                <color>ff632B56</color>
                <colorMode>normal</colorMode>
                <width>4</width>
            </LineStyle>
        </Style>
        <Style id="8151">
            <LineStyle id="8152">
                <color>ff632B56</color>
                <colorMode>normal</colorMode>
                <width>4</width>
            </LineStyle>
        </Style>
        <Style id="8155">
            <LineStyle id="8156">
                <color>ff632B56</color>
                <colorMode>normal</colorMode>
                <width>4</width>
            </LineStyle>
        </Style>
        <Style id="8159">
            <LineStyle id="8160">
                <color>ff632B56</color>
                <colorMode>normal</colorMode>
                <width>4</width>
            </LineStyle>
        </Style>
        <Style id="8163">
            <LineStyle id="8164">
                <color>ff632B56</color>
                <colorMode>normal</colorMode>
                <width>4</width>
            </LineStyle>
        </Style>
        <Style id="8167">
            <LineStyle id="8168">
                <color>ff632B56</color>
                <colorMode>normal</colorMode>
                <width>4</width>
            </LineStyle>
        </Style>
        <Style id="8171">
            <LineStyle id="8172">
                <color>ff632B56</color>
                <colorMode>normal</colorMode>
                <width>4</width>
            </LineStyle>
        </Style>
        <Style id="8175">
            <LineStyle id="8176">
                <color>ff632B56</color>
                <colorMode>normal</colorMode>
                <width>4</width>
            </LineStyle>
        </Style>
        <Style id="8179">
            <LineStyle id="8180">
                <color>ff632B56</color>
                <colorMode>normal</colorMode>
                <width>4</width>
            </LineStyle>
        </Style>
        <Style id="8183">
            <LineStyle id="8184">
                <color>ff632B56</color>
                <colorMode>normal</colorMode>
                <width>4</width>
            </LineStyle>
        </Style>
        <Style id="8187">
            <LineStyle id="8188">
                <color>ff632B56</color>
                <colorMode>normal</colorMode>
                <width>4</width>
            </LineStyle>
        </Style>
        <Style id="8191">
            <LineStyle id="8192">
                <color>ff632B56</color>
                <colorMode>normal</colorMode>
                <width>4</width>
            </LineStyle>
        </Style>
        <Style id="8195">
            <LineStyle id="8196">
                <color>ff632B56</color>
                <colorMode>normal</colorMode>
                <width>4</width>
            </LineStyle>
        </Style>
        <Style id="8199">
            <LineStyle id="8200">
                <color>ff632B56</color>
                <colorMode>normal</colorMode>
                <width>4</width>
            </LineStyle>
        </Style>
        <Style id="8203">
            <LineStyle id="8204">
                <color>ff632B56</color>
                <colorMode>normal</colorMode>
                <width>4</width>
            </LineStyle>
        </Style>
        <Style id="8207">
            <LineStyle id="8208">
                <color>ff632B56</color>
                <colorMode>normal</colorMode>
                <width>4</width>
            </LineStyle>
        </Style>
        <Style id="8211">
            <LineStyle id="8212">
                <color>ff632B56</color>
                <colorMode>normal</colorMode>
                <width>4</width>
            </LineStyle>
        </Style>
        <Style id="8215">
            <LineStyle id="8216">
                <color>ff632B56</color>
                <colorMode>normal</colorMode>
                <width>4</width>
            </LineStyle>
        </Style>
        <Style id="8219">
            <LineStyle id="8220">
                <color>ff632B56</color>
                <colorMode>normal</colorMode>
                <width>4</width>
            </LineStyle>
        </Style>
        <Style id="8223">
            <LineStyle id="8224">
                <color>ff632B56</color>
                <colorMode>normal</colorMode>
                <width>4</width>
            </LineStyle>
        </Style>
        <Style id="8227">
            <LineStyle id="8228">
                <color>ff632B56</color>
                <colorMode>normal</colorMode>
                <width>4</width>
            </LineStyle>
        </Style>
        <Style id="8231">
            <LineStyle id="8232">
                <color>ff632B56</color>
                <colorMode>normal</colorMode>
                <width>4</width>
            </LineStyle>
        </Style>
        <Style id="8235">
            <LineStyle id="8236">
                <color>ff632B56</color>
                <colorMode>normal</colorMode>
                <width>4</width>
            </LineStyle>
        </Style>
        <Style id="8239">
            <LineStyle id="8240">
                <color>ff632B56</color>
                <colorMode>normal</colorMode>
                <width>4</width>
            </LineStyle>
        </Style>
        <Style id="8243">
            <LineStyle id="8244">
                <color>ff632B56</color>
                <colorMode>normal</colorMode>
                <width>4</width>
            </LineStyle>
        </Style>
        <Style id="8247">
            <LineStyle id="8248">
                <color>ff632B56</color>
                <colorMode>normal</colorMode>
                <width>4</width>
            </LineStyle>
        </Style>
        <Style id="8251">
            <LineStyle id="8252">
                <color>ff632B56</color>
                <colorMode>normal</colorMode>
                <width>4</width>
            </LineStyle>
        </Style>
        <Style id="8255">
            <LineStyle id="8256">
                <color>ff632B56</color>
                <colorMode>normal</colorMode>
                <width>4</width>
            </LineStyle>
        </Style>
        <Style id="8259">
            <LineStyle id="8260">
                <color>ff632B56</color>
                <colorMode>normal</colorMode>
                <width>4</width>
            </LineStyle>
        </Style>
        <Style id="8263">
            <LineStyle id="8264">
                <color>ff632B56</color>
                <colorMode>normal</colorMode>
                <width>4</width>
            </LineStyle>
        </Style>
        <Style id="8267">
            <LineStyle id="8268">
                <color>ff632B56</color>
                <colorMode>normal</colorMode>
                <width>4</width>
            </LineStyle>
        </Style>
        <Style id="8271">
            <LineStyle id="8272">
                <color>ff632B56</color>
                <colorMode>normal</colorMode>
                <width>4</width>
            </LineStyle>
        </Style>
        <Style id="8275">
            <LineStyle id="8276">
                <color>ff632B56</color>
                <colorMode>normal</colorMode>
                <width>4</width>
            </LineStyle>
        </Style>
        <Style id="8279">
            <LineStyle id="8280">
                <color>ff632B56</color>
                <colorMode>normal</colorMode>
                <width>4</width>
            </LineStyle>
        </Style>
        <Style id="8283">
            <LineStyle id="8284">
                <color>ff632B56</color>
                <colorMode>normal</colorMode>
                <width>4</width>
            </LineStyle>
        </Style>
        <Style id="8287">
            <LineStyle id="8288">
                <color>ff632B56</color>
                <colorMode>normal</colorMode>
                <width>4</width>
            </LineStyle>
        </Style>
        <Style id="8291">
            <LineStyle id="8292">
                <color>ff632B56</color>
                <colorMode>normal</colorMode>
                <width>4</width>
            </LineStyle>
        </Style>
        <Style id="8295">
            <LineStyle id="8296">
                <color>ff632B56</color>
                <colorMode>normal</colorMode>
                <width>4</width>
            </LineStyle>
        </Style>
        <Style id="8299">
            <LineStyle id="8300">
                <color>ff632B56</color>
                <colorMode>normal</colorMode>
                <width>4</width>
            </LineStyle>
        </Style>
        <Style id="8303">
            <LineStyle id="8304">
                <color>ff632B56</color>
                <colorMode>normal</colorMode>
                <width>4</width>
            </LineStyle>
        </Style>
        <Style id="8307">
            <LineStyle id="8308">
                <color>ff632B56</color>
                <colorMode>normal</colorMode>
                <width>4</width>
            </LineStyle>
        </Style>
        <Style id="8311">
            <LineStyle id="8312">
                <color>ff632B56</color>
                <colorMode>normal</colorMode>
                <width>4</width>
            </LineStyle>
        </Style>
        <Style id="8315">
            <LineStyle id="8316">
                <color>ff632B56</color>
                <colorMode>normal</colorMode>
                <width>4</width>
            </LineStyle>
        </Style>
        <Style id="8319">
            <LineStyle id="8320">
                <color>ff632B56</color>
                <colorMode>normal</colorMode>
                <width>4</width>
            </LineStyle>
        </Style>
        <Style id="8323">
            <LineStyle id="8324">
                <color>ff632B56</color>
                <colorMode>normal</colorMode>
                <width>4</width>
            </LineStyle>
        </Style>
        <Style id="8327">
            <LineStyle id="8328">
                <color>ff632B56</color>
                <colorMode>normal</colorMode>
                <width>4</width>
            </LineStyle>
        </Style>
        <Style id="8331">
            <LineStyle id="8332">
                <color>ff632B56</color>
                <colorMode>normal</colorMode>
                <width>4</width>
            </LineStyle>
        </Style>
        <Style id="8335">
            <LineStyle id="8336">
                <color>ff632B56</color>
                <colorMode>normal</colorMode>
                <width>4</width>
            </LineStyle>
        </Style>
        <Style id="8339">
            <LineStyle id="8340">
                <color>ff632B56</color>
                <colorMode>normal</colorMode>
                <width>4</width>
            </LineStyle>
        </Style>
        <Style id="8343">
            <LineStyle id="8344">
                <color>ff632B56</color>
                <colorMode>normal</colorMode>
                <width>4</width>
            </LineStyle>
        </Style>
        <Style id="8347">
            <LineStyle id="8348">
                <color>ff632B56</color>
                <colorMode>normal</colorMode>
                <width>4</width>
            </LineStyle>
        </Style>
        <Style id="8351">
            <LineStyle id="8352">
                <color>ff632B56</color>
                <colorMode>normal</colorMode>
                <width>4</width>
            </LineStyle>
        </Style>
        <Style id="8355">
            <LineStyle id="8356">
                <color>ff632B56</color>
                <colorMode>normal</colorMode>
                <width>4</width>
            </LineStyle>
        </Style>
        <Style id="8359">
            <LineStyle id="8360">
                <color>ff632B56</color>
                <colorMode>normal</colorMode>
                <width>4</width>
            </LineStyle>
        </Style>
        <Style id="8363">
            <LineStyle id="8364">
                <color>ff632B56</color>
                <colorMode>normal</colorMode>
                <width>4</width>
            </LineStyle>
        </Style>
        <Style id="8367">
            <LineStyle id="8368">
                <color>ff632B56</color>
                <colorMode>normal</colorMode>
                <width>4</width>
            </LineStyle>
        </Style>
        <Style id="8371">
            <LineStyle id="8372">
                <color>ff632B56</color>
                <colorMode>normal</colorMode>
                <width>4</width>
            </LineStyle>
        </Style>
        <Style id="8375">
            <LineStyle id="8376">
                <color>ff632B56</color>
                <colorMode>normal</colorMode>
                <width>4</width>
            </LineStyle>
        </Style>
        <Style id="8379">
            <LineStyle id="8380">
                <color>ff632B56</color>
                <colorMode>normal</colorMode>
                <width>4</width>
            </LineStyle>
        </Style>
        <Style id="8383">
            <LineStyle id="8384">
                <color>ff632B56</color>
                <colorMode>normal</colorMode>
                <width>4</width>
            </LineStyle>
        </Style>
        <Style id="8387">
            <LineStyle id="8388">
                <color>ff632B56</color>
                <colorMode>normal</colorMode>
                <width>4</width>
            </LineStyle>
        </Style>
        <Style id="8391">
            <LineStyle id="8392">
                <color>ff632B56</color>
                <colorMode>normal</colorMode>
                <width>4</width>
            </LineStyle>
        </Style>
        <Style id="8395">
            <LineStyle id="8396">
                <color>ff632B56</color>
                <colorMode>normal</colorMode>
                <width>4</width>
            </LineStyle>
        </Style>
        <Style id="8399">
            <LineStyle id="8400">
                <color>ff632B56</color>
                <colorMode>normal</colorMode>
                <width>4</width>
            </LineStyle>
        </Style>
        <Style id="8403">
            <LineStyle id="8404">
                <color>ff632B56</color>
                <colorMode>normal</colorMode>
                <width>4</width>
            </LineStyle>
        </Style>
        <Style id="8407">
            <LineStyle id="8408">
                <color>ff632B56</color>
                <colorMode>normal</colorMode>
                <width>4</width>
            </LineStyle>
        </Style>
        <Style id="8411">
            <LineStyle id="8412">
                <color>ff632B56</color>
                <colorMode>normal</colorMode>
                <width>4</width>
            </LineStyle>
        </Style>
        <Style id="8415">
            <LineStyle id="8416">
                <color>ff632B56</color>
                <colorMode>normal</colorMode>
                <width>4</width>
            </LineStyle>
        </Style>
        <Style id="8419">
            <LineStyle id="8420">
                <color>ff632B56</color>
                <colorMode>normal</colorMode>
                <width>4</width>
            </LineStyle>
        </Style>
        <Style id="8423">
            <LineStyle id="8424">
                <color>ff632B56</color>
                <colorMode>normal</colorMode>
                <width>4</width>
            </LineStyle>
        </Style>
        <Style id="8427">
            <LineStyle id="8428">
                <color>ff632B56</color>
                <colorMode>normal</colorMode>
                <width>4</width>
            </LineStyle>
        </Style>
        <Style id="8431">
            <LineStyle id="8432">
                <color>ff632B56</color>
                <colorMode>normal</colorMode>
                <width>4</width>
            </LineStyle>
        </Style>
        <Style id="8435">
            <LineStyle id="8436">
                <color>ff632B56</color>
                <colorMode>normal</colorMode>
                <width>4</width>
            </LineStyle>
        </Style>
        <Style id="8439">
            <LineStyle id="8440">
                <color>ff632B56</color>
                <colorMode>normal</colorMode>
                <width>4</width>
            </LineStyle>
        </Style>
        <Style id="8443">
            <LineStyle id="8444">
                <color>ff632B56</color>
                <colorMode>normal</colorMode>
                <width>4</width>
            </LineStyle>
        </Style>
        <Style id="8447">
            <LineStyle id="8448">
                <color>ff632B56</color>
                <colorMode>normal</colorMode>
                <width>4</width>
            </LineStyle>
        </Style>
        <Style id="8451">
            <LineStyle id="8452">
                <color>ff632B56</color>
                <colorMode>normal</colorMode>
                <width>4</width>
            </LineStyle>
        </Style>
        <Style id="8455">
            <LineStyle id="8456">
                <color>ff632B56</color>
                <colorMode>normal</colorMode>
                <width>4</width>
            </LineStyle>
        </Style>
        <Style id="8459">
            <LineStyle id="8460">
                <color>ff632B56</color>
                <colorMode>normal</colorMode>
                <width>4</width>
            </LineStyle>
        </Style>
        <Style id="8463">
            <LineStyle id="8464">
                <color>ff632B56</color>
                <colorMode>normal</colorMode>
                <width>4</width>
            </LineStyle>
        </Style>
        <Style id="8467">
            <LineStyle id="8468">
                <color>ff632B56</color>
                <colorMode>normal</colorMode>
                <width>4</width>
            </LineStyle>
        </Style>
        <Style id="8471">
            <LineStyle id="8472">
                <color>ff632B56</color>
                <colorMode>normal</colorMode>
                <width>4</width>
            </LineStyle>
        </Style>
        <Style id="8475">
            <LineStyle id="8476">
                <color>ff632B56</color>
                <colorMode>normal</colorMode>
                <width>4</width>
            </LineStyle>
        </Style>
        <Style id="8479">
            <LineStyle id="8480">
                <color>ff632B56</color>
                <colorMode>normal</colorMode>
                <width>4</width>
            </LineStyle>
        </Style>
        <Style id="8483">
            <LineStyle id="8484">
                <color>ff632B56</color>
                <colorMode>normal</colorMode>
                <width>4</width>
            </LineStyle>
        </Style>
        <Style id="8487">
            <LineStyle id="8488">
                <color>ff632B56</color>
                <colorMode>normal</colorMode>
                <width>4</width>
            </LineStyle>
        </Style>
        <Style id="8491">
            <LineStyle id="8492">
                <color>ff632B56</color>
                <colorMode>normal</colorMode>
                <width>4</width>
            </LineStyle>
        </Style>
        <Style id="8495">
            <LineStyle id="8496">
                <color>ff632B56</color>
                <colorMode>normal</colorMode>
                <width>4</width>
            </LineStyle>
        </Style>
        <Style id="8499">
            <LineStyle id="8500">
                <color>ff632B56</color>
                <colorMode>normal</colorMode>
                <width>4</width>
            </LineStyle>
        </Style>
        <Style id="8503">
            <LineStyle id="8504">
                <color>ff632B56</color>
                <colorMode>normal</colorMode>
                <width>4</width>
            </LineStyle>
        </Style>
        <Style id="8507">
            <LineStyle id="8508">
                <color>ff632B56</color>
                <colorMode>normal</colorMode>
                <width>4</width>
            </LineStyle>
        </Style>
        <Style id="8511">
            <LineStyle id="8512">
                <color>ff632B56</color>
                <colorMode>normal</colorMode>
                <width>4</width>
            </LineStyle>
        </Style>
        <Style id="8515">
            <LineStyle id="8516">
                <color>ff632B56</color>
                <colorMode>normal</colorMode>
                <width>4</width>
            </LineStyle>
        </Style>
        <Style id="8519">
            <LineStyle id="8520">
                <color>ff632B56</color>
                <colorMode>normal</colorMode>
                <width>4</width>
            </LineStyle>
        </Style>
        <Style id="8523">
            <LineStyle id="8524">
                <color>ff632B56</color>
                <colorMode>normal</colorMode>
                <width>4</width>
            </LineStyle>
        </Style>
        <Style id="8527">
            <LineStyle id="8528">
                <color>ff632B56</color>
                <colorMode>normal</colorMode>
                <width>4</width>
            </LineStyle>
        </Style>
        <Style id="8531">
            <LineStyle id="8532">
                <color>ff632B56</color>
                <colorMode>normal</colorMode>
                <width>4</width>
            </LineStyle>
        </Style>
        <Style id="8535">
            <LineStyle id="8536">
                <color>ff632B56</color>
                <colorMode>normal</colorMode>
                <width>4</width>
            </LineStyle>
        </Style>
        <Style id="8539">
            <LineStyle id="8540">
                <color>ff632B56</color>
                <colorMode>normal</colorMode>
                <width>4</width>
            </LineStyle>
        </Style>
        <Style id="8543">
            <LineStyle id="8544">
                <color>ff632B56</color>
                <colorMode>normal</colorMode>
                <width>4</width>
            </LineStyle>
        </Style>
        <Style id="8547">
            <LineStyle id="8548">
                <color>ff632B56</color>
                <colorMode>normal</colorMode>
                <width>4</width>
            </LineStyle>
        </Style>
        <Style id="8551">
            <LineStyle id="8552">
                <color>ff632B56</color>
                <colorMode>normal</colorMode>
                <width>4</width>
            </LineStyle>
        </Style>
        <Style id="8555">
            <LineStyle id="8556">
                <color>ff632B56</color>
                <colorMode>normal</colorMode>
                <width>4</width>
            </LineStyle>
        </Style>
        <Style id="8559">
            <LineStyle id="8560">
                <color>ff632B56</color>
                <colorMode>normal</colorMode>
                <width>4</width>
            </LineStyle>
        </Style>
        <Style id="8563">
            <LineStyle id="8564">
                <color>ff632B56</color>
                <colorMode>normal</colorMode>
                <width>4</width>
            </LineStyle>
        </Style>
        <Style id="8567">
            <LineStyle id="8568">
                <color>ff632B56</color>
                <colorMode>normal</colorMode>
                <width>4</width>
            </LineStyle>
        </Style>
        <Style id="8571">
            <LineStyle id="8572">
                <color>ff632B56</color>
                <colorMode>normal</colorMode>
                <width>4</width>
            </LineStyle>
        </Style>
        <Style id="8575">
            <LineStyle id="8576">
                <color>ff632B56</color>
                <colorMode>normal</colorMode>
                <width>4</width>
            </LineStyle>
        </Style>
        <Style id="8579">
            <LineStyle id="8580">
                <color>ff632B56</color>
                <colorMode>normal</colorMode>
                <width>4</width>
            </LineStyle>
        </Style>
        <Style id="8583">
            <LineStyle id="8584">
                <color>ff632B56</color>
                <colorMode>normal</colorMode>
                <width>4</width>
            </LineStyle>
        </Style>
        <Style id="8587">
            <LineStyle id="8588">
                <color>ff632B56</color>
                <colorMode>normal</colorMode>
                <width>4</width>
            </LineStyle>
        </Style>
        <ExtendedData>
            <Data name="route-name">
                <value>Koridor 3: BEC → Baleendah</value>
            </Data>
            <Data name="source">
                <value>Transport for Bandung</value>
            </Data>
        </ExtendedData>
        <Placemark id="7861">
            <name>Permata Buah Batu</name>
            <styleUrl>#7862</styleUrl>
            <Point id="7860">
                <coordinates>107.6361478,-6.9729226,0.0</coordinates>
            </Point>
        </Placemark>
        <Placemark id="7866">
            <name>Apotek K24</name>
            <styleUrl>#7867</styleUrl>
            <Point id="7865">
                <coordinates>107.6309071,-7.0054785,0.0</coordinates>
            </Point>
        </Placemark>
        <Placemark id="7871">
            <name>PLN UP3 Bandung B</name>
            <styleUrl>#7872</styleUrl>
            <Point id="7870">
                <coordinates>107.6121553,-6.9484924,0.0</coordinates>
            </Point>
        </Placemark>
        <Placemark id="7876">
            <name>Museum Kota Bandung</name>
            <styleUrl>#7877</styleUrl>
            <Point id="7875">
                <coordinates>107.6097114,-6.9101169,0.0</coordinates>
            </Point>
        </Placemark>
        <Placemark id="7881">
            <name>PT LEN Industri B</name>
            <styleUrl>#7882</styleUrl>
            <Point id="7880">
                <coordinates>107.619152,-6.9489877,0.0</coordinates>
            </Point>
        </Placemark>
        <Placemark id="7886">
            <name>Muhammad Toha 1 (PT INTI A)</name>
            <styleUrl>#7887</styleUrl>
            <Point id="7885">
                <coordinates>107.6062885,-6.939027,0.0</coordinates>
            </Point>
        </Placemark>
        <Placemark id="7891">
            <name>Alun-alun Bandung</name>
            <styleUrl>#7892</styleUrl>
            <Point id="7890">
                <coordinates>107.6071309,-6.9211347,0.0</coordinates>
            </Point>
        </Placemark>
        <Placemark id="7896">
            <name>Merdeka</name>
            <styleUrl>#7897</styleUrl>
            <Point id="7895">
                <coordinates>107.6104461,-6.9127255,0.0</coordinates>
            </Point>
        </Placemark>
        <Placemark id="7901">
            <name>Toko Mas ABC</name>
            <styleUrl>#7902</styleUrl>
            <Point id="7900">
                <coordinates>107.6039434,-6.9230192,0.0</coordinates>
            </Point>
        </Placemark>
        <Placemark id="7906">
            <name>Simpang Ijan</name>
            <styleUrl>#7907</styleUrl>
            <Point id="7905">
                <coordinates>107.6036329,-6.9280445,0.0</coordinates>
            </Point>
        </Placemark>
        <Placemark id="7911">
            <name>Taman Tegallega</name>
            <styleUrl>#7912</styleUrl>
            <Point id="7910">
                <coordinates>107.603223,-6.9339734,0.0</coordinates>
            </Point>
        </Placemark>
        <Placemark id="7916">
            <name>Madurasa Tengah</name>
            <styleUrl>#7917</styleUrl>
            <Point id="7915">
                <coordinates>107.6083491,-6.945205,0.0</coordinates>
            </Point>
        </Placemark>
        <Placemark id="7921">
            <name>Podomoro</name>
            <styleUrl>#7922</styleUrl>
            <Point id="7920">
                <coordinates>107.6355974,-6.9749692,0.0</coordinates>
            </Point>
        </Placemark>
        <Placemark id="7926">
            <name>KEJARI Bale Bandung</name>
            <styleUrl>#7927</styleUrl>
            <Point id="7925">
                <coordinates>107.6235977,-7.0059629,0.0</coordinates>
            </Point>
        </Placemark>
        <Placemark id="7931">
            <name>RS Al-Ihsan</name>
            <styleUrl>#7932</styleUrl>
            <Point id="7930">
                <coordinates>107.6243131,-7.0074774,0.0</coordinates>
            </Point>
        </Placemark>
        <Placemark id="7936">
            <name>Masjid Jami' Baitul Huda B</name>
            <styleUrl>#7937</styleUrl>
            <Point id="7935">
                <coordinates>107.6318593,-7.0002949,0.0</coordinates>
            </Point>
        </Placemark>
        <Placemark id="7941">
            <name>Alfamart SPBU Bojongsoang</name>
            <styleUrl>#7942</styleUrl>
            <Point id="7940">
                <coordinates>107.6316525,-6.9914167,0.0</coordinates>
            </Point>
        </Placemark>
        <Placemark id="7946">
            <name>Griya Bandung Asri</name>
            <styleUrl>#7947</styleUrl>
            <Point id="7945">
                <coordinates>107.6328659,-6.9857289,0.0</coordinates>
            </Point>
        </Placemark>
        <Placemark id="7951">
            <name>AHASS</name>
            <styleUrl>#7952</styleUrl>
            <Point id="7950">
                <coordinates>107.6339127,-6.981957,0.0</coordinates>
            </Point>
        </Placemark>
        <Placemark id="7956">
            <name>Transmart Buahbatu</name>
            <styleUrl>#7957</styleUrl>
            <Point id="7955">
                <coordinates>107.6375686,-6.9671846,0.0</coordinates>
            </Point>
        </Placemark>
        <Placemark id="7961">
            <name>Puskesmas Kujangsari B</name>
            <styleUrl>#7962</styleUrl>
            <Point id="7960">
                <coordinates>107.6381098,-6.9649586,0.0</coordinates>
            </Point>
        </Placemark>
        <Placemark id="7966">
            <name>Bluebird B</name>
            <styleUrl>#7967</styleUrl>
            <Point id="7965">
                <coordinates>107.639519,-6.9584058,0.0</coordinates>
            </Point>
        </Placemark>
        <Placemark id="7971">
            <name>Pasar Kordon B</name>
            <styleUrl>#7972</styleUrl>
            <Point id="7970">
                <coordinates>107.6387335,-6.9534763,0.0</coordinates>
            </Point>
        </Placemark>
        <Placemark id="7976">
            <name>Swadarma BNI</name>
            <styleUrl>#7977</styleUrl>
            <Point id="7975">
                <coordinates>107.6357751,-6.9503784,0.0</coordinates>
            </Point>
        </Placemark>
        <Placemark id="7981">
            <name>Taman Buah Batu</name>
            <styleUrl>#7982</styleUrl>
            <Point id="7980">
                <coordinates>107.6339239,-6.9484693,0.0</coordinates>
            </Point>
        </Placemark>
        <Placemark id="7986">
            <name>Bangunan Mart B</name>
            <styleUrl>#7987</styleUrl>
            <Point id="7985">
                <coordinates>107.6280918,-6.9493306,0.0</coordinates>
            </Point>
        </Placemark>
        <Placemark id="7991">
            <name>LPKIA B</name>
            <styleUrl>#7992</styleUrl>
            <Point id="7990">
                <coordinates>107.6248137,-6.9494301,0.0</coordinates>
            </Point>
        </Placemark>
        <Placemark id="7996">
            <name>Bandung Electronic Center</name>
            <styleUrl>#7997</styleUrl>
            <Point id="7995">
                <coordinates>107.6093744,-6.9081456,0.0</coordinates>
            </Point>
        </Placemark>
        <Placemark id="8001">
            <name>Baleendah</name>
            <styleUrl>#8002</styleUrl>
            <Point id="8000">
                <coordinates>107.6261375,-7.0067058,0.0</coordinates>
            </Point>
        </Placemark>
        <Placemark id="8006">
            <name>Jalan Purnawarman</name>
            <styleUrl>#8007</styleUrl>
            <LineString id="8005">
                <coordinates>107.6093744,-6.9081456,0.0 107.6093775,-6.9084083,0.0 107.6093813,-6.9085187,0.0 107.6093815,-6.908544,0.0 107.6093824,-6.9086525,0.0 107.6093841,-6.9088591,0.0 107.6093842,-6.9088763,0.0 107.6093811,-6.9088995,0.0 107.6093747,-6.9089464,0.0 107.6093527,-6.9090316,0.0 107.6092981,-6.9091183,0.0 107.6092179,-6.9091598,0.0 107.6091211,-6.9091702,0.0 107.6090771,-6.9091668,0.0 107.608636,-6.9091325,0.0 107.6085607,-6.9091266,0.0</coordinates>
            </LineString>
        </Placemark>
        <Placemark id="8010">
            <name>Jalan Otto Iskandardinata</name>
            <styleUrl>#8011</styleUrl>
            <LineString id="8009">
                <coordinates>107.6041077,-6.920785,0.0 107.604105,-6.9208199,0.0 107.6040989,-6.920927,0.0 107.6040733,-6.9214142,0.0 107.6040726,-6.9214269,0.0 107.6040276,-6.9219745,0.0 107.6040208,-6.9220583,0.0 107.6039434,-6.9230192,0.0 107.6039369,-6.9231152,0.0</coordinates>
            </LineString>
        </Placemark>
        <Placemark id="8014">
            <name>Jalan Purnawarman</name>
            <styleUrl>#8015</styleUrl>
            <LineString id="8013">
                <coordinates>107.6085607,-6.9091266,0.0 107.6085033,-6.9091626,0.0 107.6084529,-6.9092079,0.0 107.6084111,-6.909261,0.0 107.6083958,-6.9093101,0.0 107.6083912,-6.9093671,0.0</coordinates>
            </LineString>
        </Placemark>
        <Placemark id="8018">
            <name>Jalan Tamblong</name>
            <styleUrl>#8019</styleUrl>
            <LineString id="8017">
                <coordinates>107.6122092,-6.9201091,0.0 107.6121953,-6.9202135,0.0 107.612155,-6.9205282,0.0 107.6121207,-6.9208351,0.0 107.6120718,-6.9213137,0.0 107.6120281,-6.9216096,0.0 107.6120154,-6.9217245,0.0</coordinates>
            </LineString>
        </Placemark>
        <Placemark id="8022">
            <name>Jalan Raya Bojongsoang</name>
            <styleUrl>#8023</styleUrl>
            <LineString id="8021">
                <coordinates>107.6378206,-6.9660771,0.0 107.6377617,-6.9662997,0.0 107.6377398,-6.9663836,0.0 107.637718,-6.9664881,0.0 107.6376914,-6.9666121,0.0 107.63764,-6.9668648,0.0 107.6376161,-6.9669718,0.0 107.6376092,-6.9670029,0.0 107.6375979,-6.9670536,0.0 107.6375686,-6.9671846,0.0 107.6374709,-6.9676213,0.0 107.6374449,-6.9677377,0.0 107.6373154,-6.9683172,0.0 107.6372888,-6.9684363,0.0 107.6370571,-6.9694733,0.0 107.6370479,-6.9695143,0.0 107.6369304,-6.9700405,0.0 107.6369161,-6.9701041,0.0 107.6368934,-6.9701783,0.0</coordinates>
            </LineString>
        </Placemark>
        <Placemark id="8026">
            <name>Jalan Otto Iskandardinata</name>
            <styleUrl>#8027</styleUrl>
            <LineString id="8025">
                <coordinates>107.6032238,-6.935481,0.0 107.6032173,-6.935578,0.0 107.6032076,-6.9357215,0.0 107.6031855,-6.936049,0.0 107.6031741,-6.936219,0.0 107.6031624,-6.9363928,0.0 107.6031505,-6.9365689,0.0</coordinates>
            </LineString>
        </Placemark>
        <Placemark id="8030">
            <name>Jalan Wastukancana</name>
            <styleUrl>#8031</styleUrl>
            <LineString id="8029">
                <coordinates>107.6088855,-6.9102984,0.0 107.6088445,-6.9102299,0.0 107.6087639,-6.910086,0.0 107.608484,-6.9095465,0.0 107.6083912,-6.9093671,0.0</coordinates>
            </LineString>
        </Placemark>
        <Placemark id="8034">
            <name>Jalan Jaksa Naranata</name>
            <styleUrl>#8035</styleUrl>
            <LineString id="8033">
                <coordinates>107.6312405,-7.0048462,0.0 107.6312185,-7.0050869,0.0 107.6312026,-7.0051603,0.0 107.6311757,-7.0052422,0.0 107.631148,-7.0052776,0.0 107.6309071,-7.0054785,0.0 107.6303516,-7.0059344,0.0 107.6303208,-7.0059523,0.0 107.6302832,-7.0059623,0.0 107.6302443,-7.0059663,0.0 107.6297938,-7.0059487,0.0 107.6294679,-7.0059529,0.0 107.6291782,-7.0059567,0.0 107.6287137,-7.0059605,0.0 107.6280322,-7.0059523,0.0 107.6272639,-7.0059498,0.0 107.6268268,-7.0059464,0.0 107.6261913,-7.0059527,0.0</coordinates>
            </LineString>
        </Placemark>
        <Placemark id="8038">
            <name>Jalan Lembong</name>
            <styleUrl>#8039</styleUrl>
            <LineString id="8037">
                <coordinates>107.6109278,-6.9169939,0.0 107.6111029,-6.9170839,0.0 107.6113003,-6.9171832,0.0 107.6113378,-6.917202,0.0</coordinates>
            </LineString>
        </Placemark>
        <Placemark id="8042">
            <name>Jalan Buah Batu</name>
            <styleUrl>#8043</styleUrl>
            <LineString id="8041">
                <coordinates>107.6333973,-6.9479551,0.0 107.6335261,-6.9480768,0.0</coordinates>
            </LineString>
        </Placemark>
        <Placemark id="8046">
            <name>Jalan Buah Batu</name>
            <styleUrl>#8047</styleUrl>
            <LineString id="8045">
                <coordinates>107.6335261,-6.9480768,0.0 107.6335616,-6.9481122,0.0 107.6336244,-6.9481774,0.0 107.6337288,-6.9482852,0.0</coordinates>
            </LineString>
        </Placemark>
        <Placemark id="8050">
            <name>Jalan Soekarno-Hatta</name>
            <styleUrl>#8051</styleUrl>
            <LineString id="8049">
                <coordinates>107.621611,-6.9491677,0.0 107.6219888,-6.9491964,0.0</coordinates>
            </LineString>
        </Placemark>
        <Placemark id="8054">
            <name>Jalan Soekarno-Hatta</name>
            <styleUrl>#8055</styleUrl>
            <LineString id="8053">
                <coordinates>107.6219888,-6.9491964,0.0 107.6225159,-6.949235,0.0 107.6230228,-6.9492832,0.0 107.6232787,-6.9493075,0.0 107.6236074,-6.9493402,0.0 107.6244902,-6.949411,0.0 107.6248137,-6.9494301,0.0 107.6249026,-6.9494354,0.0</coordinates>
            </LineString>
        </Placemark>
        <Placemark id="8058">
            <name>Jalan Terusan Bojongsoang</name>
            <styleUrl>#8059</styleUrl>
            <LineString id="8057">
                <coordinates>107.6320736,-6.9900649,0.0 107.6320352,-6.9901805,0.0 107.6319793,-6.9903512,0.0 107.6319245,-6.9905522,0.0 107.6318697,-6.9907532,0.0 107.6318415,-6.9908464,0.0 107.6317423,-6.9911484,0.0 107.6316708,-6.99136,0.0 107.6316525,-6.9914167,0.0 107.6315815,-6.9916369,0.0 107.6315,-6.9919241,0.0 107.6314065,-6.992229,0.0 107.6313361,-6.9924993,0.0</coordinates>
            </LineString>
        </Placemark>
        <Placemark id="8062">
            <name>Jalan Merdeka</name>
            <styleUrl>#8063</styleUrl>
            <LineString id="8061">
                <coordinates>107.6106164,-6.9099691,0.0 107.6106159,-6.9099991,0.0 107.6106153,-6.9100253,0.0 107.6106014,-6.9104158,0.0 107.6105812,-6.9108691,0.0 107.6105492,-6.9114267,0.0 107.6105236,-6.9118509,0.0 107.610489,-6.9122567,0.0 107.6104606,-6.9125904,0.0 107.6104461,-6.9127255,0.0 107.6104424,-6.9127679,0.0 107.6103525,-6.9136021,0.0</coordinates>
            </LineString>
        </Placemark>
        <Placemark id="8066">
            <name>Route Segment</name>
            <styleUrl>#8067</styleUrl>
            <LineString id="8065">
                <coordinates>107.611899,-6.9174826,0.0 107.6119638,-6.9175519,0.0 107.6120629,-6.9176091,0.0 107.6121927,-6.9176855,0.0 107.6122735,-6.9177431,0.0 107.612341,-6.9177922,0.0 107.6123749,-6.9178256,0.0 107.6124026,-6.9178815,0.0 107.6124151,-6.9179473,0.0 107.6124086,-6.91811,0.0 107.6124036,-6.9181433,0.0 107.6123969,-6.9182059,0.0 107.6123918,-6.9182691,0.0</coordinates>
            </LineString>
        </Placemark>
        <Placemark id="8070">
            <name>Jalan Otto Iskandardinata</name>
            <styleUrl>#8071</styleUrl>
            <LineString id="8069">
                <coordinates>107.6038778,-6.9239323,0.0 107.6038646,-6.9241732,0.0 107.6038465,-6.9245138,0.0 107.6037853,-6.9255254,0.0 107.6037807,-6.9256072,0.0 107.6036969,-6.9271072,0.0 107.6036918,-6.9271992,0.0</coordinates>
            </LineString>
        </Placemark>
        <Placemark id="8074">
            <name>Jalan Otto Iskandardinata</name>
            <styleUrl>#8075</styleUrl>
            <LineString id="8073">
                <coordinates>107.6036918,-6.9271992,0.0 107.6036329,-6.9280445,0.0 107.6035987,-6.9285343,0.0 107.6035394,-6.9293944,0.0 107.603531,-6.9295081,0.0 107.6035279,-6.9295503,0.0 107.6035002,-6.9299478,0.0 107.6034837,-6.930184,0.0 107.6034742,-6.930325,0.0 107.6034705,-6.9303736,0.0 107.6034661,-6.9304369,0.0 107.603397,-6.9314278,0.0</coordinates>
            </LineString>
        </Placemark>
        <Placemark id="8078">
            <name>Jalan Otto Iskandardinata</name>
            <styleUrl>#8079</styleUrl>
            <LineString id="8077">
                <coordinates>107.6039369,-6.9231152,0.0 107.6039303,-6.9231867,0.0</coordinates>
            </LineString>
        </Placemark>
        <Placemark id="8082">
            <name>Jalan Otto Iskandardinata</name>
            <styleUrl>#8083</styleUrl>
            <LineString id="8081">
                <coordinates>107.6032271,-6.9338577,0.0 107.603223,-6.9339734,0.0 107.6032159,-6.9342862,0.0</coordinates>
            </LineString>
        </Placemark>
        <Placemark id="8086">
            <name>Jalan Otto Iskandardinata</name>
            <styleUrl>#8087</styleUrl>
            <LineString id="8085">
                <coordinates>107.603397,-6.9314278,0.0 107.6033247,-6.9324527,0.0 107.6033123,-6.9326285,0.0 107.603267,-6.9332705,0.0 107.6032353,-6.9337195,0.0 107.6032271,-6.9338577,0.0</coordinates>
            </LineString>
        </Placemark>
        <Placemark id="8090">
            <name>Jalan Aceh</name>
            <styleUrl>#8091</styleUrl>
            <LineString id="8089">
                <coordinates>107.6092148,-6.9103044,0.0 107.6097114,-6.9101169,0.0 107.6103674,-6.9098792,0.0 107.610426,-6.9098591,0.0 107.6105905,-6.9098058,0.0</coordinates>
            </LineString>
        </Placemark>
        <Placemark id="8094">
            <name>Jalan Buah Batu</name>
            <styleUrl>#8095</styleUrl>
            <LineString id="8093">
                <coordinates>107.6392468,-6.9552162,0.0 107.6393343,-6.9559465,0.0 107.6394517,-6.956606,0.0</coordinates>
            </LineString>
        </Placemark>
        <Placemark id="8098">
            <name>Jalan Soekarno-Hatta</name>
            <styleUrl>#8099</styleUrl>
            <LineString id="8097">
                <coordinates>107.6124767,-6.9485183,0.0 107.6126412,-6.9485299,0.0 107.6133504,-6.9485797,0.0 107.6138166,-6.9486125,0.0 107.6139137,-6.9486193,0.0 107.6139666,-6.9486231,0.0 107.6149203,-6.9486901,0.0 107.617101,-6.9488435,0.0 107.6176781,-6.9488841,0.0 107.6184763,-6.9489402,0.0 107.6185979,-6.9489488,0.0 107.619152,-6.9489877,0.0 107.6192839,-6.948997,0.0 107.6196694,-6.9490241,0.0</coordinates>
            </LineString>
        </Placemark>
        <Placemark id="8102">
            <name>Jalan Soekarno-Hatta</name>
            <styleUrl>#8103</styleUrl>
            <LineString id="8101">
                <coordinates>107.6215191,-6.9491613,0.0 107.6215656,-6.9491645,0.0 107.621611,-6.9491677,0.0</coordinates>
            </LineString>
        </Placemark>
        <Placemark id="8106">
            <name>Jalan Mohammad Toha</name>
            <styleUrl>#8107</styleUrl>
            <LineString id="8105">
                <coordinates>107.6086676,-6.9461425,0.0 107.6086093,-6.945971,0.0 107.6085871,-6.9459059,0.0 107.608562,-6.9458321,0.0 107.6085284,-6.9457333,0.0 107.6084824,-6.9455982,0.0 107.6084779,-6.9455849,0.0 107.6084496,-6.9455018,0.0 107.608427,-6.9454354,0.0 107.608407,-6.9453744,0.0 107.6083491,-6.945205,0.0 107.6082597,-6.9449435,0.0 107.6082426,-6.9448934,0.0 107.6082103,-6.9447985,0.0 107.6080915,-6.9444492,0.0 107.6079672,-6.944084,0.0 107.6078706,-6.9438055,0.0 107.607766,-6.9435054,0.0 107.6077347,-6.9434128,0.0 107.607677,-6.9432421,0.0 107.6076477,-6.9431556,0.0</coordinates>
            </LineString>
        </Placemark>
        <Placemark id="8110">
            <name>Jalan Asia Afrika</name>
            <styleUrl>#8111</styleUrl>
            <LineString id="8109">
                <coordinates>107.6064585,-6.9210512,0.0 107.6064357,-6.9210487,0.0 107.6059322,-6.9209936,0.0 107.605075,-6.9208966,0.0 107.6042658,-6.9208061,0.0 107.6042276,-6.9208008,0.0 107.6041077,-6.920785,0.0</coordinates>
            </LineString>
        </Placemark>
        <Placemark id="8114">
            <name>Jalan Asia Afrika</name>
            <styleUrl>#8115</styleUrl>
            <LineString id="8113">
                <coordinates>107.607195,-6.9211421,0.0 107.6071709,-6.9211388,0.0 107.6071309,-6.9211347,0.0</coordinates>
            </LineString>
        </Placemark>
        <Placemark id="8118">
            <name>Route Segment</name>
            <styleUrl>#8119</styleUrl>
            <LineString id="8117">
                <coordinates>107.6093038,-6.9479813,0.0 107.6093654,-6.9480529,0.0 107.6093977,-6.9480864,0.0 107.6094291,-6.9481195,0.0 107.6094589,-6.9481507,0.0 107.6094951,-6.9481777,0.0 107.6095243,-6.948196,0.0 107.6095645,-6.9482188,0.0 107.6096087,-6.9482404,0.0 107.6096514,-6.9482594,0.0 107.6097206,-6.9482923,0.0</coordinates>
            </LineString>
        </Placemark>
        <Placemark id="8122">
            <name>Route Segment</name>
            <styleUrl>#8123</styleUrl>
            <LineString id="8121">
                <coordinates>107.6232362,-7.007083,0.0 107.6234311,-7.0071582,0.0 107.623885,-7.0073325,0.0 107.6240593,-7.0073924,0.0 107.6243131,-7.0074774,0.0 107.6243805,-7.0075,0.0 107.6245642,-7.0075616,0.0 107.6246656,-7.0075859,0.0 107.6252697,-7.0077824,0.0 107.6253886,-7.0078205,0.0 107.6257637,-7.0079536,0.0 107.6261231,-7.0081095,0.0</coordinates>
            </LineString>
        </Placemark>
        <Placemark id="8126">
            <name>Jalan Buah Batu</name>
            <styleUrl>#8127</styleUrl>
            <LineString id="8125">
                <coordinates>107.6361046,-6.9507159,0.0 107.6363023,-6.950904,0.0 107.6365624,-6.9511515,0.0</coordinates>
            </LineString>
        </Placemark>
        <Placemark id="8130">
            <name>Jalan Peta</name>
            <styleUrl>#8131</styleUrl>
            <LineString id="8129">
                <coordinates>107.6059434,-6.9375062,0.0 107.6060689,-6.9375172,0.0 107.6060979,-6.9375203,0.0 107.6061748,-6.9375256,0.0</coordinates>
            </LineString>
        </Placemark>
        <Placemark id="8134">
            <name>Jalan Terusan Bojongsoang</name>
            <styleUrl>#8135</styleUrl>
            <LineString id="8133">
                <coordinates>107.6328922,-6.9855671,0.0 107.6328659,-6.9857289,0.0 107.6328247,-6.9859824,0.0 107.6327896,-6.9861987,0.0 107.6327571,-6.9863987,0.0 107.6326896,-6.9868137,0.0 107.6326529,-6.987015,0.0 107.6324776,-6.987975,0.0 107.6324363,-6.9883896,0.0 107.6324078,-6.9888436,0.0 107.632341,-6.9892213,0.0 107.6323057,-6.9893722,0.0 107.63227,-6.9894981,0.0 107.6322368,-6.9895932,0.0</coordinates>
            </LineString>
        </Placemark>
        <Placemark id="8138">
            <name>Jalan Buah Batu</name>
            <styleUrl>#8139</styleUrl>
            <LineString id="8137">
                <coordinates>107.6387597,-6.953529,0.0 107.6388448,-6.9537201,0.0</coordinates>
            </LineString>
        </Placemark>
        <Placemark id="8142">
            <name>Jalan Asia Afrika</name>
            <styleUrl>#8143</styleUrl>
            <LineString id="8141">
                <coordinates>107.6120154,-6.9217245,0.0 107.6118219,-6.9217006,0.0</coordinates>
            </LineString>
        </Placemark>
        <Placemark id="8146">
            <name>Jalan Asia Afrika</name>
            <styleUrl>#8147</styleUrl>
            <LineString id="8145">
                <coordinates>107.6077961,-6.9212245,0.0 107.6076762,-6.9212089,0.0 107.6075753,-6.921193,0.0 107.6072432,-6.9211493,0.0 107.607195,-6.9211421,0.0</coordinates>
            </LineString>
        </Placemark>
        <Placemark id="8150">
            <name>Route Segment</name>
            <styleUrl>#8151</styleUrl>
            <LineString id="8149">
                <coordinates>107.6031033,-6.9370152,0.0 107.6031707,-6.9371131,0.0 107.6032313,-6.9371919,0.0 107.6033103,-6.9372436,0.0</coordinates>
            </LineString>
        </Placemark>
        <Placemark id="8154">
            <name>Jalan Mohammad Toha</name>
            <styleUrl>#8155</styleUrl>
            <LineString id="8153">
                <coordinates>107.6062439,-6.9376212,0.0 107.6062361,-6.9376871,0.0 107.6062235,-6.937809,0.0</coordinates>
            </LineString>
        </Placemark>
        <Placemark id="8158">
            <name>Jalan Mohammad Toha</name>
            <styleUrl>#8159</styleUrl>
            <LineString id="8157">
                <coordinates>107.6062235,-6.937809,0.0 107.6061991,-6.9382951,0.0 107.6061936,-6.9383233,0.0 107.6061749,-6.938344,0.0</coordinates>
            </LineString>
        </Placemark>
        <Placemark id="8162">
            <name>Jalan Mohammad Toha</name>
            <styleUrl>#8163</styleUrl>
            <LineString id="8161">
                <coordinates>107.6062545,-6.937531,0.0 107.6062439,-6.9376212,0.0</coordinates>
            </LineString>
        </Placemark>
        <Placemark id="8166">
            <name>Jalan Buah Batu</name>
            <styleUrl>#8167</styleUrl>
            <LineString id="8165">
                <coordinates>107.6389544,-6.9539868,0.0 107.6390244,-6.9541598,0.0 107.6391061,-6.954383,0.0</coordinates>
            </LineString>
        </Placemark>
        <Placemark id="8170">
            <name>Jalan Buah Batu</name>
            <styleUrl>#8171</styleUrl>
            <LineString id="8169">
                <coordinates>107.6388448,-6.9537201,0.0 107.6389544,-6.9539868,0.0</coordinates>
            </LineString>
        </Placemark>
        <Placemark id="8174">
            <name>Jalan Anggadireja</name>
            <styleUrl>#8175</styleUrl>
            <LineString id="8173">
                <coordinates>107.6261365,-7.008087,0.0 107.6261358,-7.0080621,0.0 107.6261345,-7.0080348,0.0 107.6261356,-7.0079862,0.0 107.6261339,-7.0078325,0.0 107.6261358,-7.0070618,0.0 107.6261375,-7.0067058,0.0</coordinates>
            </LineString>
        </Placemark>
        <Placemark id="8178">
            <name>Jalan Terusan Bojongsoang</name>
            <styleUrl>#8179</styleUrl>
            <LineString id="8177">
                <coordinates>107.6322368,-6.9895932,0.0 107.6320736,-6.9900649,0.0</coordinates>
            </LineString>
        </Placemark>
        <Placemark id="8182">
            <name>Jalan Terusan Bojongsoang</name>
            <styleUrl>#8183</styleUrl>
            <LineString id="8181">
                <coordinates>107.6313361,-6.9924993,0.0 107.6310419,-6.9935157,0.0</coordinates>
            </LineString>
        </Placemark>
        <Placemark id="8186">
            <name>Jalan Buah Batu</name>
            <styleUrl>#8187</styleUrl>
            <LineString id="8185">
                <coordinates>107.6351294,-6.9497169,0.0 107.6352528,-6.9498433,0.0 107.635567,-6.9501652,0.0 107.6356443,-6.9502444,0.0 107.6357751,-6.9503784,0.0 107.6361046,-6.9507159,0.0</coordinates>
            </LineString>
        </Placemark>
        <Placemark id="8190">
            <name>Jalan Otto Iskandardinata</name>
            <styleUrl>#8191</styleUrl>
            <LineString id="8189">
                <coordinates>107.6038843,-6.9238302,0.0 107.6038778,-6.9239323,0.0</coordinates>
            </LineString>
        </Placemark>
        <Placemark id="8194">
            <name>Jalan Soekarno-Hatta</name>
            <styleUrl>#8195</styleUrl>
            <LineString id="8193">
                <coordinates>107.6249026,-6.9494354,0.0 107.625063,-6.9494435,0.0 107.6251736,-6.9494469,0.0 107.6254122,-6.949452,0.0 107.6255564,-6.949455,0.0 107.6257226,-6.9494585,0.0 107.6258124,-6.9494604,0.0 107.6258467,-6.9494612,0.0 107.6258629,-6.9494614,0.0 107.6259741,-6.9494625,0.0</coordinates>
            </LineString>
        </Placemark>
        <Placemark id="8198">
            <name>Jalan Tamblong</name>
            <styleUrl>#8199</styleUrl>
            <LineString id="8197">
                <coordinates>107.61235,-6.918793,0.0 107.6123364,-6.9189576,0.0 107.6122952,-6.9194549,0.0 107.6122402,-6.9198677,0.0 107.6122212,-6.9200158,0.0 107.6122183,-6.920038,0.0 107.6122118,-6.9200856,0.0 107.6122092,-6.9201091,0.0</coordinates>
            </LineString>
        </Placemark>
        <Placemark id="8202">
            <name>Jalan Soekarno-Hatta</name>
            <styleUrl>#8203</styleUrl>
            <LineString id="8201">
                <coordinates>107.6262747,-6.9494594,0.0 107.6263148,-6.9494581,0.0 107.626731,-6.9494396,0.0 107.6268727,-6.9494332,0.0 107.6269742,-6.9494286,0.0 107.6272227,-6.9494137,0.0 107.6274709,-6.9493974,0.0 107.6278794,-6.9493563,0.0 107.627934,-6.9493489,0.0 107.6280918,-6.9493306,0.0 107.6281318,-6.9493252,0.0 107.6282234,-6.9493154,0.0 107.6285395,-6.9492726,0.0 107.6287484,-6.9492381,0.0 107.6289154,-6.9492105,0.0 107.6291337,-6.9491745,0.0 107.6293745,-6.9491302,0.0 107.6294404,-6.9491179,0.0 107.6298246,-6.949046,0.0 107.6301232,-6.94899,0.0 107.6303157,-6.9489398,0.0 107.6307487,-6.9488067,0.0 107.6309791,-6.9487354,0.0</coordinates>
            </LineString>
        </Placemark>
        <Placemark id="8206">
            <name>Jalan Merdeka</name>
            <styleUrl>#8207</styleUrl>
            <LineString id="8205">
                <coordinates>107.6101984,-6.9153866,0.0 107.6101877,-6.9155247,0.0 107.610182,-6.915607,0.0 107.6101321,-6.9161683,0.0 107.6101178,-6.91631,0.0 107.6101057,-6.916398,0.0 107.6100886,-6.9165108,0.0 107.610072,-6.9165602,0.0</coordinates>
            </LineString>
        </Placemark>
        <Placemark id="8210">
            <name>Jalan Aceh</name>
            <styleUrl>#8211</styleUrl>
            <LineString id="8209">
                <coordinates>107.6088855,-6.9102984,0.0 107.6089872,-6.9102881,0.0 107.6090327,-6.910287,0.0 107.6091344,-6.9102886,0.0 107.6092148,-6.9103044,0.0</coordinates>
            </LineString>
        </Placemark>
        <Placemark id="8214">
            <name>Jalan Soekarno-Hatta</name>
            <styleUrl>#8215</styleUrl>
            <LineString id="8213">
                <coordinates>107.6097206,-6.9482923,0.0 107.610001,-6.9483188,0.0 107.6115641,-6.9484447,0.0 107.6121553,-6.9484924,0.0 107.6123363,-6.948507,0.0 107.6124434,-6.9485156,0.0 107.6124767,-6.9485183,0.0</coordinates>
            </LineString>
        </Placemark>
        <Placemark id="8218">
            <name>Jalan Soekarno-Hatta</name>
            <styleUrl>#8219</styleUrl>
            <LineString id="8217">
                <coordinates>107.6309791,-6.9487354,0.0 107.6315445,-6.948554,0.0 107.631909,-6.9484347,0.0 107.6321622,-6.9483559,0.0 107.6329015,-6.9481249,0.0 107.6330447,-6.9480758,0.0</coordinates>
            </LineString>
        </Placemark>
        <Placemark id="8222">
            <name>Jalan Soekarno-Hatta</name>
            <styleUrl>#8223</styleUrl>
            <LineString id="8221">
                <coordinates>107.6330447,-6.9480758,0.0 107.633231,-6.9480103,0.0 107.6332967,-6.9479888,0.0</coordinates>
            </LineString>
        </Placemark>
        <Placemark id="8226">
            <name>Jalan Soekarno-Hatta</name>
            <styleUrl>#8227</styleUrl>
            <LineString id="8225">
                <coordinates>107.6332967,-6.9479888,0.0 107.6333973,-6.9479551,0.0</coordinates>
            </LineString>
        </Placemark>
        <Placemark id="8230">
            <name>Jalan Asia Afrika</name>
            <styleUrl>#8231</styleUrl>
            <LineString id="8229">
                <coordinates>107.6094601,-6.9214117,0.0 107.6092801,-6.921392,0.0 107.6090723,-6.9213678,0.0 107.6088911,-6.921347,0.0 107.6087921,-6.9213346,0.0 107.6082723,-6.9212776,0.0 107.6080497,-6.9212529,0.0 107.6077961,-6.9212245,0.0</coordinates>
            </LineString>
        </Placemark>
        <Placemark id="8234">
            <name>Jalan Merdeka</name>
            <styleUrl>#8235</styleUrl>
            <LineString id="8233">
                <coordinates>107.6105905,-6.9098058,0.0 107.610596,-6.9098864,0.0 107.6106164,-6.9099691,0.0</coordinates>
            </LineString>
        </Placemark>
        <Placemark id="8238">
            <name>Jalan Lembong</name>
            <styleUrl>#8239</styleUrl>
            <LineString id="8237">
                <coordinates>107.610072,-6.9165602,0.0 107.6101313,-6.9165901,0.0 107.6106113,-6.9168303,0.0 107.6108249,-6.916942,0.0 107.6109278,-6.9169939,0.0</coordinates>
            </LineString>
        </Placemark>
        <Placemark id="8242">
            <name>Jalan BKR</name>
            <styleUrl>#8243</styleUrl>
            <LineString id="8241">
                <coordinates>107.6061748,-6.9375256,0.0 107.6062545,-6.937531,0.0</coordinates>
            </LineString>
        </Placemark>
        <Placemark id="8246">
            <name>Jalan Terusan Bojongsoang</name>
            <styleUrl>#8247</styleUrl>
            <LineString id="8245">
                <coordinates>107.6310419,-6.9935157,0.0 107.6309877,-6.9937096,0.0</coordinates>
            </LineString>
        </Placemark>
        <Placemark id="8250">
            <name>Jalan Adipati Agung</name>
            <styleUrl>#8251</styleUrl>
            <LineString id="8249">
                <coordinates>107.6232362,-7.007083,0.0 107.6232553,-7.0065067,0.0 107.6232548,-7.0059631,0.0</coordinates>
            </LineString>
        </Placemark>
        <Placemark id="8254">
            <name>Route Segment</name>
            <styleUrl>#8255</styleUrl>
            <LineString id="8253">
                <coordinates>107.6261231,-7.0081095,0.0 107.6261365,-7.008087,0.0</coordinates>
            </LineString>
        </Placemark>
        <Placemark id="8258">
            <name>Jalan Peta</name>
            <styleUrl>#8259</styleUrl>
            <LineString id="8257">
                <coordinates>107.6047707,-6.9373901,0.0 107.6053694,-6.9374494,0.0 107.6059434,-6.9375062,0.0</coordinates>
            </LineString>
        </Placemark>
        <Placemark id="8262">
            <name>Jalan Peta</name>
            <styleUrl>#8263</styleUrl>
            <LineString id="8261">
                <coordinates>107.6033103,-6.9372436,0.0 107.6035072,-6.9372599,0.0 107.6039376,-6.9372954,0.0 107.6044053,-6.9373359,0.0 107.6044997,-6.9373449,0.0 107.6045611,-6.9373516,0.0 107.6046277,-6.9373634,0.0 107.6046918,-6.937377,0.0 107.6047707,-6.9373901,0.0</coordinates>
            </LineString>
        </Placemark>
        <Placemark id="8266">
            <name>Jalan Otto Iskandardinata</name>
            <styleUrl>#8267</styleUrl>
            <LineString id="8265">
                <coordinates>107.6031782,-6.9351372,0.0 107.6032137,-6.9352454,0.0 107.6032252,-6.9353491,0.0 107.6032238,-6.935481,0.0</coordinates>
            </LineString>
        </Placemark>
        <Placemark id="8270">
            <name>Jalan Otto Iskandardinata</name>
            <styleUrl>#8271</styleUrl>
            <LineString id="8269">
                <coordinates>107.6031505,-6.9365689,0.0 107.6031322,-6.9367751,0.0 107.6031033,-6.9370152,0.0</coordinates>
            </LineString>
        </Placemark>
        <Placemark id="8274">
            <name>Jalan Otto Iskandardinata</name>
            <styleUrl>#8275</styleUrl>
            <LineString id="8273">
                <coordinates>107.6032159,-6.9342862,0.0 107.6031855,-6.9349893,0.0 107.6031782,-6.9351372,0.0</coordinates>
            </LineString>
        </Placemark>
        <Placemark id="8278">
            <name>Jalan Buah Batu</name>
            <styleUrl>#8279</styleUrl>
            <LineString id="8277">
                <coordinates>107.6337288,-6.9482852,0.0 107.6339239,-6.9484693,0.0 107.6341254,-6.9486613,0.0 107.6347709,-6.9493298,0.0 107.6351294,-6.9497169,0.0</coordinates>
            </LineString>
        </Placemark>
        <Placemark id="8282">
            <name>Jalan Raya Bojongsoang</name>
            <styleUrl>#8283</styleUrl>
            <LineString id="8281">
                <coordinates>107.6368934,-6.9701783,0.0 107.6368245,-6.9704403,0.0 107.6367566,-6.9706618,0.0 107.6367317,-6.9707871,0.0 107.6366699,-6.9710324,0.0 107.6366614,-6.971059,0.0 107.6365939,-6.9713026,0.0 107.6365819,-6.9713462,0.0 107.6365553,-6.9714433,0.0 107.6364823,-6.9717147,0.0 107.6363461,-6.9721812,0.0 107.636329,-6.9722306,0.0 107.6363081,-6.9723012,0.0 107.6362682,-6.9724362,0.0</coordinates>
            </LineString>
        </Placemark>
        <Placemark id="8286">
            <name>Jalan Raya Bojongsoang</name>
            <styleUrl>#8287</styleUrl>
            <LineString id="8285">
                <coordinates>107.6362682,-6.9724362,0.0 107.6362346,-6.9725688,0.0 107.636209,-6.9726819,0.0 107.6361683,-6.9728419,0.0 107.6361478,-6.9729226,0.0 107.6360627,-6.9732596,0.0 107.6359274,-6.9737582,0.0 107.6357541,-6.9743918,0.0 107.6356773,-6.9746727,0.0</coordinates>
            </LineString>
        </Placemark>
        <Placemark id="8290">
            <name>Jalan Raya Bojongsoang</name>
            <styleUrl>#8291</styleUrl>
            <LineString id="8289">
                <coordinates>107.6356773,-6.9746727,0.0 107.6355974,-6.9749692,0.0 107.6355497,-6.9751353,0.0 107.6355355,-6.9751827,0.0 107.6355279,-6.9752078,0.0 107.6354421,-6.9755257,0.0 107.6354001,-6.9756899,0.0 107.6353506,-6.9758765,0.0 107.6353405,-6.9759145,0.0 107.6352574,-6.9762278,0.0 107.6352127,-6.9763963,0.0 107.6348432,-6.9777891,0.0 107.6345295,-6.9789719,0.0 107.6345019,-6.9790759,0.0</coordinates>
            </LineString>
        </Placemark>
        <Placemark id="8294">
            <name>Jalan Raya Bojongsoang</name>
            <styleUrl>#8295</styleUrl>
            <LineString id="8293">
                <coordinates>107.6345019,-6.9790759,0.0 107.6344946,-6.9791121,0.0 107.6343461,-6.9796139,0.0 107.634329,-6.9796715,0.0 107.6342743,-6.9798563,0.0 107.6342581,-6.9799109,0.0 107.6341755,-6.9801901,0.0 107.6341706,-6.9802082,0.0 107.6341456,-6.9803001,0.0 107.6341275,-6.9803984,0.0 107.6341206,-6.9804782,0.0 107.6341262,-6.9806244,0.0 107.6341369,-6.980772,0.0 107.6341523,-6.9810824,0.0 107.634147,-6.981186,0.0 107.6341207,-6.9813165,0.0 107.6340806,-6.9814577,0.0 107.6340129,-6.9816639,0.0 107.6340009,-6.9816991,0.0 107.6339781,-6.9817662,0.0 107.6339127,-6.981957,0.0 107.6338707,-6.9820795,0.0 107.6337834,-6.9822627,0.0</coordinates>
            </LineString>
        </Placemark>
        <Placemark id="8298">
            <name>Jalan Otto Iskandardinata</name>
            <styleUrl>#8299</styleUrl>
            <LineString id="8297">
                <coordinates>107.6039303,-6.9231867,0.0 107.6038843,-6.9238302,0.0</coordinates>
            </LineString>
        </Placemark>
        <Placemark id="8302">
            <name>Jalan Asia Afrika</name>
            <styleUrl>#8303</styleUrl>
            <LineString id="8301">
                <coordinates>107.6069008,-6.9211076,0.0 107.6066769,-6.9210774,0.0 107.6064585,-6.9210512,0.0</coordinates>
            </LineString>
        </Placemark>
        <Placemark id="8306">
            <name>Jalan Merdeka</name>
            <styleUrl>#8307</styleUrl>
            <LineString id="8305">
                <coordinates>107.6103525,-6.9136021,0.0 107.610315,-6.9139642,0.0 107.6102982,-6.9141706,0.0</coordinates>
            </LineString>
        </Placemark>
        <Placemark id="8310">
            <name>Jalan Mohammad Toha</name>
            <styleUrl>#8311</styleUrl>
            <LineString id="8309">
                <coordinates>107.6076477,-6.9431556,0.0 107.6075689,-6.9429228,0.0 107.6074989,-6.9427159,0.0 107.6074151,-6.942468,0.0 107.6074044,-6.9424365,0.0 107.6073267,-6.9422067,0.0 107.6072871,-6.9420857,0.0 107.6072103,-6.9418515,0.0 107.6071736,-6.9417393,0.0 107.6070094,-6.9412381,0.0 107.606932,-6.9410019,0.0 107.6068982,-6.9408986,0.0 107.6067904,-6.9405695,0.0 107.6067424,-6.9404231,0.0 107.6066617,-6.9401765,0.0 107.6066129,-6.9400276,0.0 107.6065833,-6.9399373,0.0 107.6065081,-6.9397106,0.0 107.6064373,-6.939497,0.0 107.6063207,-6.9391297,0.0 107.6063015,-6.9390693,0.0 107.6062885,-6.939027,0.0 107.6062755,-6.9389847,0.0 107.6062595,-6.9389365,0.0 107.6062399,-6.9388618,0.0 107.6062007,-6.9387072,0.0 107.6061889,-6.9386548,0.0 107.6061828,-6.9385203,0.0 107.6061749,-6.938344,0.0</coordinates>
            </LineString>
        </Placemark>
        <Placemark id="8314">
            <name>Jalan Buah Batu</name>
            <styleUrl>#8315</styleUrl>
            <LineString id="8313">
                <coordinates>107.6391061,-6.954383,0.0 107.6391514,-6.9545526,0.0</coordinates>
            </LineString>
        </Placemark>
        <Placemark id="8318">
            <name>Jalan Soekarno-Hatta</name>
            <styleUrl>#8319</styleUrl>
            <LineString id="8317">
                <coordinates>107.6214527,-6.9491566,0.0 107.6215191,-6.9491613,0.0</coordinates>
            </LineString>
        </Placemark>
        <Placemark id="8322">
            <name>Jalan Soekarno-Hatta</name>
            <styleUrl>#8323</styleUrl>
            <LineString id="8321">
                <coordinates>107.6196694,-6.9490241,0.0 107.6201873,-6.9490626,0.0 107.6207586,-6.949105,0.0 107.6212731,-6.9491433,0.0 107.6214527,-6.9491566,0.0</coordinates>
            </LineString>
        </Placemark>
        <Placemark id="8326">
            <name>Jalan Soekarno-Hatta</name>
            <styleUrl>#8327</styleUrl>
            <LineString id="8325">
                <coordinates>107.6259741,-6.9494625,0.0 107.6261145,-6.9494645,0.0 107.6262003,-6.9494625,0.0 107.6262747,-6.9494594,0.0</coordinates>
            </LineString>
        </Placemark>
        <Placemark id="8330">
            <name>Jalan Mohammad Toha</name>
            <styleUrl>#8331</styleUrl>
            <LineString id="8329">
                <coordinates>107.6093038,-6.9479813,0.0 107.6092951,-6.9479579,0.0 107.6092415,-6.9478107,0.0 107.6091943,-6.9476776,0.0 107.6091509,-6.9475613,0.0 107.6090997,-6.9474124,0.0 107.6090862,-6.9473728,0.0 107.6090786,-6.9473503,0.0 107.6089872,-6.9470817,0.0 107.6087733,-6.946453,0.0 107.6086954,-6.946224,0.0 107.6086676,-6.9461425,0.0</coordinates>
            </LineString>
        </Placemark>
        <Placemark id="8334">
            <name>Jalan Raya Bojongsoang</name>
            <styleUrl>#8335</styleUrl>
            <LineString id="8333">
                <coordinates>107.6378206,-6.9660771,0.0 107.6379086,-6.9657162,0.0</coordinates>
            </LineString>
        </Placemark>
        <Placemark id="8338">
            <name>Jalan Merdeka</name>
            <styleUrl>#8339</styleUrl>
            <LineString id="8337">
                <coordinates>107.6102982,-6.9141706,0.0 107.6102674,-6.9146071,0.0</coordinates>
            </LineString>
        </Placemark>
        <Placemark id="8342">
            <name>Jalan Jaksa Naranata</name>
            <styleUrl>#8343</styleUrl>
            <LineString id="8341">
                <coordinates>107.6261913,-7.0059527,0.0 107.6257584,-7.0059449,0.0 107.6252367,-7.005945,0.0 107.6248478,-7.0059532,0.0 107.6247915,-7.0059537,0.0 107.6247217,-7.0059543,0.0 107.6242944,-7.0059525,0.0 107.6240779,-7.0059551,0.0 107.6235977,-7.0059629,0.0</coordinates>
            </LineString>
        </Placemark>
        <Placemark id="8346">
            <name>Jalan Asia Afrika</name>
            <styleUrl>#8347</styleUrl>
            <LineString id="8345">
                <coordinates>107.6071309,-6.9211347,0.0 107.6069871,-6.9211172,0.0 107.6069008,-6.9211076,0.0</coordinates>
            </LineString>
        </Placemark>
        <Placemark id="8350">
            <name>Jalan Buah Batu</name>
            <styleUrl>#8351</styleUrl>
            <LineString id="8349">
                <coordinates>107.6386939,-6.961947,0.0 107.6386768,-6.9620232,0.0 107.6384895,-6.9629095,0.0 107.6381098,-6.9649586,0.0 107.6380538,-6.9652734,0.0 107.6379965,-6.9653319,0.0</coordinates>
            </LineString>
        </Placemark>
        <Placemark id="8354">
            <name>Jalan Terusan Bojongsoang</name>
            <styleUrl>#8355</styleUrl>
            <LineString id="8353">
                <coordinates>107.6337834,-6.9822627,0.0 107.6336739,-6.9827042,0.0</coordinates>
            </LineString>
        </Placemark>
        <Placemark id="8358">
            <name>Jalan Tamblong</name>
            <styleUrl>#8359</styleUrl>
            <LineString id="8357">
                <coordinates>107.6123918,-6.9182691,0.0 107.6123449,-6.9186433,0.0 107.6123419,-6.9187305,0.0 107.61235,-6.918793,0.0</coordinates>
            </LineString>
        </Placemark>
        <Placemark id="8362">
            <name>Jalan Terusan Bojongsoang</name>
            <styleUrl>#8363</styleUrl>
            <LineString id="8361">
                <coordinates>107.6336739,-6.9827042,0.0 107.633615,-6.9828912,0.0</coordinates>
            </LineString>
        </Placemark>
        <Placemark id="8366">
            <name>Jalan Buah Batu</name>
            <styleUrl>#8367</styleUrl>
            <LineString id="8365">
                <coordinates>107.6379086,-6.9657162,0.0 107.6379887,-6.9653666,0.0 107.6379942,-6.9653424,0.0 107.6379965,-6.9653319,0.0</coordinates>
            </LineString>
        </Placemark>
        <Placemark id="8370">
            <name>Jalan Jaksa Naranata</name>
            <styleUrl>#8371</styleUrl>
            <LineString id="8369">
                <coordinates>107.6235977,-7.0059629,0.0 107.6235091,-7.0059655,0.0 107.6234893,-7.0059653,0.0 107.6234302,-7.0059647,0.0 107.6232548,-7.0059631,0.0</coordinates>
            </LineString>
        </Placemark>
        <Placemark id="8374">
            <name>Jalan Merdeka</name>
            <styleUrl>#8375</styleUrl>
            <LineString id="8373">
                <coordinates>107.610206,-6.915247,0.0 107.6102046,-6.9152669,0.0 107.6102025,-6.9152943,0.0 107.6101984,-6.9153866,0.0</coordinates>
            </LineString>
        </Placemark>
        <Placemark id="8378">
            <name>Jalan Terusan Bojongsoang</name>
            <styleUrl>#8379</styleUrl>
            <LineString id="8377">
                <coordinates>107.6309877,-6.9937096,0.0 107.6309524,-6.9938605,0.0</coordinates>
            </LineString>
        </Placemark>
        <Placemark id="8382">
            <name>Jalan Terusan Bojongsoang</name>
            <styleUrl>#8383</styleUrl>
            <LineString id="8381">
                <coordinates>107.6309524,-6.9938605,0.0 107.6309343,-6.9939642,0.0</coordinates>
            </LineString>
        </Placemark>
        <Placemark id="8386">
            <name>Jalan Terusan Bojongsoang</name>
            <styleUrl>#8387</styleUrl>
            <LineString id="8385">
                <coordinates>107.6309343,-6.9939642,0.0 107.6308714,-6.9943251,0.0</coordinates>
            </LineString>
        </Placemark>
        <Placemark id="8390">
            <name>Jalan Terusan Bojongsoang</name>
            <styleUrl>#8391</styleUrl>
            <LineString id="8389">
                <coordinates>107.6308714,-6.9943251,0.0 107.6308112,-6.9946948,0.0 107.6307767,-6.9949068,0.0</coordinates>
            </LineString>
        </Placemark>
        <Placemark id="8394">
            <name>Jalan Terusan Bojongsoang</name>
            <styleUrl>#8395</styleUrl>
            <LineString id="8393">
                <coordinates>107.6307767,-6.9949068,0.0 107.6307642,-6.9949973,0.0</coordinates>
            </LineString>
        </Placemark>
        <Placemark id="8398">
            <name>Jalan Terusan Bojongsoang</name>
            <styleUrl>#8399</styleUrl>
            <LineString id="8397">
                <coordinates>107.6307642,-6.9949973,0.0 107.6307513,-6.9951191,0.0</coordinates>
            </LineString>
        </Placemark>
        <Placemark id="8402">
            <name>Jalan Terusan Bojongsoang</name>
            <styleUrl>#8403</styleUrl>
            <LineString id="8401">
                <coordinates>107.6307513,-6.9951191,0.0 107.6307466,-6.995583,0.0</coordinates>
            </LineString>
        </Placemark>
        <Placemark id="8406">
            <name>Jalan Terusan Bojongsoang</name>
            <styleUrl>#8407</styleUrl>
            <LineString id="8405">
                <coordinates>107.6307466,-6.995583,0.0 107.6307627,-6.9957461,0.0 107.6308707,-6.9965927,0.0</coordinates>
            </LineString>
        </Placemark>
        <Placemark id="8410">
            <name>Jalan Terusan Bojongsoang</name>
            <styleUrl>#8411</styleUrl>
            <LineString id="8409">
                <coordinates>107.6308707,-6.9965927,0.0 107.6309236,-6.9968209,0.0 107.6309996,-6.9971489,0.0</coordinates>
            </LineString>
        </Placemark>
        <Placemark id="8414">
            <name>Jalan Terusan Bojongsoang</name>
            <styleUrl>#8415</styleUrl>
            <LineString id="8413">
                <coordinates>107.6309996,-6.9971489,0.0 107.6310282,-6.9973015,0.0 107.6310792,-6.997611,0.0 107.6311094,-6.9977754,0.0</coordinates>
            </LineString>
        </Placemark>
        <Placemark id="8418">
            <name>Jalan Terusan Bojongsoang</name>
            <styleUrl>#8419</styleUrl>
            <LineString id="8417">
                <coordinates>107.6311094,-6.9977754,0.0 107.6311198,-6.9978516,0.0</coordinates>
            </LineString>
        </Placemark>
        <Placemark id="8422">
            <name>Jalan Terusan Bojongsoang</name>
            <styleUrl>#8423</styleUrl>
            <LineString id="8421">
                <coordinates>107.6311198,-6.9978516,0.0 107.6311368,-6.9979105,0.0</coordinates>
            </LineString>
        </Placemark>
        <Placemark id="8426">
            <name>Jalan Terusan Bojongsoang</name>
            <styleUrl>#8427</styleUrl>
            <LineString id="8425">
                <coordinates>107.6311368,-6.9979105,0.0 107.6312073,-6.9980755,0.0</coordinates>
            </LineString>
        </Placemark>
        <Placemark id="8430">
            <name>Jalan Terusan Bojongsoang</name>
            <styleUrl>#8431</styleUrl>
            <LineString id="8429">
                <coordinates>107.6312073,-6.9980755,0.0 107.631235,-6.9981448,0.0</coordinates>
            </LineString>
        </Placemark>
        <Placemark id="8434">
            <name>Jalan Terusan Bojongsoang</name>
            <styleUrl>#8435</styleUrl>
            <LineString id="8433">
                <coordinates>107.631235,-6.9981448,0.0 107.6312562,-6.998198,0.0</coordinates>
            </LineString>
        </Placemark>
        <Placemark id="8438">
            <name>Jalan Terusan Bojongsoang</name>
            <styleUrl>#8439</styleUrl>
            <LineString id="8437">
                <coordinates>107.6312562,-6.998198,0.0 107.6313266,-6.9983338,0.0</coordinates>
            </LineString>
        </Placemark>
        <Placemark id="8442">
            <name>Jalan Terusan Bojongsoang</name>
            <styleUrl>#8443</styleUrl>
            <LineString id="8441">
                <coordinates>107.6313266,-6.9983338,0.0 107.6314265,-6.9985454,0.0</coordinates>
            </LineString>
        </Placemark>
        <Placemark id="8446">
            <name>Jalan Terusan Bojongsoang</name>
            <styleUrl>#8447</styleUrl>
            <LineString id="8445">
                <coordinates>107.6314265,-6.9985454,0.0 107.6316025,-6.9989284,0.0</coordinates>
            </LineString>
        </Placemark>
        <Placemark id="8450">
            <name>Jalan Terusan Bojongsoang</name>
            <styleUrl>#8451</styleUrl>
            <LineString id="8449">
                <coordinates>107.6316025,-6.9989284,0.0 107.6316216,-6.9989678,0.0 107.6316458,-6.9990175,0.0 107.6316699,-6.9990672,0.0</coordinates>
            </LineString>
        </Placemark>
        <Placemark id="8454">
            <name>Jalan Terusan Bojongsoang</name>
            <styleUrl>#8455</styleUrl>
            <LineString id="8453">
                <coordinates>107.6316699,-6.9990672,0.0 107.6318386,-6.9995318,0.0</coordinates>
            </LineString>
        </Placemark>
        <Placemark id="8458">
            <name>Jalan Terusan Bojongsoang</name>
            <styleUrl>#8459</styleUrl>
            <LineString id="8457">
                <coordinates>107.6318386,-6.9995318,0.0 107.6318678,-6.9996123,0.0</coordinates>
            </LineString>
        </Placemark>
        <Placemark id="8462">
            <name>Jalan Terusan Bojongsoang</name>
            <styleUrl>#8463</styleUrl>
            <LineString id="8461">
                <coordinates>107.6318678,-6.9996123,0.0 107.6318943,-6.9996808,0.0</coordinates>
            </LineString>
        </Placemark>
        <Placemark id="8466">
            <name>Jalan Terusan Bojongsoang</name>
            <styleUrl>#8467</styleUrl>
            <LineString id="8465">
                <coordinates>107.6318943,-6.9996808,0.0 107.6319395,-6.999798,0.0</coordinates>
            </LineString>
        </Placemark>
        <Placemark id="8470">
            <name>Jalan Terusan Bojongsoang</name>
            <styleUrl>#8471</styleUrl>
            <LineString id="8469">
                <coordinates>107.6319395,-6.999798,0.0 107.6319033,-7.0000422,0.0 107.6318805,-7.0001847,0.0</coordinates>
            </LineString>
        </Placemark>
        <Placemark id="8474">
            <name>Jalan Terusan Bojongsoang</name>
            <styleUrl>#8475</styleUrl>
            <LineString id="8473">
                <coordinates>107.6318805,-7.0001847,0.0 107.6318753,-7.0002118,0.0 107.6318593,-7.0002949,0.0 107.6316539,-7.001362,0.0 107.6316364,-7.0014605,0.0</coordinates>
            </LineString>
        </Placemark>
        <Placemark id="8478">
            <name>Jalan Terusan Bojongsoang</name>
            <styleUrl>#8479</styleUrl>
            <LineString id="8477">
                <coordinates>107.6316364,-7.0014605,0.0 107.6313964,-7.0027517,0.0</coordinates>
            </LineString>
        </Placemark>
        <Placemark id="8482">
            <name>Jalan Terusan Bojongsoang</name>
            <styleUrl>#8483</styleUrl>
            <LineString id="8481">
                <coordinates>107.6313964,-7.0027517,0.0 107.6313132,-7.0032895,0.0</coordinates>
            </LineString>
        </Placemark>
        <Placemark id="8486">
            <name>Jalan Terusan Bojongsoang</name>
            <styleUrl>#8487</styleUrl>
            <LineString id="8485">
                <coordinates>107.6313132,-7.0032895,0.0 107.6312931,-7.0035251,0.0 107.6312636,-7.0039683,0.0</coordinates>
            </LineString>
        </Placemark>
        <Placemark id="8490">
            <name>Jalan Terusan Bojongsoang</name>
            <styleUrl>#8491</styleUrl>
            <LineString id="8489">
                <coordinates>107.6312636,-7.0039683,0.0 107.6312603,-7.0040341,0.0 107.6312535,-7.004168,0.0 107.6312522,-7.0043111,0.0</coordinates>
            </LineString>
        </Placemark>
        <Placemark id="8494">
            <name>Jalan Terusan Bojongsoang</name>
            <styleUrl>#8495</styleUrl>
            <LineString id="8493">
                <coordinates>107.6312522,-7.0043111,0.0 107.6312529,-7.0043683,0.0</coordinates>
            </LineString>
        </Placemark>
        <Placemark id="8498">
            <name>Jalan Terusan Bojongsoang</name>
            <styleUrl>#8499</styleUrl>
            <LineString id="8497">
                <coordinates>107.6312529,-7.0043683,0.0 107.6312562,-7.0044362,0.0 107.6312529,-7.0045307,0.0 107.6312482,-7.0046066,0.0 107.6312405,-7.0048462,0.0</coordinates>
            </LineString>
        </Placemark>
        <Placemark id="8502">
            <name>Jalan Lembong</name>
            <styleUrl>#8503</styleUrl>
            <LineString id="8501">
                <coordinates>107.6113378,-6.917202,0.0 107.6114765,-6.9172727,0.0</coordinates>
            </LineString>
        </Placemark>
        <Placemark id="8506">
            <name>Jalan Lembong</name>
            <styleUrl>#8507</styleUrl>
            <LineString id="8505">
                <coordinates>107.6114765,-6.9172727,0.0 107.6115788,-6.9173248,0.0</coordinates>
            </LineString>
        </Placemark>
        <Placemark id="8510">
            <name>Jalan Lembong</name>
            <styleUrl>#8511</styleUrl>
            <LineString id="8509">
                <coordinates>107.6115788,-6.9173248,0.0 107.6118099,-6.9174381,0.0 107.611899,-6.9174826,0.0</coordinates>
            </LineString>
        </Placemark>
        <Placemark id="8514">
            <name>Jalan Merdeka</name>
            <styleUrl>#8515</styleUrl>
            <LineString id="8513">
                <coordinates>107.6102674,-6.9146071,0.0 107.610206,-6.915247,0.0</coordinates>
            </LineString>
        </Placemark>
        <Placemark id="8518">
            <name>Jalan Buah Batu</name>
            <styleUrl>#8519</styleUrl>
            <LineString id="8517">
                <coordinates>107.6394517,-6.956606,0.0 107.6395289,-6.9570266,0.0</coordinates>
            </LineString>
        </Placemark>
        <Placemark id="8522">
            <name>Jalan Buah Batu</name>
            <styleUrl>#8523</styleUrl>
            <LineString id="8521">
                <coordinates>107.6395289,-6.9570266,0.0 107.6395491,-6.9571696,0.0</coordinates>
            </LineString>
        </Placemark>
        <Placemark id="8526">
            <name>Jalan Buah Batu</name>
            <styleUrl>#8527</styleUrl>
            <LineString id="8525">
                <coordinates>107.6395491,-6.9571696,0.0 107.6395936,-6.9575518,0.0 107.6395984,-6.9579307,0.0 107.6395876,-6.9580497,0.0 107.6395723,-6.9581613,0.0 107.639519,-6.9584058,0.0 107.6394347,-6.9587335,0.0</coordinates>
            </LineString>
        </Placemark>
        <Placemark id="8530">
            <name>Jalan Buah Batu</name>
            <styleUrl>#8531</styleUrl>
            <LineString id="8529">
                <coordinates>107.6394347,-6.9587335,0.0 107.6392201,-6.9597843,0.0</coordinates>
            </LineString>
        </Placemark>
        <Placemark id="8534">
            <name>Jalan Buah Batu</name>
            <styleUrl>#8535</styleUrl>
            <LineString id="8533">
                <coordinates>107.6392201,-6.9597843,0.0 107.6391051,-6.960282,0.0</coordinates>
            </LineString>
        </Placemark>
        <Placemark id="8538">
            <name>Jalan Buah Batu</name>
            <styleUrl>#8539</styleUrl>
            <LineString id="8537">
                <coordinates>107.6391051,-6.960282,0.0 107.6390503,-6.9605477,0.0 107.6389921,-6.9607716,0.0</coordinates>
            </LineString>
        </Placemark>
        <Placemark id="8542">
            <name>Jalan Buah Batu</name>
            <styleUrl>#8543</styleUrl>
            <LineString id="8541">
                <coordinates>107.6389921,-6.9607716,0.0 107.6387182,-6.9618449,0.0 107.6386939,-6.961947,0.0</coordinates>
            </LineString>
        </Placemark>
        <Placemark id="8546">
            <name>Jalan Buah Batu</name>
            <styleUrl>#8547</styleUrl>
            <LineString id="8545">
                <coordinates>107.6374606,-6.9520354,0.0 107.6377182,-6.952308,0.0</coordinates>
            </LineString>
        </Placemark>
        <Placemark id="8550">
            <name>Jalan Buah Batu</name>
            <styleUrl>#8551</styleUrl>
            <LineString id="8549">
                <coordinates>107.6377182,-6.952308,0.0 107.6377782,-6.9523724,0.0</coordinates>
            </LineString>
        </Placemark>
        <Placemark id="8554">
            <name>Jalan Buah Batu</name>
            <styleUrl>#8555</styleUrl>
            <LineString id="8553">
                <coordinates>107.6377782,-6.9523724,0.0 107.6379835,-6.952571,0.0</coordinates>
            </LineString>
        </Placemark>
        <Placemark id="8558">
            <name>Jalan Buah Batu</name>
            <styleUrl>#8559</styleUrl>
            <LineString id="8557">
                <coordinates>107.6379835,-6.952571,0.0 107.6380427,-6.9526321,0.0</coordinates>
            </LineString>
        </Placemark>
        <Placemark id="8562">
            <name>Jalan Buah Batu</name>
            <styleUrl>#8563</styleUrl>
            <LineString id="8561">
                <coordinates>107.6380427,-6.9526321,0.0 107.6381582,-6.9527501,0.0 107.638476,-6.9530784,0.0 107.6386143,-6.9532526,0.0 107.6387335,-6.9534763,0.0 107.6387597,-6.953529,0.0</coordinates>
            </LineString>
        </Placemark>
        <Placemark id="8566">
            <name>Jalan Buah Batu</name>
            <styleUrl>#8567</styleUrl>
            <LineString id="8565">
                <coordinates>107.6365624,-6.9511515,0.0 107.6368785,-6.9514617,0.0 107.6369488,-6.9515306,0.0</coordinates>
            </LineString>
        </Placemark>
        <Placemark id="8570">
            <name>Jalan Buah Batu</name>
            <styleUrl>#8571</styleUrl>
            <LineString id="8569">
                <coordinates>107.6369488,-6.9515306,0.0 107.6374606,-6.9520354,0.0</coordinates>
            </LineString>
        </Placemark>
        <Placemark id="8574">
            <name>Jalan Buah Batu</name>
            <styleUrl>#8575</styleUrl>
            <LineString id="8573">
                <coordinates>107.6391514,-6.9545526,0.0 107.6391882,-6.9547271,0.0 107.6392468,-6.9552162,0.0</coordinates>
            </LineString>
        </Placemark>
        <Placemark id="8578">
            <name>Jalan Asia Afrika</name>
            <styleUrl>#8579</styleUrl>
            <LineString id="8577">
                <coordinates>107.6098267,-6.921461,0.0 107.6097986,-6.9214572,0.0 107.6094601,-6.9214117,0.0</coordinates>
            </LineString>
        </Placemark>
        <Placemark id="8582">
            <name>Jalan Asia Afrika</name>
            <styleUrl>#8583</styleUrl>
            <LineString id="8581">
                <coordinates>107.6118219,-6.9217006,0.0 107.6115001,-6.9216626,0.0 107.6114214,-6.9216524,0.0 107.6112374,-6.9216318,0.0 107.6110246,-6.9216047,0.0 107.6108437,-6.9215848,0.0 107.6106307,-6.9215569,0.0 107.6104259,-6.9215335,0.0 107.610212,-6.9215095,0.0 107.6101463,-6.9215025,0.0 107.6099829,-6.9214819,0.0 107.6099373,-6.9214762,0.0 107.6098267,-6.921461,0.0</coordinates>
            </LineString>
        </Placemark>
        <Placemark id="8586">
            <name>Jalan Terusan Bojongsoang</name>
            <styleUrl>#8587</styleUrl>
            <LineString id="8585">
                <coordinates>107.633615,-6.9828912,0.0 107.633572,-6.9830355,0.0 107.6335615,-6.9830663,0.0 107.6335302,-6.9831657,0.0 107.6335161,-6.9832054,0.0 107.6334542,-6.9834001,0.0 107.6334443,-6.9834337,0.0 107.6333645,-6.9836962,0.0 107.633295,-6.9839307,0.0 107.63319,-6.9842659,0.0 107.6331142,-6.9845196,0.0 107.6330944,-6.984586,0.0 107.6330745,-6.9846524,0.0 107.6329877,-6.9849885,0.0 107.6329841,-6.98501,0.0 107.632947,-6.985235,0.0 107.6328922,-6.9855671,0.0</coordinates>
            </LineString>
        </Placemark>
    </Document>
</kml>
