<?xml version="1.0" encoding="UTF-8"?>
<kml xmlns="http://www.opengis.net/kml/2.2" xmlns:gx="http://www.google.com/kml/ext/2.2">
    <Document id="6323">
        <Style id="6329">
            <IconStyle id="6330">
                <colorMode>normal</colorMode>
                <scale>1</scale>
                <heading>0</heading>
                <Icon id="6331">
                    <href>http://maps.google.com/mapfiles/kml/pushpin/ylw-pushpin.png</href>
                </Icon>
            </IconStyle>
        </Style>
        <Style id="6334">
            <IconStyle id="6335">
                <colorMode>normal</colorMode>
                <scale>1</scale>
                <heading>0</heading>
                <Icon id="6336">
                    <href>http://maps.google.com/mapfiles/kml/pushpin/ylw-pushpin.png</href>
                </Icon>
            </IconStyle>
        </Style>
        <Style id="6339">
            <IconStyle id="6340">
                <colorMode>normal</colorMode>
                <scale>1</scale>
                <heading>0</heading>
                <Icon id="6341">
                    <href>http://maps.google.com/mapfiles/kml/pushpin/ylw-pushpin.png</href>
                </Icon>
            </IconStyle>
        </Style>
        <Style id="6344">
            <IconStyle id="6345">
                <colorMode>normal</colorMode>
                <scale>1</scale>
                <heading>0</heading>
                <Icon id="6346">
                    <href>http://maps.google.com/mapfiles/kml/pushpin/ylw-pushpin.png</href>
                </Icon>
            </IconStyle>
        </Style>
        <Style id="6349">
            <IconStyle id="6350">
                <colorMode>normal</colorMode>
                <scale>1</scale>
                <heading>0</heading>
                <Icon id="6351">
                    <href>http://maps.google.com/mapfiles/kml/pushpin/ylw-pushpin.png</href>
                </Icon>
            </IconStyle>
        </Style>
        <Style id="6354">
            <IconStyle id="6355">
                <colorMode>normal</colorMode>
                <scale>1</scale>
                <heading>0</heading>
                <Icon id="6356">
                    <href>http://maps.google.com/mapfiles/kml/pushpin/ylw-pushpin.png</href>
                </Icon>
            </IconStyle>
        </Style>
        <Style id="6359">
            <IconStyle id="6360">
                <colorMode>normal</colorMode>
                <scale>1</scale>
                <heading>0</heading>
                <Icon id="6361">
                    <href>http://maps.google.com/mapfiles/kml/pushpin/ylw-pushpin.png</href>
                </Icon>
            </IconStyle>
        </Style>
        <Style id="6364">
            <IconStyle id="6365">
                <colorMode>normal</colorMode>
                <scale>1</scale>
                <heading>0</heading>
                <Icon id="6366">
                    <href>http://maps.google.com/mapfiles/kml/pushpin/ylw-pushpin.png</href>
                </Icon>
            </IconStyle>
        </Style>
        <Style id="6369">
            <IconStyle id="6370">
                <colorMode>normal</colorMode>
                <scale>1</scale>
                <heading>0</heading>
                <Icon id="6371">
                    <href>http://maps.google.com/mapfiles/kml/pushpin/ylw-pushpin.png</href>
                </Icon>
            </IconStyle>
        </Style>
        <Style id="6374">
            <IconStyle id="6375">
                <colorMode>normal</colorMode>
                <scale>1</scale>
                <heading>0</heading>
                <Icon id="6376">
                    <href>http://maps.google.com/mapfiles/kml/pushpin/ylw-pushpin.png</href>
                </Icon>
            </IconStyle>
        </Style>
        <Style id="6379">
            <IconStyle id="6380">
                <colorMode>normal</colorMode>
                <scale>1</scale>
                <heading>0</heading>
                <Icon id="6381">
                    <href>http://maps.google.com/mapfiles/kml/pushpin/ylw-pushpin.png</href>
                </Icon>
            </IconStyle>
        </Style>
        <Style id="6384">
            <IconStyle id="6385">
                <colorMode>normal</colorMode>
                <scale>1</scale>
                <heading>0</heading>
                <Icon id="6386">
                    <href>http://maps.google.com/mapfiles/kml/pushpin/ylw-pushpin.png</href>
                </Icon>
            </IconStyle>
        </Style>
        <Style id="6389">
            <IconStyle id="6390">
                <colorMode>normal</colorMode>
                <scale>1</scale>
                <heading>0</heading>
                <Icon id="6391">
                    <href>http://maps.google.com/mapfiles/kml/pushpin/ylw-pushpin.png</href>
                </Icon>
            </IconStyle>
        </Style>
        <Style id="6394">
            <IconStyle id="6395">
                <colorMode>normal</colorMode>
                <scale>1</scale>
                <heading>0</heading>
                <Icon id="6396">
                    <href>http://maps.google.com/mapfiles/kml/pushpin/ylw-pushpin.png</href>
                </Icon>
            </IconStyle>
        </Style>
        <Style id="6399">
            <IconStyle id="6400">
                <colorMode>normal</colorMode>
                <scale>1</scale>
                <heading>0</heading>
                <Icon id="6401">
                    <href>http://maps.google.com/mapfiles/kml/pushpin/ylw-pushpin.png</href>
                </Icon>
            </IconStyle>
        </Style>
        <Style id="6404">
            <IconStyle id="6405">
                <colorMode>normal</colorMode>
                <scale>1</scale>
                <heading>0</heading>
                <Icon id="6406">
                    <href>http://maps.google.com/mapfiles/kml/pushpin/ylw-pushpin.png</href>
                </Icon>
            </IconStyle>
        </Style>
        <Style id="6409">
            <IconStyle id="6410">
                <colorMode>normal</colorMode>
                <scale>1</scale>
                <heading>0</heading>
                <Icon id="6411">
                    <href>http://maps.google.com/mapfiles/kml/pushpin/ylw-pushpin.png</href>
                </Icon>
            </IconStyle>
        </Style>
        <Style id="6414">
            <IconStyle id="6415">
                <colorMode>normal</colorMode>
                <scale>1</scale>
                <heading>0</heading>
                <Icon id="6416">
                    <href>http://maps.google.com/mapfiles/kml/pushpin/ylw-pushpin.png</href>
                </Icon>
            </IconStyle>
        </Style>
        <Style id="6419">
            <IconStyle id="6420">
                <colorMode>normal</colorMode>
                <scale>1</scale>
                <heading>0</heading>
                <Icon id="6421">
                    <href>http://maps.google.com/mapfiles/kml/pushpin/ylw-pushpin.png</href>
                </Icon>
            </IconStyle>
        </Style>
        <Style id="6424">
            <IconStyle id="6425">
                <colorMode>normal</colorMode>
                <scale>1</scale>
                <heading>0</heading>
                <Icon id="6426">
                    <href>http://maps.google.com/mapfiles/kml/pushpin/ylw-pushpin.png</href>
                </Icon>
            </IconStyle>
        </Style>
        <Style id="6429">
            <IconStyle id="6430">
                <colorMode>normal</colorMode>
                <scale>1</scale>
                <heading>0</heading>
                <Icon id="6431">
                    <href>http://maps.google.com/mapfiles/kml/pushpin/ylw-pushpin.png</href>
                </Icon>
            </IconStyle>
        </Style>
        <Style id="6434">
            <IconStyle id="6435">
                <colorMode>normal</colorMode>
                <scale>1</scale>
                <heading>0</heading>
                <Icon id="6436">
                    <href>http://maps.google.com/mapfiles/kml/pushpin/ylw-pushpin.png</href>
                </Icon>
            </IconStyle>
        </Style>
        <Style id="6439">
            <IconStyle id="6440">
                <colorMode>normal</colorMode>
                <scale>1</scale>
                <heading>0</heading>
                <Icon id="6441">
                    <href>http://maps.google.com/mapfiles/kml/pushpin/ylw-pushpin.png</href>
                </Icon>
            </IconStyle>
        </Style>
        <Style id="6444">
            <IconStyle id="6445">
                <colorMode>normal</colorMode>
                <scale>1</scale>
                <heading>0</heading>
                <Icon id="6446">
                    <href>http://maps.google.com/mapfiles/kml/pushpin/ylw-pushpin.png</href>
                </Icon>
            </IconStyle>
        </Style>
        <Style id="6449">
            <IconStyle id="6450">
                <colorMode>normal</colorMode>
                <scale>1</scale>
                <heading>0</heading>
                <Icon id="6451">
                    <href>http://maps.google.com/mapfiles/kml/pushpin/ylw-pushpin.png</href>
                </Icon>
            </IconStyle>
        </Style>
        <Style id="6454">
            <IconStyle id="6455">
                <colorMode>normal</colorMode>
                <scale>1</scale>
                <heading>0</heading>
                <Icon id="6456">
                    <href>http://maps.google.com/mapfiles/kml/pushpin/ylw-pushpin.png</href>
                </Icon>
            </IconStyle>
        </Style>
        <Style id="6459">
            <IconStyle id="6460">
                <colorMode>normal</colorMode>
                <scale>1</scale>
                <heading>0</heading>
                <Icon id="6461">
                    <href>http://maps.google.com/mapfiles/kml/pushpin/ylw-pushpin.png</href>
                </Icon>
            </IconStyle>
        </Style>
        <Style id="6464">
            <IconStyle id="6465">
                <colorMode>normal</colorMode>
                <scale>1</scale>
                <heading>0</heading>
                <Icon id="6466">
                    <href>http://maps.google.com/mapfiles/kml/pushpin/ylw-pushpin.png</href>
                </Icon>
            </IconStyle>
        </Style>
        <Style id="6469">
            <LineStyle id="6470">
                <color>ff241CED</color>
                <colorMode>normal</colorMode>
                <width>4</width>
            </LineStyle>
        </Style>
        <Style id="6473">
            <LineStyle id="6474">
                <color>ff241CED</color>
                <colorMode>normal</colorMode>
                <width>4</width>
            </LineStyle>
        </Style>
        <Style id="6477">
            <LineStyle id="6478">
                <color>ff241CED</color>
                <colorMode>normal</colorMode>
                <width>4</width>
            </LineStyle>
        </Style>
        <Style id="6481">
            <LineStyle id="6482">
                <color>ff241CED</color>
                <colorMode>normal</colorMode>
                <width>4</width>
            </LineStyle>
        </Style>
        <Style id="6485">
            <LineStyle id="6486">
                <color>ff241CED</color>
                <colorMode>normal</colorMode>
                <width>4</width>
            </LineStyle>
        </Style>
        <Style id="6489">
            <LineStyle id="6490">
                <color>ff241CED</color>
                <colorMode>normal</colorMode>
                <width>4</width>
            </LineStyle>
        </Style>
        <Style id="6493">
            <LineStyle id="6494">
                <color>ff241CED</color>
                <colorMode>normal</colorMode>
                <width>4</width>
            </LineStyle>
        </Style>
        <Style id="6497">
            <LineStyle id="6498">
                <color>ff241CED</color>
                <colorMode>normal</colorMode>
                <width>4</width>
            </LineStyle>
        </Style>
        <Style id="6501">
            <LineStyle id="6502">
                <color>ff241CED</color>
                <colorMode>normal</colorMode>
                <width>4</width>
            </LineStyle>
        </Style>
        <Style id="6505">
            <LineStyle id="6506">
                <color>ff241CED</color>
                <colorMode>normal</colorMode>
                <width>4</width>
            </LineStyle>
        </Style>
        <Style id="6509">
            <LineStyle id="6510">
                <color>ff241CED</color>
                <colorMode>normal</colorMode>
                <width>4</width>
            </LineStyle>
        </Style>
        <Style id="6513">
            <LineStyle id="6514">
                <color>ff241CED</color>
                <colorMode>normal</colorMode>
                <width>4</width>
            </LineStyle>
        </Style>
        <Style id="6517">
            <LineStyle id="6518">
                <color>ff241CED</color>
                <colorMode>normal</colorMode>
                <width>4</width>
            </LineStyle>
        </Style>
        <Style id="6521">
            <LineStyle id="6522">
                <color>ff241CED</color>
                <colorMode>normal</colorMode>
                <width>4</width>
            </LineStyle>
        </Style>
        <Style id="6525">
            <LineStyle id="6526">
                <color>ff241CED</color>
                <colorMode>normal</colorMode>
                <width>4</width>
            </LineStyle>
        </Style>
        <Style id="6529">
            <LineStyle id="6530">
                <color>ff241CED</color>
                <colorMode>normal</colorMode>
                <width>4</width>
            </LineStyle>
        </Style>
        <Style id="6533">
            <LineStyle id="6534">
                <color>ff241CED</color>
                <colorMode>normal</colorMode>
                <width>4</width>
            </LineStyle>
        </Style>
        <Style id="6537">
            <LineStyle id="6538">
                <color>ff241CED</color>
                <colorMode>normal</colorMode>
                <width>4</width>
            </LineStyle>
        </Style>
        <Style id="6541">
            <LineStyle id="6542">
                <color>ff241CED</color>
                <colorMode>normal</colorMode>
                <width>4</width>
            </LineStyle>
        </Style>
        <Style id="6545">
            <LineStyle id="6546">
                <color>ff241CED</color>
                <colorMode>normal</colorMode>
                <width>4</width>
            </LineStyle>
        </Style>
        <Style id="6549">
            <LineStyle id="6550">
                <color>ff241CED</color>
                <colorMode>normal</colorMode>
                <width>4</width>
            </LineStyle>
        </Style>
        <Style id="6553">
            <LineStyle id="6554">
                <color>ff241CED</color>
                <colorMode>normal</colorMode>
                <width>4</width>
            </LineStyle>
        </Style>
        <Style id="6557">
            <LineStyle id="6558">
                <color>ff241CED</color>
                <colorMode>normal</colorMode>
                <width>4</width>
            </LineStyle>
        </Style>
        <Style id="6561">
            <LineStyle id="6562">
                <color>ff241CED</color>
                <colorMode>normal</colorMode>
                <width>4</width>
            </LineStyle>
        </Style>
        <Style id="6565">
            <LineStyle id="6566">
                <color>ff241CED</color>
                <colorMode>normal</colorMode>
                <width>4</width>
            </LineStyle>
        </Style>
        <Style id="6569">
            <LineStyle id="6570">
                <color>ff241CED</color>
                <colorMode>normal</colorMode>
                <width>4</width>
            </LineStyle>
        </Style>
        <Style id="6573">
            <LineStyle id="6574">
                <color>ff241CED</color>
                <colorMode>normal</colorMode>
                <width>4</width>
            </LineStyle>
        </Style>
        <Style id="6577">
            <LineStyle id="6578">
                <color>ff241CED</color>
                <colorMode>normal</colorMode>
                <width>4</width>
            </LineStyle>
        </Style>
        <Style id="6581">
            <LineStyle id="6582">
                <color>ff241CED</color>
                <colorMode>normal</colorMode>
                <width>4</width>
            </LineStyle>
        </Style>
        <Style id="6585">
            <LineStyle id="6586">
                <color>ff241CED</color>
                <colorMode>normal</colorMode>
                <width>4</width>
            </LineStyle>
        </Style>
        <Style id="6589">
            <LineStyle id="6590">
                <color>ff241CED</color>
                <colorMode>normal</colorMode>
                <width>4</width>
            </LineStyle>
        </Style>
        <Style id="6593">
            <LineStyle id="6594">
                <color>ff241CED</color>
                <colorMode>normal</colorMode>
                <width>4</width>
            </LineStyle>
        </Style>
        <Style id="6597">
            <LineStyle id="6598">
                <color>ff241CED</color>
                <colorMode>normal</colorMode>
                <width>4</width>
            </LineStyle>
        </Style>
        <Style id="6601">
            <LineStyle id="6602">
                <color>ff241CED</color>
                <colorMode>normal</colorMode>
                <width>4</width>
            </LineStyle>
        </Style>
        <Style id="6605">
            <LineStyle id="6606">
                <color>ff241CED</color>
                <colorMode>normal</colorMode>
                <width>4</width>
            </LineStyle>
        </Style>
        <Style id="6609">
            <LineStyle id="6610">
                <color>ff241CED</color>
                <colorMode>normal</colorMode>
                <width>4</width>
            </LineStyle>
        </Style>
        <Style id="6613">
            <LineStyle id="6614">
                <color>ff241CED</color>
                <colorMode>normal</colorMode>
                <width>4</width>
            </LineStyle>
        </Style>
        <Style id="6617">
            <LineStyle id="6618">
                <color>ff241CED</color>
                <colorMode>normal</colorMode>
                <width>4</width>
            </LineStyle>
        </Style>
        <Style id="6621">
            <LineStyle id="6622">
                <color>ff241CED</color>
                <colorMode>normal</colorMode>
                <width>4</width>
            </LineStyle>
        </Style>
        <Style id="6625">
            <LineStyle id="6626">
                <color>ff241CED</color>
                <colorMode>normal</colorMode>
                <width>4</width>
            </LineStyle>
        </Style>
        <Style id="6629">
            <LineStyle id="6630">
                <color>ff241CED</color>
                <colorMode>normal</colorMode>
                <width>4</width>
            </LineStyle>
        </Style>
        <Style id="6633">
            <LineStyle id="6634">
                <color>ff241CED</color>
                <colorMode>normal</colorMode>
                <width>4</width>
            </LineStyle>
        </Style>
        <Style id="6637">
            <LineStyle id="6638">
                <color>ff241CED</color>
                <colorMode>normal</colorMode>
                <width>4</width>
            </LineStyle>
        </Style>
        <Style id="6641">
            <LineStyle id="6642">
                <color>ff241CED</color>
                <colorMode>normal</colorMode>
                <width>4</width>
            </LineStyle>
        </Style>
        <Style id="6645">
            <LineStyle id="6646">
                <color>ff241CED</color>
                <colorMode>normal</colorMode>
                <width>4</width>
            </LineStyle>
        </Style>
        <Style id="6649">
            <LineStyle id="6650">
                <color>ff241CED</color>
                <colorMode>normal</colorMode>
                <width>4</width>
            </LineStyle>
        </Style>
        <Style id="6653">
            <LineStyle id="6654">
                <color>ff241CED</color>
                <colorMode>normal</colorMode>
                <width>4</width>
            </LineStyle>
        </Style>
        <Style id="6657">
            <LineStyle id="6658">
                <color>ff241CED</color>
                <colorMode>normal</colorMode>
                <width>4</width>
            </LineStyle>
        </Style>
        <Style id="6661">
            <LineStyle id="6662">
                <color>ff241CED</color>
                <colorMode>normal</colorMode>
                <width>4</width>
            </LineStyle>
        </Style>
        <Style id="6665">
            <LineStyle id="6666">
                <color>ff241CED</color>
                <colorMode>normal</colorMode>
                <width>4</width>
            </LineStyle>
        </Style>
        <Style id="6669">
            <LineStyle id="6670">
                <color>ff241CED</color>
                <colorMode>normal</colorMode>
                <width>4</width>
            </LineStyle>
        </Style>
        <Style id="6673">
            <LineStyle id="6674">
                <color>ff241CED</color>
                <colorMode>normal</colorMode>
                <width>4</width>
            </LineStyle>
        </Style>
        <Style id="6677">
            <LineStyle id="6678">
                <color>ff241CED</color>
                <colorMode>normal</colorMode>
                <width>4</width>
            </LineStyle>
        </Style>
        <Style id="6681">
            <LineStyle id="6682">
                <color>ff241CED</color>
                <colorMode>normal</colorMode>
                <width>4</width>
            </LineStyle>
        </Style>
        <Style id="6685">
            <LineStyle id="6686">
                <color>ff241CED</color>
                <colorMode>normal</colorMode>
                <width>4</width>
            </LineStyle>
        </Style>
        <Style id="6689">
            <LineStyle id="6690">
                <color>ff241CED</color>
                <colorMode>normal</colorMode>
                <width>4</width>
            </LineStyle>
        </Style>
        <Style id="6693">
            <LineStyle id="6694">
                <color>ff241CED</color>
                <colorMode>normal</colorMode>
                <width>4</width>
            </LineStyle>
        </Style>
        <Style id="6697">
            <LineStyle id="6698">
                <color>ff241CED</color>
                <colorMode>normal</colorMode>
                <width>4</width>
            </LineStyle>
        </Style>
        <Style id="6701">
            <LineStyle id="6702">
                <color>ff241CED</color>
                <colorMode>normal</colorMode>
                <width>4</width>
            </LineStyle>
        </Style>
        <Style id="6705">
            <LineStyle id="6706">
                <color>ff241CED</color>
                <colorMode>normal</colorMode>
                <width>4</width>
            </LineStyle>
        </Style>
        <Style id="6709">
            <LineStyle id="6710">
                <color>ff241CED</color>
                <colorMode>normal</colorMode>
                <width>4</width>
            </LineStyle>
        </Style>
        <Style id="6713">
            <LineStyle id="6714">
                <color>ff241CED</color>
                <colorMode>normal</colorMode>
                <width>4</width>
            </LineStyle>
        </Style>
        <Style id="6717">
            <LineStyle id="6718">
                <color>ff241CED</color>
                <colorMode>normal</colorMode>
                <width>4</width>
            </LineStyle>
        </Style>
        <Style id="6721">
            <LineStyle id="6722">
                <color>ff241CED</color>
                <colorMode>normal</colorMode>
                <width>4</width>
            </LineStyle>
        </Style>
        <Style id="6725">
            <LineStyle id="6726">
                <color>ff241CED</color>
                <colorMode>normal</colorMode>
                <width>4</width>
            </LineStyle>
        </Style>
        <Style id="6729">
            <LineStyle id="6730">
                <color>ff241CED</color>
                <colorMode>normal</colorMode>
                <width>4</width>
            </LineStyle>
        </Style>
        <Style id="6733">
            <LineStyle id="6734">
                <color>ff241CED</color>
                <colorMode>normal</colorMode>
                <width>4</width>
            </LineStyle>
        </Style>
        <Style id="6737">
            <LineStyle id="6738">
                <color>ff241CED</color>
                <colorMode>normal</colorMode>
                <width>4</width>
            </LineStyle>
        </Style>
        <Style id="6741">
            <LineStyle id="6742">
                <color>ff241CED</color>
                <colorMode>normal</colorMode>
                <width>4</width>
            </LineStyle>
        </Style>
        <Style id="6745">
            <LineStyle id="6746">
                <color>ff241CED</color>
                <colorMode>normal</colorMode>
                <width>4</width>
            </LineStyle>
        </Style>
        <Style id="6749">
            <LineStyle id="6750">
                <color>ff241CED</color>
                <colorMode>normal</colorMode>
                <width>4</width>
            </LineStyle>
        </Style>
        <Style id="6753">
            <LineStyle id="6754">
                <color>ff241CED</color>
                <colorMode>normal</colorMode>
                <width>4</width>
            </LineStyle>
        </Style>
        <Style id="6757">
            <LineStyle id="6758">
                <color>ff241CED</color>
                <colorMode>normal</colorMode>
                <width>4</width>
            </LineStyle>
        </Style>
        <Style id="6761">
            <LineStyle id="6762">
                <color>ff241CED</color>
                <colorMode>normal</colorMode>
                <width>4</width>
            </LineStyle>
        </Style>
        <Style id="6765">
            <LineStyle id="6766">
                <color>ff241CED</color>
                <colorMode>normal</colorMode>
                <width>4</width>
            </LineStyle>
        </Style>
        <Style id="6769">
            <LineStyle id="6770">
                <color>ff241CED</color>
                <colorMode>normal</colorMode>
                <width>4</width>
            </LineStyle>
        </Style>
        <Style id="6773">
            <LineStyle id="6774">
                <color>ff241CED</color>
                <colorMode>normal</colorMode>
                <width>4</width>
            </LineStyle>
        </Style>
        <Style id="6777">
            <LineStyle id="6778">
                <color>ff241CED</color>
                <colorMode>normal</colorMode>
                <width>4</width>
            </LineStyle>
        </Style>
        <Style id="6781">
            <LineStyle id="6782">
                <color>ff241CED</color>
                <colorMode>normal</colorMode>
                <width>4</width>
            </LineStyle>
        </Style>
        <Style id="6785">
            <LineStyle id="6786">
                <color>ff241CED</color>
                <colorMode>normal</colorMode>
                <width>4</width>
            </LineStyle>
        </Style>
        <Style id="6789">
            <LineStyle id="6790">
                <color>ff241CED</color>
                <colorMode>normal</colorMode>
                <width>4</width>
            </LineStyle>
        </Style>
        <Style id="6793">
            <LineStyle id="6794">
                <color>ff241CED</color>
                <colorMode>normal</colorMode>
                <width>4</width>
            </LineStyle>
        </Style>
        <Style id="6797">
            <LineStyle id="6798">
                <color>ff241CED</color>
                <colorMode>normal</colorMode>
                <width>4</width>
            </LineStyle>
        </Style>
        <Style id="6801">
            <LineStyle id="6802">
                <color>ff241CED</color>
                <colorMode>normal</colorMode>
                <width>4</width>
            </LineStyle>
        </Style>
        <Style id="6805">
            <LineStyle id="6806">
                <color>ff241CED</color>
                <colorMode>normal</colorMode>
                <width>4</width>
            </LineStyle>
        </Style>
        <Style id="6809">
            <LineStyle id="6810">
                <color>ff241CED</color>
                <colorMode>normal</colorMode>
                <width>4</width>
            </LineStyle>
        </Style>
        <Style id="6813">
            <LineStyle id="6814">
                <color>ff241CED</color>
                <colorMode>normal</colorMode>
                <width>4</width>
            </LineStyle>
        </Style>
        <Style id="6817">
            <LineStyle id="6818">
                <color>ff241CED</color>
                <colorMode>normal</colorMode>
                <width>4</width>
            </LineStyle>
        </Style>
        <Style id="6821">
            <LineStyle id="6822">
                <color>ff241CED</color>
                <colorMode>normal</colorMode>
                <width>4</width>
            </LineStyle>
        </Style>
        <Style id="6825">
            <LineStyle id="6826">
                <color>ff241CED</color>
                <colorMode>normal</colorMode>
                <width>4</width>
            </LineStyle>
        </Style>
        <Style id="6829">
            <LineStyle id="6830">
                <color>ff241CED</color>
                <colorMode>normal</colorMode>
                <width>4</width>
            </LineStyle>
        </Style>
        <Style id="6833">
            <LineStyle id="6834">
                <color>ff241CED</color>
                <colorMode>normal</colorMode>
                <width>4</width>
            </LineStyle>
        </Style>
        <Style id="6837">
            <LineStyle id="6838">
                <color>ff241CED</color>
                <colorMode>normal</colorMode>
                <width>4</width>
            </LineStyle>
        </Style>
        <Style id="6841">
            <LineStyle id="6842">
                <color>ff241CED</color>
                <colorMode>normal</colorMode>
                <width>4</width>
            </LineStyle>
        </Style>
        <Style id="6845">
            <LineStyle id="6846">
                <color>ff241CED</color>
                <colorMode>normal</colorMode>
                <width>4</width>
            </LineStyle>
        </Style>
        <Style id="6849">
            <LineStyle id="6850">
                <color>ff241CED</color>
                <colorMode>normal</colorMode>
                <width>4</width>
            </LineStyle>
        </Style>
        <Style id="6853">
            <LineStyle id="6854">
                <color>ff241CED</color>
                <colorMode>normal</colorMode>
                <width>4</width>
            </LineStyle>
        </Style>
        <Style id="6857">
            <LineStyle id="6858">
                <color>ff241CED</color>
                <colorMode>normal</colorMode>
                <width>4</width>
            </LineStyle>
        </Style>
        <Style id="6861">
            <LineStyle id="6862">
                <color>ff241CED</color>
                <colorMode>normal</colorMode>
                <width>4</width>
            </LineStyle>
        </Style>
        <Style id="6865">
            <LineStyle id="6866">
                <color>ff241CED</color>
                <colorMode>normal</colorMode>
                <width>4</width>
            </LineStyle>
        </Style>
        <Style id="6869">
            <LineStyle id="6870">
                <color>ff241CED</color>
                <colorMode>normal</colorMode>
                <width>4</width>
            </LineStyle>
        </Style>
        <Style id="6873">
            <LineStyle id="6874">
                <color>ff241CED</color>
                <colorMode>normal</colorMode>
                <width>4</width>
            </LineStyle>
        </Style>
        <Style id="6877">
            <LineStyle id="6878">
                <color>ff241CED</color>
                <colorMode>normal</colorMode>
                <width>4</width>
            </LineStyle>
        </Style>
        <Style id="6881">
            <LineStyle id="6882">
                <color>ff241CED</color>
                <colorMode>normal</colorMode>
                <width>4</width>
            </LineStyle>
        </Style>
        <Style id="6885">
            <LineStyle id="6886">
                <color>ff241CED</color>
                <colorMode>normal</colorMode>
                <width>4</width>
            </LineStyle>
        </Style>
        <Style id="6889">
            <LineStyle id="6890">
                <color>ff241CED</color>
                <colorMode>normal</colorMode>
                <width>4</width>
            </LineStyle>
        </Style>
        <Style id="6893">
            <LineStyle id="6894">
                <color>ff241CED</color>
                <colorMode>normal</colorMode>
                <width>4</width>
            </LineStyle>
        </Style>
        <Style id="6897">
            <LineStyle id="6898">
                <color>ff241CED</color>
                <colorMode>normal</colorMode>
                <width>4</width>
            </LineStyle>
        </Style>
        <Style id="6901">
            <LineStyle id="6902">
                <color>ff241CED</color>
                <colorMode>normal</colorMode>
                <width>4</width>
            </LineStyle>
        </Style>
        <Style id="6905">
            <LineStyle id="6906">
                <color>ff241CED</color>
                <colorMode>normal</colorMode>
                <width>4</width>
            </LineStyle>
        </Style>
        <Style id="6909">
            <LineStyle id="6910">
                <color>ff241CED</color>
                <colorMode>normal</colorMode>
                <width>4</width>
            </LineStyle>
        </Style>
        <Style id="6913">
            <LineStyle id="6914">
                <color>ff241CED</color>
                <colorMode>normal</colorMode>
                <width>4</width>
            </LineStyle>
        </Style>
        <Style id="6917">
            <LineStyle id="6918">
                <color>ff241CED</color>
                <colorMode>normal</colorMode>
                <width>4</width>
            </LineStyle>
        </Style>
        <Style id="6921">
            <LineStyle id="6922">
                <color>ff241CED</color>
                <colorMode>normal</colorMode>
                <width>4</width>
            </LineStyle>
        </Style>
        <Style id="6925">
            <LineStyle id="6926">
                <color>ff241CED</color>
                <colorMode>normal</colorMode>
                <width>4</width>
            </LineStyle>
        </Style>
        <Style id="6929">
            <LineStyle id="6930">
                <color>ff241CED</color>
                <colorMode>normal</colorMode>
                <width>4</width>
            </LineStyle>
        </Style>
        <Style id="6933">
            <LineStyle id="6934">
                <color>ff241CED</color>
                <colorMode>normal</colorMode>
                <width>4</width>
            </LineStyle>
        </Style>
        <Style id="6937">
            <LineStyle id="6938">
                <color>ff241CED</color>
                <colorMode>normal</colorMode>
                <width>4</width>
            </LineStyle>
        </Style>
        <Style id="6941">
            <LineStyle id="6942">
                <color>ff241CED</color>
                <colorMode>normal</colorMode>
                <width>4</width>
            </LineStyle>
        </Style>
        <ExtendedData>
            <Data name="route-name">
                <value>Koridor 2: Alun-Alun Bandung → Kota Baru Parahyangan</value>
            </Data>
            <Data name="source">
                <value>Transport for Bandung</value>
            </Data>
        </ExtendedData>
        <Placemark id="6328">
            <name>Optik Krida</name>
            <styleUrl>#6329</styleUrl>
            <Point id="6327">
                <coordinates>107.5720549,-6.9155598,0.0</coordinates>
            </Point>
        </Placemark>
        <Placemark id="6333">
            <name>Bale Pare B</name>
            <styleUrl>#6334</styleUrl>
            <Point id="6332">
                <coordinates>107.4901266,-6.8567205,0.0</coordinates>
            </Point>
        </Placemark>
        <Placemark id="6338">
            <name>RS Karisma Cimareme B</name>
            <styleUrl>#6339</styleUrl>
            <Point id="6337">
                <coordinates>107.502934,-6.8630015,0.0</coordinates>
            </Point>
        </Placemark>
        <Placemark id="6343">
            <name>RS IMC B</name>
            <styleUrl>#6344</styleUrl>
            <Point id="6342">
                <coordinates>107.5100491,-6.8634203,0.0</coordinates>
            </Point>
        </Placemark>
        <Placemark id="6348">
            <name>Padasuka Indah B</name>
            <styleUrl>#6349</styleUrl>
            <Point id="6347">
                <coordinates>107.5260715,-6.8684195,0.0</coordinates>
            </Point>
        </Placemark>
        <Placemark id="6353">
            <name>Ranca Belut B</name>
            <styleUrl>#6354</styleUrl>
            <Point id="6352">
                <coordinates>107.531878,-6.8687794,0.0</coordinates>
            </Point>
        </Placemark>
        <Placemark id="6358">
            <name>PLN Cisangkan B</name>
            <styleUrl>#6359</styleUrl>
            <Point id="6357">
                <coordinates>107.5364884,-6.8704594,0.0</coordinates>
            </Point>
        </Placemark>
        <Placemark id="6363">
            <name>Gedung 4</name>
            <styleUrl>#6364</styleUrl>
            <Point id="6362">
                <coordinates>107.5417036,-6.8799337,0.0</coordinates>
            </Point>
        </Placemark>
        <Placemark id="6368">
            <name>SMPN 6 Cimahi</name>
            <styleUrl>#6369</styleUrl>
            <Point id="6367">
                <coordinates>107.5452289,-6.8772766,0.0</coordinates>
            </Point>
        </Placemark>
        <Placemark id="6373">
            <name>RSUD Cibabat B</name>
            <styleUrl>#6374</styleUrl>
            <Point id="6372">
                <coordinates>107.5503366,-6.8796404,0.0</coordinates>
            </Point>
        </Placemark>
        <Placemark id="6378">
            <name>GKI Anugerah</name>
            <styleUrl>#6379</styleUrl>
            <Point id="6377">
                <coordinates>107.5975181,-6.9200032,0.0</coordinates>
            </Point>
        </Placemark>
        <Placemark id="6383">
            <name>KEB Hana Bank</name>
            <styleUrl>#6384</styleUrl>
            <Point id="6382">
                <coordinates>107.6020691,-6.9205405,0.0</coordinates>
            </Point>
        </Placemark>
        <Placemark id="6388">
            <name>Mayapada Tower</name>
            <styleUrl>#6389</styleUrl>
            <Point id="6387">
                <coordinates>107.591735,-6.9193056,0.0</coordinates>
            </Point>
        </Placemark>
        <Placemark id="6393">
            <name>Toko Ambon</name>
            <styleUrl>#6394</styleUrl>
            <Point id="6392">
                <coordinates>107.5855207,-6.9186023,0.0</coordinates>
            </Point>
        </Placemark>
        <Placemark id="6398">
            <name>Kemenag Kanwil Jabar</name>
            <styleUrl>#6399</styleUrl>
            <Point id="6397">
                <coordinates>107.5771136,-6.9176018,0.0</coordinates>
            </Point>
        </Placemark>
        <Placemark id="6403">
            <name>Sudirman 3</name>
            <styleUrl>#6404</styleUrl>
            <Point id="6402">
                <coordinates>107.5696333,-6.9115004,0.0</coordinates>
            </Point>
        </Placemark>
        <Placemark id="6408">
            <name>STEI LPPM B</name>
            <styleUrl>#6409</styleUrl>
            <Point id="6407">
                <coordinates>107.4986734,-6.8574856,0.0</coordinates>
            </Point>
        </Placemark>
        <Placemark id="6413">
            <name>Masjid Ar Ridwan B</name>
            <styleUrl>#6414</styleUrl>
            <Point id="6412">
                <coordinates>107.5191264,-6.8676288,0.0</coordinates>
            </Point>
        </Placemark>
        <Placemark id="6418">
            <name>Buana</name>
            <styleUrl>#6419</styleUrl>
            <Point id="6417">
                <coordinates>107.5406762,-6.8759934,0.0</coordinates>
            </Point>
        </Placemark>
        <Placemark id="6423">
            <name>RS Mitra Kasih</name>
            <styleUrl>#6424</styleUrl>
            <Point id="6422">
                <coordinates>107.5528472,-6.8837408,0.0</coordinates>
            </Point>
        </Placemark>
        <Placemark id="6428">
            <name>Cilembar</name>
            <styleUrl>#6429</styleUrl>
            <Point id="6427">
                <coordinates>107.5579997,-6.8923353,0.0</coordinates>
            </Point>
        </Placemark>
        <Placemark id="6433">
            <name>SMAN 13 Bandung B</name>
            <styleUrl>#6434</styleUrl>
            <Point id="6432">
                <coordinates>107.5647281,-6.9033981,0.0</coordinates>
            </Point>
        </Placemark>
        <Placemark id="6438">
            <name>Kebon Kopi</name>
            <styleUrl>#6439</styleUrl>
            <Point id="6437">
                <coordinates>107.5664877,-6.9063062,0.0</coordinates>
            </Point>
        </Placemark>
        <Placemark id="6443">
            <name>Tatar Pitaloka (Parahyangan Selatan)</name>
            <styleUrl>#6444</styleUrl>
            <Point id="6442">
                <coordinates>107.4738005,-6.8665457,0.0</coordinates>
            </Point>
        </Placemark>
        <Placemark id="6448">
            <name>Tatar Wangsakerta B</name>
            <styleUrl>#6449</styleUrl>
            <Point id="6447">
                <coordinates>107.4815775,-6.8612441,0.0</coordinates>
            </Point>
        </Placemark>
        <Placemark id="6453">
            <name>Parahyangan Utara B</name>
            <styleUrl>#6454</styleUrl>
            <Point id="6452">
                <coordinates>107.4782844,-6.865168,0.0</coordinates>
            </Point>
        </Placemark>
        <Placemark id="6458">
            <name>Alun-alun Bandung</name>
            <styleUrl>#6459</styleUrl>
            <Point id="6457">
                <coordinates>107.6071309,-6.9211347,0.0</coordinates>
            </Point>
        </Placemark>
        <Placemark id="6463">
            <name>IKEA Kota Baru Parahyangan</name>
            <styleUrl>#6464</styleUrl>
            <Point id="6462">
                <coordinates>107.4668097,-6.8663512,0.0</coordinates>
            </Point>
        </Placemark>
        <Placemark id="6468">
            <name>Jalan Jendral Sudirman</name>
            <styleUrl>#6469</styleUrl>
            <LineString id="6467">
                <coordinates>107.6041077,-6.920785,0.0 107.6038284,-6.9207532,0.0 107.6034762,-6.9207089,0.0 107.603136,-6.9206667,0.0 107.6022266,-6.9205616,0.0 107.6021366,-6.9205489,0.0</coordinates>
            </LineString>
        </Placemark>
        <Placemark id="6472">
            <name>Jalan Jendral Sudirman</name>
            <styleUrl>#6473</styleUrl>
            <LineString id="6471">
                <coordinates>107.5741991,-6.9172935,0.0 107.5741057,-6.9172433,0.0 107.5739928,-6.9171937,0.0 107.5739676,-6.9171826,0.0 107.5739351,-6.917172,0.0 107.5737577,-6.9170672,0.0 107.57361,-6.916953,0.0 107.5735023,-6.9168687,0.0 107.5731624,-6.916607,0.0 107.5730285,-6.9164995,0.0 107.5725721,-6.916133,0.0</coordinates>
            </LineString>
        </Placemark>
        <Placemark id="6476">
            <name>Jalan Parahyangan</name>
            <styleUrl>#6477</styleUrl>
            <LineString id="6475">
                <coordinates>107.4844613,-6.8592048,0.0 107.4843771,-6.8591886,0.0 107.4843181,-6.8591899,0.0 107.4842507,-6.8592074,0.0 107.4841467,-6.8592563,0.0 107.4839497,-6.8593834,0.0 107.4838114,-6.8594726,0.0 107.4834444,-6.8597299,0.0 107.4832184,-6.8598823,0.0 107.4829814,-6.8600506,0.0 107.4827868,-6.8602043,0.0 107.4827475,-6.8602353,0.0 107.4826451,-6.8603125,0.0 107.4823409,-6.860562,0.0 107.4819824,-6.860872,0.0 107.4818837,-6.8609628,0.0 107.4816193,-6.861206,0.0 107.4815775,-6.8612441,0.0 107.4815106,-6.861305,0.0 107.4813933,-6.8614119,0.0</coordinates>
            </LineString>
        </Placemark>
        <Placemark id="6480">
            <name>Jalan Parahyangan</name>
            <styleUrl>#6481</styleUrl>
            <LineString id="6479">
                <coordinates>107.4764906,-6.8660919,0.0 107.4764003,-6.8661102,0.0 107.4760503,-6.8661814,0.0 107.4758131,-6.8662008,0.0 107.4752685,-6.8662352,0.0 107.4750467,-6.8662477,0.0 107.4749505,-6.8662547,0.0 107.4747528,-6.8662824,0.0 107.4745355,-6.8663356,0.0 107.4743769,-6.8663823,0.0 107.4742297,-6.8664256,0.0 107.4741165,-6.8664584,0.0 107.4738005,-6.8665457,0.0 107.4733795,-6.866662,0.0 107.4732314,-6.8667011,0.0 107.4731329,-6.8667115,0.0 107.4728191,-6.8667448,0.0 107.4727802,-6.8667489,0.0 107.4727473,-6.8667463,0.0 107.472457,-6.8667231,0.0 107.4722222,-6.8666793,0.0 107.4714992,-6.8665354,0.0 107.4709936,-6.8664781,0.0 107.4705404,-6.8664688,0.0 107.4699717,-6.8664623,0.0 107.4698331,-6.8664607,0.0</coordinates>
            </LineString>
        </Placemark>
        <Placemark id="6484">
            <name>Jalan Parahyangan</name>
            <styleUrl>#6485</styleUrl>
            <LineString id="6483">
                <coordinates>107.4686667,-6.8664634,0.0 107.4685657,-6.8664582,0.0 107.4684229,-6.8664543,0.0 107.4683101,-6.8664501,0.0 107.4679333,-6.8663954,0.0 107.467723,-6.8663648,0.0 107.467251,-6.8662533,0.0</coordinates>
            </LineString>
        </Placemark>
        <Placemark id="6488">
            <name>Jalan Parahyangan</name>
            <styleUrl>#6489</styleUrl>
            <LineString id="6487">
                <coordinates>107.4698331,-6.8664607,0.0 107.469214,-6.8664584,0.0</coordinates>
            </LineString>
        </Placemark>
        <Placemark id="6492">
            <name>Jalan Parahyangan</name>
            <styleUrl>#6493</styleUrl>
            <LineString id="6491">
                <coordinates>107.4770978,-6.8659503,0.0 107.4764906,-6.8660919,0.0</coordinates>
            </LineString>
        </Placemark>
        <Placemark id="6496">
            <name>Jalan Gedung Empat</name>
            <styleUrl>#6497</styleUrl>
            <LineString id="6495">
                <coordinates>107.5429927,-6.8805087,0.0 107.5427079,-6.880374,0.0 107.5426354,-6.8803397,0.0 107.542425,-6.8802474,0.0 107.5421995,-6.8801488,0.0 107.5420171,-6.8800697,0.0 107.5417036,-6.8799337,0.0 107.5411346,-6.8796867,0.0 107.54109,-6.8796691,0.0 107.5406962,-6.8794988,0.0 107.540645,-6.8794767,0.0 107.5405892,-6.8794522,0.0 107.540539,-6.8794301,0.0</coordinates>
            </LineString>
        </Placemark>
        <Placemark id="6500">
            <name>Jalan Layang Cimindi</name>
            <styleUrl>#6501</styleUrl>
            <LineString id="6499">
                <coordinates>107.5616845,-6.8983006,0.0 107.5589596,-6.8938395,0.0</coordinates>
            </LineString>
        </Placemark>
        <Placemark id="6504">
            <name>Jalan Gedung Empat</name>
            <styleUrl>#6505</styleUrl>
            <LineString id="6503">
                <coordinates>107.5432961,-6.8803887,0.0 107.5432343,-6.8804621,0.0 107.5432089,-6.8804808,0.0 107.5431878,-6.8804948,0.0 107.5431612,-6.8805057,0.0 107.5431246,-6.8805142,0.0 107.5430651,-6.8805146,0.0 107.5429927,-6.8805087,0.0</coordinates>
            </LineString>
        </Placemark>
        <Placemark id="6508">
            <name>Jalan Raya Gadobangkong</name>
            <styleUrl>#6509</styleUrl>
            <LineString id="6507">
                <coordinates>107.5156622,-6.866132,0.0 107.5160919,-6.8663299,0.0</coordinates>
            </LineString>
        </Placemark>
        <Placemark id="6512">
            <name>Jalan Raya Gadobangkong</name>
            <styleUrl>#6513</styleUrl>
            <LineString id="6511">
                <coordinates>107.5169868,-6.8667469,0.0 107.5172135,-6.866858,0.0 107.5174342,-6.8669686,0.0 107.5176534,-6.8670757,0.0 107.5178625,-6.8671767,0.0 107.5179976,-6.8672401,0.0 107.5183058,-6.8673783,0.0 107.5183672,-6.8673963,0.0 107.5185612,-6.8674533,0.0 107.5190095,-6.8675906,0.0 107.5190798,-6.8676144,0.0 107.5191264,-6.8676288,0.0 107.5191731,-6.8676432,0.0 107.5195447,-6.8677576,0.0 107.5196849,-6.8678007,0.0 107.5200389,-6.8679097,0.0 107.5201726,-6.8679508,0.0 107.5207876,-6.868147,0.0 107.5208297,-6.8681604,0.0 107.5209164,-6.8681885,0.0 107.5212073,-6.8682829,0.0 107.521271,-6.8683036,0.0 107.5214983,-6.8683763,0.0 107.5216087,-6.8684028,0.0 107.5217268,-6.8684273,0.0 107.521842,-6.8684414,0.0 107.5220823,-6.8684515,0.0</coordinates>
            </LineString>
        </Placemark>
        <Placemark id="6516">
            <name>Jalan Jendral Sudirman</name>
            <styleUrl>#6517</styleUrl>
            <LineString id="6515">
                <coordinates>107.6021366,-6.9205489,0.0 107.6020691,-6.9205405,0.0 107.601895,-6.920521,0.0 107.6018084,-6.9205114,0.0 107.6012359,-6.9204443,0.0 107.6009589,-6.9204087,0.0 107.6006504,-6.9203693,0.0 107.6005045,-6.9203533,0.0 107.5998017,-6.9202729,0.0 107.5997457,-6.9202665,0.0 107.5985234,-6.9201237,0.0 107.5984985,-6.9201204,0.0 107.5983366,-6.920102,0.0</coordinates>
            </LineString>
        </Placemark>
        <Placemark id="6520">
            <name>Jalan Jendral Sudirman</name>
            <styleUrl>#6521</styleUrl>
            <LineString id="6519">
                <coordinates>107.5956582,-6.9197825,0.0 107.5954894,-6.9197632,0.0 107.5951361,-6.9197212,0.0 107.5949783,-6.9197019,0.0 107.5945327,-6.9196494,0.0 107.5938942,-6.9195727,0.0 107.5937471,-6.9195544,0.0 107.5936474,-6.9195417,0.0 107.5930371,-6.9194634,0.0 107.5929358,-6.9194498,0.0</coordinates>
            </LineString>
        </Placemark>
        <Placemark id="6524">
            <name>Jalan Jendral Sudirman</name>
            <styleUrl>#6525</styleUrl>
            <LineString id="6523">
                <coordinates>107.5766159,-6.9175515,0.0 107.5762592,-6.9175155,0.0 107.5760342,-6.9174893,0.0 107.5757932,-6.9174613,0.0 107.5756139,-6.9174409,0.0 107.5754537,-6.9174221,0.0 107.5751233,-6.9173833,0.0 107.5750142,-6.9173706,0.0 107.5747901,-6.9173287,0.0 107.5747047,-6.9173134,0.0 107.5746765,-6.9173067,0.0 107.5745601,-6.9172787,0.0</coordinates>
            </LineString>
        </Placemark>
        <Placemark id="6528">
            <name>Jalan Jendral Sudirman</name>
            <styleUrl>#6529</styleUrl>
            <LineString id="6527">
                <coordinates>107.5901619,-6.9191118,0.0 107.5899941,-6.9190912,0.0 107.5890027,-6.9189756,0.0 107.588854,-6.9189576,0.0 107.5883961,-6.918904,0.0 107.5882748,-6.9188882,0.0 107.5879832,-6.9188506,0.0 107.5875374,-6.9188022,0.0 107.5874461,-6.9187925,0.0 107.5872972,-6.9187784,0.0 107.5871809,-6.9187671,0.0 107.5871599,-6.9187651,0.0 107.5869453,-6.9187438,0.0</coordinates>
            </LineString>
        </Placemark>
        <Placemark id="6532">
            <name>Jalan Asia Afrika</name>
            <styleUrl>#6533</styleUrl>
            <LineString id="6531">
                <coordinates>107.6064585,-6.9210512,0.0 107.6064357,-6.9210487,0.0 107.6059322,-6.9209936,0.0 107.605075,-6.9208966,0.0 107.6042658,-6.9208061,0.0 107.6042276,-6.9208008,0.0 107.6041077,-6.920785,0.0</coordinates>
            </LineString>
        </Placemark>
        <Placemark id="6536">
            <name>Jalan Raya Padalarang</name>
            <styleUrl>#6537</styleUrl>
            <LineString id="6535">
                <coordinates>107.4971791,-6.8515469,0.0 107.4969746,-6.8514085,0.0 107.4968492,-6.8513115,0.0 107.4967542,-6.8512441,0.0 107.4966845,-6.8511983,0.0 107.4964572,-6.8510514,0.0 107.4964375,-6.8510397,0.0 107.4964198,-6.8510316,0.0 107.4964035,-6.8510262,0.0 107.4963876,-6.8510228,0.0 107.4963709,-6.8510211,0.0 107.4963507,-6.8510217,0.0</coordinates>
            </LineString>
        </Placemark>
        <Placemark id="6540">
            <name>Jalan Jendral Sudirman</name>
            <styleUrl>#6541</styleUrl>
            <LineString id="6539">
                <coordinates>107.5708773,-6.9135594,0.0 107.5707008,-6.9132508,0.0 107.5705747,-6.9130517,0.0 107.5703429,-6.9126894,0.0</coordinates>
            </LineString>
        </Placemark>
        <Placemark id="6544">
            <name>Jalan Jend. H. Amir Machmud</name>
            <styleUrl>#6545</styleUrl>
            <LineString id="6543">
                <coordinates>107.5584996,-6.89319,0.0 107.5583845,-6.8929942,0.0 107.5582968,-6.8928484,0.0 107.5582471,-6.892759,0.0 107.558126,-6.8925411,0.0 107.5580399,-6.8924036,0.0 107.5580255,-6.8923792,0.0 107.5579997,-6.8923353,0.0 107.5578961,-6.8921589,0.0 107.557751,-6.8919043,0.0 107.5575682,-6.8915839,0.0 107.557194,-6.8909422,0.0 107.5571049,-6.8907999,0.0 107.5566781,-6.8901125,0.0 107.5566284,-6.8900246,0.0 107.556216,-6.8893169,0.0 107.5561597,-6.8892257,0.0 107.5561065,-6.8891389,0.0 107.5556898,-6.8884357,0.0 107.5556524,-6.888377,0.0</coordinates>
            </LineString>
        </Placemark>
        <Placemark id="6548">
            <name>Jalan Layang Cimindi</name>
            <styleUrl>#6549</styleUrl>
            <LineString id="6547">
                <coordinates>107.561879,-6.8986119,0.0 107.5616845,-6.8983006,0.0</coordinates>
            </LineString>
        </Placemark>
        <Placemark id="6552">
            <name>Jalan Jend. H. Amir Machmud</name>
            <styleUrl>#6553</styleUrl>
            <LineString id="6551">
                <coordinates>107.5359218,-6.8702457,0.0 107.5358294,-6.8702382,0.0 107.5355712,-6.8701428,0.0 107.535302,-6.8700476,0.0 107.5351164,-6.8699829,0.0 107.534761,-6.8698508,0.0</coordinates>
            </LineString>
        </Placemark>
        <Placemark id="6556">
            <name>Jalan Raya Simpang</name>
            <styleUrl>#6557</styleUrl>
            <LineString id="6555">
                <coordinates>107.4975965,-6.8527156,0.0 107.4975599,-6.8526317,0.0</coordinates>
            </LineString>
        </Placemark>
        <Placemark id="6560">
            <name>Jalan Gedung Empat</name>
            <styleUrl>#6561</styleUrl>
            <LineString id="6559">
                <coordinates>107.540539,-6.8794301,0.0 107.5402889,-6.8793189,0.0 107.5401392,-6.8792514,0.0</coordinates>
            </LineString>
        </Placemark>
        <Placemark id="6564">
            <name>Jalan Gatot Subroto</name>
            <styleUrl>#6565</styleUrl>
            <LineString id="6563">
                <coordinates>107.5444652,-6.8783241,0.0 107.544451,-6.8783866,0.0 107.5443515,-6.8785233,0.0 107.5443133,-6.8785759,0.0 107.5441059,-6.8788685,0.0 107.5440248,-6.8789876,0.0 107.5439242,-6.8791339,0.0 107.5438905,-6.8791833,0.0 107.5438142,-6.8792937,0.0 107.5437554,-6.8793795,0.0 107.5437169,-6.8794368,0.0 107.543657,-6.8795243,0.0 107.5434841,-6.879778,0.0 107.5434454,-6.8798383,0.0 107.5433605,-6.8799929,0.0 107.5433193,-6.8801087,0.0 107.5432942,-6.8802472,0.0 107.5432923,-6.8803212,0.0 107.5432961,-6.8803887,0.0</coordinates>
            </LineString>
        </Placemark>
        <Placemark id="6568">
            <name>Jalan Gandawijaya</name>
            <styleUrl>#6569</styleUrl>
            <LineString id="6567">
                <coordinates>107.5415376,-6.8743705,0.0 107.5419486,-6.8736407,0.0</coordinates>
            </LineString>
        </Placemark>
        <Placemark id="6572">
            <name>Jalan Raya Cimareme</name>
            <styleUrl>#6573</styleUrl>
            <LineString id="6571">
                <coordinates>107.5034117,-6.8632727,0.0 107.5034772,-6.8633105,0.0 107.5035566,-6.8633604,0.0 107.5037925,-6.8634899,0.0 107.5039209,-6.8635608,0.0 107.504317,-6.8637653,0.0 107.5043597,-6.8637873,0.0 107.5044255,-6.8638215,0.0 107.5047344,-6.8639832,0.0</coordinates>
            </LineString>
        </Placemark>
        <Placemark id="6576">
            <name>Jalan Jend. H. Amir Machmud</name>
            <styleUrl>#6577</styleUrl>
            <LineString id="6575">
                <coordinates>107.5261248,-6.8684369,0.0 107.5262229,-6.8684691,0.0 107.5263122,-6.8685064,0.0 107.5263898,-6.8685422,0.0 107.5264225,-6.8685573,0.0 107.5266094,-6.8686384,0.0 107.5270877,-6.8688731,0.0 107.5271548,-6.868908,0.0 107.5273141,-6.8689718,0.0 107.5274989,-6.8690436,0.0 107.5275841,-6.8690682,0.0 107.527662,-6.8690849,0.0 107.5277986,-6.8691038,0.0 107.5278876,-6.8691021,0.0 107.5279891,-6.8690928,0.0 107.5281475,-6.8690695,0.0 107.5281996,-6.8690592,0.0 107.5283978,-6.8690203,0.0 107.5284509,-6.8690086,0.0 107.5285738,-6.8689815,0.0 107.5288591,-6.8689212,0.0 107.5289883,-6.8688991,0.0 107.5293786,-6.8688406,0.0 107.5300087,-6.868775,0.0 107.5302545,-6.8687509,0.0 107.5303683,-6.8687397,0.0 107.5306127,-6.8687157,0.0 107.5307996,-6.8686984,0.0 107.5309254,-6.8686864,0.0 107.5311227,-6.8686631,0.0 107.5311768,-6.86866,0.0 107.5313217,-6.8686505,0.0 107.5314385,-6.8686555,0.0 107.5315089,-6.8686615,0.0 107.5315735,-6.8686772,0.0 107.5317099,-6.8687176,0.0 107.5318119,-6.8687546,0.0 107.5318553,-6.8687705,0.0 107.531878,-6.8687794,0.0 107.5319386,-6.8688013,0.0 107.5322086,-6.8688988,0.0 107.5324527,-6.8689916,0.0 107.5327945,-6.8691177,0.0 107.5330853,-6.8692167,0.0</coordinates>
            </LineString>
        </Placemark>
        <Placemark id="6580">
            <name>Jalan Jend. H. Amir Machmud</name>
            <styleUrl>#6581</styleUrl>
            <LineString id="6579">
                <coordinates>107.5419486,-6.8736407,0.0 107.5419535,-6.8735919,0.0 107.5419512,-6.8735591,0.0 107.5419417,-6.8735234,0.0 107.5419214,-6.873491,0.0 107.5418832,-6.8734607,0.0 107.5416146,-6.8733007,0.0</coordinates>
            </LineString>
        </Placemark>
        <Placemark id="6584">
            <name>Jalan Jend. H. Amir Machmud</name>
            <styleUrl>#6585</styleUrl>
            <LineString id="6583">
                <coordinates>107.5470087,-6.8765884,0.0 107.5468201,-6.8764737,0.0 107.5462018,-6.8760976,0.0 107.5461771,-6.8760913,0.0 107.5461516,-6.8760916,0.0 107.546127,-6.8760985,0.0 107.5461059,-6.8761108,0.0 107.5460886,-6.8761279,0.0 107.546043,-6.8761965,0.0 107.5459671,-6.8762377,0.0</coordinates>
            </LineString>
        </Placemark>
        <Placemark id="6588">
            <name>Jalan Gandawijaya</name>
            <styleUrl>#6589</styleUrl>
            <LineString id="6587">
                <coordinates>107.5398907,-6.878911,0.0 107.540033,-6.8782287,0.0 107.5400647,-6.878046,0.0 107.5400776,-6.8779766,0.0 107.5402735,-6.8770602,0.0 107.5403232,-6.8768433,0.0 107.5403766,-6.8766636,0.0 107.5403903,-6.8766233,0.0 107.5404467,-6.8764732,0.0 107.5405002,-6.8763519,0.0 107.5405976,-6.8761503,0.0 107.5406022,-6.8761408,0.0 107.5406475,-6.8760483,0.0 107.5406762,-6.8759934,0.0 107.5407256,-6.8758987,0.0 107.5407373,-6.8758761,0.0 107.54081,-6.8757369,0.0 107.5408989,-6.8755665,0.0 107.5410032,-6.8753667,0.0 107.5411826,-6.875023,0.0 107.5412818,-6.8748394,0.0</coordinates>
            </LineString>
        </Placemark>
        <Placemark id="6592">
            <name>Jalan Gandawijaya</name>
            <styleUrl>#6593</styleUrl>
            <LineString id="6591">
                <coordinates>107.5401392,-6.8792514,0.0 107.5400249,-6.879188,0.0 107.5399654,-6.8791607,0.0 107.5399261,-6.8791313,0.0 107.5399008,-6.8791016,0.0 107.5398776,-6.8790604,0.0 107.5398693,-6.8790096,0.0 107.5398907,-6.878911,0.0</coordinates>
            </LineString>
        </Placemark>
        <Placemark id="6596">
            <name>Jalan Jendral Sudirman</name>
            <styleUrl>#6597</styleUrl>
            <LineString id="6595">
                <coordinates>107.5869453,-6.9187438,0.0 107.5868128,-6.9187411,0.0 107.5867487,-6.918738,0.0 107.5866461,-6.9187467,0.0 107.5865662,-6.9187469,0.0</coordinates>
            </LineString>
        </Placemark>
        <Placemark id="6600">
            <name>Jalan Layang Kota Baru Parahyangan</name>
            <styleUrl>#6601</styleUrl>
            <LineString id="6599">
                <coordinates>107.494909,-6.852067,0.0 107.4948639,-6.8521257,0.0 107.4948502,-6.8521421,0.0 107.4948346,-6.8521589,0.0 107.4948188,-6.8521743,0.0 107.4947997,-6.8521915,0.0 107.4947778,-6.852209,0.0 107.4947547,-6.8522251,0.0 107.4947307,-6.8522396,0.0 107.4947024,-6.8522548,0.0 107.494574,-6.8523146,0.0 107.4945559,-6.8523251,0.0 107.4945407,-6.8523358,0.0 107.4945258,-6.8523487,0.0 107.4945104,-6.8523648,0.0 107.494498,-6.8523805,0.0 107.4944862,-6.8523976,0.0 107.4944522,-6.8524499,0.0</coordinates>
            </LineString>
        </Placemark>
        <Placemark id="6604">
            <name>Jalan Raya Padalarang</name>
            <styleUrl>#6605</styleUrl>
            <LineString id="6603">
                <coordinates>107.4974224,-6.8519939,0.0 107.4973814,-6.8518888,0.0 107.4973343,-6.8517847,0.0 107.4972822,-6.8516803,0.0 107.4972419,-6.8516172,0.0 107.4972188,-6.8515916,0.0 107.4971791,-6.8515469,0.0</coordinates>
            </LineString>
        </Placemark>
        <Placemark id="6608">
            <name>Jalan Raya Cimareme</name>
            <styleUrl>#6609</styleUrl>
            <LineString id="6607">
                <coordinates>107.4987182,-6.8581066,0.0 107.4987288,-6.8582512,0.0 107.4987562,-6.8584531,0.0 107.4987799,-6.8586327,0.0 107.4988095,-6.8588159,0.0 107.498846,-6.8589418,0.0 107.4988952,-6.8590747,0.0 107.4989519,-6.859192,0.0 107.499024,-6.8593264,0.0 107.4991209,-6.8594557,0.0 107.4992202,-6.8595603,0.0 107.4993675,-6.8597221,0.0 107.4995891,-6.8599902,0.0 107.4997744,-6.8601871,0.0 107.4998426,-6.8602605,0.0 107.5001629,-6.8605893,0.0 107.500195,-6.8606217,0.0 107.5003415,-6.860773,0.0 107.5004973,-6.8609384,0.0 107.5006628,-6.8611039,0.0 107.5010094,-6.8614382,0.0 107.5010639,-6.8614908,0.0 107.5012224,-6.8616525,0.0 107.5014146,-6.8618608,0.0 107.5015639,-6.8620124,0.0 107.5016093,-6.8620563,0.0 107.5018806,-6.8623184,0.0 107.5021156,-6.8625154,0.0 107.5022805,-6.8626367,0.0 107.5025833,-6.8628122,0.0 107.5028237,-6.8629469,0.0 107.502934,-6.8630015,0.0 107.5031549,-6.8631253,0.0 107.5031733,-6.8631354,0.0 107.5032331,-6.8631683,0.0 107.5033168,-6.8632144,0.0 107.5034117,-6.8632727,0.0</coordinates>
            </LineString>
        </Placemark>
        <Placemark id="6612">
            <name>Jalan Jend. H. Amir Machmud</name>
            <styleUrl>#6613</styleUrl>
            <LineString id="6611">
                <coordinates>107.5471213,-6.876653,0.0 107.5470087,-6.8765884,0.0</coordinates>
            </LineString>
        </Placemark>
        <Placemark id="6616">
            <name>Jalan Jend. H. Amir Machmud</name>
            <styleUrl>#6617</styleUrl>
            <LineString id="6615">
                <coordinates>107.548903,-6.8778074,0.0 107.548341,-6.8774399,0.0 107.54804,-6.8772387,0.0 107.5479168,-6.8771586,0.0 107.5474888,-6.8768836,0.0 107.5471213,-6.876653,0.0</coordinates>
            </LineString>
        </Placemark>
        <Placemark id="6620">
            <name>Jalan Jend. H. Amir Machmud</name>
            <styleUrl>#6621</styleUrl>
            <LineString id="6619">
                <coordinates>107.5416146,-6.8733007,0.0 107.5415498,-6.8732621,0.0 107.5411979,-6.8730525,0.0</coordinates>
            </LineString>
        </Placemark>
        <Placemark id="6624">
            <name>Jalan Jend. H. Amir Machmud</name>
            <styleUrl>#6625</styleUrl>
            <LineString id="6623">
                <coordinates>107.5409753,-6.8729215,0.0 107.5409187,-6.8728882,0.0 107.5408723,-6.8728609,0.0</coordinates>
            </LineString>
        </Placemark>
        <Placemark id="6628">
            <name>Jalan Jend. H. Amir Machmud</name>
            <styleUrl>#6629</styleUrl>
            <LineString id="6627">
                <coordinates>107.5391134,-6.8717381,0.0 107.5392617,-6.8718268,0.0 107.5393459,-6.8718791,0.0 107.5395511,-6.8720061,0.0 107.5396118,-6.872043,0.0</coordinates>
            </LineString>
        </Placemark>
        <Placemark id="6632">
            <name>Jalan Jend. H. Amir Machmud</name>
            <styleUrl>#6633</styleUrl>
            <LineString id="6631">
                <coordinates>107.5396118,-6.872043,0.0 107.5399548,-6.8722548,0.0 107.5400294,-6.8723014,0.0 107.5403035,-6.8724715,0.0 107.5403649,-6.8725096,0.0 107.5406997,-6.8727172,0.0 107.540747,-6.8727452,0.0</coordinates>
            </LineString>
        </Placemark>
        <Placemark id="6636">
            <name>Jalan Jendral Sudirman</name>
            <styleUrl>#6637</styleUrl>
            <LineString id="6635">
                <coordinates>107.5957158,-6.9197892,0.0 107.5956582,-6.9197825,0.0</coordinates>
            </LineString>
        </Placemark>
        <Placemark id="6640">
            <name>Jalan Jendral Sudirman</name>
            <styleUrl>#6641</styleUrl>
            <LineString id="6639">
                <coordinates>107.597885,-6.9200477,0.0 107.5976547,-6.9200188,0.0 107.5975181,-6.9200032,0.0 107.59729,-6.919975,0.0 107.5972483,-6.9199708,0.0 107.5964708,-6.9198754,0.0 107.595731,-6.9197916,0.0 107.5957158,-6.9197892,0.0</coordinates>
            </LineString>
        </Placemark>
        <Placemark id="6644">
            <name>Jalan Jendral Sudirman</name>
            <styleUrl>#6645</styleUrl>
            <LineString id="6643">
                <coordinates>107.5698951,-6.9119365,0.0 107.5697893,-6.9117669,0.0 107.569777,-6.9117459,0.0 107.5696479,-6.9115248,0.0 107.5696333,-6.9115004,0.0 107.569579,-6.9114097,0.0 107.5692741,-6.9108999,0.0 107.5691136,-6.9106315,0.0 107.5689887,-6.9104164,0.0</coordinates>
            </LineString>
        </Placemark>
        <Placemark id="6648">
            <name>Jalan Raya Cimareme</name>
            <styleUrl>#6649</styleUrl>
            <LineString id="6647">
                <coordinates>107.5047344,-6.8639832,0.0 107.5049911,-6.8641067,0.0 107.5050586,-6.8641392,0.0 107.5051499,-6.8641787,0.0 107.5051913,-6.8641937,0.0 107.5052503,-6.8642111,0.0 107.5053149,-6.8642263,0.0 107.5053817,-6.8642351,0.0 107.5054411,-6.8642368,0.0 107.5054978,-6.8642341,0.0 107.5055404,-6.864229,0.0</coordinates>
            </LineString>
        </Placemark>
        <Placemark id="6652">
            <name>Jalan Raya Gadobangkong</name>
            <styleUrl>#6653</styleUrl>
            <LineString id="6651">
                <coordinates>107.5063671,-6.864027,0.0 107.5065856,-6.8639771,0.0 107.5070193,-6.863866,0.0 107.5077676,-6.863685,0.0 107.5082119,-6.8635741,0.0 107.5086465,-6.8634599,0.0 107.5087248,-6.8634388,0.0 107.5094028,-6.8632576,0.0 107.5094818,-6.863253,0.0 107.5095628,-6.8632583,0.0 107.5096207,-6.8632683,0.0 107.5097112,-6.8632909,0.0 107.5098225,-6.8633262,0.0 107.5099964,-6.863395,0.0 107.5100491,-6.8634203,0.0 107.510072,-6.8634302,0.0 107.5104217,-6.8635854,0.0 107.5106152,-6.8636745,0.0 107.5106923,-6.8637105,0.0 107.510966,-6.8638385,0.0 107.5111617,-6.8639301,0.0 107.5113852,-6.8640346,0.0 107.5119852,-6.8643131,0.0 107.5120662,-6.8643533,0.0 107.5123015,-6.8644685,0.0 107.5125224,-6.8645767,0.0 107.5128242,-6.8647258,0.0 107.5130197,-6.8648201,0.0 107.513398,-6.865018,0.0 107.5134421,-6.8650411,0.0 107.513879,-6.8652552,0.0 107.5140447,-6.8653343,0.0 107.5150775,-6.8658424,0.0 107.5151703,-6.8658917,0.0 107.5152076,-6.8659101,0.0 107.5156233,-6.8661135,0.0 107.5156622,-6.866132,0.0</coordinates>
            </LineString>
        </Placemark>
        <Placemark id="6656">
            <name>Jalan Raya Gadobangkong</name>
            <styleUrl>#6657</styleUrl>
            <LineString id="6655">
                <coordinates>107.5160919,-6.8663299,0.0 107.5162566,-6.8664082,0.0 107.5164712,-6.8665071,0.0 107.5167612,-6.8666428,0.0 107.5169868,-6.8667469,0.0</coordinates>
            </LineString>
        </Placemark>
        <Placemark id="6660">
            <name>Jalan Jend. H. Amir Machmud</name>
            <styleUrl>#6661</styleUrl>
            <LineString id="6659">
                <coordinates>107.5586991,-6.8935235,0.0 107.5586896,-6.8935077,0.0</coordinates>
            </LineString>
        </Placemark>
        <Placemark id="6664">
            <name>Jalan Jend. H. Amir Machmud</name>
            <styleUrl>#6665</styleUrl>
            <LineString id="6663">
                <coordinates>107.5586388,-6.8934232,0.0 107.5584996,-6.89319,0.0</coordinates>
            </LineString>
        </Placemark>
        <Placemark id="6668">
            <name>Jalan Layang Cimindi</name>
            <styleUrl>#6669</styleUrl>
            <LineString id="6667">
                <coordinates>107.5588855,-6.8937179,0.0 107.5586991,-6.8935235,0.0</coordinates>
            </LineString>
        </Placemark>
        <Placemark id="6672">
            <name>Jalan Jendral Sudirman</name>
            <styleUrl>#6673</styleUrl>
            <LineString id="6671">
                <coordinates>107.5715151,-6.9146659,0.0 107.5714243,-6.9145091,0.0 107.571384,-6.9144417,0.0 107.5710851,-6.913941,0.0 107.5709375,-6.9136862,0.0 107.5708773,-6.9135594,0.0</coordinates>
            </LineString>
        </Placemark>
        <Placemark id="6676">
            <name>Jalan Jend. H. Amir Machmud</name>
            <styleUrl>#6677</styleUrl>
            <LineString id="6675">
                <coordinates>107.5532991,-6.8845055,0.0 107.5532758,-6.8844655,0.0 107.5532307,-6.8843827,0.0 107.5531006,-6.8841655,0.0 107.5529605,-6.8839307,0.0 107.5529416,-6.883899,0.0 107.5528472,-6.8837408,0.0 107.5527794,-6.8836271,0.0 107.5527092,-6.8835093,0.0 107.5526121,-6.8833467,0.0 107.5525863,-6.8833033,0.0 107.5524109,-6.8830094,0.0 107.5522959,-6.8828167,0.0 107.5522386,-6.8827206,0.0 107.5520864,-6.8824613,0.0 107.5519526,-6.8822389,0.0 107.5518285,-6.882035,0.0 107.5516065,-6.8816734,0.0 107.5515108,-6.8815261,0.0 107.5513286,-6.8812206,0.0 107.5513112,-6.8811893,0.0 107.5510818,-6.8808273,0.0 107.5510407,-6.8807588,0.0 107.5509549,-6.8806153,0.0 107.5507239,-6.8802572,0.0 107.550617,-6.8800913,0.0 107.5505345,-6.8799545,0.0 107.5504164,-6.8797669,0.0 107.5503819,-6.8797123,0.0 107.5503366,-6.8796404,0.0 107.5501318,-6.8792963,0.0 107.5500491,-6.8791569,0.0 107.5499778,-6.8790409,0.0 107.5498734,-6.8788724,0.0 107.5498308,-6.8788036,0.0 107.549812,-6.8787698,0.0</coordinates>
            </LineString>
        </Placemark>
        <Placemark id="6680">
            <name>Jalan Jend. H. Amir Machmud</name>
            <styleUrl>#6681</styleUrl>
            <LineString id="6679">
                <coordinates>107.549812,-6.8787698,0.0 107.5497459,-6.8787214,0.0 107.5497311,-6.8787014,0.0 107.5496078,-6.8784837,0.0 107.5495062,-6.8783419,0.0 107.5493651,-6.8781649,0.0 107.5493436,-6.8781455,0.0</coordinates>
            </LineString>
        </Placemark>
        <Placemark id="6684">
            <name>Jalan Jend. H. Amir Machmud</name>
            <styleUrl>#6685</styleUrl>
            <LineString id="6683">
                <coordinates>107.565673,-6.9049534,0.0 107.5653296,-6.9043922,0.0 107.5651363,-6.9040727,0.0 107.5647726,-6.9034716,0.0 107.5647281,-6.9033981,0.0 107.5646958,-6.9033447,0.0 107.5644297,-6.902905,0.0 107.5643428,-6.9027614,0.0 107.5642879,-6.9026706,0.0 107.5639096,-6.9020454,0.0 107.5636843,-6.9016737,0.0 107.5636389,-6.901598,0.0 107.5635866,-6.9015056,0.0 107.5635485,-6.901452,0.0 107.5635096,-6.9013988,0.0 107.5633165,-6.9010686,0.0 107.5632168,-6.9009003,0.0 107.562808,-6.9002247,0.0 107.5626899,-6.9000295,0.0 107.5625298,-6.8997648,0.0 107.5622867,-6.899363,0.0 107.5622663,-6.8993293,0.0 107.5619186,-6.8987547,0.0</coordinates>
            </LineString>
        </Placemark>
        <Placemark id="6688">
            <name>Jalan Layang Cimindi</name>
            <styleUrl>#6689</styleUrl>
            <LineString id="6687">
                <coordinates>107.5619186,-6.8987547,0.0 107.561879,-6.8986119,0.0</coordinates>
            </LineString>
        </Placemark>
        <Placemark id="6692">
            <name>Jalan Jend. H. Amir Machmud</name>
            <styleUrl>#6693</styleUrl>
            <LineString id="6691">
                <coordinates>107.5407965,-6.8728151,0.0 107.540747,-6.8727452,0.0</coordinates>
            </LineString>
        </Placemark>
        <Placemark id="6696">
            <name>Jalan Jend. H. Amir Machmud</name>
            <styleUrl>#6697</styleUrl>
            <LineString id="6695">
                <coordinates>107.533145,-6.8692367,0.0 107.5331785,-6.8692495,0.0 107.5335628,-6.8693791,0.0 107.5337126,-6.8694306,0.0 107.5337447,-6.8694416,0.0 107.5339049,-6.8694966,0.0 107.5341763,-6.8696061,0.0 107.5342233,-6.8696235,0.0 107.5343842,-6.869692,0.0</coordinates>
            </LineString>
        </Placemark>
        <Placemark id="6700">
            <name>Jalan Jend. H. Amir Machmud</name>
            <styleUrl>#6701</styleUrl>
            <LineString id="6699">
                <coordinates>107.5330853,-6.8692167,0.0 107.533145,-6.8692367,0.0</coordinates>
            </LineString>
        </Placemark>
        <Placemark id="6704">
            <name>Jalan Panyawangan</name>
            <styleUrl>#6705</styleUrl>
            <LineString id="6703">
                <coordinates>107.4871202,-6.8579424,0.0 107.4869151,-6.8580095,0.0 107.4864366,-6.8581776,0.0 107.4859686,-6.8583506,0.0 107.4856253,-6.8584978,0.0 107.4850543,-6.8587831,0.0 107.4850014,-6.8588138,0.0 107.4849632,-6.858843,0.0 107.4849145,-6.8589012,0.0</coordinates>
            </LineString>
        </Placemark>
        <Placemark id="6708">
            <name>Jalan Panyawangan</name>
            <styleUrl>#6709</styleUrl>
            <LineString id="6707">
                <coordinates>107.4874813,-6.8578222,0.0 107.4871202,-6.8579424,0.0</coordinates>
            </LineString>
        </Placemark>
        <Placemark id="6712">
            <name>Jalan Raya Caringin</name>
            <styleUrl>#6713</styleUrl>
            <LineString id="6711">
                <coordinates>107.4977859,-6.8538237,0.0 107.4978121,-6.8539405,0.0</coordinates>
            </LineString>
        </Placemark>
        <Placemark id="6716">
            <name>Jalan Raya Simpang</name>
            <styleUrl>#6717</styleUrl>
            <LineString id="6715">
                <coordinates>107.4975965,-6.8527156,0.0 107.4975988,-6.8527427,0.0 107.4976134,-6.8528859,0.0 107.497658,-6.8531891,0.0 107.4976818,-6.8533539,0.0 107.4977128,-6.8535065,0.0 107.4977859,-6.8538237,0.0</coordinates>
            </LineString>
        </Placemark>
        <Placemark id="6720">
            <name>Jalan Jendral Sudirman</name>
            <styleUrl>#6721</styleUrl>
            <LineString id="6719">
                <coordinates>107.5865662,-6.9187469,0.0 107.586377,-6.9187222,0.0</coordinates>
            </LineString>
        </Placemark>
        <Placemark id="6724">
            <name>Jalan Raya Gadobangkong</name>
            <styleUrl>#6725</styleUrl>
            <LineString id="6723">
                <coordinates>107.5238237,-6.8685111,0.0 107.5237614,-6.8685286,0.0 107.5234058,-6.868517,0.0 107.5232773,-6.8685128,0.0 107.5226323,-6.8684891,0.0 107.5221789,-6.868477,0.0 107.5220823,-6.8684515,0.0</coordinates>
            </LineString>
        </Placemark>
        <Placemark id="6728">
            <name>Jalan Jend. H. Amir Machmud</name>
            <styleUrl>#6729</styleUrl>
            <LineString id="6727">
                <coordinates>107.5363431,-6.8704044,0.0 107.5363908,-6.8704221,0.0 107.5364884,-6.8704594,0.0 107.5365376,-6.8704766,0.0 107.5365778,-6.8704906,0.0 107.5366787,-6.8705296,0.0 107.5373836,-6.8707918,0.0 107.5376817,-6.8709329,0.0 107.5379552,-6.8710821,0.0 107.538003,-6.8711086,0.0 107.5381559,-6.8711974,0.0 107.5382103,-6.8712287,0.0 107.5383378,-6.871298,0.0 107.538881,-6.871595,0.0 107.5391134,-6.8717381,0.0</coordinates>
            </LineString>
        </Placemark>
        <Placemark id="6732">
            <name>Jalan Jendral Sudirman</name>
            <styleUrl>#6733</styleUrl>
            <LineString id="6731">
                <coordinates>107.586377,-6.9187222,0.0 107.5863067,-6.9187088,0.0 107.5855207,-6.9186023,0.0 107.5853065,-6.918572,0.0 107.5850994,-6.9185436,0.0 107.5850179,-6.9185338,0.0</coordinates>
            </LineString>
        </Placemark>
        <Placemark id="6736">
            <name>Jalan Raya Padalarang</name>
            <styleUrl>#6737</styleUrl>
            <LineString id="6735">
                <coordinates>107.4974571,-6.8521186,0.0 107.4974224,-6.8519939,0.0</coordinates>
            </LineString>
        </Placemark>
        <Placemark id="6740">
            <name>Jalan Jend. H. Amir Machmud</name>
            <styleUrl>#6741</styleUrl>
            <LineString id="6739">
                <coordinates>107.549261,-6.8780613,0.0 107.5491797,-6.8780009,0.0 107.5490452,-6.8779037,0.0 107.548903,-6.8778074,0.0</coordinates>
            </LineString>
        </Placemark>
        <Placemark id="6744">
            <name>Jalan Jendral Sudirman</name>
            <styleUrl>#6745</styleUrl>
            <LineString id="6743">
                <coordinates>107.5703429,-6.9126894,0.0 107.5701276,-6.9123274,0.0 107.5698951,-6.9119365,0.0</coordinates>
            </LineString>
        </Placemark>
        <Placemark id="6748">
            <name>Jalan Raya Padalarang</name>
            <styleUrl>#6749</styleUrl>
            <LineString id="6747">
                <coordinates>107.4975599,-6.8526317,0.0 107.4974957,-6.8522961,0.0</coordinates>
            </LineString>
        </Placemark>
        <Placemark id="6752">
            <name>Jalan Jend. H. Amir Machmud</name>
            <styleUrl>#6753</styleUrl>
            <LineString id="6751">
                <coordinates>107.5408723,-6.8728609,0.0 107.5407965,-6.8728151,0.0</coordinates>
            </LineString>
        </Placemark>
        <Placemark id="6756">
            <name>Jalan Kota Baru Parahyangan</name>
            <styleUrl>#6757</styleUrl>
            <LineString id="6755">
                <coordinates>107.4961444,-6.8512857,0.0 107.4960897,-6.8514097,0.0 107.4960736,-6.851442,0.0 107.4960591,-6.8514673,0.0 107.4960425,-6.8514915,0.0 107.4960261,-6.8515122,0.0 107.4960063,-6.8515313,0.0 107.4959822,-6.8515478,0.0 107.4959607,-6.8515595,0.0 107.4959397,-6.8515682,0.0 107.4959165,-6.8515759,0.0 107.4958879,-6.8515837,0.0 107.4958484,-6.8515932,0.0 107.4958073,-6.8516017,0.0 107.4957661,-6.8516091,0.0 107.49555,-6.8516434,0.0 107.4954972,-6.8516542,0.0 107.4954416,-6.8516674,0.0 107.4953935,-6.8516805,0.0 107.4953499,-6.8516958,0.0 107.4953074,-6.8517131,0.0 107.4952644,-6.8517336,0.0 107.4952276,-6.8517532,0.0 107.4951894,-6.8517762,0.0 107.4951386,-6.8518103,0.0 107.4951033,-6.8518359,0.0 107.4950728,-6.8518613,0.0 107.4950439,-6.8518894,0.0 107.495014,-6.8519245,0.0 107.494909,-6.852067,0.0</coordinates>
            </LineString>
        </Placemark>
        <Placemark id="6760">
            <name>Jalan Jend. H. Amir Machmud</name>
            <styleUrl>#6761</styleUrl>
            <LineString id="6759">
                <coordinates>107.5556524,-6.888377,0.0 107.5554234,-6.8880103,0.0 107.5552322,-6.8876864,0.0 107.5550315,-6.8873463,0.0 107.5548919,-6.8871098,0.0 107.5548167,-6.8869883,0.0 107.5546245,-6.8866774,0.0 107.5543949,-6.8863155,0.0 107.5541879,-6.8860004,0.0 107.5541319,-6.8859141,0.0 107.5540996,-6.8858644,0.0</coordinates>
            </LineString>
        </Placemark>
        <Placemark id="6764">
            <name>Jalan Jend. H. Amir Machmud</name>
            <styleUrl>#6765</styleUrl>
            <LineString id="6763">
                <coordinates>107.5540996,-6.8858644,0.0 107.5539786,-6.8856737,0.0 107.5538495,-6.8854676,0.0 107.5537567,-6.8853142,0.0 107.5536309,-6.8850994,0.0 107.5533096,-6.8845788,0.0 107.5532991,-6.8845055,0.0</coordinates>
            </LineString>
        </Placemark>
        <Placemark id="6768">
            <name>Jalan Jend. H. Amir Machmud</name>
            <styleUrl>#6769</styleUrl>
            <LineString id="6767">
                <coordinates>107.5493436,-6.8781455,0.0 107.549261,-6.8780613,0.0</coordinates>
            </LineString>
        </Placemark>
        <Placemark id="6772">
            <name>Jalan Gatot Subroto</name>
            <styleUrl>#6773</styleUrl>
            <LineString id="6771">
                <coordinates>107.5459671,-6.8762377,0.0 107.5458574,-6.8763919,0.0 107.545628,-6.8767142,0.0 107.5453107,-6.8771677,0.0 107.5452289,-6.8772766,0.0 107.5451738,-6.8773525,0.0 107.545096,-6.8774617,0.0 107.5444652,-6.8783241,0.0</coordinates>
            </LineString>
        </Placemark>
        <Placemark id="6776">
            <name>Jalan Jend. H. Amir Machmud</name>
            <styleUrl>#6777</styleUrl>
            <LineString id="6775">
                <coordinates>107.534761,-6.8698508,0.0 107.5344209,-6.8697253,0.0 107.5343842,-6.869692,0.0</coordinates>
            </LineString>
        </Placemark>
        <Placemark id="6780">
            <name>Jalan Jend. H. Amir Machmud</name>
            <styleUrl>#6781</styleUrl>
            <LineString id="6779">
                <coordinates>107.5411979,-6.8730525,0.0 107.5409753,-6.8729215,0.0</coordinates>
            </LineString>
        </Placemark>
        <Placemark id="6784">
            <name>Jalan Raya Caringin</name>
            <styleUrl>#6785</styleUrl>
            <LineString id="6783">
                <coordinates>107.4987021,-6.8578894,0.0 107.4987182,-6.8581066,0.0</coordinates>
            </LineString>
        </Placemark>
        <Placemark id="6788">
            <name>Jalan Raya Caringin</name>
            <styleUrl>#6789</styleUrl>
            <LineString id="6787">
                <coordinates>107.4978121,-6.8539405,0.0 107.4978195,-6.8539756,0.0 107.497921,-6.8543483,0.0 107.4979689,-6.8545091,0.0 107.4980044,-6.8546237,0.0 107.4980409,-6.8547619,0.0 107.4980626,-6.8548322,0.0 107.4980832,-6.8548991,0.0 107.4981365,-6.855064,0.0 107.4981795,-6.8551922,0.0 107.4982118,-6.8553041,0.0 107.4982291,-6.855364,0.0 107.4982378,-6.8553939,0.0 107.4982496,-6.8554342,0.0 107.4982975,-6.8555796,0.0 107.4983226,-6.8556685,0.0 107.4983772,-6.8558679,0.0 107.4983981,-6.8559365,0.0 107.4984229,-6.8560363,0.0 107.4984955,-6.8563195,0.0 107.498506,-6.8563653,0.0 107.4985165,-6.856411,0.0 107.4985642,-6.8566145,0.0 107.4986032,-6.8567807,0.0 107.4986178,-6.8568699,0.0 107.4986213,-6.8568936,0.0 107.4986408,-6.8570257,0.0 107.4986583,-6.8572813,0.0 107.4986651,-6.8573652,0.0 107.4986693,-6.8574167,0.0 107.4986734,-6.8574856,0.0 107.4986774,-6.8575545,0.0 107.4986922,-6.857755,0.0 107.4987011,-6.8578756,0.0 107.4987021,-6.8578894,0.0</coordinates>
            </LineString>
        </Placemark>
        <Placemark id="6792">
            <name>Jalan Panyawangan</name>
            <styleUrl>#6793</styleUrl>
            <LineString id="6791">
                <coordinates>107.4919706,-6.8536414,0.0 107.4916948,-6.8538818,0.0 107.4915401,-6.8540351,0.0 107.4913677,-6.8542461,0.0 107.4912795,-6.8543914,0.0 107.4912098,-6.8545277,0.0 107.4911334,-6.8546994,0.0 107.491047,-6.8549156,0.0 107.4909758,-6.85515,0.0 107.490886,-6.8554368,0.0 107.4908085,-6.8556729,0.0 107.4907426,-6.8558506,0.0 107.4906969,-6.8559436,0.0 107.490634,-6.8560715,0.0 107.4905367,-6.8562288,0.0 107.4904172,-6.8563985,0.0 107.4903987,-6.8564256,0.0 107.4902688,-6.8565768,0.0 107.4902587,-6.8565886,0.0 107.4901266,-6.8567205,0.0 107.4899602,-6.8568684,0.0 107.48993,-6.8568898,0.0 107.4897922,-6.8569873,0.0 107.4896188,-6.8570961,0.0 107.4894408,-6.8571858,0.0 107.4893412,-6.8572253,0.0 107.4890471,-6.8573475,0.0 107.4886886,-6.8574623,0.0 107.4884777,-6.8575259,0.0 107.4882278,-6.8576062,0.0 107.4879598,-6.8576864,0.0 107.4874813,-6.8578222,0.0</coordinates>
            </LineString>
        </Placemark>
        <Placemark id="6796">
            <name>Bunderan Cibeureum</name>
            <styleUrl>#6797</styleUrl>
            <LineString id="6795">
                <coordinates>107.5745601,-6.9172787,0.0 107.5745248,-6.9173306,0.0 107.5744751,-6.9173693,0.0 107.5744159,-6.9173911,0.0</coordinates>
            </LineString>
        </Placemark>
        <Placemark id="6800">
            <name>Jalan Gandawijaya</name>
            <styleUrl>#6801</styleUrl>
            <LineString id="6799">
                <coordinates>107.5412818,-6.8748394,0.0 107.5415376,-6.8743705,0.0</coordinates>
            </LineString>
        </Placemark>
        <Placemark id="6804">
            <name>Jalan Jend. H. Amir Machmud</name>
            <styleUrl>#6805</styleUrl>
            <LineString id="6803">
                <coordinates>107.5586896,-6.8935077,0.0 107.5586388,-6.8934232,0.0</coordinates>
            </LineString>
        </Placemark>
        <Placemark id="6808">
            <name>Jalan Layang Cimindi</name>
            <styleUrl>#6809</styleUrl>
            <LineString id="6807">
                <coordinates>107.5589596,-6.8938395,0.0 107.5588855,-6.8937179,0.0</coordinates>
            </LineString>
        </Placemark>
        <Placemark id="6812">
            <name>Jalan Jendral Sudirman</name>
            <styleUrl>#6813</styleUrl>
            <LineString id="6811">
                <coordinates>107.5983366,-6.920102,0.0 107.5982051,-6.9200877,0.0 107.597885,-6.9200477,0.0</coordinates>
            </LineString>
        </Placemark>
        <Placemark id="6816">
            <name>Bunderan Cibeureum</name>
            <styleUrl>#6817</styleUrl>
            <LineString id="6815">
                <coordinates>107.5742937,-6.9173779,0.0 107.5742396,-6.9173432,0.0 107.5741991,-6.9172935,0.0</coordinates>
            </LineString>
        </Placemark>
        <Placemark id="6820">
            <name>Bunderan Cibeureum</name>
            <styleUrl>#6821</styleUrl>
            <LineString id="6819">
                <coordinates>107.5744159,-6.9173911,0.0 107.5743538,-6.9173939,0.0 107.5742937,-6.9173779,0.0</coordinates>
            </LineString>
        </Placemark>
        <Placemark id="6824">
            <name>Jalan Parahyangan</name>
            <styleUrl>#6825</styleUrl>
            <LineString id="6823">
                <coordinates>107.469214,-6.8664584,0.0 107.4690056,-6.8664556,0.0 107.4689918,-6.8664562,0.0 107.4687696,-6.8664642,0.0</coordinates>
            </LineString>
        </Placemark>
        <Placemark id="6828">
            <name>Jalan Asia Afrika</name>
            <styleUrl>#6829</styleUrl>
            <LineString id="6827">
                <coordinates>107.6069008,-6.9211076,0.0 107.6066769,-6.9210774,0.0 107.6064585,-6.9210512,0.0</coordinates>
            </LineString>
        </Placemark>
        <Placemark id="6832">
            <name>Jalan Jendral Sudirman</name>
            <styleUrl>#6833</styleUrl>
            <LineString id="6831">
                <coordinates>107.5929358,-6.9194498,0.0 107.5925279,-6.9194043,0.0 107.5919663,-6.9193339,0.0 107.591735,-6.9193056,0.0 107.5915571,-6.9192832,0.0 107.5908497,-6.9191977,0.0 107.5901619,-6.9191118,0.0</coordinates>
            </LineString>
        </Placemark>
        <Placemark id="6836">
            <name>Jalan Jendral Sudirman</name>
            <styleUrl>#6837</styleUrl>
            <LineString id="6835">
                <coordinates>107.5781202,-6.9176523,0.0 107.5780899,-6.9176631,0.0 107.5780671,-6.9176734,0.0 107.5780304,-6.9176867,0.0 107.5779981,-6.9176886,0.0 107.5771136,-6.9176018,0.0 107.5770629,-6.9175968,0.0 107.5768354,-6.9175724,0.0 107.5767383,-6.9175655,0.0</coordinates>
            </LineString>
        </Placemark>
        <Placemark id="6840">
            <name>Jalan Jendral Sudirman</name>
            <styleUrl>#6841</styleUrl>
            <LineString id="6839">
                <coordinates>107.5850179,-6.9185338,0.0 107.584208,-6.9184389,0.0 107.5840139,-6.918418,0.0 107.5839721,-6.918413,0.0 107.583604,-6.9183703,0.0 107.5833368,-6.9183393,0.0 107.5829636,-6.9182959,0.0 107.5823326,-6.9182237,0.0 107.5819763,-6.9181852,0.0 107.5813282,-6.9181174,0.0 107.5812663,-6.9180975,0.0 107.5812049,-6.9180481,0.0</coordinates>
            </LineString>
        </Placemark>
        <Placemark id="6844">
            <name>Jalan Jendral Sudirman</name>
            <styleUrl>#6845</styleUrl>
            <LineString id="6843">
                <coordinates>107.5767383,-6.9175655,0.0 107.5766159,-6.9175515,0.0</coordinates>
            </LineString>
        </Placemark>
        <Placemark id="6848">
            <name>Jalan Parahyangan</name>
            <styleUrl>#6849</styleUrl>
            <LineString id="6847">
                <coordinates>107.4687696,-6.8664642,0.0 107.4686667,-6.8664634,0.0</coordinates>
            </LineString>
        </Placemark>
        <Placemark id="6852">
            <name>Jalan Kota Baru Parahyangan</name>
            <styleUrl>#6853</styleUrl>
            <LineString id="6851">
                <coordinates>107.4944522,-6.8524499,0.0 107.4944162,-6.8525103,0.0 107.4943818,-6.8525601,0.0 107.4943432,-6.8526068,0.0 107.4943051,-6.8526422,0.0 107.4942576,-6.8526775,0.0 107.4942009,-6.8527087,0.0 107.4941496,-6.8527293,0.0 107.4940916,-6.852747,0.0 107.4940257,-6.8527557,0.0 107.4939522,-6.8527551,0.0 107.4938894,-6.8527455,0.0 107.4938183,-6.8527241,0.0 107.4937587,-6.8526983,0.0 107.4936969,-6.8526597,0.0 107.4936415,-6.8526143,0.0</coordinates>
            </LineString>
        </Placemark>
        <Placemark id="6856">
            <name>Jalan Asia Afrika</name>
            <styleUrl>#6857</styleUrl>
            <LineString id="6855">
                <coordinates>107.6071309,-6.9211347,0.0 107.6069871,-6.9211172,0.0 107.6069008,-6.9211076,0.0</coordinates>
            </LineString>
        </Placemark>
        <Placemark id="6860">
            <name>Jalan Jend. H. Amir Machmud</name>
            <styleUrl>#6861</styleUrl>
            <LineString id="6859">
                <coordinates>107.5359218,-6.8702457,0.0 107.5362685,-6.8703754,0.0 107.5363078,-6.8703903,0.0</coordinates>
            </LineString>
        </Placemark>
        <Placemark id="6864">
            <name>Jalan Jend. H. Amir Machmud</name>
            <styleUrl>#6865</styleUrl>
            <LineString id="6863">
                <coordinates>107.5363078,-6.8703903,0.0 107.5363431,-6.8704044,0.0</coordinates>
            </LineString>
        </Placemark>
        <Placemark id="6868">
            <name>Route Segment</name>
            <styleUrl>#6869</styleUrl>
            <LineString id="6867">
                <coordinates>107.467251,-6.8662533,0.0 107.4672043,-6.866271,0.0 107.4671832,-6.8662966,0.0 107.4671795,-6.8663113,0.0 107.4671714,-6.866338,0.0 107.4671687,-6.866378,0.0 107.4671781,-6.8664166,0.0 107.4671902,-6.8664485,0.0 107.4671965,-6.8664714,0.0 107.4671942,-6.866495,0.0 107.4671836,-6.8665163,0.0 107.467166,-6.8665324,0.0 107.4671459,-6.8665408,0.0 107.4671242,-6.8665422,0.0 107.4671032,-6.8665366,0.0 107.4670852,-6.8665244,0.0 107.4670641,-6.8665084,0.0 107.4670346,-6.8664792,0.0 107.4669716,-6.8664312,0.0 107.4669139,-6.866398,0.0 107.4668097,-6.8663512,0.0</coordinates>
            </LineString>
        </Placemark>
        <Placemark id="6872">
            <name>Jalan Panyawangan</name>
            <styleUrl>#6873</styleUrl>
            <LineString id="6871">
                <coordinates>107.4936415,-6.8526143,0.0 107.493472,-6.8526301,0.0 107.4933779,-6.8526608,0.0 107.4932787,-6.8527061,0.0 107.493089,-6.8528142,0.0 107.4927386,-6.8530544,0.0 107.4924066,-6.8533123,0.0 107.4923235,-6.8533759,0.0 107.4919706,-6.8536414,0.0</coordinates>
            </LineString>
        </Placemark>
        <Placemark id="6876">
            <name>Jalan Jendral Sudirman</name>
            <styleUrl>#6877</styleUrl>
            <LineString id="6875">
                <coordinates>107.5725721,-6.916133,0.0 107.5723979,-6.9159874,0.0 107.5723395,-6.9159333,0.0 107.5722759,-6.9158629,0.0 107.5722121,-6.9157842,0.0 107.5721531,-6.915707,0.0 107.5720994,-6.9156231,0.0 107.5720549,-6.9155598,0.0 107.5719123,-6.9153326,0.0 107.5718695,-6.9152634,0.0 107.5717819,-6.9151024,0.0 107.5717255,-6.9150035,0.0 107.5715151,-6.9146659,0.0</coordinates>
            </LineString>
        </Placemark>
        <Placemark id="6880">
            <name>Jalan Raya Gadobangkong</name>
            <styleUrl>#6881</styleUrl>
            <LineString id="6879">
                <coordinates>107.5238237,-6.8685111,0.0 107.5238605,-6.8685121,0.0 107.524111,-6.8685186,0.0 107.5242475,-6.8685297,0.0 107.5243947,-6.8685238,0.0 107.5245213,-6.8685157,0.0 107.5246659,-6.8685002,0.0 107.5248121,-6.8684764,0.0 107.5250106,-6.8684338,0.0 107.5252251,-6.8683845,0.0 107.5253284,-6.8683626,0.0 107.5254235,-6.8683509,0.0 107.525547,-6.8683413,0.0 107.525671,-6.8683467,0.0 107.5258493,-6.8683639,0.0 107.5260715,-6.8684195,0.0 107.5261248,-6.8684369,0.0</coordinates>
            </LineString>
        </Placemark>
        <Placemark id="6884">
            <name>Jalan Kota Baru Parahyangan</name>
            <styleUrl>#6885</styleUrl>
            <LineString id="6883">
                <coordinates>107.4849145,-6.8589012,0.0 107.4849108,-6.8589962,0.0 107.4848778,-6.8590855,0.0 107.4848187,-6.8591604,0.0 107.4847393,-6.8592136,0.0 107.4846473,-6.85924,0.0 107.4845515,-6.8592369,0.0 107.4844613,-6.8592048,0.0</coordinates>
            </LineString>
        </Placemark>
        <Placemark id="6888">
            <name>Jalan Raya Padalarang</name>
            <styleUrl>#6889</styleUrl>
            <LineString id="6887">
                <coordinates>107.4974957,-6.8522961,0.0 107.4974571,-6.8521186,0.0</coordinates>
            </LineString>
        </Placemark>
        <Placemark id="6892">
            <name>Jalan Raya Cimareme</name>
            <styleUrl>#6893</styleUrl>
            <LineString id="6891">
                <coordinates>107.5055404,-6.864229,0.0 107.5056235,-6.864215,0.0 107.505703,-6.8641943,0.0 107.5063671,-6.864027,0.0</coordinates>
            </LineString>
        </Placemark>
        <Placemark id="6896">
            <name>Jalan Kota Baru Parahyangan</name>
            <styleUrl>#6897</styleUrl>
            <LineString id="6895">
                <coordinates>107.4963507,-6.8510217,0.0 107.4963301,-6.8510254,0.0 107.4963132,-6.8510299,0.0 107.4962963,-6.8510362,0.0 107.4962787,-6.8510449,0.0 107.4962614,-6.8510578,0.0 107.4962484,-6.8510712,0.0 107.4962343,-6.85109,0.0 107.4962221,-6.8511106,0.0 107.4962098,-6.8511338,0.0 107.4961976,-6.8511597,0.0 107.4961619,-6.8512443,0.0 107.4961444,-6.8512857,0.0</coordinates>
            </LineString>
        </Placemark>
        <Placemark id="6900">
            <name>Jalan Parahyangan</name>
            <styleUrl>#6901</styleUrl>
            <LineString id="6899">
                <coordinates>107.4813933,-6.8614119,0.0 107.4813249,-6.8614742,0.0</coordinates>
            </LineString>
        </Placemark>
        <Placemark id="6904">
            <name>Jalan Parahyangan</name>
            <styleUrl>#6905</styleUrl>
            <LineString id="6903">
                <coordinates>107.4813249,-6.8614742,0.0 107.4811969,-6.8615991,0.0 107.4810131,-6.8617692,0.0 107.4808213,-6.8619538,0.0 107.4806464,-6.8621116,0.0 107.4805321,-6.862234,0.0 107.4804538,-6.8623138,0.0</coordinates>
            </LineString>
        </Placemark>
        <Placemark id="6908">
            <name>Jalan Parahyangan</name>
            <styleUrl>#6909</styleUrl>
            <LineString id="6907">
                <coordinates>107.4804538,-6.8623138,0.0 107.4803884,-6.8623796,0.0</coordinates>
            </LineString>
        </Placemark>
        <Placemark id="6912">
            <name>Jalan Parahyangan</name>
            <styleUrl>#6913</styleUrl>
            <LineString id="6911">
                <coordinates>107.4803884,-6.8623796,0.0 107.4802647,-6.862522,0.0 107.4801983,-6.8626059,0.0 107.4801124,-6.8627206,0.0 107.4800417,-6.8628164,0.0 107.4798985,-6.8630117,0.0 107.4797441,-6.8632278,0.0 107.4795511,-6.8634814,0.0 107.4793841,-6.8637028,0.0</coordinates>
            </LineString>
        </Placemark>
        <Placemark id="6916">
            <name>Jalan Parahyangan</name>
            <styleUrl>#6917</styleUrl>
            <LineString id="6915">
                <coordinates>107.4793841,-6.8637028,0.0 107.4793117,-6.8637987,0.0</coordinates>
            </LineString>
        </Placemark>
        <Placemark id="6920">
            <name>Jalan Parahyangan</name>
            <styleUrl>#6921</styleUrl>
            <LineString id="6919">
                <coordinates>107.4793117,-6.8637987,0.0 107.479096,-6.8640963,0.0 107.4787391,-6.8645886,0.0</coordinates>
            </LineString>
        </Placemark>
        <Placemark id="6924">
            <name>Jalan Parahyangan</name>
            <styleUrl>#6925</styleUrl>
            <LineString id="6923">
                <coordinates>107.4787391,-6.8645886,0.0 107.4786469,-6.8647061,0.0 107.4783619,-6.8650692,0.0 107.4782844,-6.865168,0.0 107.4781795,-6.8652971,0.0 107.4780592,-6.8654451,0.0 107.4779735,-6.8655351,0.0</coordinates>
            </LineString>
        </Placemark>
        <Placemark id="6928">
            <name>Jalan Parahyangan</name>
            <styleUrl>#6929</styleUrl>
            <LineString id="6927">
                <coordinates>107.4779735,-6.8655351,0.0 107.4779258,-6.8655758,0.0</coordinates>
            </LineString>
        </Placemark>
        <Placemark id="6932">
            <name>Jalan Parahyangan</name>
            <styleUrl>#6933</styleUrl>
            <LineString id="6931">
                <coordinates>107.4779258,-6.8655758,0.0 107.4777507,-6.8656956,0.0 107.4775943,-6.8657819,0.0 107.4772526,-6.8659122,0.0 107.4770978,-6.8659503,0.0</coordinates>
            </LineString>
        </Placemark>
        <Placemark id="6936">
            <name>Jalan Jend. H. Amir Machmud</name>
            <styleUrl>#6937</styleUrl>
            <LineString id="6935">
                <coordinates>107.5689887,-6.9104164,0.0 107.5689617,-6.9103691,0.0 107.5688997,-6.9102637,0.0 107.5688731,-6.910217,0.0 107.5688157,-6.9101246,0.0 107.5686493,-6.9098587,0.0 107.5683186,-6.9093322,0.0 107.5676739,-6.9082679,0.0 107.5674722,-6.9079333,0.0 107.5673325,-6.9077024,0.0 107.5672438,-6.907556,0.0 107.5668478,-6.9069015,0.0 107.5666139,-6.9065148,0.0 107.5664877,-6.9063062,0.0 107.5663055,-6.9060051,0.0 107.5659443,-6.9054074,0.0 107.565924,-6.9053734,0.0 107.565673,-6.9049534,0.0</coordinates>
            </LineString>
        </Placemark>
        <Placemark id="6940">
            <name>Jalan Jendral Sudirman</name>
            <styleUrl>#6941</styleUrl>
            <LineString id="6939">
                <coordinates>107.5812049,-6.9180481,0.0 107.5805863,-6.9179704,0.0 107.5802279,-6.9179222,0.0 107.5798805,-6.9178766,0.0 107.5797208,-6.9178564,0.0 107.5794411,-6.9178197,0.0 107.579301,-6.9178011,0.0 107.5791821,-6.917785,0.0 107.5789586,-6.917756,0.0 107.578869,-6.9177435,0.0 107.5788207,-6.9177374,0.0 107.5787513,-6.9177277,0.0 107.5784389,-6.9176895,0.0 107.5783437,-6.9176779,0.0 107.5782936,-6.9176722,0.0 107.5781202,-6.9176523,0.0</coordinates>
            </LineString>
        </Placemark>
    </Document>
</kml>
