<?xml version="1.0" encoding="UTF-8"?>
<kml xmlns="http://www.opengis.net/kml/2.2" xmlns:gx="http://www.google.com/kml/ext/2.2">
    <Document id="66976">
        <Style id="66982">
            <IconStyle id="66983">
                <colorMode>normal</colorMode>
                <scale>1</scale>
                <heading>0</heading>
                <Icon id="66984">
                    <href>http://maps.google.com/mapfiles/kml/pushpin/ylw-pushpin.png</href>
                </Icon>
            </IconStyle>
        </Style>
        <Style id="66987">
            <IconStyle id="66988">
                <colorMode>normal</colorMode>
                <scale>1</scale>
                <heading>0</heading>
                <Icon id="66989">
                    <href>http://maps.google.com/mapfiles/kml/pushpin/ylw-pushpin.png</href>
                </Icon>
            </IconStyle>
        </Style>
        <Style id="66992">
            <LineStyle id="66993">
                <color>ff356615</color>
                <colorMode>normal</colorMode>
                <width>4</width>
            </LineStyle>
        </Style>
        <Style id="66996">
            <LineStyle id="66997">
                <color>ff356615</color>
                <colorMode>normal</colorMode>
                <width>4</width>
            </LineStyle>
        </Style>
        <Style id="67000">
            <LineStyle id="67001">
                <color>ff356615</color>
                <colorMode>normal</colorMode>
                <width>4</width>
            </LineStyle>
        </Style>
        <Style id="67004">
            <LineStyle id="67005">
                <color>ff356615</color>
                <colorMode>normal</colorMode>
                <width>4</width>
            </LineStyle>
        </Style>
        <Style id="67008">
            <LineStyle id="67009">
                <color>ff356615</color>
                <colorMode>normal</colorMode>
                <width>4</width>
            </LineStyle>
        </Style>
        <Style id="67012">
            <LineStyle id="67013">
                <color>ff356615</color>
                <colorMode>normal</colorMode>
                <width>4</width>
            </LineStyle>
        </Style>
        <Style id="67016">
            <LineStyle id="67017">
                <color>ff356615</color>
                <colorMode>normal</colorMode>
                <width>4</width>
            </LineStyle>
        </Style>
        <Style id="67020">
            <LineStyle id="67021">
                <color>ff356615</color>
                <colorMode>normal</colorMode>
                <width>4</width>
            </LineStyle>
        </Style>
        <Style id="67024">
            <LineStyle id="67025">
                <color>ff356615</color>
                <colorMode>normal</colorMode>
                <width>4</width>
            </LineStyle>
        </Style>
        <Style id="67028">
            <LineStyle id="67029">
                <color>ff356615</color>
                <colorMode>normal</colorMode>
                <width>4</width>
            </LineStyle>
        </Style>
        <Style id="67032">
            <LineStyle id="67033">
                <color>ff356615</color>
                <colorMode>normal</colorMode>
                <width>4</width>
            </LineStyle>
        </Style>
        <Style id="67036">
            <LineStyle id="67037">
                <color>ff356615</color>
                <colorMode>normal</colorMode>
                <width>4</width>
            </LineStyle>
        </Style>
        <Style id="67040">
            <LineStyle id="67041">
                <color>ff356615</color>
                <colorMode>normal</colorMode>
                <width>4</width>
            </LineStyle>
        </Style>
        <Style id="67044">
            <LineStyle id="67045">
                <color>ff356615</color>
                <colorMode>normal</colorMode>
                <width>4</width>
            </LineStyle>
        </Style>
        <Style id="67048">
            <LineStyle id="67049">
                <color>ff356615</color>
                <colorMode>normal</colorMode>
                <width>4</width>
            </LineStyle>
        </Style>
        <Style id="67052">
            <LineStyle id="67053">
                <color>ff356615</color>
                <colorMode>normal</colorMode>
                <width>4</width>
            </LineStyle>
        </Style>
        <Style id="67056">
            <LineStyle id="67057">
                <color>ff356615</color>
                <colorMode>normal</colorMode>
                <width>4</width>
            </LineStyle>
        </Style>
        <Style id="67060">
            <LineStyle id="67061">
                <color>ff356615</color>
                <colorMode>normal</colorMode>
                <width>4</width>
            </LineStyle>
        </Style>
        <Style id="67064">
            <LineStyle id="67065">
                <color>ff356615</color>
                <colorMode>normal</colorMode>
                <width>4</width>
            </LineStyle>
        </Style>
        <Style id="67068">
            <LineStyle id="67069">
                <color>ff356615</color>
                <colorMode>normal</colorMode>
                <width>4</width>
            </LineStyle>
        </Style>
        <Style id="67072">
            <LineStyle id="67073">
                <color>ff356615</color>
                <colorMode>normal</colorMode>
                <width>4</width>
            </LineStyle>
        </Style>
        <Style id="67076">
            <LineStyle id="67077">
                <color>ff356615</color>
                <colorMode>normal</colorMode>
                <width>4</width>
            </LineStyle>
        </Style>
        <Style id="67080">
            <LineStyle id="67081">
                <color>ff356615</color>
                <colorMode>normal</colorMode>
                <width>4</width>
            </LineStyle>
        </Style>
        <Style id="67084">
            <LineStyle id="67085">
                <color>ff356615</color>
                <colorMode>normal</colorMode>
                <width>4</width>
            </LineStyle>
        </Style>
        <Style id="67088">
            <LineStyle id="67089">
                <color>ff356615</color>
                <colorMode>normal</colorMode>
                <width>4</width>
            </LineStyle>
        </Style>
        <Style id="67092">
            <LineStyle id="67093">
                <color>ff356615</color>
                <colorMode>normal</colorMode>
                <width>4</width>
            </LineStyle>
        </Style>
        <Style id="67096">
            <LineStyle id="67097">
                <color>ff356615</color>
                <colorMode>normal</colorMode>
                <width>4</width>
            </LineStyle>
        </Style>
        <Style id="67100">
            <LineStyle id="67101">
                <color>ff356615</color>
                <colorMode>normal</colorMode>
                <width>4</width>
            </LineStyle>
        </Style>
        <Style id="67104">
            <LineStyle id="67105">
                <color>ff356615</color>
                <colorMode>normal</colorMode>
                <width>4</width>
            </LineStyle>
        </Style>
        <Style id="67108">
            <LineStyle id="67109">
                <color>ff356615</color>
                <colorMode>normal</colorMode>
                <width>4</width>
            </LineStyle>
        </Style>
        <Style id="67112">
            <LineStyle id="67113">
                <color>ff356615</color>
                <colorMode>normal</colorMode>
                <width>4</width>
            </LineStyle>
        </Style>
        <Style id="67116">
            <LineStyle id="67117">
                <color>ff356615</color>
                <colorMode>normal</colorMode>
                <width>4</width>
            </LineStyle>
        </Style>
        <Style id="67120">
            <LineStyle id="67121">
                <color>ff356615</color>
                <colorMode>normal</colorMode>
                <width>4</width>
            </LineStyle>
        </Style>
        <Style id="67124">
            <LineStyle id="67125">
                <color>ff356615</color>
                <colorMode>normal</colorMode>
                <width>4</width>
            </LineStyle>
        </Style>
        <Style id="67128">
            <LineStyle id="67129">
                <color>ff356615</color>
                <colorMode>normal</colorMode>
                <width>4</width>
            </LineStyle>
        </Style>
        <Style id="67132">
            <LineStyle id="67133">
                <color>ff356615</color>
                <colorMode>normal</colorMode>
                <width>4</width>
            </LineStyle>
        </Style>
        <Style id="67136">
            <LineStyle id="67137">
                <color>ff356615</color>
                <colorMode>normal</colorMode>
                <width>4</width>
            </LineStyle>
        </Style>
        <Style id="67140">
            <LineStyle id="67141">
                <color>ff356615</color>
                <colorMode>normal</colorMode>
                <width>4</width>
            </LineStyle>
        </Style>
        <Style id="67144">
            <LineStyle id="67145">
                <color>ff356615</color>
                <colorMode>normal</colorMode>
                <width>4</width>
            </LineStyle>
        </Style>
        <Style id="67148">
            <LineStyle id="67149">
                <color>ff356615</color>
                <colorMode>normal</colorMode>
                <width>4</width>
            </LineStyle>
        </Style>
        <Style id="67152">
            <LineStyle id="67153">
                <color>ff356615</color>
                <colorMode>normal</colorMode>
                <width>4</width>
            </LineStyle>
        </Style>
        <Style id="67156">
            <LineStyle id="67157">
                <color>ff356615</color>
                <colorMode>normal</colorMode>
                <width>4</width>
            </LineStyle>
        </Style>
        <Style id="67160">
            <LineStyle id="67161">
                <color>ff356615</color>
                <colorMode>normal</colorMode>
                <width>4</width>
            </LineStyle>
        </Style>
        <Style id="67164">
            <LineStyle id="67165">
                <color>ff356615</color>
                <colorMode>normal</colorMode>
                <width>4</width>
            </LineStyle>
        </Style>
        <Style id="67168">
            <LineStyle id="67169">
                <color>ff356615</color>
                <colorMode>normal</colorMode>
                <width>4</width>
            </LineStyle>
        </Style>
        <Style id="67172">
            <LineStyle id="67173">
                <color>ff356615</color>
                <colorMode>normal</colorMode>
                <width>4</width>
            </LineStyle>
        </Style>
        <Style id="67176">
            <LineStyle id="67177">
                <color>ff356615</color>
                <colorMode>normal</colorMode>
                <width>4</width>
            </LineStyle>
        </Style>
        <Style id="67180">
            <LineStyle id="67181">
                <color>ff356615</color>
                <colorMode>normal</colorMode>
                <width>4</width>
            </LineStyle>
        </Style>
        <Style id="67184">
            <LineStyle id="67185">
                <color>ff356615</color>
                <colorMode>normal</colorMode>
                <width>4</width>
            </LineStyle>
        </Style>
        <Style id="67188">
            <LineStyle id="67189">
                <color>ff356615</color>
                <colorMode>normal</colorMode>
                <width>4</width>
            </LineStyle>
        </Style>
        <Style id="67192">
            <LineStyle id="67193">
                <color>ff356615</color>
                <colorMode>normal</colorMode>
                <width>4</width>
            </LineStyle>
        </Style>
        <Style id="67196">
            <LineStyle id="67197">
                <color>ff356615</color>
                <colorMode>normal</colorMode>
                <width>4</width>
            </LineStyle>
        </Style>
        <Style id="67200">
            <LineStyle id="67201">
                <color>ff356615</color>
                <colorMode>normal</colorMode>
                <width>4</width>
            </LineStyle>
        </Style>
        <Style id="67204">
            <LineStyle id="67205">
                <color>ff356615</color>
                <colorMode>normal</colorMode>
                <width>4</width>
            </LineStyle>
        </Style>
        <Style id="67208">
            <LineStyle id="67209">
                <color>ff356615</color>
                <colorMode>normal</colorMode>
                <width>4</width>
            </LineStyle>
        </Style>
        <Style id="67212">
            <LineStyle id="67213">
                <color>ff356615</color>
                <colorMode>normal</colorMode>
                <width>4</width>
            </LineStyle>
        </Style>
        <Style id="67216">
            <LineStyle id="67217">
                <color>ff356615</color>
                <colorMode>normal</colorMode>
                <width>4</width>
            </LineStyle>
        </Style>
        <Style id="67220">
            <LineStyle id="67221">
                <color>ff356615</color>
                <colorMode>normal</colorMode>
                <width>4</width>
            </LineStyle>
        </Style>
        <Style id="67224">
            <LineStyle id="67225">
                <color>ff356615</color>
                <colorMode>normal</colorMode>
                <width>4</width>
            </LineStyle>
        </Style>
        <Style id="67228">
            <LineStyle id="67229">
                <color>ff356615</color>
                <colorMode>normal</colorMode>
                <width>4</width>
            </LineStyle>
        </Style>
        <Style id="67232">
            <LineStyle id="67233">
                <color>ff356615</color>
                <colorMode>normal</colorMode>
                <width>4</width>
            </LineStyle>
        </Style>
        <Style id="67236">
            <LineStyle id="67237">
                <color>ff356615</color>
                <colorMode>normal</colorMode>
                <width>4</width>
            </LineStyle>
        </Style>
        <Style id="67240">
            <LineStyle id="67241">
                <color>ff356615</color>
                <colorMode>normal</colorMode>
                <width>4</width>
            </LineStyle>
        </Style>
        <Style id="67244">
            <LineStyle id="67245">
                <color>ff356615</color>
                <colorMode>normal</colorMode>
                <width>4</width>
            </LineStyle>
        </Style>
        <Style id="67248">
            <LineStyle id="67249">
                <color>ff356615</color>
                <colorMode>normal</colorMode>
                <width>4</width>
            </LineStyle>
        </Style>
        <Style id="67252">
            <LineStyle id="67253">
                <color>ff356615</color>
                <colorMode>normal</colorMode>
                <width>4</width>
            </LineStyle>
        </Style>
        <Style id="67256">
            <LineStyle id="67257">
                <color>ff356615</color>
                <colorMode>normal</colorMode>
                <width>4</width>
            </LineStyle>
        </Style>
        <Style id="67260">
            <LineStyle id="67261">
                <color>ff356615</color>
                <colorMode>normal</colorMode>
                <width>4</width>
            </LineStyle>
        </Style>
        <Style id="67264">
            <LineStyle id="67265">
                <color>ff356615</color>
                <colorMode>normal</colorMode>
                <width>4</width>
            </LineStyle>
        </Style>
        <Style id="67268">
            <LineStyle id="67269">
                <color>ff356615</color>
                <colorMode>normal</colorMode>
                <width>4</width>
            </LineStyle>
        </Style>
        <Style id="67272">
            <LineStyle id="67273">
                <color>ff356615</color>
                <colorMode>normal</colorMode>
                <width>4</width>
            </LineStyle>
        </Style>
        <Style id="67276">
            <LineStyle id="67277">
                <color>ff356615</color>
                <colorMode>normal</colorMode>
                <width>4</width>
            </LineStyle>
        </Style>
        <Style id="67280">
            <LineStyle id="67281">
                <color>ff356615</color>
                <colorMode>normal</colorMode>
                <width>4</width>
            </LineStyle>
        </Style>
        <Style id="67284">
            <LineStyle id="67285">
                <color>ff356615</color>
                <colorMode>normal</colorMode>
                <width>4</width>
            </LineStyle>
        </Style>
        <Style id="67288">
            <LineStyle id="67289">
                <color>ff356615</color>
                <colorMode>normal</colorMode>
                <width>4</width>
            </LineStyle>
        </Style>
        <Style id="67292">
            <LineStyle id="67293">
                <color>ff356615</color>
                <colorMode>normal</colorMode>
                <width>4</width>
            </LineStyle>
        </Style>
        <Style id="67296">
            <LineStyle id="67297">
                <color>ff356615</color>
                <colorMode>normal</colorMode>
                <width>4</width>
            </LineStyle>
        </Style>
        <Style id="67300">
            <LineStyle id="67301">
                <color>ff356615</color>
                <colorMode>normal</colorMode>
                <width>4</width>
            </LineStyle>
        </Style>
        <Style id="67304">
            <LineStyle id="67305">
                <color>ff356615</color>
                <colorMode>normal</colorMode>
                <width>4</width>
            </LineStyle>
        </Style>
        <Style id="67308">
            <LineStyle id="67309">
                <color>ff356615</color>
                <colorMode>normal</colorMode>
                <width>4</width>
            </LineStyle>
        </Style>
        <Style id="67312">
            <LineStyle id="67313">
                <color>ff356615</color>
                <colorMode>normal</colorMode>
                <width>4</width>
            </LineStyle>
        </Style>
        <Style id="67316">
            <LineStyle id="67317">
                <color>ff356615</color>
                <colorMode>normal</colorMode>
                <width>4</width>
            </LineStyle>
        </Style>
        <Style id="67320">
            <LineStyle id="67321">
                <color>ff356615</color>
                <colorMode>normal</colorMode>
                <width>4</width>
            </LineStyle>
        </Style>
        <Style id="67324">
            <LineStyle id="67325">
                <color>ff356615</color>
                <colorMode>normal</colorMode>
                <width>4</width>
            </LineStyle>
        </Style>
        <Style id="67328">
            <LineStyle id="67329">
                <color>ff356615</color>
                <colorMode>normal</colorMode>
                <width>4</width>
            </LineStyle>
        </Style>
        <Style id="67332">
            <LineStyle id="67333">
                <color>ff356615</color>
                <colorMode>normal</colorMode>
                <width>4</width>
            </LineStyle>
        </Style>
        <Style id="67336">
            <LineStyle id="67337">
                <color>ff356615</color>
                <colorMode>normal</colorMode>
                <width>4</width>
            </LineStyle>
        </Style>
        <Style id="67340">
            <LineStyle id="67341">
                <color>ff356615</color>
                <colorMode>normal</colorMode>
                <width>4</width>
            </LineStyle>
        </Style>
        <Style id="67344">
            <LineStyle id="67345">
                <color>ff356615</color>
                <colorMode>normal</colorMode>
                <width>4</width>
            </LineStyle>
        </Style>
        <Style id="67348">
            <LineStyle id="67349">
                <color>ff356615</color>
                <colorMode>normal</colorMode>
                <width>4</width>
            </LineStyle>
        </Style>
        <Style id="67352">
            <LineStyle id="67353">
                <color>ff356615</color>
                <colorMode>normal</colorMode>
                <width>4</width>
            </LineStyle>
        </Style>
        <Style id="67356">
            <LineStyle id="67357">
                <color>ff356615</color>
                <colorMode>normal</colorMode>
                <width>4</width>
            </LineStyle>
        </Style>
        <Style id="67360">
            <LineStyle id="67361">
                <color>ff356615</color>
                <colorMode>normal</colorMode>
                <width>4</width>
            </LineStyle>
        </Style>
        <Style id="67364">
            <LineStyle id="67365">
                <color>ff356615</color>
                <colorMode>normal</colorMode>
                <width>4</width>
            </LineStyle>
        </Style>
        <Style id="67368">
            <LineStyle id="67369">
                <color>ff356615</color>
                <colorMode>normal</colorMode>
                <width>4</width>
            </LineStyle>
        </Style>
        <Style id="67372">
            <LineStyle id="67373">
                <color>ff356615</color>
                <colorMode>normal</colorMode>
                <width>4</width>
            </LineStyle>
        </Style>
        <Style id="67376">
            <LineStyle id="67377">
                <color>ff356615</color>
                <colorMode>normal</colorMode>
                <width>4</width>
            </LineStyle>
        </Style>
        <Style id="67380">
            <LineStyle id="67381">
                <color>ff356615</color>
                <colorMode>normal</colorMode>
                <width>4</width>
            </LineStyle>
        </Style>
        <Style id="67384">
            <LineStyle id="67385">
                <color>ff356615</color>
                <colorMode>normal</colorMode>
                <width>4</width>
            </LineStyle>
        </Style>
        <Style id="67388">
            <LineStyle id="67389">
                <color>ff356615</color>
                <colorMode>normal</colorMode>
                <width>4</width>
            </LineStyle>
        </Style>
        <Style id="67392">
            <LineStyle id="67393">
                <color>ff356615</color>
                <colorMode>normal</colorMode>
                <width>4</width>
            </LineStyle>
        </Style>
        <Style id="67396">
            <LineStyle id="67397">
                <color>ff356615</color>
                <colorMode>normal</colorMode>
                <width>4</width>
            </LineStyle>
        </Style>
        <Style id="67400">
            <LineStyle id="67401">
                <color>ff356615</color>
                <colorMode>normal</colorMode>
                <width>4</width>
            </LineStyle>
        </Style>
        <Style id="67404">
            <LineStyle id="67405">
                <color>ff356615</color>
                <colorMode>normal</colorMode>
                <width>4</width>
            </LineStyle>
        </Style>
        <Style id="67408">
            <LineStyle id="67409">
                <color>ff356615</color>
                <colorMode>normal</colorMode>
                <width>4</width>
            </LineStyle>
        </Style>
        <Style id="67412">
            <LineStyle id="67413">
                <color>ff356615</color>
                <colorMode>normal</colorMode>
                <width>4</width>
            </LineStyle>
        </Style>
        <Style id="67416">
            <LineStyle id="67417">
                <color>ff356615</color>
                <colorMode>normal</colorMode>
                <width>4</width>
            </LineStyle>
        </Style>
        <Style id="67420">
            <LineStyle id="67421">
                <color>ff356615</color>
                <colorMode>normal</colorMode>
                <width>4</width>
            </LineStyle>
        </Style>
        <Style id="67424">
            <LineStyle id="67425">
                <color>ff356615</color>
                <colorMode>normal</colorMode>
                <width>4</width>
            </LineStyle>
        </Style>
        <Style id="67428">
            <LineStyle id="67429">
                <color>ff356615</color>
                <colorMode>normal</colorMode>
                <width>4</width>
            </LineStyle>
        </Style>
        <Style id="67432">
            <LineStyle id="67433">
                <color>ff356615</color>
                <colorMode>normal</colorMode>
                <width>4</width>
            </LineStyle>
        </Style>
        <Style id="67436">
            <LineStyle id="67437">
                <color>ff356615</color>
                <colorMode>normal</colorMode>
                <width>4</width>
            </LineStyle>
        </Style>
        <Style id="67440">
            <LineStyle id="67441">
                <color>ff356615</color>
                <colorMode>normal</colorMode>
                <width>4</width>
            </LineStyle>
        </Style>
        <Style id="67444">
            <LineStyle id="67445">
                <color>ff356615</color>
                <colorMode>normal</colorMode>
                <width>4</width>
            </LineStyle>
        </Style>
        <Style id="67448">
            <LineStyle id="67449">
                <color>ff356615</color>
                <colorMode>normal</colorMode>
                <width>4</width>
            </LineStyle>
        </Style>
        <Style id="67452">
            <LineStyle id="67453">
                <color>ff356615</color>
                <colorMode>normal</colorMode>
                <width>4</width>
            </LineStyle>
        </Style>
        <Style id="67456">
            <LineStyle id="67457">
                <color>ff356615</color>
                <colorMode>normal</colorMode>
                <width>4</width>
            </LineStyle>
        </Style>
        <Style id="67460">
            <LineStyle id="67461">
                <color>ff356615</color>
                <colorMode>normal</colorMode>
                <width>4</width>
            </LineStyle>
        </Style>
        <Style id="67464">
            <LineStyle id="67465">
                <color>ff356615</color>
                <colorMode>normal</colorMode>
                <width>4</width>
            </LineStyle>
        </Style>
        <Style id="67468">
            <LineStyle id="67469">
                <color>ff356615</color>
                <colorMode>normal</colorMode>
                <width>4</width>
            </LineStyle>
        </Style>
        <Style id="67472">
            <LineStyle id="67473">
                <color>ff356615</color>
                <colorMode>normal</colorMode>
                <width>4</width>
            </LineStyle>
        </Style>
        <Style id="67476">
            <LineStyle id="67477">
                <color>ff356615</color>
                <colorMode>normal</colorMode>
                <width>4</width>
            </LineStyle>
        </Style>
        <Style id="67480">
            <LineStyle id="67481">
                <color>ff356615</color>
                <colorMode>normal</colorMode>
                <width>4</width>
            </LineStyle>
        </Style>
        <Style id="67484">
            <LineStyle id="67485">
                <color>ff356615</color>
                <colorMode>normal</colorMode>
                <width>4</width>
            </LineStyle>
        </Style>
        <Style id="67488">
            <LineStyle id="67489">
                <color>ff356615</color>
                <colorMode>normal</colorMode>
                <width>4</width>
            </LineStyle>
        </Style>
        <Style id="67492">
            <LineStyle id="67493">
                <color>ff356615</color>
                <colorMode>normal</colorMode>
                <width>4</width>
            </LineStyle>
        </Style>
        <Style id="67496">
            <LineStyle id="67497">
                <color>ff356615</color>
                <colorMode>normal</colorMode>
                <width>4</width>
            </LineStyle>
        </Style>
        <Style id="67500">
            <LineStyle id="67501">
                <color>ff356615</color>
                <colorMode>normal</colorMode>
                <width>4</width>
            </LineStyle>
        </Style>
        <Style id="67504">
            <LineStyle id="67505">
                <color>ff356615</color>
                <colorMode>normal</colorMode>
                <width>4</width>
            </LineStyle>
        </Style>
        <Style id="67508">
            <LineStyle id="67509">
                <color>ff356615</color>
                <colorMode>normal</colorMode>
                <width>4</width>
            </LineStyle>
        </Style>
        <Style id="67512">
            <LineStyle id="67513">
                <color>ff356615</color>
                <colorMode>normal</colorMode>
                <width>4</width>
            </LineStyle>
        </Style>
        <Style id="67516">
            <LineStyle id="67517">
                <color>ff356615</color>
                <colorMode>normal</colorMode>
                <width>4</width>
            </LineStyle>
        </Style>
        <Style id="67520">
            <LineStyle id="67521">
                <color>ff356615</color>
                <colorMode>normal</colorMode>
                <width>4</width>
            </LineStyle>
        </Style>
        <Style id="67524">
            <LineStyle id="67525">
                <color>ff356615</color>
                <colorMode>normal</colorMode>
                <width>4</width>
            </LineStyle>
        </Style>
        <Style id="67528">
            <LineStyle id="67529">
                <color>ff356615</color>
                <colorMode>normal</colorMode>
                <width>4</width>
            </LineStyle>
        </Style>
        <Style id="67532">
            <LineStyle id="67533">
                <color>ff356615</color>
                <colorMode>normal</colorMode>
                <width>4</width>
            </LineStyle>
        </Style>
        <Style id="67536">
            <LineStyle id="67537">
                <color>ff356615</color>
                <colorMode>normal</colorMode>
                <width>4</width>
            </LineStyle>
        </Style>
        <Style id="67540">
            <LineStyle id="67541">
                <color>ff356615</color>
                <colorMode>normal</colorMode>
                <width>4</width>
            </LineStyle>
        </Style>
        <Style id="67544">
            <LineStyle id="67545">
                <color>ff356615</color>
                <colorMode>normal</colorMode>
                <width>4</width>
            </LineStyle>
        </Style>
        <Style id="67548">
            <LineStyle id="67549">
                <color>ff356615</color>
                <colorMode>normal</colorMode>
                <width>4</width>
            </LineStyle>
        </Style>
        <Style id="67552">
            <LineStyle id="67553">
                <color>ff356615</color>
                <colorMode>normal</colorMode>
                <width>4</width>
            </LineStyle>
        </Style>
        <Style id="67556">
            <LineStyle id="67557">
                <color>ff356615</color>
                <colorMode>normal</colorMode>
                <width>4</width>
            </LineStyle>
        </Style>
        <Style id="67560">
            <LineStyle id="67561">
                <color>ff356615</color>
                <colorMode>normal</colorMode>
                <width>4</width>
            </LineStyle>
        </Style>
        <Style id="67564">
            <LineStyle id="67565">
                <color>ff356615</color>
                <colorMode>normal</colorMode>
                <width>4</width>
            </LineStyle>
        </Style>
        <Style id="67568">
            <LineStyle id="67569">
                <color>ff356615</color>
                <colorMode>normal</colorMode>
                <width>4</width>
            </LineStyle>
        </Style>
        <Style id="67572">
            <LineStyle id="67573">
                <color>ff356615</color>
                <colorMode>normal</colorMode>
                <width>4</width>
            </LineStyle>
        </Style>
        <Style id="67576">
            <LineStyle id="67577">
                <color>ff356615</color>
                <colorMode>normal</colorMode>
                <width>4</width>
            </LineStyle>
        </Style>
        <Style id="67580">
            <LineStyle id="67581">
                <color>ff356615</color>
                <colorMode>normal</colorMode>
                <width>4</width>
            </LineStyle>
        </Style>
        <Style id="67584">
            <LineStyle id="67585">
                <color>ff356615</color>
                <colorMode>normal</colorMode>
                <width>4</width>
            </LineStyle>
        </Style>
        <Style id="67588">
            <LineStyle id="67589">
                <color>ff356615</color>
                <colorMode>normal</colorMode>
                <width>4</width>
            </LineStyle>
        </Style>
        <Style id="67592">
            <LineStyle id="67593">
                <color>ff356615</color>
                <colorMode>normal</colorMode>
                <width>4</width>
            </LineStyle>
        </Style>
        <Style id="67596">
            <LineStyle id="67597">
                <color>ff356615</color>
                <colorMode>normal</colorMode>
                <width>4</width>
            </LineStyle>
        </Style>
        <Style id="67600">
            <LineStyle id="67601">
                <color>ff356615</color>
                <colorMode>normal</colorMode>
                <width>4</width>
            </LineStyle>
        </Style>
        <Style id="67604">
            <LineStyle id="67605">
                <color>ff356615</color>
                <colorMode>normal</colorMode>
                <width>4</width>
            </LineStyle>
        </Style>
        <Style id="67608">
            <LineStyle id="67609">
                <color>ff356615</color>
                <colorMode>normal</colorMode>
                <width>4</width>
            </LineStyle>
        </Style>
        <Style id="67612">
            <LineStyle id="67613">
                <color>ff356615</color>
                <colorMode>normal</colorMode>
                <width>4</width>
            </LineStyle>
        </Style>
        <Style id="67616">
            <LineStyle id="67617">
                <color>ff356615</color>
                <colorMode>normal</colorMode>
                <width>4</width>
            </LineStyle>
        </Style>
        <Style id="67620">
            <LineStyle id="67621">
                <color>ff356615</color>
                <colorMode>normal</colorMode>
                <width>4</width>
            </LineStyle>
        </Style>
        <Style id="67624">
            <LineStyle id="67625">
                <color>ff356615</color>
                <colorMode>normal</colorMode>
                <width>4</width>
            </LineStyle>
        </Style>
        <Style id="67628">
            <LineStyle id="67629">
                <color>ff356615</color>
                <colorMode>normal</colorMode>
                <width>4</width>
            </LineStyle>
        </Style>
        <Style id="67632">
            <LineStyle id="67633">
                <color>ff356615</color>
                <colorMode>normal</colorMode>
                <width>4</width>
            </LineStyle>
        </Style>
        <Style id="67636">
            <LineStyle id="67637">
                <color>ff356615</color>
                <colorMode>normal</colorMode>
                <width>4</width>
            </LineStyle>
        </Style>
        <ExtendedData>
            <Data name="route-name">
                <value>Stasiun Hall → Cimahi → Padalarang</value>
            </Data>
            <Data name="source">
                <value>Transport for Bandung</value>
            </Data>
        </ExtendedData>
        <Placemark id="66981">
            <name>Stasiun Hall</name>
            <styleUrl>#66982</styleUrl>
            <Point id="66980">
                <coordinates>107.6024325,-6.9161432,0.0</coordinates>
            </Point>
        </Placemark>
        <Placemark id="66986">
            <name>Simpang Pasar Tagog</name>
            <styleUrl>#66987</styleUrl>
            <Point id="66985">
                <coordinates>107.4850025,-6.8425857,0.0</coordinates>
            </Point>
        </Placemark>
        <Placemark id="66991">
            <name>Jalan Kebon Kawung</name>
            <styleUrl>#66992</styleUrl>
            <LineString id="66990">
                <coordinates>107.5982527,-6.912368,0.0 107.5981735,-6.9123668,0.0 107.5980964,-6.9123486,0.0 107.5980334,-6.9123085,0.0 107.5979805,-6.912262,0.0</coordinates>
            </LineString>
        </Placemark>
        <Placemark id="66995">
            <name>Jalan Kebon Kawung</name>
            <styleUrl>#66996</styleUrl>
            <LineString id="66994">
                <coordinates>107.6019305,-6.9125353,0.0 107.601745,-6.9125245,0.0</coordinates>
            </LineString>
        </Placemark>
        <Placemark id="66999">
            <name>Jalan Jendral Sudirman</name>
            <styleUrl>#67000</styleUrl>
            <LineString id="66998">
                <coordinates>107.5741991,-6.9172935,0.0 107.5741057,-6.9172433,0.0 107.5739928,-6.9171937,0.0 107.5739676,-6.9171826,0.0 107.5739351,-6.917172,0.0 107.5737577,-6.9170672,0.0 107.57361,-6.916953,0.0 107.5735023,-6.9168687,0.0 107.5731624,-6.916607,0.0 107.5730285,-6.9164995,0.0 107.5725721,-6.916133,0.0</coordinates>
            </LineString>
        </Placemark>
        <Placemark id="67003">
            <name>Jalan Stasiun Timur</name>
            <styleUrl>#67004</styleUrl>
            <LineString id="67002">
                <coordinates>107.6045889,-6.9148224,0.0 107.6045944,-6.9147921,0.0 107.6046031,-6.9147807,0.0 107.6046151,-6.914765,0.0 107.6046317,-6.9147543,0.0 107.6046427,-6.9147472,0.0 107.6046716,-6.9147379,0.0 107.6047205,-6.914736,0.0 107.6053917,-6.9148138,0.0 107.6063544,-6.9149336,0.0 107.6064066,-6.9149399,0.0</coordinates>
            </LineString>
        </Placemark>
        <Placemark id="67007">
            <name>Jalan Otto Iskandardinata</name>
            <styleUrl>#67008</styleUrl>
            <LineString id="67006">
                <coordinates>107.604546,-6.9153572,0.0 107.6045814,-6.9149387,0.0 107.6045889,-6.9148224,0.0</coordinates>
            </LineString>
        </Placemark>
        <Placemark id="67011">
            <name>Jalan Raya Purwakarta</name>
            <styleUrl>#67012</styleUrl>
            <LineString id="67010">
                <coordinates>107.484821,-6.8428924,0.0 107.4848596,-6.8428166,0.0 107.4848889,-6.8427625,0.0 107.4849302,-6.8426936,0.0 107.4850025,-6.8425857,0.0</coordinates>
            </LineString>
        </Placemark>
        <Placemark id="67015">
            <name>Jalan Kota Baru Parahyangan</name>
            <styleUrl>#67016</styleUrl>
            <LineString id="67014">
                <coordinates>107.4940543,-6.8517636,0.0 107.4940828,-6.8517621,0.0 107.4941082,-6.8517594,0.0 107.4941315,-6.851755,0.0 107.4941572,-6.8517482,0.0 107.4941813,-6.85174,0.0 107.4942078,-6.8517287,0.0 107.4942327,-6.851716,0.0 107.4942529,-6.8517024,0.0 107.4942697,-6.8516875,0.0 107.4942868,-6.8516703,0.0 107.4943012,-6.8516526,0.0 107.4946927,-6.8510954,0.0 107.4947508,-6.8510173,0.0 107.4948956,-6.8508267,0.0 107.4952692,-6.8503346,0.0</coordinates>
            </LineString>
        </Placemark>
        <Placemark id="67019">
            <name>Jalan Jenderal Sudirman</name>
            <styleUrl>#67020</styleUrl>
            <LineString id="67018">
                <coordinates>107.5363362,-6.8910777,0.0 107.5362772,-6.8910231,0.0 107.5361236,-6.8908514,0.0 107.5360646,-6.8907861,0.0 107.5359392,-6.8906307,0.0 107.5357518,-6.8904127,0.0 107.5352907,-6.8899109,0.0 107.535215,-6.8898285,0.0 107.5349721,-6.8895634,0.0 107.5346935,-6.8892537,0.0 107.5344404,-6.8889696,0.0 107.534337,-6.8888509,0.0</coordinates>
            </LineString>
        </Placemark>
        <Placemark id="67023">
            <name>Jalan Sisinga Mangaraja</name>
            <styleUrl>#67024</styleUrl>
            <LineString id="67022">
                <coordinates>107.5391134,-6.8717381,0.0 107.5386112,-6.8724568,0.0</coordinates>
            </LineString>
        </Placemark>
        <Placemark id="67027">
            <name>Jalan Pajajaran</name>
            <styleUrl>#67028</styleUrl>
            <LineString id="67026">
                <coordinates>107.5975328,-6.9064531,0.0 107.5972812,-6.9064634,0.0 107.5971648,-6.9064676,0.0 107.5970224,-6.9064779,0.0 107.5968205,-6.9064928,0.0</coordinates>
            </LineString>
        </Placemark>
        <Placemark id="67031">
            <name>Jalan HOS. Cokroaminoto</name>
            <styleUrl>#67032</styleUrl>
            <LineString id="67030">
                <coordinates>107.5976288,-6.9073749,0.0 107.5975909,-6.9072507,0.0 107.597581,-6.9071682,0.0 107.5975322,-6.9065723,0.0 107.5975328,-6.9064531,0.0</coordinates>
            </LineString>
        </Placemark>
        <Placemark id="67035">
            <name>Jalan Kebon Kawung</name>
            <styleUrl>#67036</styleUrl>
            <LineString id="67034">
                <coordinates>107.6041426,-6.9127091,0.0 107.603885,-6.9126611,0.0</coordinates>
            </LineString>
        </Placemark>
        <Placemark id="67039">
            <name>Jalan Underpass Ir. Soekarno</name>
            <styleUrl>#67040</styleUrl>
            <LineString id="67038">
                <coordinates>107.5350132,-6.8840951,0.0 107.5351713,-6.8839398,0.0 107.535726,-6.8834335,0.0 107.5359996,-6.8831994,0.0 107.5363838,-6.8828662,0.0</coordinates>
            </LineString>
        </Placemark>
        <Placemark id="67043">
            <name>Jalan HOS. Cokroaminoto</name>
            <styleUrl>#67044</styleUrl>
            <LineString id="67042">
                <coordinates>107.5979469,-6.9117824,0.0 107.5979313,-6.9116207,0.0</coordinates>
            </LineString>
        </Placemark>
        <Placemark id="67047">
            <name>Jalan Abdul Rahman Saleh</name>
            <styleUrl>#67048</styleUrl>
            <LineString id="67046">
                <coordinates>107.5859779,-6.9071842,0.0 107.5857665,-6.9072225,0.0 107.5856786,-6.9072381,0.0 107.5855372,-6.9072632,0.0 107.5854036,-6.907287,0.0 107.5852567,-6.9073131,0.0 107.5852174,-6.9073192,0.0 107.5850679,-6.9073423,0.0 107.5845137,-6.9074213,0.0 107.584189,-6.9074748,0.0 107.583989,-6.9075077,0.0 107.5838295,-6.9075339,0.0 107.5835821,-6.9075711,0.0 107.5834514,-6.9075864,0.0 107.5831743,-6.9076187,0.0 107.5830144,-6.907635,0.0 107.5826641,-6.9076608,0.0 107.5824393,-6.9076623,0.0 107.5822772,-6.9076634,0.0 107.5817406,-6.9076453,0.0 107.5811738,-6.9075993,0.0</coordinates>
            </LineString>
        </Placemark>
        <Placemark id="67051">
            <name>Jalan Garuda</name>
            <styleUrl>#67052</styleUrl>
            <LineString id="67050">
                <coordinates>107.5783486,-6.9103499,0.0 107.5782065,-6.910981,0.0 107.5781807,-6.9110965,0.0 107.5780214,-6.9117553,0.0</coordinates>
            </LineString>
        </Placemark>
        <Placemark id="67055">
            <name>Jalan Jend. H. Amir Machmud</name>
            <styleUrl>#67056</styleUrl>
            <LineString id="67054">
                <coordinates>107.5619186,-6.8987547,0.0 107.561722,-6.8984577,0.0 107.5612358,-6.8977129,0.0 107.5609323,-6.8972252,0.0</coordinates>
            </LineString>
        </Placemark>
        <Placemark id="67059">
            <name>Jalan Gatot Subroto</name>
            <styleUrl>#67060</styleUrl>
            <LineString id="67058">
                <coordinates>107.543373,-6.8808407,0.0 107.5433647,-6.8809047,0.0 107.5433309,-6.8809721,0.0 107.5432803,-6.8810407,0.0 107.5432062,-6.8811229,0.0</coordinates>
            </LineString>
        </Placemark>
        <Placemark id="67063">
            <name>Jalan Raya Gadobangkong</name>
            <styleUrl>#67064</styleUrl>
            <LineString id="67062">
                <coordinates>107.5156622,-6.866132,0.0 107.5160919,-6.8663299,0.0</coordinates>
            </LineString>
        </Placemark>
        <Placemark id="67067">
            <name>Jalan Raya Gadobangkong</name>
            <styleUrl>#67068</styleUrl>
            <LineString id="67066">
                <coordinates>107.5169868,-6.8667469,0.0 107.5172135,-6.866858,0.0 107.5174342,-6.8669686,0.0 107.5176534,-6.8670757,0.0 107.5178625,-6.8671767,0.0 107.5179976,-6.8672401,0.0 107.5183058,-6.8673783,0.0 107.5183672,-6.8673963,0.0 107.5185612,-6.8674533,0.0 107.5190095,-6.8675906,0.0 107.5190798,-6.8676144,0.0 107.5191264,-6.8676288,0.0 107.5191731,-6.8676432,0.0 107.5195447,-6.8677576,0.0 107.5196849,-6.8678007,0.0 107.5200389,-6.8679097,0.0 107.5201726,-6.8679508,0.0 107.5207876,-6.868147,0.0 107.5208297,-6.8681604,0.0 107.5209164,-6.8681885,0.0 107.5212073,-6.8682829,0.0 107.521271,-6.8683036,0.0 107.5214983,-6.8683763,0.0 107.5216087,-6.8684028,0.0 107.5217268,-6.8684273,0.0 107.521842,-6.8684414,0.0 107.5220823,-6.8684515,0.0</coordinates>
            </LineString>
        </Placemark>
        <Placemark id="67071">
            <name>Jalan Suniaraja</name>
            <styleUrl>#67072</styleUrl>
            <LineString id="67070">
                <coordinates>107.6027081,-6.91612,0.0 107.6031079,-6.9160834,0.0</coordinates>
            </LineString>
        </Placemark>
        <Placemark id="67075">
            <name>Jalan Suniaraja</name>
            <styleUrl>#67076</styleUrl>
            <LineString id="67074">
                <coordinates>107.6024325,-6.9161432,0.0 107.6025481,-6.9161309,0.0 107.6027081,-6.91612,0.0</coordinates>
            </LineString>
        </Placemark>
        <Placemark id="67079">
            <name>Jalan Jendral Sudirman</name>
            <styleUrl>#67080</styleUrl>
            <LineString id="67078">
                <coordinates>107.5766159,-6.9175515,0.0 107.5762592,-6.9175155,0.0 107.5760342,-6.9174893,0.0 107.5757932,-6.9174613,0.0 107.5756139,-6.9174409,0.0 107.5754537,-6.9174221,0.0 107.5751233,-6.9173833,0.0 107.5750142,-6.9173706,0.0 107.5747901,-6.9173287,0.0 107.5747047,-6.9173134,0.0 107.5746765,-6.9173067,0.0 107.5745601,-6.9172787,0.0</coordinates>
            </LineString>
        </Placemark>
        <Placemark id="67083">
            <name>Jalan Garuda</name>
            <styleUrl>#67084</styleUrl>
            <LineString id="67082">
                <coordinates>107.5776073,-6.9136496,0.0 107.5774382,-6.9143939,0.0 107.5772255,-6.9153302,0.0 107.5771848,-6.9155032,0.0 107.5771079,-6.9158293,0.0 107.5770623,-6.916012,0.0 107.5770472,-6.9160725,0.0 107.5770267,-6.9161661,0.0 107.5768707,-6.91682,0.0 107.5768513,-6.9168985,0.0 107.5768101,-6.9171039,0.0 107.5767538,-6.9173844,0.0</coordinates>
            </LineString>
        </Placemark>
        <Placemark id="67087">
            <name>Jalan Perintis Kemerdekaan</name>
            <styleUrl>#67088</styleUrl>
            <LineString id="67086">
                <coordinates>107.6070945,-6.9151362,0.0 107.6071194,-6.9149776,0.0 107.6071865,-6.9145473,0.0 107.6071931,-6.9145156,0.0</coordinates>
            </LineString>
        </Placemark>
        <Placemark id="67091">
            <name>Jalan Raya Padalarang</name>
            <styleUrl>#67092</styleUrl>
            <LineString id="67090">
                <coordinates>107.4971791,-6.8515469,0.0 107.4969746,-6.8514085,0.0 107.4968492,-6.8513115,0.0 107.4967542,-6.8512441,0.0 107.4966845,-6.8511983,0.0 107.4964572,-6.8510514,0.0 107.4964375,-6.8510397,0.0 107.4964198,-6.8510316,0.0 107.4964035,-6.8510262,0.0 107.4963876,-6.8510228,0.0 107.4963709,-6.8510211,0.0 107.4963507,-6.8510217,0.0</coordinates>
            </LineString>
        </Placemark>
        <Placemark id="67095">
            <name>Jalan HOS. Cokroaminoto</name>
            <styleUrl>#67096</styleUrl>
            <LineString id="67094">
                <coordinates>107.5979313,-6.9116207,0.0 107.5979188,-6.9114098,0.0 107.5978086,-6.909947,0.0 107.5978015,-6.9098566,0.0 107.5977774,-6.9094546,0.0 107.5977427,-6.9089045,0.0 107.5976909,-6.9082042,0.0 107.5976849,-6.9081059,0.0 107.5976772,-6.9080121,0.0 107.5976288,-6.9073749,0.0</coordinates>
            </LineString>
        </Placemark>
        <Placemark id="67099">
            <name>Jalan HOS. Cokroaminoto</name>
            <styleUrl>#67100</styleUrl>
            <LineString id="67098">
                <coordinates>107.5979805,-6.912262,0.0 107.5979469,-6.9117824,0.0</coordinates>
            </LineString>
        </Placemark>
        <Placemark id="67103">
            <name>Jalan Jendral Sudirman</name>
            <styleUrl>#67104</styleUrl>
            <LineString id="67102">
                <coordinates>107.5708773,-6.9135594,0.0 107.5707008,-6.9132508,0.0 107.5705747,-6.9130517,0.0 107.5703429,-6.9126894,0.0</coordinates>
            </LineString>
        </Placemark>
        <Placemark id="67107">
            <name>Jalan Kebon Jukut</name>
            <styleUrl>#67108</styleUrl>
            <LineString id="67106">
                <coordinates>107.6046031,-6.9144539,0.0 107.6046132,-6.9144687,0.0 107.6046449,-6.9144848,0.0 107.606675,-6.9147337,0.0 107.606787,-6.9147395,0.0 107.6068501,-6.9147298,0.0 107.6069016,-6.9147011,0.0 107.6069388,-6.9146561,0.0 107.606975,-6.9145811,0.0</coordinates>
            </LineString>
        </Placemark>
        <Placemark id="67111">
            <name>Jalan Jend. H. Amir Machmud</name>
            <styleUrl>#67112</styleUrl>
            <LineString id="67110">
                <coordinates>107.5584996,-6.89319,0.0 107.5583845,-6.8929942,0.0 107.5582968,-6.8928484,0.0 107.5582471,-6.892759,0.0 107.558126,-6.8925411,0.0 107.5580399,-6.8924036,0.0 107.5580255,-6.8923792,0.0 107.5579997,-6.8923353,0.0 107.5578961,-6.8921589,0.0 107.557751,-6.8919043,0.0 107.5575682,-6.8915839,0.0 107.557194,-6.8909422,0.0 107.5571049,-6.8907999,0.0 107.5566781,-6.8901125,0.0 107.5566284,-6.8900246,0.0 107.556216,-6.8893169,0.0 107.5561597,-6.8892257,0.0 107.5561065,-6.8891389,0.0 107.5556898,-6.8884357,0.0 107.5556524,-6.888377,0.0</coordinates>
            </LineString>
        </Placemark>
        <Placemark id="67115">
            <name>Jalan Jend. H. Amir Machmud</name>
            <styleUrl>#67116</styleUrl>
            <LineString id="67114">
                <coordinates>107.5359218,-6.8702457,0.0 107.5358294,-6.8702382,0.0 107.5355712,-6.8701428,0.0 107.535302,-6.8700476,0.0 107.5351164,-6.8699829,0.0 107.534761,-6.8698508,0.0</coordinates>
            </LineString>
        </Placemark>
        <Placemark id="67119">
            <name>Jalan Raya Simpang</name>
            <styleUrl>#67120</styleUrl>
            <LineString id="67118">
                <coordinates>107.4975965,-6.8527156,0.0 107.4975599,-6.8526317,0.0</coordinates>
            </LineString>
        </Placemark>
        <Placemark id="67123">
            <name>Jalan Baros</name>
            <styleUrl>#67124</styleUrl>
            <LineString id="67122">
                <coordinates>107.53735,-6.8878165,0.0 107.5372378,-6.8880721,0.0</coordinates>
            </LineString>
        </Placemark>
        <Placemark id="67127">
            <name>Jalan Gatot Subroto</name>
            <styleUrl>#67128</styleUrl>
            <LineString id="67126">
                <coordinates>107.5432961,-6.8803887,0.0 107.5433066,-6.8804909,0.0 107.5433251,-6.8805756,0.0 107.5433577,-6.8806906,0.0 107.5433483,-6.8807772,0.0</coordinates>
            </LineString>
        </Placemark>
        <Placemark id="67131">
            <name>Jalan Sriwijaya Raya</name>
            <styleUrl>#67132</styleUrl>
            <LineString id="67130">
                <coordinates>107.537175,-6.8821695,0.0 107.5373924,-6.8819808,0.0 107.5379177,-6.8815256,0.0 107.5383466,-6.8811511,0.0</coordinates>
            </LineString>
        </Placemark>
        <Placemark id="67135">
            <name>Jalan Raya Padalarang</name>
            <styleUrl>#67136</styleUrl>
            <LineString id="67134">
                <coordinates>107.49156,-6.8475022,0.0 107.4914836,-6.8474473,0.0 107.4910372,-6.8471267,0.0 107.4909821,-6.8470888,0.0 107.4909699,-6.8470781,0.0 107.490762,-6.8469264,0.0 107.4907359,-6.8469074,0.0 107.4906335,-6.8468393,0.0 107.4903123,-6.8466335,0.0 107.4901126,-6.8464761,0.0 107.4897814,-6.8462423,0.0 107.4896493,-6.8461438,0.0 107.4893529,-6.8459362,0.0 107.4892686,-6.8458772,0.0 107.4890069,-6.8456939,0.0 107.4889081,-6.8456314,0.0 107.4885606,-6.8453797,0.0 107.4885245,-6.8453524,0.0 107.488395,-6.8452706,0.0 107.4882293,-6.845166,0.0 107.487907,-6.8449428,0.0 107.4878649,-6.8449136,0.0 107.4878341,-6.8448923,0.0</coordinates>
            </LineString>
        </Placemark>
        <Placemark id="67139">
            <name>Jalan Gatot Subroto</name>
            <styleUrl>#67140</styleUrl>
            <LineString id="67138">
                <coordinates>107.5432062,-6.8811229,0.0 107.5427236,-6.8815424,0.0 107.5425515,-6.8816952,0.0 107.5420171,-6.8821655,0.0 107.541128,-6.8829322,0.0 107.540583,-6.8834021,0.0 107.5403441,-6.8836131,0.0 107.5400962,-6.8838343,0.0 107.5398211,-6.8840779,0.0 107.5392583,-6.8845608,0.0 107.5389646,-6.8848128,0.0 107.5386997,-6.8850437,0.0 107.5384248,-6.8852812,0.0 107.5381703,-6.8855067,0.0 107.5381511,-6.8855251,0.0 107.5381111,-6.8855586,0.0 107.5380634,-6.8855882,0.0</coordinates>
            </LineString>
        </Placemark>
        <Placemark id="67143">
            <name>Jalan Gatot Subroto</name>
            <styleUrl>#67144</styleUrl>
            <LineString id="67142">
                <coordinates>107.5433483,-6.8807772,0.0 107.543373,-6.8808407,0.0</coordinates>
            </LineString>
        </Placemark>
        <Placemark id="67147">
            <name>Jalan Gatot Subroto</name>
            <styleUrl>#67148</styleUrl>
            <LineString id="67146">
                <coordinates>107.5444652,-6.8783241,0.0 107.544451,-6.8783866,0.0 107.5443515,-6.8785233,0.0 107.5443133,-6.8785759,0.0 107.5441059,-6.8788685,0.0 107.5440248,-6.8789876,0.0 107.5439242,-6.8791339,0.0 107.5438905,-6.8791833,0.0 107.5438142,-6.8792937,0.0 107.5437554,-6.8793795,0.0 107.5437169,-6.8794368,0.0 107.543657,-6.8795243,0.0 107.5434841,-6.879778,0.0 107.5434454,-6.8798383,0.0 107.5433605,-6.8799929,0.0 107.5433193,-6.8801087,0.0 107.5432942,-6.8802472,0.0 107.5432923,-6.8803212,0.0 107.5432961,-6.8803887,0.0</coordinates>
            </LineString>
        </Placemark>
        <Placemark id="67151">
            <name>Route Segment</name>
            <styleUrl>#67152</styleUrl>
            <LineString id="67150">
                <coordinates>107.5396782,-6.880004,0.0 107.5397308,-6.8797098,0.0 107.5398213,-6.8791946,0.0 107.5398287,-6.8791606,0.0</coordinates>
            </LineString>
        </Placemark>
        <Placemark id="67155">
            <name>Jalan Sisingamangaraja</name>
            <styleUrl>#67156</styleUrl>
            <LineString id="67154">
                <coordinates>107.5398287,-6.8791606,0.0 107.5397533,-6.8791348,0.0 107.5395016,-6.8790697,0.0 107.5391401,-6.8789747,0.0 107.5391126,-6.8789597,0.0 107.5390937,-6.8789402,0.0</coordinates>
            </LineString>
        </Placemark>
        <Placemark id="67159">
            <name>Jalan Raya Cimareme</name>
            <styleUrl>#67160</styleUrl>
            <LineString id="67158">
                <coordinates>107.5034117,-6.8632727,0.0 107.5034772,-6.8633105,0.0 107.5035566,-6.8633604,0.0 107.5037925,-6.8634899,0.0 107.5039209,-6.8635608,0.0 107.504317,-6.8637653,0.0 107.5043597,-6.8637873,0.0 107.5044255,-6.8638215,0.0 107.5047344,-6.8639832,0.0</coordinates>
            </LineString>
        </Placemark>
        <Placemark id="67163">
            <name>Jalan Gatot Subroto</name>
            <styleUrl>#67164</styleUrl>
            <LineString id="67162">
                <coordinates>107.5376749,-6.8868524,0.0 107.5375407,-6.8872834,0.0 107.5375078,-6.8873908,0.0 107.5374921,-6.8874379,0.0 107.5374798,-6.8874708,0.0 107.5374648,-6.8875121,0.0</coordinates>
            </LineString>
        </Placemark>
        <Placemark id="67167">
            <name>Jalan Pojok Utara</name>
            <styleUrl>#67168</styleUrl>
            <LineString id="67166">
                <coordinates>107.5386112,-6.8724568,0.0 107.5384424,-6.8727065,0.0 107.538312,-6.872906,0.0 107.5380946,-6.8732152,0.0 107.5379377,-6.8734636,0.0 107.5377142,-6.8738045,0.0 107.5374411,-6.8742172,0.0 107.5372654,-6.8745336,0.0 107.5372121,-6.8746265,0.0 107.5370488,-6.8748964,0.0 107.5370265,-6.8749338,0.0 107.5368745,-6.8751618,0.0 107.5366895,-6.8754077,0.0 107.5366116,-6.8754928,0.0 107.5365398,-6.8755501,0.0 107.5364609,-6.8756045,0.0 107.5363712,-6.8756792,0.0 107.5363122,-6.8757527,0.0 107.536249,-6.8758514,0.0 107.5361992,-6.8759398,0.0 107.5361732,-6.8760252,0.0 107.5361726,-6.8760758,0.0</coordinates>
            </LineString>
        </Placemark>
        <Placemark id="67171">
            <name>Jalan Jend. H. Amir Machmud</name>
            <styleUrl>#67172</styleUrl>
            <LineString id="67170">
                <coordinates>107.5605385,-6.8965689,0.0 107.5604549,-6.8964301,0.0 107.5604095,-6.8963547,0.0</coordinates>
            </LineString>
        </Placemark>
        <Placemark id="67175">
            <name>Jalan Jend. H. Amir Machmud</name>
            <styleUrl>#67176</styleUrl>
            <LineString id="67174">
                <coordinates>107.5600306,-6.895741,0.0 107.5598314,-6.8954093,0.0 107.5597806,-6.8953192,0.0 107.5597514,-6.895268,0.0 107.5597097,-6.8952017,0.0 107.5596795,-6.8951484,0.0 107.5595504,-6.8949421,0.0 107.5594638,-6.8948057,0.0 107.5592798,-6.8945128,0.0 107.5590928,-6.8942163,0.0 107.5589968,-6.8940554,0.0 107.5588448,-6.8937845,0.0 107.5586991,-6.8935235,0.0</coordinates>
            </LineString>
        </Placemark>
        <Placemark id="67179">
            <name>Jalan Raya Padalarang</name>
            <styleUrl>#67180</styleUrl>
            <LineString id="67178">
                <coordinates>107.4936922,-6.8490384,0.0 107.4927743,-6.8483862,0.0</coordinates>
            </LineString>
        </Placemark>
        <Placemark id="67183">
            <name>Jalan Jend. H. Amir Machmud</name>
            <styleUrl>#67184</styleUrl>
            <LineString id="67182">
                <coordinates>107.5261248,-6.8684369,0.0 107.5262229,-6.8684691,0.0 107.5263122,-6.8685064,0.0 107.5263898,-6.8685422,0.0 107.5264225,-6.8685573,0.0 107.5266094,-6.8686384,0.0 107.5270877,-6.8688731,0.0 107.5271548,-6.868908,0.0 107.5273141,-6.8689718,0.0 107.5274989,-6.8690436,0.0 107.5275841,-6.8690682,0.0 107.527662,-6.8690849,0.0 107.5277986,-6.8691038,0.0 107.5278876,-6.8691021,0.0 107.5279891,-6.8690928,0.0 107.5281475,-6.8690695,0.0 107.5281996,-6.8690592,0.0 107.5283978,-6.8690203,0.0 107.5284509,-6.8690086,0.0 107.5285738,-6.8689815,0.0 107.5288591,-6.8689212,0.0 107.5289883,-6.8688991,0.0 107.5293786,-6.8688406,0.0 107.5300087,-6.868775,0.0 107.5302545,-6.8687509,0.0 107.5303683,-6.8687397,0.0 107.5306127,-6.8687157,0.0 107.5307996,-6.8686984,0.0 107.5309254,-6.8686864,0.0 107.5311227,-6.8686631,0.0 107.5311768,-6.86866,0.0 107.5313217,-6.8686505,0.0 107.5314385,-6.8686555,0.0 107.5315089,-6.8686615,0.0 107.5315735,-6.8686772,0.0 107.5317099,-6.8687176,0.0 107.5318119,-6.8687546,0.0 107.5318553,-6.8687705,0.0 107.531878,-6.8687794,0.0 107.5319386,-6.8688013,0.0 107.5322086,-6.8688988,0.0 107.5324527,-6.8689916,0.0 107.5327945,-6.8691177,0.0 107.5330853,-6.8692167,0.0</coordinates>
            </LineString>
        </Placemark>
        <Placemark id="67187">
            <name>Jalan Jend. H. Amir Machmud</name>
            <styleUrl>#67188</styleUrl>
            <LineString id="67186">
                <coordinates>107.5470087,-6.8765884,0.0 107.5468201,-6.8764737,0.0 107.5462018,-6.8760976,0.0 107.5461771,-6.8760913,0.0 107.5461516,-6.8760916,0.0 107.546127,-6.8760985,0.0 107.5461059,-6.8761108,0.0 107.5460886,-6.8761279,0.0 107.546043,-6.8761965,0.0 107.5459671,-6.8762377,0.0</coordinates>
            </LineString>
        </Placemark>
        <Placemark id="67191">
            <name>Jalan Layang Kota Baru Parahyangan</name>
            <styleUrl>#67192</styleUrl>
            <LineString id="67190">
                <coordinates>107.494909,-6.852067,0.0 107.4948639,-6.8521257,0.0 107.4948502,-6.8521421,0.0 107.4948346,-6.8521589,0.0 107.4948188,-6.8521743,0.0 107.4947997,-6.8521915,0.0 107.4947778,-6.852209,0.0 107.4947547,-6.8522251,0.0 107.4947307,-6.8522396,0.0 107.4947024,-6.8522548,0.0 107.494574,-6.8523146,0.0 107.4945559,-6.8523251,0.0 107.4945407,-6.8523358,0.0 107.4945258,-6.8523487,0.0 107.4945104,-6.8523648,0.0 107.494498,-6.8523805,0.0 107.4944862,-6.8523976,0.0 107.4944522,-6.8524499,0.0</coordinates>
            </LineString>
        </Placemark>
        <Placemark id="67195">
            <name>Jalan Raya Padalarang</name>
            <styleUrl>#67196</styleUrl>
            <LineString id="67194">
                <coordinates>107.4974224,-6.8519939,0.0 107.4973814,-6.8518888,0.0 107.4973343,-6.8517847,0.0 107.4972822,-6.8516803,0.0 107.4972419,-6.8516172,0.0 107.4972188,-6.8515916,0.0 107.4971791,-6.8515469,0.0</coordinates>
            </LineString>
        </Placemark>
        <Placemark id="67199">
            <name>Jalan Abdul Rahman Saleh</name>
            <styleUrl>#67200</styleUrl>
            <LineString id="67198">
                <coordinates>107.5876926,-6.9068803,0.0 107.5876293,-6.9068983,0.0 107.5875446,-6.9069184,0.0 107.5873631,-6.9069557,0.0 107.5870558,-6.9070125,0.0 107.5869505,-6.9070316,0.0 107.5868733,-6.9070351,0.0 107.5868079,-6.9070295,0.0</coordinates>
            </LineString>
        </Placemark>
        <Placemark id="67203">
            <name>Jalan Raya Padalarang</name>
            <styleUrl>#67204</styleUrl>
            <LineString id="67202">
                <coordinates>107.4952692,-6.8503346,0.0 107.4952808,-6.8503091,0.0 107.4952861,-6.8502932,0.0 107.4952909,-6.85028,0.0 107.4952935,-6.8502677,0.0 107.4952932,-6.8502556,0.0 107.4952907,-6.8502438,0.0 107.4952858,-6.8502323,0.0 107.4952782,-6.8502204,0.0 107.4952748,-6.8502171,0.0 107.4952678,-6.8502099,0.0 107.49526,-6.8502033,0.0 107.4951383,-6.8501109,0.0</coordinates>
            </LineString>
        </Placemark>
        <Placemark id="67207">
            <name>Jalan Urip Soemohardjo</name>
            <styleUrl>#67208</styleUrl>
            <LineString id="67206">
                <coordinates>107.534337,-6.8888509,0.0 107.5352141,-6.8880987,0.0 107.5353989,-6.8879375,0.0 107.5356704,-6.8877061,0.0 107.5357066,-6.8876755,0.0 107.5361455,-6.8872919,0.0 107.5364684,-6.8870194,0.0</coordinates>
            </LineString>
        </Placemark>
        <Placemark id="67211">
            <name>Jalan Raya Cimareme</name>
            <styleUrl>#67212</styleUrl>
            <LineString id="67210">
                <coordinates>107.4987182,-6.8581066,0.0 107.4987288,-6.8582512,0.0 107.4987562,-6.8584531,0.0 107.4987799,-6.8586327,0.0 107.4988095,-6.8588159,0.0 107.498846,-6.8589418,0.0 107.4988952,-6.8590747,0.0 107.4989519,-6.859192,0.0 107.499024,-6.8593264,0.0 107.4991209,-6.8594557,0.0 107.4992202,-6.8595603,0.0 107.4993675,-6.8597221,0.0 107.4995891,-6.8599902,0.0 107.4997744,-6.8601871,0.0 107.4998426,-6.8602605,0.0 107.5001629,-6.8605893,0.0 107.500195,-6.8606217,0.0 107.5003415,-6.860773,0.0 107.5004973,-6.8609384,0.0 107.5006628,-6.8611039,0.0 107.5010094,-6.8614382,0.0 107.5010639,-6.8614908,0.0 107.5012224,-6.8616525,0.0 107.5014146,-6.8618608,0.0 107.5015639,-6.8620124,0.0 107.5016093,-6.8620563,0.0 107.5018806,-6.8623184,0.0 107.5021156,-6.8625154,0.0 107.5022805,-6.8626367,0.0 107.5025833,-6.8628122,0.0 107.5028237,-6.8629469,0.0 107.502934,-6.8630015,0.0 107.5031549,-6.8631253,0.0 107.5031733,-6.8631354,0.0 107.5032331,-6.8631683,0.0 107.5033168,-6.8632144,0.0 107.5034117,-6.8632727,0.0</coordinates>
            </LineString>
        </Placemark>
        <Placemark id="67215">
            <name>Jalan Sisingamangaraja</name>
            <styleUrl>#67216</styleUrl>
            <LineString id="67214">
                <coordinates>107.5383018,-6.8772177,0.0 107.5385903,-6.8773719,0.0 107.5387485,-6.8774421,0.0 107.539211,-6.8776236,0.0 107.5392397,-6.8776553,0.0 107.5392545,-6.8776881,0.0 107.5392578,-6.8777222,0.0 107.5392548,-6.8777787,0.0 107.5392449,-6.8778755,0.0 107.539221,-6.8780109,0.0 107.5391863,-6.8781845,0.0 107.5390942,-6.8786917,0.0 107.5390667,-6.8788345,0.0 107.539065,-6.8788765,0.0 107.5390807,-6.8789198,0.0 107.5390937,-6.8789402,0.0</coordinates>
            </LineString>
        </Placemark>
        <Placemark id="67219">
            <name>Jalan Jend. H. Amir Machmud</name>
            <styleUrl>#67220</styleUrl>
            <LineString id="67218">
                <coordinates>107.5471213,-6.876653,0.0 107.5470087,-6.8765884,0.0</coordinates>
            </LineString>
        </Placemark>
        <Placemark id="67223">
            <name>Jalan Jend. H. Amir Machmud</name>
            <styleUrl>#67224</styleUrl>
            <LineString id="67222">
                <coordinates>107.548903,-6.8778074,0.0 107.548341,-6.8774399,0.0 107.54804,-6.8772387,0.0 107.5479168,-6.8771586,0.0 107.5474888,-6.8768836,0.0 107.5471213,-6.876653,0.0</coordinates>
            </LineString>
        </Placemark>
        <Placemark id="67227">
            <name>Jalan Sisingamangaraja</name>
            <styleUrl>#67228</styleUrl>
            <LineString id="67226">
                <coordinates>107.5365606,-6.8763792,0.0 107.5367153,-6.8764606,0.0 107.5374675,-6.8768096,0.0 107.5376889,-6.8769157,0.0 107.5379246,-6.8770329,0.0 107.5382366,-6.877185,0.0 107.5382615,-6.8771977,0.0</coordinates>
            </LineString>
        </Placemark>
        <Placemark id="67231">
            <name>Jalan Sisingamangaraja</name>
            <styleUrl>#67232</styleUrl>
            <LineString id="67230">
                <coordinates>107.5364238,-6.8762896,0.0 107.5364736,-6.8763261,0.0</coordinates>
            </LineString>
        </Placemark>
        <Placemark id="67235">
            <name>Jalan Pajajaran</name>
            <styleUrl>#67236</styleUrl>
            <LineString id="67234">
                <coordinates>107.5959262,-6.9065893,0.0 107.5952568,-6.9066609,0.0 107.595037,-6.9066943,0.0 107.5945793,-6.9067595,0.0 107.5945435,-6.9067649,0.0 107.5942472,-6.906822,0.0 107.5941987,-6.9068309,0.0 107.594084,-6.9068527,0.0 107.5937537,-6.9069123,0.0 107.5936226,-6.9069359,0.0 107.5930436,-6.9070358,0.0</coordinates>
            </LineString>
        </Placemark>
        <Placemark id="67239">
            <name>Jalan Pajajaran</name>
            <styleUrl>#67240</styleUrl>
            <LineString id="67238">
                <coordinates>107.5920701,-6.9071489,0.0 107.5918373,-6.9071242,0.0 107.5916612,-6.9071113,0.0 107.5915994,-6.9071068,0.0 107.5913085,-6.9070897,0.0 107.5911224,-6.9070825,0.0</coordinates>
            </LineString>
        </Placemark>
        <Placemark id="67243">
            <name>Jalan Pajajaran</name>
            <styleUrl>#67244</styleUrl>
            <LineString id="67242">
                <coordinates>107.5877524,-6.9068648,0.0 107.5876926,-6.9068803,0.0</coordinates>
            </LineString>
        </Placemark>
        <Placemark id="67247">
            <name>Jalan Pajajaran</name>
            <styleUrl>#67248</styleUrl>
            <LineString id="67246">
                <coordinates>107.5906383,-6.9070791,0.0 107.5904897,-6.9070683,0.0 107.5902528,-6.9070511,0.0 107.5892287,-6.9069531,0.0 107.5890575,-6.9069317,0.0 107.5889568,-6.9069197,0.0 107.5888977,-6.9069111,0.0 107.5887781,-6.9068994,0.0 107.5886037,-6.906884,0.0 107.5883918,-6.9068594,0.0 107.588209,-6.9068423,0.0</coordinates>
            </LineString>
        </Placemark>
        <Placemark id="67251">
            <name>Jalan Jendral Sudirman</name>
            <styleUrl>#67252</styleUrl>
            <LineString id="67250">
                <coordinates>107.5698951,-6.9119365,0.0 107.5697893,-6.9117669,0.0 107.569777,-6.9117459,0.0 107.5696479,-6.9115248,0.0 107.5696333,-6.9115004,0.0 107.569579,-6.9114097,0.0 107.5692741,-6.9108999,0.0 107.5691136,-6.9106315,0.0 107.5689887,-6.9104164,0.0</coordinates>
            </LineString>
        </Placemark>
        <Placemark id="67255">
            <name>Jalan Sisingamangaraja</name>
            <styleUrl>#67256</styleUrl>
            <LineString id="67254">
                <coordinates>107.5364736,-6.8763261,0.0 107.5365606,-6.8763792,0.0</coordinates>
            </LineString>
        </Placemark>
        <Placemark id="67259">
            <name>Jalan Sisingamangaraja</name>
            <styleUrl>#67260</styleUrl>
            <LineString id="67258">
                <coordinates>107.5382615,-6.8771977,0.0 107.5383018,-6.8772177,0.0</coordinates>
            </LineString>
        </Placemark>
        <Placemark id="67263">
            <name>Jalan Raya Cimareme</name>
            <styleUrl>#67264</styleUrl>
            <LineString id="67262">
                <coordinates>107.5047344,-6.8639832,0.0 107.5049911,-6.8641067,0.0 107.5050586,-6.8641392,0.0 107.5051499,-6.8641787,0.0 107.5051913,-6.8641937,0.0 107.5052503,-6.8642111,0.0 107.5053149,-6.8642263,0.0 107.5053817,-6.8642351,0.0 107.5054411,-6.8642368,0.0 107.5054978,-6.8642341,0.0 107.5055404,-6.864229,0.0</coordinates>
            </LineString>
        </Placemark>
        <Placemark id="67267">
            <name>Jalan Raya Gadobangkong</name>
            <styleUrl>#67268</styleUrl>
            <LineString id="67266">
                <coordinates>107.5063671,-6.864027,0.0 107.5065856,-6.8639771,0.0 107.5070193,-6.863866,0.0 107.5077676,-6.863685,0.0 107.5082119,-6.8635741,0.0 107.5086465,-6.8634599,0.0 107.5087248,-6.8634388,0.0 107.5094028,-6.8632576,0.0 107.5094818,-6.863253,0.0 107.5095628,-6.8632583,0.0 107.5096207,-6.8632683,0.0 107.5097112,-6.8632909,0.0 107.5098225,-6.8633262,0.0 107.5099964,-6.863395,0.0 107.5100491,-6.8634203,0.0 107.510072,-6.8634302,0.0 107.5104217,-6.8635854,0.0 107.5106152,-6.8636745,0.0 107.5106923,-6.8637105,0.0 107.510966,-6.8638385,0.0 107.5111617,-6.8639301,0.0 107.5113852,-6.8640346,0.0 107.5119852,-6.8643131,0.0 107.5120662,-6.8643533,0.0 107.5123015,-6.8644685,0.0 107.5125224,-6.8645767,0.0 107.5128242,-6.8647258,0.0 107.5130197,-6.8648201,0.0 107.513398,-6.865018,0.0 107.5134421,-6.8650411,0.0 107.513879,-6.8652552,0.0 107.5140447,-6.8653343,0.0 107.5150775,-6.8658424,0.0 107.5151703,-6.8658917,0.0 107.5152076,-6.8659101,0.0 107.5156233,-6.8661135,0.0 107.5156622,-6.866132,0.0</coordinates>
            </LineString>
        </Placemark>
        <Placemark id="67271">
            <name>Jalan Raya Gadobangkong</name>
            <styleUrl>#67272</styleUrl>
            <LineString id="67270">
                <coordinates>107.5160919,-6.8663299,0.0 107.5162566,-6.8664082,0.0 107.5164712,-6.8665071,0.0 107.5167612,-6.8666428,0.0 107.5169868,-6.8667469,0.0</coordinates>
            </LineString>
        </Placemark>
        <Placemark id="67275">
            <name>Jalan Jend. H. Amir Machmud</name>
            <styleUrl>#67276</styleUrl>
            <LineString id="67274">
                <coordinates>107.5586991,-6.8935235,0.0 107.5586896,-6.8935077,0.0</coordinates>
            </LineString>
        </Placemark>
        <Placemark id="67279">
            <name>Jalan Jend. H. Amir Machmud</name>
            <styleUrl>#67280</styleUrl>
            <LineString id="67278">
                <coordinates>107.5586388,-6.8934232,0.0 107.5584996,-6.89319,0.0</coordinates>
            </LineString>
        </Placemark>
        <Placemark id="67283">
            <name>Jalan Jendral Sudirman</name>
            <styleUrl>#67284</styleUrl>
            <LineString id="67282">
                <coordinates>107.5715151,-6.9146659,0.0 107.5714243,-6.9145091,0.0 107.571384,-6.9144417,0.0 107.5710851,-6.913941,0.0 107.5709375,-6.9136862,0.0 107.5708773,-6.9135594,0.0</coordinates>
            </LineString>
        </Placemark>
        <Placemark id="67287">
            <name>Jalan Jend. H. Amir Machmud</name>
            <styleUrl>#67288</styleUrl>
            <LineString id="67286">
                <coordinates>107.5532991,-6.8845055,0.0 107.5532758,-6.8844655,0.0 107.5532307,-6.8843827,0.0 107.5531006,-6.8841655,0.0 107.5529605,-6.8839307,0.0 107.5529416,-6.883899,0.0 107.5528472,-6.8837408,0.0 107.5527794,-6.8836271,0.0 107.5527092,-6.8835093,0.0 107.5526121,-6.8833467,0.0 107.5525863,-6.8833033,0.0 107.5524109,-6.8830094,0.0 107.5522959,-6.8828167,0.0 107.5522386,-6.8827206,0.0 107.5521505,-6.8825808,0.0 107.5520864,-6.8824613,0.0 107.5519526,-6.8822389,0.0 107.5518285,-6.882035,0.0 107.5516065,-6.8816734,0.0 107.5515108,-6.8815261,0.0 107.5513286,-6.8812206,0.0 107.5513112,-6.8811893,0.0 107.5510818,-6.8808273,0.0 107.5510407,-6.8807588,0.0 107.5509549,-6.8806153,0.0 107.5507239,-6.8802572,0.0 107.550617,-6.8800913,0.0 107.5505345,-6.8799545,0.0 107.5504164,-6.8797669,0.0 107.5503819,-6.8797123,0.0 107.5503366,-6.8796404,0.0 107.5501318,-6.8792963,0.0 107.5500491,-6.8791569,0.0 107.5499778,-6.8790409,0.0 107.5498734,-6.8788724,0.0 107.5498308,-6.8788036,0.0 107.549812,-6.8787698,0.0</coordinates>
            </LineString>
        </Placemark>
        <Placemark id="67291">
            <name>Jalan Gatot Subroto</name>
            <styleUrl>#67292</styleUrl>
            <LineString id="67290">
                <coordinates>107.5380634,-6.8855882,0.0 107.5380178,-6.8857717,0.0 107.5379471,-6.8859998,0.0 107.5378602,-6.8863004,0.0 107.5377663,-6.8865739,0.0 107.5376749,-6.8868524,0.0</coordinates>
            </LineString>
        </Placemark>
        <Placemark id="67295">
            <name>Jalan Jend. H. Amir Machmud</name>
            <styleUrl>#67296</styleUrl>
            <LineString id="67294">
                <coordinates>107.549812,-6.8787698,0.0 107.5497459,-6.8787214,0.0 107.5497311,-6.8787014,0.0 107.5496078,-6.8784837,0.0 107.5495062,-6.8783419,0.0 107.5493651,-6.8781649,0.0 107.5493436,-6.8781455,0.0</coordinates>
            </LineString>
        </Placemark>
        <Placemark id="67299">
            <name>Jalan Jend. H. Amir Machmud</name>
            <styleUrl>#67300</styleUrl>
            <LineString id="67298">
                <coordinates>107.565673,-6.9049534,0.0 107.5653296,-6.9043922,0.0 107.5651363,-6.9040727,0.0 107.5647726,-6.9034716,0.0 107.5647281,-6.9033981,0.0 107.5646958,-6.9033447,0.0 107.5644297,-6.902905,0.0 107.5643428,-6.9027614,0.0 107.5642879,-6.9026706,0.0 107.5639096,-6.9020454,0.0 107.5636843,-6.9016737,0.0 107.5636389,-6.901598,0.0 107.5635866,-6.9015056,0.0 107.5635485,-6.901452,0.0 107.5635096,-6.9013988,0.0 107.5633165,-6.9010686,0.0 107.5632168,-6.9009003,0.0 107.562808,-6.9002247,0.0 107.5626899,-6.9000295,0.0 107.5625298,-6.8997648,0.0 107.5622867,-6.899363,0.0 107.5622663,-6.8993293,0.0 107.5619186,-6.8987547,0.0</coordinates>
            </LineString>
        </Placemark>
        <Placemark id="67303">
            <name>Jalan Baros</name>
            <styleUrl>#67304</styleUrl>
            <LineString id="67302">
                <coordinates>107.5366629,-6.8894348,0.0 107.5366353,-6.8895225,0.0 107.5366216,-6.8896125,0.0 107.5366128,-6.8897184,0.0 107.536637,-6.8901554,0.0 107.5366757,-6.8906933,0.0 107.5366796,-6.8907688,0.0 107.5366818,-6.8908514,0.0 107.536685,-6.8909739,0.0</coordinates>
            </LineString>
        </Placemark>
        <Placemark id="67307">
            <name>Jalan Jend. H. Amir Machmud</name>
            <styleUrl>#67308</styleUrl>
            <LineString id="67306">
                <coordinates>107.533145,-6.8692367,0.0 107.5331785,-6.8692495,0.0 107.5335628,-6.8693791,0.0 107.5337126,-6.8694306,0.0 107.5337447,-6.8694416,0.0 107.5339049,-6.8694966,0.0 107.5341763,-6.8696061,0.0 107.5342233,-6.8696235,0.0 107.5343842,-6.869692,0.0</coordinates>
            </LineString>
        </Placemark>
        <Placemark id="67311">
            <name>Jalan Jend. H. Amir Machmud</name>
            <styleUrl>#67312</styleUrl>
            <LineString id="67310">
                <coordinates>107.5330853,-6.8692167,0.0 107.533145,-6.8692367,0.0</coordinates>
            </LineString>
        </Placemark>
        <Placemark id="67315">
            <name>Route Segment</name>
            <styleUrl>#67316</styleUrl>
            <LineString id="67314">
                <coordinates>107.536685,-6.8909739,0.0 107.5366507,-6.8910105,0.0 107.5366198,-6.8910391,0.0 107.5365675,-6.8910711,0.0 107.5365119,-6.8910944,0.0 107.536469,-6.8911037,0.0 107.5364327,-6.8911037,0.0 107.5363798,-6.8910944,0.0 107.5363362,-6.8910777,0.0</coordinates>
            </LineString>
        </Placemark>
        <Placemark id="67319">
            <name>Jalan Raya Padalarang</name>
            <styleUrl>#67320</styleUrl>
            <LineString id="67318">
                <coordinates>107.4877737,-6.844887,0.0 107.4877596,-6.8448818,0.0 107.4876893,-6.8448364,0.0 107.4876471,-6.8448083,0.0 107.4875667,-6.8447494,0.0 107.4874631,-6.8446785,0.0 107.4871379,-6.8444559,0.0 107.486887,-6.8442868,0.0 107.4865499,-6.8440606,0.0 107.4863402,-6.843933,0.0 107.48588,-6.8435779,0.0 107.4857616,-6.8434987,0.0 107.4857018,-6.8434587,0.0 107.4855846,-6.8433884,0.0 107.4854307,-6.8432912,0.0 107.4850702,-6.8430764,0.0 107.4849638,-6.8430131,0.0 107.484888,-6.8429487,0.0 107.484821,-6.8428924,0.0</coordinates>
            </LineString>
        </Placemark>
        <Placemark id="67323">
            <name>Jalan Raya Caringin</name>
            <styleUrl>#67324</styleUrl>
            <LineString id="67322">
                <coordinates>107.4977859,-6.8538237,0.0 107.4978121,-6.8539405,0.0</coordinates>
            </LineString>
        </Placemark>
        <Placemark id="67327">
            <name>Jalan Raya Simpang</name>
            <styleUrl>#67328</styleUrl>
            <LineString id="67326">
                <coordinates>107.4975965,-6.8527156,0.0 107.4975988,-6.8527427,0.0 107.4976134,-6.8528859,0.0 107.497658,-6.8531891,0.0 107.4976818,-6.8533539,0.0 107.4977128,-6.8535065,0.0 107.4977859,-6.8538237,0.0</coordinates>
            </LineString>
        </Placemark>
        <Placemark id="67331">
            <name>Jalan Raya Gadobangkong</name>
            <styleUrl>#67332</styleUrl>
            <LineString id="67330">
                <coordinates>107.5238237,-6.8685111,0.0 107.5237614,-6.8685286,0.0 107.5234058,-6.868517,0.0 107.5232773,-6.8685128,0.0 107.5226323,-6.8684891,0.0 107.5221789,-6.868477,0.0 107.5220823,-6.8684515,0.0</coordinates>
            </LineString>
        </Placemark>
        <Placemark id="67335">
            <name>Jalan Jend. H. Amir Machmud</name>
            <styleUrl>#67336</styleUrl>
            <LineString id="67334">
                <coordinates>107.5363431,-6.8704044,0.0 107.5363908,-6.8704221,0.0 107.5364884,-6.8704594,0.0 107.5365376,-6.8704766,0.0 107.5365778,-6.8704906,0.0 107.5366787,-6.8705296,0.0 107.5373836,-6.8707918,0.0 107.5376817,-6.8709329,0.0 107.5379552,-6.8710821,0.0 107.538003,-6.8711086,0.0 107.5381559,-6.8711974,0.0 107.5382103,-6.8712287,0.0 107.5383378,-6.871298,0.0 107.538881,-6.871595,0.0 107.5391134,-6.8717381,0.0</coordinates>
            </LineString>
        </Placemark>
        <Placemark id="67339">
            <name>Jalan Aceh</name>
            <styleUrl>#67340</styleUrl>
            <LineString id="67338">
                <coordinates>107.6041426,-6.9127091,0.0 107.604692,-6.9127619,0.0</coordinates>
            </LineString>
        </Placemark>
        <Placemark id="67343">
            <name>Jalan Pajajaran</name>
            <styleUrl>#67344</styleUrl>
            <LineString id="67342">
                <coordinates>107.5968205,-6.9064928,0.0 107.5966166,-6.906518,0.0 107.5964032,-6.9065473,0.0 107.5961119,-6.9066005,0.0 107.5960526,-6.9066041,0.0 107.5959951,-6.9065992,0.0 107.5959262,-6.9065893,0.0</coordinates>
            </LineString>
        </Placemark>
        <Placemark id="67347">
            <name>Jalan Stasiun Timur</name>
            <styleUrl>#67348</styleUrl>
            <LineString id="67346">
                <coordinates>107.606909,-6.9153005,0.0 107.6070035,-6.9152646,0.0 107.6070659,-6.9152151,0.0 107.6070945,-6.9151362,0.0</coordinates>
            </LineString>
        </Placemark>
        <Placemark id="67351">
            <name>Jalan Raya Padalarang</name>
            <styleUrl>#67352</styleUrl>
            <LineString id="67350">
                <coordinates>107.4974571,-6.8521186,0.0 107.4974224,-6.8519939,0.0</coordinates>
            </LineString>
        </Placemark>
        <Placemark id="67355">
            <name>Jalan Jend. H. Amir Machmud</name>
            <styleUrl>#67356</styleUrl>
            <LineString id="67354">
                <coordinates>107.549261,-6.8780613,0.0 107.5491797,-6.8780009,0.0 107.5490452,-6.8779037,0.0 107.548903,-6.8778074,0.0</coordinates>
            </LineString>
        </Placemark>
        <Placemark id="67359">
            <name>Jalan Jendral Sudirman</name>
            <styleUrl>#67360</styleUrl>
            <LineString id="67358">
                <coordinates>107.5703429,-6.9126894,0.0 107.5701276,-6.9123274,0.0 107.5698951,-6.9119365,0.0</coordinates>
            </LineString>
        </Placemark>
        <Placemark id="67363">
            <name>Jalan Sriwijaya Raya</name>
            <styleUrl>#67364</styleUrl>
            <LineString id="67362">
                <coordinates>107.5383466,-6.8811511,0.0 107.5387934,-6.8807622,0.0 107.5390256,-6.8805614,0.0 107.5391513,-6.8804551,0.0 107.5392258,-6.8803921,0.0 107.5396782,-6.880004,0.0</coordinates>
            </LineString>
        </Placemark>
        <Placemark id="67367">
            <name>Jalan Sriwijaya Raya</name>
            <styleUrl>#67368</styleUrl>
            <LineString id="67366">
                <coordinates>107.5363838,-6.8828662,0.0 107.537175,-6.8821695,0.0</coordinates>
            </LineString>
        </Placemark>
        <Placemark id="67371">
            <name>Jalan Raya Padalarang</name>
            <styleUrl>#67372</styleUrl>
            <LineString id="67370">
                <coordinates>107.4975599,-6.8526317,0.0 107.4974957,-6.8522961,0.0</coordinates>
            </LineString>
        </Placemark>
        <Placemark id="67375">
            <name>Jalan Raya Padalarang</name>
            <styleUrl>#67376</styleUrl>
            <LineString id="67374">
                <coordinates>107.4927743,-6.8483862,0.0 107.4925682,-6.848238,0.0 107.4923123,-6.8480664,0.0 107.4918328,-6.8477344,0.0 107.49156,-6.8475022,0.0</coordinates>
            </LineString>
        </Placemark>
        <Placemark id="67379">
            <name>Jalan Raya Padalarang</name>
            <styleUrl>#67380</styleUrl>
            <LineString id="67378">
                <coordinates>107.4878341,-6.8448923,0.0 107.4878051,-6.8448954,0.0 107.4877737,-6.844887,0.0</coordinates>
            </LineString>
        </Placemark>
        <Placemark id="67383">
            <name>Jalan Gatot Subroto</name>
            <styleUrl>#67384</styleUrl>
            <LineString id="67382">
                <coordinates>107.5374242,-6.8876162,0.0 107.53735,-6.8878165,0.0</coordinates>
            </LineString>
        </Placemark>
        <Placemark id="67387">
            <name>Jalan Pajajaran</name>
            <styleUrl>#67388</styleUrl>
            <LineString id="67386">
                <coordinates>107.5877897,-6.9068561,0.0 107.5877524,-6.9068648,0.0</coordinates>
            </LineString>
        </Placemark>
        <Placemark id="67391">
            <name>Jalan Gatot Subroto</name>
            <styleUrl>#67392</styleUrl>
            <LineString id="67390">
                <coordinates>107.5374648,-6.8875121,0.0 107.5374242,-6.8876162,0.0</coordinates>
            </LineString>
        </Placemark>
        <Placemark id="67395">
            <name>Jalan Sisingamangaraja</name>
            <styleUrl>#67396</styleUrl>
            <LineString id="67394">
                <coordinates>107.5361726,-6.8760758,0.0 107.53622,-6.8761376,0.0 107.5364238,-6.8762896,0.0</coordinates>
            </LineString>
        </Placemark>
        <Placemark id="67399">
            <name>Jalan Kota Baru Parahyangan</name>
            <styleUrl>#67400</styleUrl>
            <LineString id="67398">
                <coordinates>107.4961444,-6.8512857,0.0 107.4960897,-6.8514097,0.0 107.4960736,-6.851442,0.0 107.4960591,-6.8514673,0.0 107.4960425,-6.8514915,0.0 107.4960261,-6.8515122,0.0 107.4960063,-6.8515313,0.0 107.4959822,-6.8515478,0.0 107.4959607,-6.8515595,0.0 107.4959397,-6.8515682,0.0 107.4959165,-6.8515759,0.0 107.4958879,-6.8515837,0.0 107.4958484,-6.8515932,0.0 107.4958073,-6.8516017,0.0 107.4957661,-6.8516091,0.0 107.49555,-6.8516434,0.0 107.4954972,-6.8516542,0.0 107.4954416,-6.8516674,0.0 107.4953935,-6.8516805,0.0 107.4953499,-6.8516958,0.0 107.4953074,-6.8517131,0.0 107.4952644,-6.8517336,0.0 107.4952276,-6.8517532,0.0 107.4951894,-6.8517762,0.0 107.4951386,-6.8518103,0.0 107.4951033,-6.8518359,0.0 107.4950728,-6.8518613,0.0 107.4950439,-6.8518894,0.0 107.495014,-6.8519245,0.0 107.494909,-6.852067,0.0</coordinates>
            </LineString>
        </Placemark>
        <Placemark id="67403">
            <name>Jalan Pajajaran</name>
            <styleUrl>#67404</styleUrl>
            <LineString id="67402">
                <coordinates>107.5906641,-6.907081,0.0 107.5906383,-6.9070791,0.0</coordinates>
            </LineString>
        </Placemark>
        <Placemark id="67407">
            <name>Jalan Pajajaran</name>
            <styleUrl>#67408</styleUrl>
            <LineString id="67406">
                <coordinates>107.5911224,-6.9070825,0.0 107.5910022,-6.9071149,0.0 107.5906641,-6.907081,0.0</coordinates>
            </LineString>
        </Placemark>
        <Placemark id="67411">
            <name>Jalan Jend. H. Amir Machmud</name>
            <styleUrl>#67412</styleUrl>
            <LineString id="67410">
                <coordinates>107.5556524,-6.888377,0.0 107.5554234,-6.8880103,0.0 107.5552322,-6.8876864,0.0 107.5550315,-6.8873463,0.0 107.5548919,-6.8871098,0.0 107.5548167,-6.8869883,0.0 107.5546245,-6.8866774,0.0 107.5543949,-6.8863155,0.0 107.5541879,-6.8860004,0.0 107.5541319,-6.8859141,0.0 107.5540996,-6.8858644,0.0</coordinates>
            </LineString>
        </Placemark>
        <Placemark id="67415">
            <name>Jalan Jend. H. Amir Machmud</name>
            <styleUrl>#67416</styleUrl>
            <LineString id="67414">
                <coordinates>107.5540996,-6.8858644,0.0 107.5539786,-6.8856737,0.0 107.5538495,-6.8854676,0.0 107.5537567,-6.8853142,0.0 107.5536309,-6.8850994,0.0 107.5533096,-6.8845788,0.0 107.5532991,-6.8845055,0.0</coordinates>
            </LineString>
        </Placemark>
        <Placemark id="67419">
            <name>Jalan Jend. H. Amir Machmud</name>
            <styleUrl>#67420</styleUrl>
            <LineString id="67418">
                <coordinates>107.5493436,-6.8781455,0.0 107.549261,-6.8780613,0.0</coordinates>
            </LineString>
        </Placemark>
        <Placemark id="67423">
            <name>Jalan Gatot Subroto</name>
            <styleUrl>#67424</styleUrl>
            <LineString id="67422">
                <coordinates>107.5459671,-6.8762377,0.0 107.5458574,-6.8763919,0.0 107.545628,-6.8767142,0.0 107.5453107,-6.8771677,0.0 107.5452289,-6.8772766,0.0 107.5451738,-6.8773525,0.0 107.545096,-6.8774617,0.0 107.5444652,-6.8783241,0.0</coordinates>
            </LineString>
        </Placemark>
        <Placemark id="67427">
            <name>Jalan Jend. H. Amir Machmud</name>
            <styleUrl>#67428</styleUrl>
            <LineString id="67426">
                <coordinates>107.534761,-6.8698508,0.0 107.5344209,-6.8697253,0.0 107.5343842,-6.869692,0.0</coordinates>
            </LineString>
        </Placemark>
        <Placemark id="67431">
            <name>Jalan Dustira</name>
            <styleUrl>#67432</styleUrl>
            <LineString id="67430">
                <coordinates>107.5364684,-6.8870194,0.0 107.5359459,-6.8864349,0.0 107.5358725,-6.8863526,0.0 107.5354638,-6.8858941,0.0 107.5351739,-6.8855689,0.0</coordinates>
            </LineString>
        </Placemark>
        <Placemark id="67435">
            <name>Jalan Raya Caringin</name>
            <styleUrl>#67436</styleUrl>
            <LineString id="67434">
                <coordinates>107.4987021,-6.8578894,0.0 107.4987182,-6.8581066,0.0</coordinates>
            </LineString>
        </Placemark>
        <Placemark id="67439">
            <name>Jalan Raya Caringin</name>
            <styleUrl>#67440</styleUrl>
            <LineString id="67438">
                <coordinates>107.4978121,-6.8539405,0.0 107.4978195,-6.8539756,0.0 107.497921,-6.8543483,0.0 107.4979689,-6.8545091,0.0 107.4980044,-6.8546237,0.0 107.4980409,-6.8547619,0.0 107.4980626,-6.8548322,0.0 107.4980832,-6.8548991,0.0 107.4981365,-6.855064,0.0 107.4981795,-6.8551922,0.0 107.4982118,-6.8553041,0.0 107.4982291,-6.855364,0.0 107.4982378,-6.8553939,0.0 107.4982496,-6.8554342,0.0 107.4982975,-6.8555796,0.0 107.4983226,-6.8556685,0.0 107.4983772,-6.8558679,0.0 107.4983981,-6.8559365,0.0 107.4984229,-6.8560363,0.0 107.4984955,-6.8563195,0.0 107.498506,-6.8563653,0.0 107.4985165,-6.856411,0.0 107.4985642,-6.8566145,0.0 107.4986032,-6.8567807,0.0 107.4986178,-6.8568699,0.0 107.4986213,-6.8568936,0.0 107.4986408,-6.8570257,0.0 107.4986583,-6.8572813,0.0 107.4986651,-6.8573652,0.0 107.4986693,-6.8574167,0.0 107.4986734,-6.8574856,0.0 107.4986774,-6.8575545,0.0 107.4986922,-6.857755,0.0 107.4987011,-6.8578756,0.0 107.4987021,-6.8578894,0.0</coordinates>
            </LineString>
        </Placemark>
        <Placemark id="67443">
            <name>Bunderan Cibeureum</name>
            <styleUrl>#67444</styleUrl>
            <LineString id="67442">
                <coordinates>107.5745601,-6.9172787,0.0 107.5745248,-6.9173306,0.0 107.5744751,-6.9173693,0.0 107.5744159,-6.9173911,0.0</coordinates>
            </LineString>
        </Placemark>
        <Placemark id="67447">
            <name>Jalan Suniaraja</name>
            <styleUrl>#67448</styleUrl>
            <LineString id="67446">
                <coordinates>107.6031079,-6.9160834,0.0 107.60326,-6.9160638,0.0 107.6040403,-6.915928,0.0 107.6043695,-6.9158689,0.0 107.6045054,-6.9158364,0.0</coordinates>
            </LineString>
        </Placemark>
        <Placemark id="67451">
            <name>Jalan Otto Iskandardinata</name>
            <styleUrl>#67452</styleUrl>
            <LineString id="67450">
                <coordinates>107.6045054,-6.9158364,0.0 107.6045124,-6.9157548,0.0 107.6045273,-6.915589,0.0 107.604546,-6.9153572,0.0</coordinates>
            </LineString>
        </Placemark>
        <Placemark id="67455">
            <name>Jalan Kota Baru Parahyangan</name>
            <styleUrl>#67456</styleUrl>
            <LineString id="67454">
                <coordinates>107.4934922,-6.8523177,0.0 107.4934922,-6.8522266,0.0 107.4935001,-6.8521613,0.0 107.4935127,-6.8521063,0.0 107.4935344,-6.8520506,0.0 107.4935642,-6.8520008,0.0 107.493597,-6.8519537,0.0 107.4936319,-6.8519114,0.0 107.493668,-6.851876,0.0 107.4937065,-6.8518461,0.0 107.493751,-6.8518207,0.0 107.493795,-6.8518006,0.0 107.4938418,-6.8517845,0.0 107.4938843,-6.8517736,0.0 107.4939237,-6.8517673,0.0 107.4939593,-6.8517637,0.0 107.4940018,-6.8517618,0.0 107.4940543,-6.8517636,0.0</coordinates>
            </LineString>
        </Placemark>
        <Placemark id="67459">
            <name>Jalan Underpass Ir. Soekarno</name>
            <styleUrl>#67460</styleUrl>
            <LineString id="67458">
                <coordinates>107.5346616,-6.8843934,0.0 107.5350132,-6.8840951,0.0</coordinates>
            </LineString>
        </Placemark>
        <Placemark id="67463">
            <name>Jalan Raya Padalarang</name>
            <styleUrl>#67464</styleUrl>
            <LineString id="67462">
                <coordinates>107.4940096,-6.8492687,0.0 107.4936922,-6.8490384,0.0</coordinates>
            </LineString>
        </Placemark>
        <Placemark id="67467">
            <name>Jalan Underpass Ir. Soekarno</name>
            <styleUrl>#67468</styleUrl>
            <LineString id="67466">
                <coordinates>107.5351739,-6.8855689,0.0 107.5351401,-6.8854879,0.0 107.5345982,-6.884846,0.0 107.5345583,-6.8847825,0.0 107.5345323,-6.8847104,0.0 107.5345274,-6.8846105,0.0 107.5345557,-6.8845207,0.0 107.5346001,-6.884453,0.0 107.5346616,-6.8843934,0.0</coordinates>
            </LineString>
        </Placemark>
        <Placemark id="67471">
            <name>Jalan Jend. H. Amir Machmud</name>
            <styleUrl>#67472</styleUrl>
            <LineString id="67470">
                <coordinates>107.5586896,-6.8935077,0.0 107.5586388,-6.8934232,0.0</coordinates>
            </LineString>
        </Placemark>
        <Placemark id="67475">
            <name>Jalan Garuda</name>
            <styleUrl>#67476</styleUrl>
            <LineString id="67474">
                <coordinates>107.5767538,-6.9173844,0.0 107.5766836,-6.9174697,0.0</coordinates>
            </LineString>
        </Placemark>
        <Placemark id="67479">
            <name>Jalan Stasiun Timur</name>
            <styleUrl>#67480</styleUrl>
            <LineString id="67478">
                <coordinates>107.6064066,-6.9149399,0.0 107.6065239,-6.9149519,0.0 107.6066003,-6.9149924,0.0 107.6066521,-6.9150384,0.0 107.6067855,-6.9152656,0.0 107.6068306,-6.9152963,0.0 107.606909,-6.9153005,0.0</coordinates>
            </LineString>
        </Placemark>
        <Placemark id="67483">
            <name>Bunderan Cibeureum</name>
            <styleUrl>#67484</styleUrl>
            <LineString id="67482">
                <coordinates>107.5742937,-6.9173779,0.0 107.5742396,-6.9173432,0.0 107.5741991,-6.9172935,0.0</coordinates>
            </LineString>
        </Placemark>
        <Placemark id="67487">
            <name>Bunderan Cibeureum</name>
            <styleUrl>#67488</styleUrl>
            <LineString id="67486">
                <coordinates>107.5744159,-6.9173911,0.0 107.5743538,-6.9173939,0.0 107.5742937,-6.9173779,0.0</coordinates>
            </LineString>
        </Placemark>
        <Placemark id="67491">
            <name>Jalan Kebon Kawung</name>
            <styleUrl>#67492</styleUrl>
            <LineString id="67490">
                <coordinates>107.603885,-6.9126611,0.0 107.6038515,-6.9126567,0.0 107.6036069,-6.9126444,0.0 107.6032433,-6.9126176,0.0 107.6029824,-6.9125986,0.0 107.6029303,-6.9125954,0.0 107.6027169,-6.9125813,0.0 107.6024779,-6.9125651,0.0 107.6023535,-6.9125612,0.0 107.6022742,-6.9125566,0.0 107.6020122,-6.91254,0.0</coordinates>
            </LineString>
        </Placemark>
        <Placemark id="67495">
            <name>Jalan Kebon Kawung</name>
            <styleUrl>#67496</styleUrl>
            <LineString id="67494">
                <coordinates>107.6020122,-6.91254,0.0 107.6019305,-6.9125353,0.0</coordinates>
            </LineString>
        </Placemark>
        <Placemark id="67499">
            <name>Jalan Pajajaran</name>
            <styleUrl>#67500</styleUrl>
            <LineString id="67498">
                <coordinates>107.5930436,-6.9070358,0.0 107.592893,-6.9070548,0.0 107.5928538,-6.9070598,0.0 107.5926825,-6.9070846,0.0 107.5925401,-6.9070991,0.0 107.5923942,-6.9071118,0.0 107.592239,-6.9071272,0.0 107.5920701,-6.9071489,0.0</coordinates>
            </LineString>
        </Placemark>
        <Placemark id="67503">
            <name>Jalan Garuda</name>
            <styleUrl>#67504</styleUrl>
            <LineString id="67502">
                <coordinates>107.5780214,-6.9117553,0.0 107.5780145,-6.9117904,0.0 107.578003,-6.9118487,0.0 107.5779564,-6.9120857,0.0 107.5779077,-6.9123395,0.0 107.5778207,-6.9127137,0.0 107.5778075,-6.9127704,0.0 107.5776241,-6.9135596,0.0 107.5776188,-6.9135881,0.0 107.5776073,-6.9136496,0.0</coordinates>
            </LineString>
        </Placemark>
        <Placemark id="67507">
            <name>Jalan Pajajaran</name>
            <styleUrl>#67508</styleUrl>
            <LineString id="67506">
                <coordinates>107.588209,-6.9068423,0.0 107.5881464,-6.9068364,0.0 107.5880555,-6.9068315,0.0 107.5879978,-6.9068303,0.0 107.5879768,-6.9068298,0.0 107.5879555,-6.9068304,0.0 107.5879312,-6.9068311,0.0 107.5878886,-6.9068344,0.0 107.5878356,-6.9068448,0.0 107.5877897,-6.9068561,0.0</coordinates>
            </LineString>
        </Placemark>
        <Placemark id="67511">
            <name>Jalan Kebon Jukut</name>
            <styleUrl>#67512</styleUrl>
            <LineString id="67510">
                <coordinates>107.6071931,-6.9145156,0.0 107.6071796,-6.9144917,0.0 107.6071622,-6.9144726,0.0 107.6071398,-6.9144595,0.0 107.6071185,-6.9144541,0.0 107.6070966,-6.9144542,0.0 107.6070754,-6.9144598,0.0 107.6070563,-6.9144706,0.0 107.606975,-6.9145811,0.0</coordinates>
            </LineString>
        </Placemark>
        <Placemark id="67515">
            <name>Route Segment</name>
            <styleUrl>#67516</styleUrl>
            <LineString id="67514">
                <coordinates>107.5766836,-6.9174697,0.0 107.5766159,-6.9175515,0.0</coordinates>
            </LineString>
        </Placemark>
        <Placemark id="67519">
            <name>Jalan Kota Baru Parahyangan</name>
            <styleUrl>#67520</styleUrl>
            <LineString id="67518">
                <coordinates>107.4944522,-6.8524499,0.0 107.4944162,-6.8525103,0.0 107.4943818,-6.8525601,0.0 107.4943432,-6.8526068,0.0 107.4943051,-6.8526422,0.0 107.4942576,-6.8526775,0.0 107.4942009,-6.8527087,0.0 107.4941496,-6.8527293,0.0 107.4940916,-6.852747,0.0 107.4940257,-6.8527557,0.0 107.4939522,-6.8527551,0.0 107.4938894,-6.8527455,0.0 107.4938183,-6.8527241,0.0 107.4937587,-6.8526983,0.0 107.4936969,-6.8526597,0.0 107.4936415,-6.8526143,0.0</coordinates>
            </LineString>
        </Placemark>
        <Placemark id="67523">
            <name>Jalan Kota Baru Parahyangan</name>
            <styleUrl>#67524</styleUrl>
            <LineString id="67522">
                <coordinates>107.4936415,-6.8526143,0.0 107.4935908,-6.8525552,0.0 107.4935414,-6.8524786,0.0 107.493508,-6.8523961,0.0 107.4934922,-6.8523177,0.0</coordinates>
            </LineString>
        </Placemark>
        <Placemark id="67527">
            <name>Jalan Raya Padalarang</name>
            <styleUrl>#67528</styleUrl>
            <LineString id="67526">
                <coordinates>107.4951383,-6.8501109,0.0 107.4949029,-6.8499353,0.0 107.4943204,-6.8495005,0.0 107.4940096,-6.8492687,0.0</coordinates>
            </LineString>
        </Placemark>
        <Placemark id="67531">
            <name>Jalan Jend. H. Amir Machmud</name>
            <styleUrl>#67532</styleUrl>
            <LineString id="67530">
                <coordinates>107.5359218,-6.8702457,0.0 107.5362685,-6.8703754,0.0 107.5363078,-6.8703903,0.0</coordinates>
            </LineString>
        </Placemark>
        <Placemark id="67535">
            <name>Jalan Jend. H. Amir Machmud</name>
            <styleUrl>#67536</styleUrl>
            <LineString id="67534">
                <coordinates>107.5363078,-6.8703903,0.0 107.5363431,-6.8704044,0.0</coordinates>
            </LineString>
        </Placemark>
        <Placemark id="67539">
            <name>Jalan Otto Iskandardinata</name>
            <styleUrl>#67540</styleUrl>
            <LineString id="67538">
                <coordinates>107.604692,-6.9127619,0.0 107.6046613,-6.913176,0.0 107.6046522,-6.9133158,0.0 107.6046393,-6.9134886,0.0 107.6046306,-6.9136374,0.0 107.6046271,-6.9136785,0.0 107.604621,-6.9137727,0.0 107.6046177,-6.9138395,0.0 107.6046089,-6.913972,0.0 107.6045855,-6.9143581,0.0 107.6045878,-6.9143974,0.0 107.6045929,-6.9144391,0.0 107.6046031,-6.9144539,0.0</coordinates>
            </LineString>
        </Placemark>
        <Placemark id="67543">
            <name>Jalan Jendral Sudirman</name>
            <styleUrl>#67544</styleUrl>
            <LineString id="67542">
                <coordinates>107.5725721,-6.916133,0.0 107.5723979,-6.9159874,0.0 107.5723395,-6.9159333,0.0 107.5722759,-6.9158629,0.0 107.5722121,-6.9157842,0.0 107.5721531,-6.915707,0.0 107.5720994,-6.9156231,0.0 107.5720549,-6.9155598,0.0 107.5719123,-6.9153326,0.0 107.5718695,-6.9152634,0.0 107.5717819,-6.9151024,0.0 107.5717255,-6.9150035,0.0 107.5715151,-6.9146659,0.0</coordinates>
            </LineString>
        </Placemark>
        <Placemark id="67547">
            <name>Jalan Jend. H. Amir Machmud</name>
            <styleUrl>#67548</styleUrl>
            <LineString id="67546">
                <coordinates>107.5603175,-6.8962042,0.0 107.5602833,-6.896152,0.0 107.5600306,-6.895741,0.0</coordinates>
            </LineString>
        </Placemark>
        <Placemark id="67551">
            <name>Jalan Jend. H. Amir Machmud</name>
            <styleUrl>#67552</styleUrl>
            <LineString id="67550">
                <coordinates>107.5609323,-6.8972252,0.0 107.5607448,-6.8969157,0.0 107.5606211,-6.896708,0.0 107.5605385,-6.8965689,0.0</coordinates>
            </LineString>
        </Placemark>
        <Placemark id="67555">
            <name>Jalan Raya Gadobangkong</name>
            <styleUrl>#67556</styleUrl>
            <LineString id="67554">
                <coordinates>107.5238237,-6.8685111,0.0 107.5238605,-6.8685121,0.0 107.524111,-6.8685186,0.0 107.5242475,-6.8685297,0.0 107.5243947,-6.8685238,0.0 107.5245213,-6.8685157,0.0 107.5246659,-6.8685002,0.0 107.5248121,-6.8684764,0.0 107.5250106,-6.8684338,0.0 107.5252251,-6.8683845,0.0 107.5253284,-6.8683626,0.0 107.5254235,-6.8683509,0.0 107.525547,-6.8683413,0.0 107.525671,-6.8683467,0.0 107.5258493,-6.8683639,0.0 107.5260715,-6.8684195,0.0 107.5261248,-6.8684369,0.0</coordinates>
            </LineString>
        </Placemark>
        <Placemark id="67559">
            <name>Jalan Jend. H. Amir Machmud</name>
            <styleUrl>#67560</styleUrl>
            <LineString id="67558">
                <coordinates>107.5604095,-6.8963547,0.0 107.5603175,-6.8962042,0.0</coordinates>
            </LineString>
        </Placemark>
        <Placemark id="67563">
            <name>Jalan Raya Padalarang</name>
            <styleUrl>#67564</styleUrl>
            <LineString id="67562">
                <coordinates>107.4974957,-6.8522961,0.0 107.4974571,-6.8521186,0.0</coordinates>
            </LineString>
        </Placemark>
        <Placemark id="67567">
            <name>Jalan Raya Cimareme</name>
            <styleUrl>#67568</styleUrl>
            <LineString id="67566">
                <coordinates>107.5055404,-6.864229,0.0 107.5056235,-6.864215,0.0 107.505703,-6.8641943,0.0 107.5063671,-6.864027,0.0</coordinates>
            </LineString>
        </Placemark>
        <Placemark id="67571">
            <name>Jalan Abdul Rahman Saleh</name>
            <styleUrl>#67572</styleUrl>
            <LineString id="67570">
                <coordinates>107.5868079,-6.9070295,0.0 107.5866068,-6.9070674,0.0 107.5863259,-6.9071196,0.0 107.5861621,-6.9071508,0.0 107.5859779,-6.9071842,0.0</coordinates>
            </LineString>
        </Placemark>
        <Placemark id="67575">
            <name>Jalan Layang Nurtanio</name>
            <styleUrl>#67576</styleUrl>
            <LineString id="67574">
                <coordinates>107.5783486,-6.9103499,0.0 107.5785563,-6.9094641,0.0 107.5786794,-6.9089112,0.0 107.5787312,-6.9087166,0.0 107.5787723,-6.9085918,0.0 107.5788134,-6.9084914,0.0 107.5788589,-6.9083921,0.0 107.5789019,-6.9083181,0.0</coordinates>
            </LineString>
        </Placemark>
        <Placemark id="67579">
            <name>Jalan Layang Nurtanio</name>
            <styleUrl>#67580</styleUrl>
            <LineString id="67578">
                <coordinates>107.5794204,-6.9076036,0.0 107.5795244,-6.9075473,0.0 107.5797046,-6.9074852,0.0 107.5797916,-6.9074652,0.0 107.5798841,-6.9074506,0.0 107.5799775,-6.9074488,0.0 107.5800457,-6.9074531,0.0 107.5802379,-6.907476,0.0 107.5811738,-6.9075993,0.0</coordinates>
            </LineString>
        </Placemark>
        <Placemark id="67583">
            <name>Jalan Layang Nurtanio</name>
            <styleUrl>#67584</styleUrl>
            <LineString id="67582">
                <coordinates>107.5789019,-6.9083181,0.0 107.5790202,-6.9081211,0.0 107.5792369,-6.9077861,0.0 107.5792779,-6.9077322,0.0 107.579326,-6.9076782,0.0 107.5794204,-6.9076036,0.0</coordinates>
            </LineString>
        </Placemark>
        <Placemark id="67587">
            <name>Jalan Kebon Kawung</name>
            <styleUrl>#67588</styleUrl>
            <LineString id="67586">
                <coordinates>107.6006435,-6.9124749,0.0 107.6002224,-6.9124495,0.0</coordinates>
            </LineString>
        </Placemark>
        <Placemark id="67591">
            <name>Jalan Kebon Kawung</name>
            <styleUrl>#67592</styleUrl>
            <LineString id="67590">
                <coordinates>107.6002224,-6.9124495,0.0 107.6000202,-6.912439,0.0</coordinates>
            </LineString>
        </Placemark>
        <Placemark id="67595">
            <name>Jalan Kebon Kawung</name>
            <styleUrl>#67596</styleUrl>
            <LineString id="67594">
                <coordinates>107.6000202,-6.912439,0.0 107.5993874,-6.9123994,0.0</coordinates>
            </LineString>
        </Placemark>
        <Placemark id="67599">
            <name>Jalan Kebon Kawung</name>
            <styleUrl>#67600</styleUrl>
            <LineString id="67598">
                <coordinates>107.5993874,-6.9123994,0.0 107.5990408,-6.912374,0.0 107.5990132,-6.912372,0.0</coordinates>
            </LineString>
        </Placemark>
        <Placemark id="67603">
            <name>Jalan Kebon Kawung</name>
            <styleUrl>#67604</styleUrl>
            <LineString id="67602">
                <coordinates>107.5990132,-6.912372,0.0 107.5982527,-6.912368,0.0</coordinates>
            </LineString>
        </Placemark>
        <Placemark id="67607">
            <name>Jalan Kebon Kawung</name>
            <styleUrl>#67608</styleUrl>
            <LineString id="67606">
                <coordinates>107.601745,-6.9125245,0.0 107.601624,-6.9125174,0.0</coordinates>
            </LineString>
        </Placemark>
        <Placemark id="67611">
            <name>Jalan Kebon Kawung</name>
            <styleUrl>#67612</styleUrl>
            <LineString id="67610">
                <coordinates>107.601624,-6.9125174,0.0 107.6015636,-6.9125139,0.0</coordinates>
            </LineString>
        </Placemark>
        <Placemark id="67615">
            <name>Jalan Kebon Kawung</name>
            <styleUrl>#67616</styleUrl>
            <LineString id="67614">
                <coordinates>107.6015636,-6.9125139,0.0 107.6010547,-6.9124917,0.0</coordinates>
            </LineString>
        </Placemark>
        <Placemark id="67619">
            <name>Jalan Kebon Kawung</name>
            <styleUrl>#67620</styleUrl>
            <LineString id="67618">
                <coordinates>107.6010547,-6.9124917,0.0 107.6009674,-6.9124878,0.0</coordinates>
            </LineString>
        </Placemark>
        <Placemark id="67623">
            <name>Jalan Kebon Kawung</name>
            <styleUrl>#67624</styleUrl>
            <LineString id="67622">
                <coordinates>107.6009674,-6.9124878,0.0 107.6007223,-6.9124771,0.0 107.6006435,-6.9124749,0.0</coordinates>
            </LineString>
        </Placemark>
        <Placemark id="67627">
            <name>Jalan Kota Baru Parahyangan</name>
            <styleUrl>#67628</styleUrl>
            <LineString id="67626">
                <coordinates>107.4963507,-6.8510217,0.0 107.4963301,-6.8510254,0.0 107.4963132,-6.8510299,0.0 107.4962963,-6.8510362,0.0 107.4962787,-6.8510449,0.0 107.4962614,-6.8510578,0.0 107.4962484,-6.8510712,0.0 107.4962343,-6.85109,0.0 107.4962221,-6.8511106,0.0 107.4962098,-6.8511338,0.0 107.4961976,-6.8511597,0.0 107.4961619,-6.8512443,0.0 107.4961444,-6.8512857,0.0</coordinates>
            </LineString>
        </Placemark>
        <Placemark id="67631">
            <name>Jalan Jend. H. Amir Machmud</name>
            <styleUrl>#67632</styleUrl>
            <LineString id="67630">
                <coordinates>107.5689887,-6.9104164,0.0 107.5689617,-6.9103691,0.0 107.5688997,-6.9102637,0.0 107.5688731,-6.910217,0.0 107.5688157,-6.9101246,0.0 107.5686493,-6.9098587,0.0 107.5683186,-6.9093322,0.0 107.5676739,-6.9082679,0.0 107.5674722,-6.9079333,0.0 107.5673325,-6.9077024,0.0 107.5672438,-6.907556,0.0 107.5668478,-6.9069015,0.0 107.5666139,-6.9065148,0.0 107.5664877,-6.9063062,0.0 107.5663055,-6.9060051,0.0 107.5659443,-6.9054074,0.0 107.565924,-6.9053734,0.0 107.565673,-6.9049534,0.0</coordinates>
            </LineString>
        </Placemark>
        <Placemark id="67635">
            <name>Jalan Baros</name>
            <styleUrl>#67636</styleUrl>
            <LineString id="67634">
                <coordinates>107.5372378,-6.8880721,0.0 107.5371821,-6.8882052,0.0 107.5369394,-6.8887796,0.0 107.5366629,-6.8894348,0.0</coordinates>
            </LineString>
        </Placemark>
    </Document>
</kml>
