{
  "type": "FeatureCollection",
  "features": [
    {
      "type": "Feature",
      "geometry": {
        "type": "LineString",
        "coordinates": [
          [
            107.7983447,
            -6.9802356
          ],
          [
            107.7982179,
            -6.9801875
          ],
          [
            107.7981663,
            -6.9801685
          ],
          [
            107.7981013,
            -6.9801447
          ],
          [
            107.7976525,
            -6.9799748
          ],
          [
            107.7939891,
            -6.9786276
          ],
          [
            107.7930324,
            -6.9782899
          ],
          [
            107.7922876,
            -6.978027
          ],
          [
            107.7914484,
            -6.9777482
          ],
          [
            107.7891499,
            -6.9769286
          ],
          [
            107.7881812,
            -6.9765749
          ],
          [
            107.7845186,
            -6.9752392
          ]
        ]
      },
      "properties": {
        "id": 42806266,
        "electrified": "no",
        "gauge": "1067",
        "maxspeed": "110",
        "name": "Jalur Kereta Api Padalarang–Kasugihan",
        "operator": "Kereta Api Indonesia",
        "owner": "Direktorat Jenderal Perkeretaapian Kementerian Perhubungan Republik Indonesia",
        "railway": "rail",
        "railway:bidirectional": "signals",
        "railway:preferred_direction": "forward",
        "railway:traffic_mode": "mixed",
        "sleeper:material": "concrete",
        "source": "Yahoo hires",
        "usage": "main",
        "wikidata": "Q25630218",
        "wikipedia": "id:Jalur kereta api Padalarang–Kasugihan"
      }
    },
    {
      "type": "Feature",
      "geometry": {
        "type": "LineString",
        "coordinates": [
          [
            107.5367227,
            -6.8864892
          ],
          [
            107.5362929,
            -6.886004
          ]
        ]
      },
      "properties": {
        "id": 257233122,
        "electrified": "no",
        "gauge": "1067",
        "maxspeed": "110",
        "name": "Jalur Kereta Api Padalarang–Kasugihan",
        "operator": "Kereta Api Indonesia",
        "owner": "Direktorat Jenderal Perkeretaapian Kementerian Perhubungan Republik Indonesia",
        "railway": "rail",
        "railway:bidirectional": "signals",
        "railway:preferred_direction": "forward",
        "railway:track_ref": "1",
        "railway:traffic_mode": "mixed",
        "sleeper:material": "concrete",
        "usage": "main",
        "wikidata": "Q25630218",
        "wikipedia": "id:Jalur kereta api Padalarang–Kasugihan"
      }
    },
    {
      "type": "Feature",
      "geometry": {
        "type": "LineString",
        "coordinates": [
          [
            107.6075315,
            -6.9149339
          ],
          [
            107.607019,
            -6.9148682
          ]
        ]
      },
      "properties": {
        "id": 321027466,
        "bridge": "yes",
        "electrified": "no",
        "gauge": "1067",
        "layer": "1",
        "maxspeed": "100",
        "name": "Jalur Kereta Api Padalarang–Kasugihan",
        "operator": "Kereta Api Indonesia",
        "owner": "Direktorat Jenderal Perkeretaapian Kementerian Perhubungan Republik Indonesia",
        "railway": "rail",
        "railway:bidirectional": "signals",
        "railway:preferred_direction": "forward",
        "railway:traffic_mode": "mixed",
        "sleeper:material": "concrete",
        "usage": "main",
        "wikidata": "Q25630218",
        "wikipedia": "id:Jalur kereta api Padalarang–Kasugihan"
      }
    },
    {
      "type": "Feature",
      "geometry": {
        "type": "LineString",
        "coordinates": [
          [
            107.6400262,
            -6.9226335
          ],
          [
            107.6387855,
            -6.9221835
          ],
          [
            107.638731,
            -6.9221637
          ],
          [
            107.6373362,
            -6.9216508
          ],
          [
            107.6362692,
            -6.9212901
          ],
          [
            107.6355755,
            -6.9210925
          ],
          [
            107.6351989,
            -6.920983
          ],
          [
            107.6347542,
            -6.9208687
          ],
          [
            107.6332373,
            -6.9204991
          ],
          [
            107.6311255,
            -6.9199916
          ],
          [
            107.6310227,
            -6.9199664
          ],
          [
            107.630841,
            -6.9199235
          ],
          [
            107.6280969,
            -6.919252
          ],
          [
            107.6253948,
            -6.9185887
          ],
          [
            107.6250883,
            -6.9185164
          ],
          [
            107.62493,
            -6.9184772
          ],
          [
            107.6248417,
            -6.9184502
          ],
          [
            107.6243909,
            -6.9183342
          ],
          [
            107.6222945,
            -6.9178214
          ],
          [
            107.619164,
            -6.9170804
          ],
          [
            107.6181796,
            -6.9168277
          ],
          [
            107.616829,
            -6.916491
          ],
          [
            107.6138145,
            -6.9157591
          ],
          [
            107.6136515,
            -6.9157287
          ],
          [
            107.6130062,
            -6.9156227
          ],
          [
            107.611193,
            -6.9153893
          ],
          [
            107.6109029,
            -6.915352
          ],
          [
            107.6102046,
            -6.9152669
          ],
          [
            107.6090001,
            -6.9151162
          ],
          [
            107.6075315,
            -6.9149339
          ]
        ]
      },
      "properties": {
        "id": 321027467,
        "electrified": "no",
        "gauge": "1067",
        "maxspeed": "100",
        "name": "Jalur Kereta Api Padalarang–Kasugihan",
        "operator": "Kereta Api Indonesia",
        "owner": "Direktorat Jenderal Perkeretaapian Kementerian Perhubungan Republik Indonesia",
        "railway": "rail",
        "railway:bidirectional": "signals",
        "railway:preferred_direction": "forward",
        "railway:traffic_mode": "mixed",
        "sleeper:material": "concrete",
        "usage": "main",
        "wikidata": "Q25630218",
        "wikipedia": "id:Jalur kereta api Padalarang–Kasugihan"
      }
    },
    {
      "type": "Feature",
      "geometry": {
        "type": "LineString",
        "coordinates": [
          [
            107.5146052,
            -6.863278
          ],
          [
            107.5143542,
            -6.8627063
          ],
          [
            107.5143291,
            -6.8626499
          ],
          [
            107.5140321,
            -6.8619817
          ],
          [
            107.513967,
            -6.8618383
          ],
          [
            107.5138494,
            -6.8615946
          ],
          [
            107.5137387,
            -6.8613791
          ],
          [
            107.5136661,
            -6.861244
          ],
          [
            107.5134957,
            -6.8609522
          ],
          [
            107.5133453,
            -6.8607029
          ],
          [
            107.5130635,
            -6.8603007
          ],
          [
            107.5128731,
            -6.8600454
          ],
          [
            107.5125601,
            -6.859646
          ],
          [
            107.5122543,
            -6.85932
          ],
          [
            107.5120087,
            -6.8590747
          ],
          [
            107.511746,
            -6.8588356
          ],
          [
            107.5111458,
            -6.8583097
          ],
          [
            107.510678,
            -6.8579015
          ],
          [
            107.5103102,
            -6.8575559
          ],
          [
            107.5100888,
            -6.8573266
          ],
          [
            107.5097737,
            -6.8569758
          ],
          [
            107.5095649,
            -6.856708
          ],
          [
            107.5094118,
            -6.8565014
          ],
          [
            107.5092521,
            -6.8562498
          ],
          [
            107.5089491,
            -6.8557623
          ],
          [
            107.508215,
            -6.8544629
          ],
          [
            107.5079249,
            -6.8539594
          ],
          [
            107.5074234,
            -6.853123
          ],
          [
            107.5070994,
            -6.8525983
          ],
          [
            107.5067762,
            -6.8521126
          ],
          [
            107.5063795,
            -6.8515563
          ],
          [
            107.5055505,
            -6.850398
          ],
          [
            107.5050061,
            -6.8496449
          ],
          [
            107.5047511,
            -6.8493049
          ],
          [
            107.5045916,
            -6.8491112
          ],
          [
            107.5043455,
            -6.8488344
          ],
          [
            107.5041846,
            -6.8486722
          ],
          [
            107.5038604,
            -6.8483737
          ],
          [
            107.5036923,
            -6.8482328
          ],
          [
            107.5034044,
            -6.8479973
          ],
          [
            107.5031093,
            -6.8477648
          ],
          [
            107.5023024,
            -6.8471193
          ],
          [
            107.5022575,
            -6.8470837
          ],
          [
            107.5019626,
            -6.8468502
          ],
          [
            107.5009207,
            -6.8460154
          ],
          [
            107.5008748,
            -6.845979
          ],
          [
            107.5008325,
            -6.8459445
          ]
        ]
      },
      "properties": {
        "id": 330116185,
        "electrified": "no",
        "gauge": "1067",
        "maxspeed": "110",
        "name": "Jalur Kereta Api Padalarang–Kasugihan",
        "operator": "Kereta Api Indonesia",
        "owner": "Direktorat Jenderal Perkeretaapian Kementerian Perhubungan Republik Indonesia",
        "railway": "rail",
        "railway:bidirectional": "signals",
        "railway:preferred_direction": "forward",
        "railway:traffic_mode": "mixed",
        "sleeper:material": "concrete",
        "usage": "main",
        "wikidata": "Q25630218",
        "wikipedia": "id:Jalur kereta api Padalarang–Kasugihan"
      }
    },
    {
      "type": "Feature",
      "geometry": {
        "type": "LineString",
        "coordinates": [
          [
            107.6421269,
            -6.9234014
          ],
          [
            107.6413268,
            -6.9231175
          ],
          [
            107.6413003,
            -6.9231075
          ],
          [
            107.6401395,
            -6.9226764
          ]
        ]
      },
      "properties": {
        "id": 415744895,
        "electrified": "no",
        "gauge": "1067",
        "maxspeed": "90",
        "name": "Jalur Kereta Api Padalarang–Kasugihan",
        "operator": "Kereta Api Indonesia",
        "owner": "Direktorat Jenderal Perkeretaapian Kementerian Perhubungan Republik Indonesia",
        "railway": "rail",
        "railway:bidirectional": "signals",
        "railway:preferred_direction": "forward",
        "railway:traffic_mode": "mixed",
        "sleeper:material": "concrete",
        "usage": "main",
        "wikidata": "Q25630218",
        "wikipedia": "id:Jalur kereta api Padalarang–Kasugihan"
      }
    },
    {
      "type": "Feature",
      "geometry": {
        "type": "LineString",
        "coordinates": [
          [
            107.6456145,
            -6.9247603
          ],
          [
            107.6474897,
            -6.9254525
          ]
        ]
      },
      "properties": {
        "id": 415766627,
        "electrified": "no",
        "gauge": "1067",
        "railway": "rail",
        "railway:track_ref": "1",
        "service": "siding"
      }
    },
    {
      "type": "Feature",
      "geometry": {
        "type": "LineString",
        "coordinates": [
          [
            107.6401395,
            -6.9226764
          ],
          [
            107.6400262,
            -6.9226335
          ]
        ]
      },
      "properties": {
        "id": 552319185,
        "bridge": "yes",
        "electrified": "no",
        "gauge": "1067",
        "layer": "1",
        "maxspeed": "100",
        "name": "Jalur Kereta Api Padalarang–Kasugihan",
        "operator": "Kereta Api Indonesia",
        "owner": "Direktorat Jenderal Perkeretaapian Kementerian Perhubungan Republik Indonesia",
        "railway": "rail",
        "railway:bidirectional": "signals",
        "railway:preferred_direction": "forward",
        "railway:traffic_mode": "mixed",
        "sleeper:material": "concrete",
        "usage": "main",
        "wikidata": "Q25630218",
        "wikipedia": "id:Jalur kereta api Padalarang–Kasugihan"
      }
    },
    {
      "type": "Feature",
      "geometry": {
        "type": "LineString",
        "coordinates": [
          [
            107.6844703,
            -6.9388405
          ],
          [
            107.6842899,
            -6.9387749
          ]
        ]
      },
      "properties": {
        "id": 554803483,
        "bridge": "yes",
        "electrified": "no",
        "gauge": "1067",
        "layer": "1",
        "maxspeed": "100",
        "name": "Jalur Kereta Api Padalarang–Kasugihan",
        "operator": "Kereta Api Indonesia",
        "owner": "Direktorat Jenderal Perkeretaapian Kementerian Perhubungan Republik Indonesia",
        "railway": "rail",
        "railway:bidirectional": "signals",
        "railway:preferred_direction": "forward",
        "railway:traffic_mode": "mixed",
        "sleeper:material": "concrete",
        "source": "Yahoo hires",
        "usage": "main",
        "wikidata": "Q25630218",
        "wikipedia": "id:Jalur kereta api Padalarang–Kasugihan"
      }
    },
    {
      "type": "Feature",
      "geometry": {
        "type": "LineString",
        "coordinates": [
          [
            107.72254,
            -6.9526955
          ],
          [
            107.7189434,
            -6.9513822
          ],
          [
            107.7174069,
            -6.9508211
          ],
          [
            107.714495,
            -6.9497674
          ],
          [
            107.7135394,
            -6.9494181
          ],
          [
            107.7133637,
            -6.9493569
          ],
          [
            107.7129817,
            -6.9492216
          ]
        ]
      },
      "properties": {
        "id": 561404010,
        "electrified": "no",
        "gauge": "1067",
        "maxspeed": "110",
        "name": "Jalur Kereta Api Padalarang–Kasugihan",
        "operator": "Kereta Api Indonesia",
        "owner": "Direktorat Jenderal Perkeretaapian Kementerian Perhubungan Republik Indonesia",
        "railway": "rail",
        "railway:bidirectional": "signals",
        "railway:preferred_direction": "forward",
        "railway:traffic_mode": "mixed",
        "sleeper:material": "concrete",
        "source": "Yahoo hires",
        "usage": "main",
        "wikidata": "Q25630218",
        "wikipedia": "id:Jalur kereta api Padalarang–Kasugihan"
      }
    },
    {
      "type": "Feature",
      "geometry": {
        "type": "LineString",
        "coordinates": [
          [
            107.7002589,
            -6.9445913
          ],
          [
            107.7001761,
            -6.9445608
          ]
        ]
      },
      "properties": {
        "id": 561404011,
        "bridge": "yes",
        "electrified": "no",
        "gauge": "1067",
        "layer": "1",
        "maxspeed": "110",
        "name": "Jalur Kereta Api Padalarang–Kasugihan",
        "operator": "Kereta Api Indonesia",
        "owner": "Direktorat Jenderal Perkeretaapian Kementerian Perhubungan Republik Indonesia",
        "railway": "rail",
        "railway:bidirectional": "signals",
        "railway:preferred_direction": "forward",
        "railway:traffic_mode": "mixed",
        "sleeper:material": "concrete",
        "source": "Yahoo hires",
        "usage": "main",
        "wikidata": "Q25630218",
        "wikipedia": "id:Jalur kereta api Padalarang–Kasugihan"
      }
    },
    {
      "type": "Feature",
      "geometry": {
        "type": "LineString",
        "coordinates": [
          [
            107.6916047,
            -6.9414389
          ],
          [
            107.6911272,
            -6.9412651
          ],
          [
            107.6910604,
            -6.9412408
          ],
          [
            107.6905354,
            -6.9410496
          ],
          [
            107.6888974,
            -6.9404525
          ],
          [
            107.6881814,
            -6.9401931
          ],
          [
            107.6881446,
            -6.9401795
          ],
          [
            107.6876033,
            -6.9399816
          ],
          [
            107.6873668,
            -6.9398957
          ]
        ]
      },
      "properties": {
        "id": 561404013,
        "electrified": "no",
        "gauge": "1067",
        "maxspeed": "110",
        "name": "Jalur Kereta Api Padalarang–Kasugihan",
        "operator": "Kereta Api Indonesia",
        "owner": "Direktorat Jenderal Perkeretaapian Kementerian Perhubungan Republik Indonesia",
        "railway": "rail",
        "railway:bidirectional": "signals",
        "railway:preferred_direction": "forward",
        "railway:track_ref": "3",
        "railway:traffic_mode": "mixed",
        "sleeper:material": "concrete",
        "source": "Yahoo hires",
        "usage": "main",
        "wikidata": "Q25630218",
        "wikipedia": "id:Jalur kereta api Padalarang–Kasugihan"
      }
    },
    {
      "type": "Feature",
      "geometry": {
        "type": "LineString",
        "coordinates": [
          [
            107.5709605,
            -6.9025168
          ],
          [
            107.5709107,
            -6.9024837
          ]
        ]
      },
      "properties": {
        "id": 561410149,
        "bridge": "yes",
        "electrified": "no",
        "gauge": "1067",
        "layer": "1",
        "maxspeed": "110",
        "name": "Jalur Kereta Api Padalarang–Kasugihan",
        "operator": "Kereta Api Indonesia",
        "owner": "Direktorat Jenderal Perkeretaapian Kementerian Perhubungan Republik Indonesia",
        "railway": "rail",
        "railway:bidirectional": "signals",
        "railway:preferred_direction": "forward",
        "railway:traffic_mode": "mixed",
        "sleeper:material": "concrete",
        "usage": "main",
        "wikidata": "Q25630218",
        "wikipedia": "id:Jalur kereta api Padalarang–Kasugihan"
      }
    },
    {
      "type": "Feature",
      "geometry": {
        "type": "LineString",
        "coordinates": [
          [
            107.5587546,
            -6.8946591
          ],
          [
            107.5585905,
            -6.8945791
          ],
          [
            107.5583883,
            -6.8944868
          ],
          [
            107.5579117,
            -6.8942763
          ],
          [
            107.5564963,
            -6.8936914
          ],
          [
            107.5564467,
            -6.89367
          ],
          [
            107.5556579,
            -6.8933302
          ],
          [
            107.5552812,
            -6.8931679
          ],
          [
            107.5552383,
            -6.8931494
          ],
          [
            107.5550584,
            -6.8930719
          ],
          [
            107.5547416,
            -6.8929337
          ],
          [
            107.5543664,
            -6.8927701
          ],
          [
            107.5532082,
            -6.8922708
          ],
          [
            107.5527033,
            -6.892054
          ],
          [
            107.5522656,
            -6.8918924
          ],
          [
            107.5520268,
            -6.8918076
          ],
          [
            107.55168,
            -6.8917044
          ],
          [
            107.5513667,
            -6.8916182
          ],
          [
            107.5509939,
            -6.89154
          ],
          [
            107.5507418,
            -6.8914878
          ],
          [
            107.548819,
            -6.8911232
          ],
          [
            107.5462142,
            -6.8906247
          ],
          [
            107.5443969,
            -6.8902769
          ],
          [
            107.5443439,
            -6.8902668
          ],
          [
            107.5442881,
            -6.8902562
          ],
          [
            107.544072,
            -6.8902148
          ],
          [
            107.5428647,
            -6.8899879
          ],
          [
            107.5411587,
            -6.8896551
          ]
        ]
      },
      "properties": {
        "id": 561410603,
        "electrified": "no",
        "gauge": "1067",
        "maxspeed": "110",
        "name": "Jalur Kereta Api Padalarang–Kasugihan",
        "operator": "Kereta Api Indonesia",
        "owner": "Direktorat Jenderal Perkeretaapian Kementerian Perhubungan Republik Indonesia",
        "railway": "rail",
        "railway:bidirectional": "signals",
        "railway:preferred_direction": "forward",
        "railway:traffic_mode": "mixed",
        "sleeper:material": "concrete",
        "usage": "main",
        "wikidata": "Q25630218",
        "wikipedia": "id:Jalur kereta api Padalarang–Kasugihan"
      }
    },
    {
      "type": "Feature",
      "geometry": {
        "type": "LineString",
        "coordinates": [
          [
            107.5411587,
            -6.8896551
          ],
          [
            107.5410005,
            -6.8896245
          ]
        ]
      },
      "properties": {
        "id": 561410604,
        "bridge": "yes",
        "electrified": "no",
        "gauge": "1067",
        "layer": "1",
        "maxspeed": "100",
        "name": "Jalur Kereta Api Padalarang–Kasugihan",
        "operator": "Kereta Api Indonesia",
        "owner": "Direktorat Jenderal Perkeretaapian Kementerian Perhubungan Republik Indonesia",
        "railway": "rail",
        "railway:bidirectional": "signals",
        "railway:preferred_direction": "forward",
        "railway:traffic_mode": "mixed",
        "sleeper:material": "concrete",
        "usage": "main",
        "wikidata": "Q25630218",
        "wikipedia": "id:Jalur kereta api Padalarang–Kasugihan"
      }
    },
    {
      "type": "Feature",
      "geometry": {
        "type": "LineString",
        "coordinates": [
          [
            107.6474897,
            -6.9254525
          ],
          [
            107.6486356,
            -6.925856
          ],
          [
            107.6488837,
            -6.9259466
          ],
          [
            107.6490128,
            -6.9259806
          ],
          [
            107.6492885,
            -6.9260515
          ]
        ]
      },
      "properties": {
        "id": 828302706,
        "electrified": "no",
        "gauge": "1067",
        "railway": "rail",
        "railway:track_ref": "1",
        "service": "siding"
      }
    },
    {
      "type": "Feature",
      "geometry": {
        "type": "LineString",
        "coordinates": [
          [
            107.6453531,
            -6.924662
          ],
          [
            107.6446813,
            -6.9243697
          ]
        ]
      },
      "properties": {
        "id": 828302707,
        "electrified": "no",
        "gauge": "1067",
        "railway": "rail",
        "service": "siding",
        "usage": "main"
      }
    },
    {
      "type": "Feature",
      "geometry": {
        "type": "LineString",
        "coordinates": [
          [
            107.6054016,
            -6.9146581
          ],
          [
            107.6053088,
            -6.9146502
          ],
          [
            107.6052019,
            -6.9146463
          ],
          [
            107.6051178,
            -6.9146441
          ],
          [
            107.6049691,
            -6.9146378
          ],
          [
            107.604827,
            -6.9146301
          ]
        ]
      },
      "properties": {
        "id": 828989404,
        "electrified": "no",
        "gauge": "1067",
        "railway": "rail",
        "service": "crossover"
      }
    },
    {
      "type": "Feature",
      "geometry": {
        "type": "LineString",
        "coordinates": [
          [
            107.6016923,
            -6.9144609
          ],
          [
            107.6027956,
            -6.9145101
          ]
        ]
      },
      "properties": {
        "id": 902837108,
        "covered": "yes",
        "electrified": "no",
        "gauge": "1067",
        "maxspeed": "30",
        "railway": "rail",
        "railway:track_ref": "1",
        "service": "siding"
      }
    },
    {
      "type": "Feature",
      "geometry": {
        "type": "LineString",
        "coordinates": [
          [
            107.582223,
            -6.9100138
          ],
          [
            107.5822692,
            -6.9100431
          ]
        ]
      },
      "properties": {
        "id": 902837821,
        "bridge": "yes",
        "electrified": "no",
        "gauge": "1067",
        "layer": "1",
        "maxspeed": "110",
        "name": "Jalur Kereta Api Padalarang–Kasugihan",
        "operator": "Kereta Api Indonesia",
        "owner": "Direktorat Jenderal Perkeretaapian Kementerian Perhubungan Republik Indonesia",
        "railway": "rail",
        "railway:bidirectional": "signals",
        "railway:preferred_direction": "forward",
        "railway:traffic_mode": "mixed",
        "sleeper:material": "concrete",
        "usage": "main",
        "wikidata": "Q25630218",
        "wikipedia": "id:Jalur kereta api Padalarang–Kasugihan"
      }
    },
    {
      "type": "Feature",
      "geometry": {
        "type": "LineString",
        "coordinates": [
          [
            107.5817323,
            -6.9096453
          ],
          [
            107.5816812,
            -6.9096115
          ],
          [
            107.5816361,
            -6.9095817
          ],
          [
            107.5810499,
            -6.9091975
          ],
          [
            107.579574,
            -6.9082209
          ],
          [
            107.5792984,
            -6.9080332
          ],
          [
            107.5792607,
            -6.908008
          ],
          [
            107.5780383,
            -6.907198
          ],
          [
            107.5778545,
            -6.9070779
          ],
          [
            107.5775156,
            -6.9068565
          ],
          [
            107.5774751,
            -6.9068302
          ],
          [
            107.5769035,
            -6.9064503
          ],
          [
            107.5758283,
            -6.9057425
          ],
          [
            107.5749856,
            -6.9051896
          ],
          [
            107.5744233,
            -6.9048124
          ],
          [
            107.572871,
            -6.903785
          ],
          [
            107.5709605,
            -6.9025168
          ]
        ]
      },
      "properties": {
        "id": 902837823,
        "electrified": "no",
        "gauge": "1067",
        "maxspeed": "110",
        "name": "Jalur Kereta Api Padalarang–Kasugihan",
        "operator": "Kereta Api Indonesia",
        "owner": "Direktorat Jenderal Perkeretaapian Kementerian Perhubungan Republik Indonesia",
        "railway": "rail",
        "railway:bidirectional": "signals",
        "railway:preferred_direction": "forward",
        "railway:traffic_mode": "mixed",
        "sleeper:material": "concrete",
        "usage": "main",
        "wikidata": "Q25630218",
        "wikipedia": "id:Jalur kereta api Padalarang–Kasugihan"
      }
    },
    {
      "type": "Feature",
      "geometry": {
        "type": "LineString",
        "coordinates": [
          [
            107.747952,
            -6.9619412
          ],
          [
            107.7478153,
            -6.9618898
          ],
          [
            107.7413143,
            -6.9595261
          ],
          [
            107.7409155,
            -6.9593802
          ],
          [
            107.732919,
            -6.9564742
          ],
          [
            107.7277488,
            -6.954594
          ]
        ]
      },
      "properties": {
        "id": 906008010,
        "electrified": "no",
        "gauge": "1067",
        "maxspeed": "110",
        "name": "Jalur Kereta Api Padalarang–Kasugihan",
        "operator": "Kereta Api Indonesia",
        "owner": "Direktorat Jenderal Perkeretaapian Kementerian Perhubungan Republik Indonesia",
        "railway": "rail",
        "railway:bidirectional": "signals",
        "railway:preferred_direction": "forward",
        "railway:traffic_mode": "mixed",
        "sleeper:material": "concrete",
        "source": "Yahoo hires",
        "usage": "main",
        "wikidata": "Q25630218",
        "wikipedia": "id:Jalur kereta api Padalarang–Kasugihan"
      }
    },
    {
      "type": "Feature",
      "geometry": {
        "type": "LineString",
        "coordinates": [
          [
            107.7732436,
            -6.9711354
          ],
          [
            107.7730842,
            -6.971084
          ]
        ]
      },
      "properties": {
        "id": 906008011,
        "bridge": "yes",
        "electrified": "no",
        "gauge": "1067",
        "layer": "1",
        "maxspeed": "110",
        "name": "Jalur Kereta Api Padalarang–Kasugihan",
        "operator": "Kereta Api Indonesia",
        "owner": "Direktorat Jenderal Perkeretaapian Kementerian Perhubungan Republik Indonesia",
        "railway": "rail",
        "railway:bidirectional": "signals",
        "railway:preferred_direction": "forward",
        "railway:traffic_mode": "mixed",
        "sleeper:material": "concrete",
        "source": "Yahoo hires",
        "usage": "main",
        "wikidata": "Q25630218",
        "wikipedia": "id:Jalur kereta api Padalarang–Kasugihan"
      }
    },
    {
      "type": "Feature",
      "geometry": {
        "type": "LineString",
        "coordinates": [
          [
            107.7728928,
            -6.9710179
          ],
          [
            107.7706185,
            -6.9701895
          ],
          [
            107.7695225,
            -6.9698003
          ],
          [
            107.7680425,
            -6.9692454
          ],
          [
            107.7637057,
            -6.9676716
          ],
          [
            107.7627367,
            -6.9673188
          ],
          [
            107.7620996,
            -6.9670865
          ],
          [
            107.762047,
            -6.967067
          ],
          [
            107.7610648,
            -6.9667137
          ],
          [
            107.7596095,
            -6.9661822
          ],
          [
            107.75859,
            -6.9658127
          ],
          [
            107.7584866,
            -6.9657757
          ],
          [
            107.7580491,
            -6.9656144
          ]
        ]
      },
      "properties": {
        "id": 965923493,
        "electrified": "no",
        "gauge": "1067",
        "maxspeed": "110",
        "name": "Jalur Kereta Api Padalarang–Kasugihan",
        "operator": "Kereta Api Indonesia",
        "owner": "Direktorat Jenderal Perkeretaapian Kementerian Perhubungan Republik Indonesia",
        "railway": "rail",
        "railway:bidirectional": "signals",
        "railway:preferred_direction": "forward",
        "railway:traffic_mode": "mixed",
        "sleeper:material": "concrete",
        "source": "Yahoo hires",
        "usage": "main",
        "wikidata": "Q25630218",
        "wikipedia": "id:Jalur kereta api Padalarang–Kasugihan"
      }
    },
    {
      "type": "Feature",
      "geometry": {
        "type": "LineString",
        "coordinates": [
          [
            107.7480496,
            -6.9619745
          ],
          [
            107.747952,
            -6.9619412
          ]
        ]
      },
      "properties": {
        "id": 965923494,
        "bridge": "yes",
        "electrified": "no",
        "gauge": "1067",
        "layer": "1",
        "maxspeed": "110",
        "name": "Jalur Kereta Api Padalarang–Kasugihan",
        "operator": "Kereta Api Indonesia",
        "owner": "Direktorat Jenderal Perkeretaapian Kementerian Perhubungan Republik Indonesia",
        "railway": "rail",
        "railway:bidirectional": "signals",
        "railway:preferred_direction": "forward",
        "railway:traffic_mode": "mixed",
        "sleeper:material": "concrete",
        "source": "Yahoo hires",
        "usage": "main",
        "wikidata": "Q25630218",
        "wikipedia": "id:Jalur kereta api Padalarang–Kasugihan"
      }
    },
    {
      "type": "Feature",
      "geometry": {
        "type": "LineString",
        "coordinates": [
          [
            107.7808479,
            -6.9739068
          ],
          [
            107.779933,
            -6.973572
          ],
          [
            107.7732436,
            -6.9711354
          ]
        ]
      },
      "properties": {
        "id": 965936120,
        "electrified": "no",
        "gauge": "1067",
        "maxspeed": "110",
        "name": "Jalur Kereta Api Padalarang–Kasugihan",
        "operator": "Kereta Api Indonesia",
        "owner": "Direktorat Jenderal Perkeretaapian Kementerian Perhubungan Republik Indonesia",
        "railway": "rail",
        "railway:bidirectional": "signals",
        "railway:preferred_direction": "forward",
        "railway:traffic_mode": "mixed",
        "sleeper:material": "concrete",
        "source": "Yahoo hires",
        "usage": "main",
        "wikidata": "Q25630218",
        "wikipedia": "id:Jalur kereta api Padalarang–Kasugihan"
      }
    },
    {
      "type": "Feature",
      "geometry": {
        "type": "LineString",
        "coordinates": [
          [
            107.7810284,
            -6.9739745
          ],
          [
            107.7808479,
            -6.9739068
          ]
        ]
      },
      "properties": {
        "id": 965936121,
        "bridge": "yes",
        "electrified": "no",
        "gauge": "1067",
        "layer": "1",
        "maxspeed": "110",
        "name": "Jalur Kereta Api Padalarang–Kasugihan",
        "operator": "Kereta Api Indonesia",
        "owner": "Direktorat Jenderal Perkeretaapian Kementerian Perhubungan Republik Indonesia",
        "railway": "rail",
        "railway:bidirectional": "signals",
        "railway:preferred_direction": "forward",
        "railway:traffic_mode": "mixed",
        "sleeper:material": "concrete",
        "source": "Yahoo hires",
        "usage": "main",
        "wikidata": "Q25630218",
        "wikipedia": "id:Jalur kereta api Padalarang–Kasugihan"
      }
    },
    {
      "type": "Feature",
      "geometry": {
        "type": "LineString",
        "coordinates": [
          [
            107.7542976,
            -6.9642063
          ],
          [
            107.7548615,
            -6.96442
          ],
          [
            107.754917,
            -6.964441
          ],
          [
            107.7553737,
            -6.9646056
          ],
          [
            107.7570304,
            -6.9652028
          ],
          [
            107.7572606,
            -6.9652869
          ],
          [
            107.7573105,
            -6.9653054
          ],
          [
            107.757362,
            -6.9653245
          ],
          [
            107.7577073,
            -6.9654702
          ],
          [
            107.7580491,
            -6.9656144
          ]
        ]
      },
      "properties": {
        "id": 990499167,
        "electrified": "no",
        "gauge": "1067",
        "railway": "rail",
        "railway:track_ref": "4",
        "service": "siding",
        "tracks": "1"
      }
    },
    {
      "type": "Feature",
      "geometry": {
        "type": "LineString",
        "coordinates": [
          [
            107.7843598,
            -6.9751803
          ],
          [
            107.7834435,
            -6.9748474
          ],
          [
            107.7810284,
            -6.9739745
          ]
        ]
      },
      "properties": {
        "id": 1087184422,
        "electrified": "no",
        "gauge": "1067",
        "maxspeed": "110",
        "name": "Jalur Kereta Api Padalarang–Kasugihan",
        "operator": "Kereta Api Indonesia",
        "owner": "Direktorat Jenderal Perkeretaapian Kementerian Perhubungan Republik Indonesia",
        "railway": "rail",
        "railway:bidirectional": "signals",
        "railway:preferred_direction": "forward",
        "railway:traffic_mode": "mixed",
        "sleeper:material": "concrete",
        "source": "Yahoo hires",
        "usage": "main",
        "wikidata": "Q25630218",
        "wikipedia": "id:Jalur kereta api Padalarang–Kasugihan"
      }
    },
    {
      "type": "Feature",
      "geometry": {
        "type": "LineString",
        "coordinates": [
          [
            107.7845186,
            -6.9752392
          ],
          [
            107.7843598,
            -6.9751803
          ]
        ]
      },
      "properties": {
        "id": 1087184423,
        "bridge": "yes",
        "electrified": "no",
        "gauge": "1067",
        "layer": "1",
        "maxspeed": "110",
        "name": "Jalur Kereta Api Padalarang–Kasugihan",
        "operator": "Kereta Api Indonesia",
        "owner": "Direktorat Jenderal Perkeretaapian Kementerian Perhubungan Republik Indonesia",
        "railway": "rail",
        "railway:bidirectional": "signals",
        "railway:preferred_direction": "forward",
        "railway:traffic_mode": "mixed",
        "sleeper:material": "concrete",
        "source": "Yahoo hires",
        "usage": "main",
        "wikidata": "Q25630218",
        "wikipedia": "id:Jalur kereta api Padalarang–Kasugihan"
      }
    },
    {
      "type": "Feature",
      "geometry": {
        "type": "LineString",
        "coordinates": [
          [
            107.7730001,
            -6.9710556
          ],
          [
            107.7728928,
            -6.9710179
          ]
        ]
      },
      "properties": {
        "id": 1087184424,
        "bridge": "yes",
        "electrified": "no",
        "gauge": "1067",
        "layer": "1",
        "maxspeed": "110",
        "name": "Jalur Kereta Api Padalarang–Kasugihan",
        "operator": "Kereta Api Indonesia",
        "owner": "Direktorat Jenderal Perkeretaapian Kementerian Perhubungan Republik Indonesia",
        "railway": "rail",
        "railway:bidirectional": "signals",
        "railway:preferred_direction": "forward",
        "railway:traffic_mode": "mixed",
        "sleeper:material": "concrete",
        "source": "Yahoo hires",
        "usage": "main",
        "wikidata": "Q25630218",
        "wikipedia": "id:Jalur kereta api Padalarang–Kasugihan"
      }
    },
    {
      "type": "Feature",
      "geometry": {
        "type": "LineString",
        "coordinates": [
          [
            107.7730842,
            -6.971084
          ],
          [
            107.7730001,
            -6.9710556
          ]
        ]
      },
      "properties": {
        "id": 1087184425,
        "electrified": "no",
        "gauge": "1067",
        "maxspeed": "110",
        "name": "Jalur Kereta Api Padalarang–Kasugihan",
        "operator": "Kereta Api Indonesia",
        "owner": "Direktorat Jenderal Perkeretaapian Kementerian Perhubungan Republik Indonesia",
        "railway": "rail",
        "railway:bidirectional": "signals",
        "railway:preferred_direction": "forward",
        "railway:traffic_mode": "mixed",
        "sleeper:material": "concrete",
        "source": "Yahoo hires",
        "usage": "main",
        "wikidata": "Q25630218",
        "wikipedia": "id:Jalur kereta api Padalarang–Kasugihan"
      }
    },
    {
      "type": "Feature",
      "geometry": {
        "type": "LineString",
        "coordinates": [
          [
            107.7542976,
            -6.9642063
          ],
          [
            107.7541333,
            -6.9641479
          ],
          [
            107.7539093,
            -6.9640651
          ],
          [
            107.753583,
            -6.9639654
          ],
          [
            107.7532243,
            -6.9638555
          ]
        ]
      },
      "properties": {
        "id": 1128232623,
        "electrified": "no",
        "gauge": "1067",
        "railway": "rail",
        "service": "siding",
        "tracks": "1"
      }
    },
    {
      "type": "Feature",
      "geometry": {
        "type": "LineString",
        "coordinates": [
          [
            107.8237874,
            -6.9804909
          ],
          [
            107.823679,
            -6.9805989
          ],
          [
            107.8231991,
            -6.9810745
          ],
          [
            107.8219482,
            -6.9823123
          ],
          [
            107.8214752,
            -6.9827776
          ],
          [
            107.8211389,
            -6.983109
          ],
          [
            107.8207693,
            -6.9834494
          ],
          [
            107.8204496,
            -6.9837169
          ],
          [
            107.8200099,
            -6.9840436
          ],
          [
            107.8192668,
            -6.984502
          ],
          [
            107.8188815,
            -6.9847101
          ],
          [
            107.8185018,
            -6.9848853
          ],
          [
            107.8181226,
            -6.9850387
          ],
          [
            107.8176751,
            -6.9852022
          ],
          [
            107.8170873,
            -6.985369
          ],
          [
            107.8166131,
            -6.9854711
          ],
          [
            107.8163159,
            -6.985526
          ],
          [
            107.815977,
            -6.9855747
          ],
          [
            107.8154872,
            -6.9856239
          ],
          [
            107.8148616,
            -6.9856506
          ],
          [
            107.8143057,
            -6.9856251
          ],
          [
            107.8140875,
            -6.9856142
          ],
          [
            107.8138165,
            -6.985585
          ],
          [
            107.8133742,
            -6.9855203
          ],
          [
            107.8128144,
            -6.9854096
          ],
          [
            107.8123003,
            -6.9852739
          ],
          [
            107.8119006,
            -6.9851435
          ],
          [
            107.8116396,
            -6.9850564
          ],
          [
            107.8103948,
            -6.984591
          ]
        ]
      },
      "properties": {
        "id": 1128232637,
        "electrified": "no",
        "gauge": "1067",
        "maxspeed": "110",
        "name": "Jalur Kereta Api Padalarang–Kasugihan",
        "operator": "Kereta Api Indonesia",
        "owner": "Direktorat Jenderal Perkeretaapian Kementerian Perhubungan Republik Indonesia",
        "railway": "rail",
        "railway:bidirectional": "signals",
        "railway:preferred_direction": "forward",
        "railway:traffic_mode": "mixed",
        "sleeper:material": "concrete",
        "usage": "main",
        "wikidata": "Q25630218",
        "wikipedia": "id:Jalur kereta api Padalarang–Kasugihan"
      }
    },
    {
      "type": "Feature",
      "geometry": {
        "type": "LineString",
        "coordinates": [
          [
            107.4975624,
            -6.843123
          ],
          [
            107.4981453,
            -6.8436712
          ],
          [
            107.4981744,
            -6.8436985
          ],
          [
            107.4983127,
            -6.8438282
          ],
          [
            107.49857,
            -6.8440717
          ]
        ]
      },
      "properties": {
        "id": 1149394434,
        "electrified": "no",
        "gauge": "1067",
        "maxspeed": "30",
        "railway": "rail",
        "railway:track_ref": "2",
        "service": "siding"
      }
    },
    {
      "type": "Feature",
      "geometry": {
        "type": "LineString",
        "coordinates": [
          [
            107.5003833,
            -6.8456228
          ],
          [
            107.5004979,
            -6.8457075
          ],
          [
            107.5006093,
            -6.8457833
          ],
          [
            107.50069,
            -6.8458365
          ],
          [
            107.5008325,
            -6.8459445
          ]
        ]
      },
      "properties": {
        "id": 1149395089,
        "railway": "rail",
        "service": "crossover"
      }
    },
    {
      "type": "Feature",
      "geometry": {
        "type": "LineString",
        "coordinates": [
          [
            107.4990727,
            -6.8444849
          ],
          [
            107.4991872,
            -6.8445924
          ],
          [
            107.4995825,
            -6.8449524
          ],
          [
            107.4998237,
            -6.8451605
          ],
          [
            107.5003057,
            -6.8455589
          ]
        ]
      },
      "properties": {
        "id": 1149566318,
        "electrified": "no",
        "gauge": "1067",
        "maxspeed": "110",
        "name": "Jalur Kereta Api Padalarang–Kasugihan",
        "operator": "Kereta Api Indonesia",
        "owner": "Direktorat Jenderal Perkeretaapian Kementerian Perhubungan Republik Indonesia",
        "railway": "rail",
        "railway:bidirectional": "signals",
        "railway:preferred_direction": "forward",
        "railway:traffic_mode": "mixed",
        "sleeper:material": "concrete",
        "usage": "main",
        "wikidata": "Q25630218",
        "wikipedia": "id:Jalur kereta api Padalarang–Kasugihan"
      }
    },
    {
      "type": "Feature",
      "geometry": {
        "type": "LineString",
        "coordinates": [
          [
            107.5821404,
            -6.9099596
          ],
          [
            107.582223,
            -6.9100138
          ]
        ]
      },
      "properties": {
        "id": 1149566321,
        "electrified": "no",
        "gauge": "1067",
        "maxspeed": "110",
        "name": "Jalur Kereta Api Padalarang–Kasugihan",
        "operator": "Kereta Api Indonesia",
        "owner": "Direktorat Jenderal Perkeretaapian Kementerian Perhubungan Republik Indonesia",
        "railway": "rail",
        "railway:bidirectional": "signals",
        "railway:preferred_direction": "forward",
        "railway:traffic_mode": "mixed",
        "sleeper:material": "concrete",
        "usage": "main",
        "wikidata": "Q25630218",
        "wikipedia": "id:Jalur kereta api Padalarang–Kasugihan"
      }
    },
    {
      "type": "Feature",
      "geometry": {
        "type": "LineString",
        "coordinates": [
          [
            107.5824446,
            -6.9101631
          ],
          [
            107.5825993,
            -6.9102786
          ],
          [
            107.582765,
            -6.9104088
          ],
          [
            107.582917,
            -6.9105175
          ],
          [
            107.5831168,
            -6.9106499
          ],
          [
            107.5839059,
            -6.9111715
          ],
          [
            107.5853352,
            -6.9121178
          ],
          [
            107.5855453,
            -6.9122569
          ],
          [
            107.5855833,
            -6.9122817
          ],
          [
            107.5856529,
            -6.9123273
          ],
          [
            107.5856926,
            -6.9123535
          ],
          [
            107.5859504,
            -6.9125232
          ],
          [
            107.586121,
            -6.9126324
          ],
          [
            107.5863089,
            -6.9127481
          ],
          [
            107.5866034,
            -6.9129165
          ],
          [
            107.5868789,
            -6.9130642
          ],
          [
            107.5871337,
            -6.9131854
          ],
          [
            107.5874437,
            -6.9133182
          ],
          [
            107.5877108,
            -6.9134225
          ],
          [
            107.5879324,
            -6.9135038
          ],
          [
            107.5881391,
            -6.9135714
          ],
          [
            107.5884248,
            -6.9136502
          ],
          [
            107.5885043,
            -6.9136722
          ]
        ]
      },
      "properties": {
        "id": 1149566322,
        "electrified": "no",
        "gauge": "1067",
        "maxspeed": "30",
        "name": "Jalur Kereta Api Bandung–Ciroyom–Andir",
        "operator": "Kereta Api Indonesia",
        "owner": "Direktorat Jenderal Perkeretaapian Kementerian Perhubungan Republik Indonesia",
        "railway": "rail",
        "railway:bidirectional": "regular",
        "railway:preferred_direction": "both",
        "railway:traffic_mode": "mixed",
        "sleeper:material": "concrete",
        "usage": "branch",
        "wikidata": "Q25630218"
      }
    },
    {
      "type": "Feature",
      "geometry": {
        "type": "LineString",
        "coordinates": [
          [
            107.5925022,
            -6.9140219
          ],
          [
            107.592337,
            -6.9140156
          ],
          [
            107.5922374,
            -6.9140067
          ],
          [
            107.5920233,
            -6.9139876
          ],
          [
            107.5919809,
            -6.913984
          ],
          [
            107.5917091,
            -6.9139628
          ],
          [
            107.5916106,
            -6.9139577
          ],
          [
            107.5913561,
            -6.9139497
          ],
          [
            107.589695,
            -6.9138981
          ],
          [
            107.5895766,
            -6.9138892
          ],
          [
            107.589468,
            -6.9138775
          ],
          [
            107.5893252,
            -6.9138612
          ],
          [
            107.5892752,
            -6.9138541
          ],
          [
            107.589176,
            -6.9138364
          ],
          [
            107.5890445,
            -6.9138112
          ],
          [
            107.5888276,
            -6.9137602
          ],
          [
            107.5885043,
            -6.9136722
          ]
        ]
      },
      "properties": {
        "id": 1149566323,
        "electrified": "no",
        "gauge": "1067",
        "maxspeed": "30",
        "name": "Jalur Kereta Api Bandung–Ciroyom–Andir",
        "operator": "Kereta Api Indonesia",
        "owner": "Direktorat Jenderal Perkeretaapian Kementerian Perhubungan Republik Indonesia",
        "railway": "rail",
        "railway:bidirectional": "regular",
        "railway:preferred_direction": "forward",
        "railway:track_ref": "3",
        "railway:traffic_mode": "mixed",
        "sleeper:material": "concrete",
        "usage": "branch",
        "wikidata": "Q25630218"
      }
    },
    {
      "type": "Feature",
      "geometry": {
        "type": "LineString",
        "coordinates": [
          [
            107.607019,
            -6.9148682
          ],
          [
            107.6068659,
            -6.9148503
          ],
          [
            107.6068282,
            -6.9148455
          ],
          [
            107.6067657,
            -6.9148375
          ],
          [
            107.6065472,
            -6.9148089
          ],
          [
            107.606351,
            -6.9147832
          ],
          [
            107.6055405,
            -6.914677
          ],
          [
            107.6054885,
            -6.9146698
          ],
          [
            107.6054016,
            -6.9146581
          ]
        ]
      },
      "properties": {
        "id": 1149566327,
        "electrified": "no",
        "gauge": "1067",
        "maxspeed": "100",
        "name": "Jalur Kereta Api Padalarang–Kasugihan",
        "operator": "Kereta Api Indonesia",
        "owner": "Direktorat Jenderal Perkeretaapian Kementerian Perhubungan Republik Indonesia",
        "railway": "rail",
        "railway:bidirectional": "signals",
        "railway:preferred_direction": "forward",
        "railway:traffic_mode": "mixed",
        "sleeper:material": "concrete",
        "usage": "main",
        "wikidata": "Q25630218",
        "wikipedia": "id:Jalur kereta api Padalarang–Kasugihan"
      }
    },
    {
      "type": "Feature",
      "geometry": {
        "type": "LineString",
        "coordinates": [
          [
            107.7001761,
            -6.9445608
          ],
          [
            107.6965282,
            -6.9432326
          ],
          [
            107.6964549,
            -6.9432059
          ],
          [
            107.6947176,
            -6.9425741
          ],
          [
            107.6943144,
            -6.9424274
          ],
          [
            107.6939787,
            -6.9423053
          ]
        ]
      },
      "properties": {
        "id": 1149566331,
        "electrified": "no",
        "gauge": "1067",
        "maxspeed": "110",
        "name": "Jalur Kereta Api Padalarang–Kasugihan",
        "operator": "Kereta Api Indonesia",
        "owner": "Direktorat Jenderal Perkeretaapian Kementerian Perhubungan Republik Indonesia",
        "railway": "rail",
        "railway:bidirectional": "signals",
        "railway:preferred_direction": "forward",
        "railway:traffic_mode": "mixed",
        "sleeper:material": "concrete",
        "source": "Yahoo hires",
        "usage": "main",
        "wikidata": "Q25630218",
        "wikipedia": "id:Jalur kereta api Padalarang–Kasugihan"
      }
    },
    {
      "type": "Feature",
      "geometry": {
        "type": "LineString",
        "coordinates": [
          [
            107.6842899,
            -6.9387749
          ],
          [
            107.6842582,
            -6.9387634
          ],
          [
            107.6835587,
            -6.9384975
          ],
          [
            107.6830215,
            -6.938289
          ],
          [
            107.6825309,
            -6.9381001
          ],
          [
            107.6808053,
            -6.9374577
          ],
          [
            107.6806599,
            -6.9374036
          ],
          [
            107.6797579,
            -6.9370643
          ],
          [
            107.6775232,
            -6.9362617
          ],
          [
            107.6765207,
            -6.9358961
          ],
          [
            107.6757683,
            -6.9356168
          ]
        ]
      },
      "properties": {
        "id": 1149573054,
        "electrified": "no",
        "gauge": "1067",
        "maxspeed": "100",
        "name": "Jalur Kereta Api Padalarang–Kasugihan",
        "operator": "Kereta Api Indonesia",
        "owner": "Direktorat Jenderal Perkeretaapian Kementerian Perhubungan Republik Indonesia",
        "railway": "rail",
        "railway:bidirectional": "signals",
        "railway:preferred_direction": "forward",
        "railway:traffic_mode": "mixed",
        "sleeper:material": "concrete",
        "source": "Yahoo hires",
        "usage": "main",
        "wikidata": "Q25630218",
        "wikipedia": "id:Jalur kereta api Padalarang–Kasugihan"
      }
    },
    {
      "type": "Feature",
      "geometry": {
        "type": "LineString",
        "coordinates": [
          [
            107.4990727,
            -6.8444849
          ],
          [
            107.4988975,
            -6.8443593
          ],
          [
            107.4987893,
            -6.8442707
          ],
          [
            107.49857,
            -6.8440717
          ]
        ]
      },
      "properties": {
        "id": 1156069671,
        "electrified": "no",
        "gauge": "1067",
        "maxspeed": "30",
        "railway": "rail",
        "service": "siding"
      }
    },
    {
      "type": "Feature",
      "geometry": {
        "type": "LineString",
        "coordinates": [
          [
            107.7226254,
            -6.9527255
          ],
          [
            107.72254,
            -6.9526955
          ]
        ]
      },
      "properties": {
        "id": 1156870775,
        "bridge": "yes",
        "electrified": "no",
        "gauge": "1067",
        "layer": "1",
        "maxspeed": "110",
        "name": "Jalur Kereta Api Padalarang–Kasugihan",
        "operator": "Kereta Api Indonesia",
        "owner": "Direktorat Jenderal Perkeretaapian Kementerian Perhubungan Republik Indonesia",
        "railway": "rail",
        "railway:bidirectional": "signals",
        "railway:preferred_direction": "forward",
        "railway:traffic_mode": "mixed",
        "sleeper:material": "concrete",
        "source": "Yahoo hires",
        "usage": "main",
        "wikidata": "Q25630218",
        "wikipedia": "id:Jalur kereta api Padalarang–Kasugihan"
      }
    },
    {
      "type": "Feature",
      "geometry": {
        "type": "LineString",
        "coordinates": [
          [
            107.5410005,
            -6.8896245
          ],
          [
            107.5406827,
            -6.8895519
          ],
          [
            107.5402678,
            -6.8894369
          ],
          [
            107.5399538,
            -6.8893249
          ],
          [
            107.5396363,
            -6.8891922
          ],
          [
            107.5393685,
            -6.8890531
          ],
          [
            107.5391054,
            -6.8888924
          ],
          [
            107.5388905,
            -6.8887402
          ],
          [
            107.5386191,
            -6.8885276
          ],
          [
            107.538314,
            -6.8882493
          ],
          [
            107.5380903,
            -6.8880165
          ],
          [
            107.5378161,
            -6.8877282
          ],
          [
            107.5377138,
            -6.8876213
          ],
          [
            107.5375078,
            -6.8873908
          ]
        ]
      },
      "properties": {
        "id": 1187069942,
        "electrified": "no",
        "gauge": "1067",
        "maxspeed": "100",
        "name": "Jalur Kereta Api Padalarang–Kasugihan",
        "operator": "Kereta Api Indonesia",
        "owner": "Direktorat Jenderal Perkeretaapian Kementerian Perhubungan Republik Indonesia",
        "railway": "rail",
        "railway:bidirectional": "signals",
        "railway:preferred_direction": "forward",
        "railway:traffic_mode": "mixed",
        "sleeper:material": "concrete",
        "usage": "main",
        "wikidata": "Q25630218",
        "wikipedia": "id:Jalur kereta api Padalarang–Kasugihan"
      }
    },
    {
      "type": "Feature",
      "geometry": {
        "type": "LineString",
        "coordinates": [
          [
            107.596535,
            -6.9142984
          ],
          [
            107.5964666,
            -6.9142987
          ],
          [
            107.5957626,
            -6.9143013
          ],
          [
            107.5956125,
            -6.914298
          ],
          [
            107.5953565,
            -6.9142887
          ],
          [
            107.595235,
            -6.9142813
          ],
          [
            107.5951289,
            -6.9142731
          ],
          [
            107.5949477,
            -6.9142503
          ],
          [
            107.594931,
            -6.9142478
          ],
          [
            107.5948908,
            -6.9142419
          ],
          [
            107.5948764,
            -6.9142398
          ],
          [
            107.5947453,
            -6.9142212
          ],
          [
            107.5943546,
            -6.9141601
          ],
          [
            107.5938368,
            -6.914079
          ],
          [
            107.5936817,
            -6.9140559
          ],
          [
            107.5934507,
            -6.9140331
          ],
          [
            107.5932717,
            -6.9140215
          ],
          [
            107.593135,
            -6.9140181
          ],
          [
            107.5930139,
            -6.9140175
          ],
          [
            107.592956,
            -6.9140186
          ],
          [
            107.5925022,
            -6.9140219
          ]
        ]
      },
      "properties": {
        "id": 1187069947,
        "electrified": "no",
        "gauge": "1067",
        "maxspeed": "30",
        "name": "Jalur Kereta Api Bandung–Ciroyom–Andir",
        "operator": "Kereta Api Indonesia",
        "owner": "Direktorat Jenderal Perkeretaapian Kementerian Perhubungan Republik Indonesia",
        "railway": "rail",
        "railway:bidirectional": "regular",
        "railway:preferred_direction": "forward",
        "railway:traffic_mode": "mixed",
        "sleeper:material": "concrete",
        "usage": "branch",
        "wikidata": "Q25630218"
      }
    },
    {
      "type": "Feature",
      "geometry": {
        "type": "LineString",
        "coordinates": [
          [
            107.8242952,
            -6.9800513
          ],
          [
            107.8248516,
            -6.979499
          ],
          [
            107.8250394,
            -6.9793387
          ],
          [
            107.825135,
            -6.9792667
          ],
          [
            107.8255234,
            -6.9790011
          ],
          [
            107.8257959,
            -6.9788497
          ],
          [
            107.8260988,
            -6.9787077
          ],
          [
            107.8264642,
            -6.9785665
          ],
          [
            107.8268151,
            -6.9784676
          ],
          [
            107.8270784,
            -6.9784168
          ],
          [
            107.8274563,
            -6.9783613
          ],
          [
            107.8277725,
            -6.9783443
          ],
          [
            107.8280887,
            -6.9783456
          ],
          [
            107.828341,
            -6.9783681
          ],
          [
            107.8286152,
            -6.9784054
          ],
          [
            107.8288173,
            -6.9784449
          ],
          [
            107.829129,
            -6.9785273
          ],
          [
            107.8294206,
            -6.9786199
          ],
          [
            107.8296609,
            -6.9787149
          ],
          [
            107.8299319,
            -6.9788423
          ],
          [
            107.8301127,
            -6.9789423
          ],
          [
            107.8304311,
            -6.9791459
          ],
          [
            107.830663,
            -6.9793137
          ],
          [
            107.8308363,
            -6.9794522
          ],
          [
            107.8309949,
            -6.9795984
          ],
          [
            107.831129,
            -6.97973
          ],
          [
            107.8312481,
            -6.9798592
          ]
        ]
      },
      "properties": {
        "id": 1187523740,
        "electrified": "no",
        "gauge": "1067",
        "maxspeed": "90",
        "name": "Jalur Kereta Api Padalarang–Kasugihan",
        "operator": "Kereta Api Indonesia",
        "owner": "Direktorat Jenderal Perkeretaapian Kementerian Perhubungan Republik Indonesia",
        "railway": "rail",
        "railway:bidirectional": "signals",
        "railway:preferred_direction": "forward",
        "railway:traffic_mode": "mixed",
        "sleeper:material": "concrete",
        "source": "Yahoo hires",
        "usage": "main",
        "wikidata": "Q25630218",
        "wikipedia": "id:Jalur kereta api Padalarang–Kasugihan"
      }
    },
    {
      "type": "Feature",
      "geometry": {
        "type": "LineString",
        "coordinates": [
          [
            107.7276043,
            -6.9545373
          ],
          [
            107.7226254,
            -6.9527255
          ]
        ]
      },
      "properties": {
        "id": 1191015057,
        "electrified": "no",
        "gauge": "1067",
        "maxspeed": "110",
        "name": "Jalur Kereta Api Padalarang–Kasugihan",
        "operator": "Kereta Api Indonesia",
        "owner": "Direktorat Jenderal Perkeretaapian Kementerian Perhubungan Republik Indonesia",
        "railway": "rail",
        "railway:bidirectional": "signals",
        "railway:preferred_direction": "forward",
        "railway:traffic_mode": "mixed",
        "sleeper:material": "concrete",
        "source": "Yahoo hires",
        "usage": "main",
        "wikidata": "Q25630218",
        "wikipedia": "id:Jalur kereta api Padalarang–Kasugihan"
      }
    },
    {
      "type": "Feature",
      "geometry": {
        "type": "LineString",
        "coordinates": [
          [
            107.7277488,
            -6.954594
          ],
          [
            107.7276043,
            -6.9545373
          ]
        ]
      },
      "properties": {
        "id": 1191015058,
        "bridge": "yes",
        "electrified": "no",
        "gauge": "1067",
        "layer": "1",
        "maxspeed": "110",
        "name": "Jalur Kereta Api Padalarang–Kasugihan",
        "operator": "Kereta Api Indonesia",
        "owner": "Direktorat Jenderal Perkeretaapian Kementerian Perhubungan Republik Indonesia",
        "railway": "rail",
        "railway:bidirectional": "signals",
        "railway:preferred_direction": "forward",
        "railway:traffic_mode": "mixed",
        "sleeper:material": "concrete",
        "source": "Yahoo hires",
        "usage": "main",
        "wikidata": "Q25630218",
        "wikipedia": "id:Jalur kereta api Padalarang–Kasugihan"
      }
    },
    {
      "type": "Feature",
      "geometry": {
        "type": "LineString",
        "coordinates": [
          [
            107.4969155,
            -6.8425147
          ],
          [
            107.4968441,
            -6.8424481
          ]
        ]
      },
      "properties": {
        "id": 1216061739,
        "electrified": "no",
        "gauge": "1067",
        "maxspeed": "30",
        "railway": "rail",
        "railway:track_ref": "2",
        "service": "siding",
        "tunnel": "building_passage"
      }
    },
    {
      "type": "Feature",
      "geometry": {
        "type": "LineString",
        "coordinates": [
          [
            107.5817323,
            -6.9096453
          ],
          [
            107.5819094,
            -6.9097817
          ],
          [
            107.5821404,
            -6.9099596
          ]
        ]
      },
      "properties": {
        "id": 1216385150,
        "electrified": "no",
        "gauge": "1067",
        "railway": "rail",
        "service": "crossover"
      }
    },
    {
      "type": "Feature",
      "geometry": {
        "type": "LineString",
        "coordinates": [
          [
            107.6542969,
            -6.9277719
          ],
          [
            107.65416,
            -6.9277192
          ]
        ]
      },
      "properties": {
        "id": 1229936033,
        "bridge": "yes",
        "electrified": "no",
        "gauge": "1067",
        "layer": "1",
        "maxspeed": "100",
        "name": "Jalur Kereta Api Padalarang–Kasugihan",
        "operator": "Kereta Api Indonesia",
        "owner": "Direktorat Jenderal Perkeretaapian Kementerian Perhubungan Republik Indonesia",
        "railway": "rail",
        "railway:bidirectional": "signals",
        "railway:preferred_direction": "forward",
        "railway:traffic_mode": "mixed",
        "sleeper:material": "concrete",
        "usage": "main",
        "wikidata": "Q25630218",
        "wikipedia": "id:Jalur kereta api Padalarang–Kasugihan"
      }
    },
    {
      "type": "Feature",
      "geometry": {
        "type": "LineString",
        "coordinates": [
          [
            107.6667411,
            -6.9323004
          ],
          [
            107.6660783,
            -6.9320545
          ],
          [
            107.6647585,
            -6.9315856
          ],
          [
            107.664081,
            -6.9313327
          ],
          [
            107.6634016,
            -6.9310974
          ],
          [
            107.6628319,
            -6.9308905
          ],
          [
            107.6620263,
            -6.9305895
          ],
          [
            107.6606464,
            -6.9300902
          ],
          [
            107.6593045,
            -6.9296065
          ]
        ]
      },
      "properties": {
        "id": 1229936034,
        "electrified": "no",
        "gauge": "1067",
        "maxspeed": "100",
        "name": "Jalur Kereta Api Padalarang–Kasugihan",
        "operator": "Kereta Api Indonesia",
        "owner": "Direktorat Jenderal Perkeretaapian Kementerian Perhubungan Republik Indonesia",
        "railway": "rail",
        "railway:bidirectional": "signals",
        "railway:preferred_direction": "forward",
        "railway:traffic_mode": "mixed",
        "sleeper:material": "concrete",
        "usage": "main",
        "wikidata": "Q25630218",
        "wikipedia": "id:Jalur kereta api Padalarang–Kasugihan"
      }
    },
    {
      "type": "Feature",
      "geometry": {
        "type": "LineString",
        "coordinates": [
          [
            107.6669288,
            -6.9323711
          ],
          [
            107.6667411,
            -6.9323004
          ]
        ]
      },
      "properties": {
        "id": 1229936035,
        "bridge": "yes",
        "electrified": "no",
        "gauge": "1067",
        "layer": "1",
        "maxspeed": "100",
        "name": "Jalur Kereta Api Padalarang–Kasugihan",
        "operator": "Kereta Api Indonesia",
        "owner": "Direktorat Jenderal Perkeretaapian Kementerian Perhubungan Republik Indonesia",
        "railway": "rail",
        "railway:bidirectional": "signals",
        "railway:preferred_direction": "forward",
        "railway:traffic_mode": "mixed",
        "sleeper:material": "concrete",
        "usage": "main",
        "wikidata": "Q25630218",
        "wikipedia": "id:Jalur kereta api Padalarang–Kasugihan"
      }
    },
    {
      "type": "Feature",
      "geometry": {
        "type": "LineString",
        "coordinates": [
          [
            107.6726991,
            -6.9344835
          ],
          [
            107.6716228,
            -6.9340933
          ],
          [
            107.6687697,
            -6.9330437
          ],
          [
            107.668176,
            -6.9328296
          ],
          [
            107.6669288,
            -6.9323711
          ]
        ]
      },
      "properties": {
        "id": 1229936036,
        "electrified": "no",
        "gauge": "1067",
        "maxspeed": "100",
        "name": "Jalur Kereta Api Padalarang–Kasugihan",
        "operator": "Kereta Api Indonesia",
        "owner": "Direktorat Jenderal Perkeretaapian Kementerian Perhubungan Republik Indonesia",
        "railway": "rail",
        "railway:bidirectional": "signals",
        "railway:preferred_direction": "forward",
        "railway:traffic_mode": "mixed",
        "sleeper:material": "concrete",
        "usage": "main",
        "wikidata": "Q25630218",
        "wikipedia": "id:Jalur kereta api Padalarang–Kasugihan"
      }
    },
    {
      "type": "Feature",
      "geometry": {
        "type": "LineString",
        "coordinates": [
          [
            107.6730219,
            -6.9346028
          ],
          [
            107.6726991,
            -6.9344835
          ]
        ]
      },
      "properties": {
        "id": 1229936037,
        "bridge": "yes",
        "electrified": "no",
        "gauge": "1067",
        "layer": "1",
        "maxspeed": "100",
        "name": "Jalur Kereta Api Padalarang–Kasugihan",
        "operator": "Kereta Api Indonesia",
        "owner": "Direktorat Jenderal Perkeretaapian Kementerian Perhubungan Republik Indonesia",
        "railway": "rail",
        "railway:bidirectional": "signals",
        "railway:preferred_direction": "forward",
        "railway:traffic_mode": "mixed",
        "sleeper:material": "concrete",
        "usage": "main",
        "wikidata": "Q25630218",
        "wikipedia": "id:Jalur kereta api Padalarang–Kasugihan"
      }
    },
    {
      "type": "Feature",
      "geometry": {
        "type": "LineString",
        "coordinates": [
          [
            107.6756776,
            -6.9355825
          ],
          [
            107.6752611,
            -6.9354338
          ],
          [
            107.6730219,
            -6.9346028
          ]
        ]
      },
      "properties": {
        "id": 1229936038,
        "electrified": "no",
        "gauge": "1067",
        "maxspeed": "100",
        "name": "Jalur Kereta Api Padalarang–Kasugihan",
        "operator": "Kereta Api Indonesia",
        "owner": "Direktorat Jenderal Perkeretaapian Kementerian Perhubungan Republik Indonesia",
        "railway": "rail",
        "railway:bidirectional": "signals",
        "railway:preferred_direction": "forward",
        "railway:traffic_mode": "mixed",
        "sleeper:material": "concrete",
        "usage": "main",
        "wikidata": "Q25630218",
        "wikipedia": "id:Jalur kereta api Padalarang–Kasugihan"
      }
    },
    {
      "type": "Feature",
      "geometry": {
        "type": "LineString",
        "coordinates": [
          [
            107.6757683,
            -6.9356168
          ],
          [
            107.6756776,
            -6.9355825
          ]
        ]
      },
      "properties": {
        "id": 1229936039,
        "bridge": "yes",
        "electrified": "no",
        "gauge": "1067",
        "layer": "1",
        "maxspeed": "100",
        "name": "Jalur Kereta Api Padalarang–Kasugihan",
        "operator": "Kereta Api Indonesia",
        "owner": "Direktorat Jenderal Perkeretaapian Kementerian Perhubungan Republik Indonesia",
        "railway": "rail",
        "railway:bidirectional": "signals",
        "railway:preferred_direction": "forward",
        "railway:traffic_mode": "mixed",
        "sleeper:material": "concrete",
        "usage": "main",
        "wikidata": "Q25630218",
        "wikipedia": "id:Jalur kereta api Padalarang–Kasugihan"
      }
    },
    {
      "type": "Feature",
      "geometry": {
        "type": "LineString",
        "coordinates": [
          [
            107.5822692,
            -6.9100431
          ],
          [
            107.5824446,
            -6.9101631
          ]
        ]
      },
      "properties": {
        "id": 1242516110,
        "electrified": "no",
        "gauge": "1067",
        "maxspeed": "110",
        "name": "Jalur Kereta Api Padalarang–Kasugihan",
        "operator": "Kereta Api Indonesia",
        "owner": "Direktorat Jenderal Perkeretaapian Kementerian Perhubungan Republik Indonesia",
        "railway": "rail",
        "railway:bidirectional": "signals",
        "railway:preferred_direction": "forward",
        "railway:traffic_mode": "mixed",
        "sleeper:material": "concrete",
        "usage": "main",
        "wikidata": "Q25630218",
        "wikipedia": "id:Jalur kereta api Padalarang–Kasugihan"
      }
    },
    {
      "type": "Feature",
      "geometry": {
        "type": "LineString",
        "coordinates": [
          [
            107.5003057,
            -6.8455589
          ],
          [
            107.500345,
            -6.8455913
          ],
          [
            107.5003833,
            -6.8456228
          ]
        ]
      },
      "properties": {
        "id": 1242723282,
        "electrified": "no",
        "gauge": "1067",
        "maxspeed": "110",
        "name": "Jalur Kereta Api Padalarang–Kasugihan",
        "operator": "Kereta Api Indonesia",
        "owner": "Direktorat Jenderal Perkeretaapian Kementerian Perhubungan Republik Indonesia",
        "railway": "rail",
        "railway:bidirectional": "signals",
        "railway:preferred_direction": "forward",
        "railway:traffic_mode": "mixed",
        "sleeper:material": "concrete",
        "usage": "main",
        "wikidata": "Q25630218",
        "wikipedia": "id:Jalur kereta api Padalarang–Kasugihan"
      }
    },
    {
      "type": "Feature",
      "geometry": {
        "type": "LineString",
        "coordinates": [
          [
            107.5988424,
            -6.9143626
          ],
          [
            107.5991111,
            -6.9143763
          ],
          [
            107.5993953,
            -6.9143899
          ]
        ]
      },
      "properties": {
        "id": 1242723286,
        "electrified": "no",
        "gauge": "1067",
        "maxspeed": "20",
        "name": "Jalur Kereta Api Padalarang–Kasugihan",
        "operator": "Kereta Api Indonesia",
        "owner": "Direktorat Jenderal Perkeretaapian Kementerian Perhubungan Republik Indonesia",
        "railway": "rail",
        "railway:bidirectional": "signals",
        "railway:preferred_direction": "forward",
        "railway:traffic_mode": "mixed",
        "sleeper:material": "concrete",
        "usage": "main",
        "wikidata": "Q25630218",
        "wikipedia": "id:Jalur kereta api Padalarang–Kasugihan"
      }
    },
    {
      "type": "Feature",
      "geometry": {
        "type": "LineString",
        "coordinates": [
          [
            107.5974882,
            -6.9142943
          ],
          [
            107.5973616,
            -6.9142987
          ],
          [
            107.5972984,
            -6.9143032
          ],
          [
            107.5972383,
            -6.9143074
          ]
        ]
      },
      "properties": {
        "id": 1242723287,
        "electrified": "no",
        "gauge": "1067",
        "maxspeed": "20",
        "name": "Jalur Kereta Api Bandung–Ciroyom–Andir",
        "operator": "Kereta Api Indonesia",
        "owner": "Direktorat Jenderal Perkeretaapian Kementerian Perhubungan Republik Indonesia",
        "railway": "rail",
        "railway:bidirectional": "regular",
        "railway:preferred_direction": "forward",
        "railway:traffic_mode": "mixed",
        "sleeper:material": "concrete",
        "usage": "branch",
        "wikidata": "Q25630218"
      }
    },
    {
      "type": "Feature",
      "geometry": {
        "type": "LineString",
        "coordinates": [
          [
            107.5979104,
            -6.914315
          ],
          [
            107.5983164,
            -6.9143355
          ]
        ]
      },
      "properties": {
        "id": 1242723288,
        "electrified": "no",
        "gauge": "1067",
        "maxspeed": "20",
        "name": "Jalur Kereta Api Padalarang–Kasugihan",
        "operator": "Kereta Api Indonesia",
        "owner": "Direktorat Jenderal Perkeretaapian Kementerian Perhubungan Republik Indonesia",
        "railway": "rail",
        "railway:bidirectional": "signals",
        "railway:preferred_direction": "forward",
        "railway:traffic_mode": "mixed",
        "sleeper:material": "concrete",
        "usage": "main",
        "wikidata": "Q25630218",
        "wikipedia": "id:Jalur kereta api Padalarang–Kasugihan"
      }
    },
    {
      "type": "Feature",
      "geometry": {
        "type": "LineString",
        "coordinates": [
          [
            107.5970032,
            -6.914311
          ],
          [
            107.5969474,
            -6.9143093
          ],
          [
            107.5968982,
            -6.9143078
          ],
          [
            107.596535,
            -6.9142984
          ]
        ]
      },
      "properties": {
        "id": 1242723289,
        "electrified": "no",
        "gauge": "1067",
        "maxspeed": "20",
        "name": "Jalur Kereta Api Bandung–Ciroyom–Andir",
        "operator": "Kereta Api Indonesia",
        "owner": "Direktorat Jenderal Perkeretaapian Kementerian Perhubungan Republik Indonesia",
        "railway": "rail",
        "railway:bidirectional": "regular",
        "railway:preferred_direction": "forward",
        "railway:traffic_mode": "mixed",
        "sleeper:material": "concrete",
        "usage": "branch",
        "wikidata": "Q25630218"
      }
    },
    {
      "type": "Feature",
      "geometry": {
        "type": "LineString",
        "coordinates": [
          [
            107.5993953,
            -6.9143899
          ],
          [
            107.5997218,
            -6.9144064
          ],
          [
            107.599955,
            -6.9144203
          ]
        ]
      },
      "properties": {
        "id": 1242723291,
        "electrified": "no",
        "gauge": "1067",
        "maxspeed": "20",
        "railway": "rail",
        "service": "siding"
      }
    },
    {
      "type": "Feature",
      "geometry": {
        "type": "LineString",
        "coordinates": [
          [
            107.6044783,
            -6.9145824
          ],
          [
            107.6046639,
            -6.9146074
          ],
          [
            107.604827,
            -6.9146301
          ]
        ]
      },
      "properties": {
        "id": 1242723294,
        "electrified": "no",
        "gauge": "1067",
        "maxspeed": "20",
        "name": "Jalur Kereta Api Padalarang–Kasugihan",
        "operator": "Kereta Api Indonesia",
        "owner": "Direktorat Jenderal Perkeretaapian Kementerian Perhubungan Republik Indonesia",
        "railway": "rail",
        "railway:bidirectional": "signals",
        "railway:preferred_direction": "forward",
        "railway:traffic_mode": "mixed",
        "sleeper:material": "concrete",
        "usage": "main",
        "wikidata": "Q25630218",
        "wikipedia": "id:Jalur kereta api Padalarang–Kasugihan"
      }
    },
    {
      "type": "Feature",
      "geometry": {
        "type": "LineString",
        "coordinates": [
          [
            107.6434821,
            -6.9239355
          ],
          [
            107.644388,
            -6.924264
          ],
          [
            107.6444962,
            -6.9243006
          ],
          [
            107.6446813,
            -6.9243697
          ]
        ]
      },
      "properties": {
        "id": 1242742384,
        "electrified": "no",
        "gauge": "1067",
        "maxspeed": "90",
        "name": "Jalur Kereta Api Padalarang–Kasugihan",
        "operator": "Kereta Api Indonesia",
        "owner": "Direktorat Jenderal Perkeretaapian Kementerian Perhubungan Republik Indonesia",
        "railway": "rail",
        "railway:bidirectional": "signals",
        "railway:preferred_direction": "forward",
        "railway:traffic_mode": "mixed",
        "sleeper:material": "concrete",
        "source": "Yahoo hires",
        "usage": "main",
        "wikidata": "Q25630218",
        "wikipedia": "id:Jalur kereta api Padalarang–Kasugihan"
      }
    },
    {
      "type": "Feature",
      "geometry": {
        "type": "LineString",
        "coordinates": [
          [
            107.6863148,
            -6.9395132
          ],
          [
            107.686263,
            -6.939494
          ],
          [
            107.6862144,
            -6.939476
          ],
          [
            107.6854729,
            -6.9392074
          ],
          [
            107.6854535,
            -6.9392004
          ],
          [
            107.6844703,
            -6.9388405
          ]
        ]
      },
      "properties": {
        "id": 1242742391,
        "electrified": "no",
        "gauge": "1067",
        "maxspeed": "100",
        "name": "Jalur Kereta Api Padalarang–Kasugihan",
        "operator": "Kereta Api Indonesia",
        "owner": "Direktorat Jenderal Perkeretaapian Kementerian Perhubungan Republik Indonesia",
        "railway": "rail",
        "railway:bidirectional": "signals",
        "railway:preferred_direction": "forward",
        "railway:traffic_mode": "mixed",
        "sleeper:material": "concrete",
        "source": "Yahoo hires",
        "usage": "main",
        "wikidata": "Q25630218",
        "wikipedia": "id:Jalur kereta api Padalarang–Kasugihan"
      }
    },
    {
      "type": "Feature",
      "geometry": {
        "type": "LineString",
        "coordinates": [
          [
            107.7516173,
            -6.9632786
          ],
          [
            107.7515823,
            -6.9632656
          ],
          [
            107.7515427,
            -6.963251
          ],
          [
            107.7503992,
            -6.9628279
          ],
          [
            107.7498949,
            -6.9626439
          ],
          [
            107.7498533,
            -6.9626287
          ],
          [
            107.7480496,
            -6.9619745
          ]
        ]
      },
      "properties": {
        "id": 1245300809,
        "electrified": "no",
        "gauge": "1067",
        "maxspeed": "110",
        "name": "Jalur Kereta Api Padalarang–Kasugihan",
        "operator": "Kereta Api Indonesia",
        "owner": "Direktorat Jenderal Perkeretaapian Kementerian Perhubungan Republik Indonesia",
        "railway": "rail",
        "railway:bidirectional": "signals",
        "railway:preferred_direction": "forward",
        "railway:traffic_mode": "mixed",
        "sleeper:material": "concrete",
        "source": "Yahoo hires",
        "usage": "main",
        "wikidata": "Q25630218",
        "wikipedia": "id:Jalur kereta api Padalarang–Kasugihan"
      }
    },
    {
      "type": "Feature",
      "geometry": {
        "type": "LineString",
        "coordinates": [
          [
            107.7532243,
            -6.9638555
          ],
          [
            107.7531297,
            -6.9638212
          ],
          [
            107.7523729,
            -6.9635497
          ],
          [
            107.7516173,
            -6.9632786
          ]
        ]
      },
      "properties": {
        "id": 1245300811,
        "electrified": "no",
        "gauge": "1067",
        "maxspeed": "110",
        "name": "Jalur Kereta Api Padalarang–Kasugihan",
        "operator": "Kereta Api Indonesia",
        "owner": "Direktorat Jenderal Perkeretaapian Kementerian Perhubungan Republik Indonesia",
        "railway": "rail",
        "railway:bidirectional": "signals",
        "railway:preferred_direction": "forward",
        "railway:traffic_mode": "mixed",
        "sleeper:material": "concrete",
        "source": "Yahoo hires",
        "usage": "main",
        "wikidata": "Q25630218",
        "wikipedia": "id:Jalur kereta api Padalarang–Kasugihan"
      }
    },
    {
      "type": "Feature",
      "geometry": {
        "type": "LineString",
        "coordinates": [
          [
            107.6031495,
            -6.9145291
          ],
          [
            107.6034413,
            -6.9145438
          ],
          [
            107.6034922,
            -6.9145447
          ],
          [
            107.6035404,
            -6.9145463
          ],
          [
            107.6037773,
            -6.9145503
          ],
          [
            107.6040044,
            -6.9145595
          ]
        ]
      },
      "properties": {
        "id": 1265002084,
        "electrified": "no",
        "gauge": "1067",
        "maxspeed": "30",
        "railway": "rail",
        "service": "siding"
      }
    },
    {
      "type": "Feature",
      "geometry": {
        "type": "LineString",
        "coordinates": [
          [
            107.599955,
            -6.9144203
          ],
          [
            107.6001797,
            -6.9144283
          ],
          [
            107.6004008,
            -6.9144394
          ],
          [
            107.6004734,
            -6.9144408
          ],
          [
            107.6005699,
            -6.9144403
          ],
          [
            107.6006699,
            -6.9144376
          ],
          [
            107.6008304,
            -6.9144337
          ],
          [
            107.6009876,
            -6.9144314
          ],
          [
            107.601079,
            -6.9144326
          ],
          [
            107.6011382,
            -6.9144355
          ],
          [
            107.601222,
            -6.9144392
          ],
          [
            107.6013661,
            -6.9144483
          ]
        ]
      },
      "properties": {
        "id": 1265002091,
        "electrified": "no",
        "gauge": "1067",
        "maxspeed": "20",
        "railway": "rail",
        "railway:track_ref": "1",
        "service": "siding"
      }
    },
    {
      "type": "Feature",
      "geometry": {
        "type": "LineString",
        "coordinates": [
          [
            107.5353528,
            -6.8849429
          ],
          [
            107.5347216,
            -6.8841796
          ]
        ]
      },
      "properties": {
        "id": 1265007922,
        "electrified": "no",
        "gauge": "1067",
        "maxspeed": "110",
        "name": "Jalur Kereta Api Padalarang–Kasugihan",
        "operator": "Kereta Api Indonesia",
        "owner": "Direktorat Jenderal Perkeretaapian Kementerian Perhubungan Republik Indonesia",
        "railway": "rail",
        "railway:bidirectional": "signals",
        "railway:preferred_direction": "forward",
        "railway:traffic_mode": "mixed",
        "sleeper:material": "concrete",
        "usage": "main",
        "wikidata": "Q25630218",
        "wikipedia": "id:Jalur kereta api Padalarang–Kasugihan"
      }
    },
    {
      "type": "Feature",
      "geometry": {
        "type": "LineString",
        "coordinates": [
          [
            107.5375078,
            -6.8873908
          ],
          [
            107.5370713,
            -6.8868856
          ],
          [
            107.5367227,
            -6.8864892
          ]
        ]
      },
      "properties": {
        "id": 1265007929,
        "electrified": "no",
        "gauge": "1067",
        "maxspeed": "80",
        "name": "Jalur Kereta Api Padalarang–Kasugihan",
        "operator": "Kereta Api Indonesia",
        "owner": "Direktorat Jenderal Perkeretaapian Kementerian Perhubungan Republik Indonesia",
        "railway": "rail",
        "railway:bidirectional": "signals",
        "railway:preferred_direction": "forward",
        "railway:traffic_mode": "mixed",
        "sleeper:material": "concrete",
        "usage": "main",
        "wikidata": "Q25630218",
        "wikipedia": "id:Jalur kereta api Padalarang–Kasugihan"
      }
    },
    {
      "type": "Feature",
      "geometry": {
        "type": "LineString",
        "coordinates": [
          [
            107.6044783,
            -6.9145824
          ],
          [
            107.6043329,
            -6.914568
          ],
          [
            107.6041726,
            -6.9145639
          ],
          [
            107.6040044,
            -6.9145595
          ]
        ]
      },
      "properties": {
        "id": 1265510725,
        "electrified": "no",
        "gauge": "1067",
        "maxspeed": "30",
        "railway": "rail",
        "service": "siding",
        "wikidata": "Q25630218"
      }
    },
    {
      "type": "Feature",
      "geometry": {
        "type": "LineString",
        "coordinates": [
          [
            107.7998894,
            -6.9807949
          ],
          [
            107.7990524,
            -6.9804942
          ],
          [
            107.7983447,
            -6.9802356
          ]
        ]
      },
      "properties": {
        "id": 1265573411,
        "electrified": "no",
        "gauge": "1067",
        "maxspeed": "110",
        "name": "Jalur Kereta Api Padalarang–Kasugihan",
        "operator": "Kereta Api Indonesia",
        "owner": "Direktorat Jenderal Perkeretaapian Kementerian Perhubungan Republik Indonesia",
        "railway": "rail",
        "railway:bidirectional": "signals",
        "railway:preferred_direction": "forward",
        "railway:track_ref": "1",
        "railway:traffic_mode": "mixed",
        "sleeper:material": "concrete",
        "source": "Yahoo hires",
        "usage": "main",
        "wikidata": "Q25630218",
        "wikipedia": "id:Jalur kereta api Padalarang–Kasugihan"
      }
    },
    {
      "type": "Feature",
      "geometry": {
        "type": "LineString",
        "coordinates": [
          [
            107.8242952,
            -6.9800513
          ],
          [
            107.8237874,
            -6.9804909
          ]
        ]
      },
      "properties": {
        "id": 1279345205,
        "electrified": "no",
        "gauge": "1067",
        "railway": "rail",
        "service": "crossover",
        "usage": "main"
      }
    },
    {
      "type": "Feature",
      "geometry": {
        "type": "LineString",
        "coordinates": [
          [
            107.6873668,
            -6.9398957
          ],
          [
            107.6863148,
            -6.9395132
          ]
        ]
      },
      "properties": {
        "id": 1279414898,
        "electrified": "no",
        "gauge": "1067",
        "maxspeed": "100",
        "name": "Jalur Kereta Api Padalarang–Kasugihan",
        "operator": "Kereta Api Indonesia",
        "owner": "Direktorat Jenderal Perkeretaapian Kementerian Perhubungan Republik Indonesia",
        "railway": "rail",
        "railway:bidirectional": "signals",
        "railway:preferred_direction": "forward",
        "railway:traffic_mode": "mixed",
        "sleeper:material": "concrete",
        "source": "Yahoo hires",
        "usage": "main",
        "wikidata": "Q25630218",
        "wikipedia": "id:Jalur kereta api Padalarang–Kasugihan"
      }
    },
    {
      "type": "Feature",
      "geometry": {
        "type": "LineString",
        "coordinates": [
          [
            107.6939787,
            -6.9423053
          ],
          [
            107.6939199,
            -6.942284
          ],
          [
            107.6938758,
            -6.942268
          ],
          [
            107.6935402,
            -6.9421457
          ],
          [
            107.6918702,
            -6.9415374
          ],
          [
            107.6916047,
            -6.9414389
          ]
        ]
      },
      "properties": {
        "id": 1279414899,
        "electrified": "no",
        "gauge": "1067",
        "maxspeed": "110",
        "name": "Jalur Kereta Api Padalarang–Kasugihan",
        "operator": "Kereta Api Indonesia",
        "owner": "Direktorat Jenderal Perkeretaapian Kementerian Perhubungan Republik Indonesia",
        "railway": "rail",
        "railway:bidirectional": "signals",
        "railway:preferred_direction": "forward",
        "railway:traffic_mode": "mixed",
        "sleeper:material": "concrete",
        "source": "Yahoo hires",
        "usage": "main",
        "wikidata": "Q25630218",
        "wikipedia": "id:Jalur kereta api Padalarang–Kasugihan"
      }
    },
    {
      "type": "Feature",
      "geometry": {
        "type": "LineString",
        "coordinates": [
          [
            107.65416,
            -6.9277192
          ],
          [
            107.6538565,
            -6.92761
          ],
          [
            107.6532309,
            -6.9273913
          ],
          [
            107.6529879,
            -6.9273106
          ],
          [
            107.652771,
            -6.9272452
          ],
          [
            107.6523225,
            -6.9271026
          ],
          [
            107.6518809,
            -6.9269579
          ],
          [
            107.6515062,
            -6.9268172
          ],
          [
            107.6507626,
            -6.9265488
          ]
        ]
      },
      "properties": {
        "id": 1279414905,
        "electrified": "no",
        "gauge": "1067",
        "maxspeed": "100",
        "name": "Jalur Kereta Api Padalarang–Kasugihan",
        "operator": "Kereta Api Indonesia",
        "owner": "Direktorat Jenderal Perkeretaapian Kementerian Perhubungan Republik Indonesia",
        "railway": "rail",
        "railway:bidirectional": "signals",
        "railway:preferred_direction": "forward",
        "railway:traffic_mode": "mixed",
        "sleeper:material": "concrete",
        "usage": "main",
        "wikidata": "Q25630218",
        "wikipedia": "id:Jalur kereta api Padalarang–Kasugihan"
      }
    },
    {
      "type": "Feature",
      "geometry": {
        "type": "LineString",
        "coordinates": [
          [
            107.6434821,
            -6.9239355
          ],
          [
            107.6428714,
            -6.9236661
          ]
        ]
      },
      "properties": {
        "id": 1279414908,
        "electrified": "no",
        "gauge": "1067",
        "railway": "rail",
        "service": "crossover"
      }
    },
    {
      "type": "Feature",
      "geometry": {
        "type": "LineString",
        "coordinates": [
          [
            107.6428714,
            -6.9236661
          ],
          [
            107.6422372,
            -6.9234402
          ]
        ]
      },
      "properties": {
        "id": 1279414913,
        "electrified": "no",
        "gauge": "1067",
        "maxspeed": "90",
        "name": "Jalur Kereta Api Padalarang–Kasugihan",
        "operator": "Kereta Api Indonesia",
        "owner": "Direktorat Jenderal Perkeretaapian Kementerian Perhubungan Republik Indonesia",
        "railway": "rail",
        "railway:bidirectional": "signals",
        "railway:preferred_direction": "forward",
        "railway:traffic_mode": "mixed",
        "sleeper:material": "concrete",
        "usage": "main",
        "wikidata": "Q25630218",
        "wikipedia": "id:Jalur kereta api Padalarang–Kasugihan"
      }
    },
    {
      "type": "Feature",
      "geometry": {
        "type": "LineString",
        "coordinates": [
          [
            107.6453531,
            -6.924662
          ],
          [
            107.6454626,
            -6.9247025
          ],
          [
            107.6456145,
            -6.9247603
          ]
        ]
      },
      "properties": {
        "id": 1279414915,
        "electrified": "no",
        "gauge": "1067",
        "railway": "rail",
        "railway:track_ref": "1",
        "service": "siding"
      }
    },
    {
      "type": "Feature",
      "geometry": {
        "type": "LineString",
        "coordinates": [
          [
            107.5974882,
            -6.9142943
          ],
          [
            107.5976996,
            -6.9143047
          ],
          [
            107.5979104,
            -6.914315
          ]
        ]
      },
      "properties": {
        "id": 1279978976,
        "electrified": "no",
        "gauge": "1067",
        "maxspeed": "20",
        "name": "Jalur Kereta Api Padalarang–Kasugihan",
        "operator": "Kereta Api Indonesia",
        "owner": "Direktorat Jenderal Perkeretaapian Kementerian Perhubungan Republik Indonesia",
        "railway": "rail",
        "railway:bidirectional": "signals",
        "railway:preferred_direction": "forward",
        "railway:traffic_mode": "mixed",
        "sleeper:material": "concrete",
        "usage": "main",
        "wikidata": "Q25630218",
        "wikipedia": "id:Jalur kereta api Padalarang–Kasugihan"
      }
    },
    {
      "type": "Feature",
      "geometry": {
        "type": "LineString",
        "coordinates": [
          [
            107.5983164,
            -6.9143355
          ],
          [
            107.5985242,
            -6.9143451
          ],
          [
            107.5988424,
            -6.9143626
          ]
        ]
      },
      "properties": {
        "id": 1279978977,
        "electrified": "no",
        "gauge": "1067",
        "maxspeed": "20",
        "name": "Jalur Kereta Api Padalarang–Kasugihan",
        "operator": "Kereta Api Indonesia",
        "owner": "Direktorat Jenderal Perkeretaapian Kementerian Perhubungan Republik Indonesia",
        "railway": "rail",
        "railway:bidirectional": "signals",
        "railway:preferred_direction": "forward",
        "railway:traffic_mode": "mixed",
        "sleeper:material": "concrete",
        "usage": "main",
        "wikidata": "Q25630218",
        "wikipedia": "id:Jalur kereta api Padalarang–Kasugihan"
      }
    },
    {
      "type": "Feature",
      "geometry": {
        "type": "LineString",
        "coordinates": [
          [
            107.6500686,
            -6.9262961
          ],
          [
            107.6493896,
            -6.9260901
          ]
        ]
      },
      "properties": {
        "id": 1282198692,
        "electrified": "no",
        "gauge": "1067",
        "railway": "rail",
        "service": "crossover"
      }
    },
    {
      "type": "Feature",
      "geometry": {
        "type": "LineString",
        "coordinates": [
          [
            107.5347216,
            -6.8841796
          ],
          [
            107.5338517,
            -6.8831516
          ],
          [
            107.5332502,
            -6.882474
          ],
          [
            107.5329868,
            -6.8821902
          ],
          [
            107.5324174,
            -6.881615
          ],
          [
            107.5318216,
            -6.8810669
          ],
          [
            107.5315466,
            -6.8808085
          ],
          [
            107.5315291,
            -6.8807924
          ],
          [
            107.53151,
            -6.8807747
          ],
          [
            107.5309803,
            -6.8802851
          ],
          [
            107.5306047,
            -6.879938
          ],
          [
            107.5305888,
            -6.8799225
          ],
          [
            107.530329,
            -6.8796827
          ],
          [
            107.5284864,
            -6.8779688
          ],
          [
            107.5281164,
            -6.8776325
          ],
          [
            107.5272551,
            -6.8768314
          ],
          [
            107.5254986,
            -6.8752089
          ],
          [
            107.5247992,
            -6.8745614
          ],
          [
            107.5244936,
            -6.8742937
          ],
          [
            107.5240994,
            -6.8739823
          ],
          [
            107.5237786,
            -6.873751
          ],
          [
            107.5234978,
            -6.8735712
          ],
          [
            107.5233321,
            -6.8734717
          ],
          [
            107.52313,
            -6.8733504
          ],
          [
            107.5227263,
            -6.8731355
          ],
          [
            107.5218812,
            -6.8727232
          ],
          [
            107.5211703,
            -6.8723841
          ],
          [
            107.5198363,
            -6.8717366
          ]
        ]
      },
      "properties": {
        "id": 1289162534,
        "electrified": "no",
        "gauge": "1067",
        "maxspeed": "110",
        "name": "Jalur Kereta Api Padalarang–Kasugihan",
        "operator": "Kereta Api Indonesia",
        "owner": "Direktorat Jenderal Perkeretaapian Kementerian Perhubungan Republik Indonesia",
        "railway": "rail",
        "railway:bidirectional": "signals",
        "railway:preferred_direction": "forward",
        "railway:traffic_mode": "mixed",
        "sleeper:material": "concrete",
        "usage": "main",
        "wikidata": "Q25630218",
        "wikipedia": "id:Jalur kereta api Bogor–Padalarang–Kasugihan"
      }
    },
    {
      "type": "Feature",
      "geometry": {
        "type": "LineString",
        "coordinates": [
          [
            107.5155013,
            -6.8652886
          ],
          [
            107.514957,
            -6.8640733
          ],
          [
            107.5146052,
            -6.863278
          ]
        ]
      },
      "properties": {
        "id": 1303724121,
        "electrified": "no",
        "gauge": "1067",
        "maxspeed": "110",
        "name": "Jalur Kereta Api Padalarang–Kasugihan",
        "operator": "Kereta Api Indonesia",
        "owner": "Direktorat Jenderal Perkeretaapian Kementerian Perhubungan Republik Indonesia",
        "railway": "rail",
        "railway:bidirectional": "signals",
        "railway:preferred_direction": "forward",
        "railway:track_ref": "2",
        "railway:traffic_mode": "mixed",
        "sleeper:material": "concrete",
        "usage": "main",
        "wikidata": "Q25630218",
        "wikipedia": "id:Jalur kereta api Padalarang–Kasugihan"
      }
    },
    {
      "type": "Feature",
      "geometry": {
        "type": "LineString",
        "coordinates": [
          [
            107.5709107,
            -6.9024837
          ],
          [
            107.5698989,
            -6.9018151
          ],
          [
            107.5683033,
            -6.9007588
          ],
          [
            107.5673941,
            -6.9001551
          ],
          [
            107.565307,
            -6.8987909
          ],
          [
            107.5652834,
            -6.8987755
          ],
          [
            107.5642368,
            -6.8980752
          ],
          [
            107.5641854,
            -6.8980408
          ]
        ]
      },
      "properties": {
        "id": 1303724124,
        "electrified": "no",
        "gauge": "1067",
        "maxspeed": "110",
        "name": "Jalur Kereta Api Padalarang–Kasugihan",
        "operator": "Kereta Api Indonesia",
        "owner": "Direktorat Jenderal Perkeretaapian Kementerian Perhubungan Republik Indonesia",
        "railway": "rail",
        "railway:bidirectional": "signals",
        "railway:preferred_direction": "forward",
        "railway:traffic_mode": "mixed",
        "sleeper:material": "concrete",
        "usage": "main",
        "wikidata": "Q25630218",
        "wikipedia": "id:Jalur kereta api Padalarang–Kasugihan"
      }
    },
    {
      "type": "Feature",
      "geometry": {
        "type": "LineString",
        "coordinates": [
          [
            107.5641854,
            -6.8980408
          ],
          [
            107.5637707,
            -6.8977636
          ],
          [
            107.5633281,
            -6.8974853
          ],
          [
            107.5629527,
            -6.8972258
          ],
          [
            107.5626565,
            -6.8970211
          ],
          [
            107.5618409,
            -6.8964887
          ],
          [
            107.5608515,
            -6.8958324
          ],
          [
            107.5605771,
            -6.8956591
          ],
          [
            107.5604131,
            -6.8955578
          ],
          [
            107.5603777,
            -6.8955359
          ],
          [
            107.5602416,
            -6.8954572
          ],
          [
            107.5599064,
            -6.8952689
          ],
          [
            107.5598132,
            -6.8952145
          ],
          [
            107.5596795,
            -6.8951484
          ],
          [
            107.5594408,
            -6.8950192
          ],
          [
            107.5591238,
            -6.8948543
          ],
          [
            107.5587546,
            -6.8946591
          ]
        ]
      },
      "properties": {
        "id": 1303724125,
        "electrified": "no",
        "gauge": "1067",
        "maxspeed": "110",
        "name": "Jalur Kereta Api Padalarang–Kasugihan",
        "operator": "Kereta Api Indonesia",
        "owner": "Direktorat Jenderal Perkeretaapian Kementerian Perhubungan Republik Indonesia",
        "railway": "rail",
        "railway:bidirectional": "signals",
        "railway:preferred_direction": "forward",
        "railway:track_ref": "3",
        "railway:traffic_mode": "mixed",
        "sleeper:material": "concrete",
        "usage": "main",
        "wikidata": "Q25630218",
        "wikipedia": "id:Jalur kereta api Padalarang–Kasugihan"
      }
    },
    {
      "type": "Feature",
      "geometry": {
        "type": "LineString",
        "coordinates": [
          [
            107.7113976,
            -6.9486453
          ],
          [
            107.710294,
            -6.9482369
          ],
          [
            107.7102534,
            -6.9482218
          ],
          [
            107.7058078,
            -6.9466049
          ],
          [
            107.7039779,
            -6.9459422
          ]
        ]
      },
      "properties": {
        "id": 1303922765,
        "electrified": "no",
        "gauge": "1067",
        "maxspeed": "110",
        "name": "Jalur Kereta Api Padalarang–Kasugihan",
        "operator": "Kereta Api Indonesia",
        "owner": "Direktorat Jenderal Perkeretaapian Kementerian Perhubungan Republik Indonesia",
        "railway": "rail",
        "railway:bidirectional": "signals",
        "railway:preferred_direction": "forward",
        "railway:traffic_mode": "mixed",
        "sleeper:material": "concrete",
        "source": "Yahoo hires",
        "usage": "main",
        "wikidata": "Q25630218",
        "wikipedia": "id:Jalur kereta api Padalarang–Kasugihan"
      }
    },
    {
      "type": "Feature",
      "geometry": {
        "type": "LineString",
        "coordinates": [
          [
            107.7129817,
            -6.9492216
          ],
          [
            107.7121621,
            -6.9489291
          ],
          [
            107.7113976,
            -6.9486453
          ]
        ]
      },
      "properties": {
        "id": 1303922766,
        "electrified": "no",
        "gauge": "1067",
        "maxspeed": "110",
        "name": "Jalur Kereta Api Padalarang–Kasugihan",
        "operator": "Kereta Api Indonesia",
        "owner": "Direktorat Jenderal Perkeretaapian Kementerian Perhubungan Republik Indonesia",
        "railway": "rail",
        "railway:bidirectional": "signals",
        "railway:preferred_direction": "forward",
        "railway:track_ref": "2",
        "railway:traffic_mode": "mixed",
        "sleeper:material": "concrete",
        "source": "Yahoo hires",
        "usage": "main",
        "wikidata": "Q25630218",
        "wikipedia": "id:Jalur kereta api Padalarang–Kasugihan"
      }
    },
    {
      "type": "Feature",
      "geometry": {
        "type": "LineString",
        "coordinates": [
          [
            107.8102516,
            -6.9845392
          ],
          [
            107.8080189,
            -6.9837287
          ],
          [
            107.8066751,
            -6.9832475
          ],
          [
            107.8046926,
            -6.9825162
          ],
          [
            107.8040472,
            -6.9822804
          ],
          [
            107.8032502,
            -6.9819907
          ]
        ]
      },
      "properties": {
        "id": 1306634318,
        "electrified": "no",
        "gauge": "1067",
        "maxspeed": "110",
        "name": "Jalur Kereta Api Padalarang–Kasugihan",
        "operator": "Kereta Api Indonesia",
        "owner": "Direktorat Jenderal Perkeretaapian Kementerian Perhubungan Republik Indonesia",
        "railway": "rail",
        "railway:bidirectional": "signals",
        "railway:preferred_direction": "forward",
        "railway:traffic_mode": "mixed",
        "sleeper:material": "concrete",
        "usage": "main",
        "wikidata": "Q25630218",
        "wikipedia": "id:Jalur kereta api Padalarang–Kasugihan"
      }
    },
    {
      "type": "Feature",
      "geometry": {
        "type": "LineString",
        "coordinates": [
          [
            107.8103948,
            -6.984591
          ],
          [
            107.8102516,
            -6.9845392
          ]
        ]
      },
      "properties": {
        "id": 1306634319,
        "bridge": "yes",
        "electrified": "no",
        "gauge": "1067",
        "layer": "1",
        "maxspeed": "110",
        "name": "Jalur Kereta Api Padalarang–Kasugihan",
        "operator": "Kereta Api Indonesia",
        "owner": "Direktorat Jenderal Perkeretaapian Kementerian Perhubungan Republik Indonesia",
        "railway": "rail",
        "railway:bidirectional": "signals",
        "railway:preferred_direction": "forward",
        "railway:traffic_mode": "mixed",
        "sleeper:material": "concrete",
        "usage": "main",
        "wikidata": "Q25630218",
        "wikipedia": "id:Jalur kereta api Padalarang–Kasugihan"
      }
    },
    {
      "type": "Feature",
      "geometry": {
        "type": "LineString",
        "coordinates": [
          [
            107.8030634,
            -6.9819217
          ],
          [
            107.8021286,
            -6.9815946
          ],
          [
            107.8016699,
            -6.9814282
          ],
          [
            107.7998894,
            -6.9807949
          ]
        ]
      },
      "properties": {
        "id": 1306634320,
        "electrified": "no",
        "gauge": "1067",
        "maxspeed": "110",
        "name": "Jalur Kereta Api Padalarang–Kasugihan",
        "operator": "Kereta Api Indonesia",
        "owner": "Direktorat Jenderal Perkeretaapian Kementerian Perhubungan Republik Indonesia",
        "railway": "rail",
        "railway:bidirectional": "signals",
        "railway:preferred_direction": "forward",
        "railway:traffic_mode": "mixed",
        "sleeper:material": "concrete",
        "usage": "main",
        "wikidata": "Q25630218",
        "wikipedia": "id:Jalur kereta api Padalarang–Kasugihan"
      }
    },
    {
      "type": "Feature",
      "geometry": {
        "type": "LineString",
        "coordinates": [
          [
            107.8032502,
            -6.9819907
          ],
          [
            107.8030634,
            -6.9819217
          ]
        ]
      },
      "properties": {
        "id": 1306634321,
        "bridge": "yes",
        "electrified": "no",
        "gauge": "1067",
        "layer": "1",
        "maxspeed": "110",
        "name": "Jalur Kereta Api Padalarang–Kasugihan",
        "operator": "Kereta Api Indonesia",
        "owner": "Direktorat Jenderal Perkeretaapian Kementerian Perhubungan Republik Indonesia",
        "railway": "rail",
        "railway:bidirectional": "signals",
        "railway:preferred_direction": "forward",
        "railway:traffic_mode": "mixed",
        "sleeper:material": "concrete",
        "usage": "main",
        "wikidata": "Q25630218",
        "wikipedia": "id:Jalur kereta api Padalarang–Kasugihan"
      }
    },
    {
      "type": "Feature",
      "geometry": {
        "type": "LineString",
        "coordinates": [
          [
            107.8317564,
            -6.9804762
          ],
          [
            107.831861,
            -6.9806373
          ],
          [
            107.8319213,
            -6.9807348
          ],
          [
            107.8319973,
            -6.98087
          ],
          [
            107.8321081,
            -6.9810404
          ]
        ]
      },
      "properties": {
        "id": 1313528591,
        "electrified": "no",
        "gauge": "1067",
        "railway": "rail",
        "railway:track_ref": "1",
        "service": "siding"
      }
    },
    {
      "type": "Feature",
      "geometry": {
        "type": "LineString",
        "coordinates": [
          [
            107.6422372,
            -6.9234402
          ],
          [
            107.6421269,
            -6.9234014
          ]
        ]
      },
      "properties": {
        "id": 1313828776,
        "electrified": "no",
        "gauge": "1067",
        "maxspeed": "90",
        "name": "Jalur Kereta Api Padalarang–Kasugihan",
        "operator": "Kereta Api Indonesia",
        "owner": "Direktorat Jenderal Perkeretaapian Kementerian Perhubungan Republik Indonesia",
        "railway": "rail",
        "railway:bidirectional": "signals",
        "railway:preferred_direction": "forward",
        "railway:traffic_mode": "mixed",
        "sleeper:material": "concrete",
        "usage": "main",
        "wikidata": "Q25630218",
        "wikipedia": "id:Jalur kereta api Padalarang–Kasugihan"
      }
    },
    {
      "type": "Feature",
      "geometry": {
        "type": "LineString",
        "coordinates": [
          [
            107.6507626,
            -6.9265488
          ],
          [
            107.6506588,
            -6.9265112
          ]
        ]
      },
      "properties": {
        "id": 1324425104,
        "electrified": "no",
        "gauge": "1067",
        "maxspeed": "90",
        "name": "Jalur Kereta Api Padalarang–Kasugihan",
        "operator": "Kereta Api Indonesia",
        "owner": "Direktorat Jenderal Perkeretaapian Kementerian Perhubungan Republik Indonesia",
        "railway": "rail",
        "railway:bidirectional": "signals",
        "railway:preferred_direction": "forward",
        "railway:traffic_mode": "mixed",
        "sleeper:material": "concrete",
        "usage": "main",
        "wikidata": "Q25630218",
        "wikipedia": "id:Jalur kereta api Padalarang–Kasugihan"
      }
    },
    {
      "type": "Feature",
      "geometry": {
        "type": "LineString",
        "coordinates": [
          [
            107.6492885,
            -6.9260515
          ],
          [
            107.6493896,
            -6.9260901
          ]
        ]
      },
      "properties": {
        "id": 1324625741,
        "electrified": "no",
        "gauge": "1067",
        "maxspeed": "90",
        "name": "Jalur Kereta Api Padalarang–Kasugihan",
        "operator": "Kereta Api Indonesia",
        "owner": "Direktorat Jenderal Perkeretaapian Kementerian Perhubungan Republik Indonesia",
        "railway": "rail",
        "railway:bidirectional": "signals",
        "railway:preferred_direction": "forward",
        "railway:traffic_mode": "mixed",
        "sleeper:material": "concrete",
        "source": "Yahoo hires",
        "usage": "main",
        "wikidata": "Q25630218",
        "wikipedia": "id:Jalur kereta api Padalarang–Kasugihan"
      }
    },
    {
      "type": "Feature",
      "geometry": {
        "type": "LineString",
        "coordinates": [
          [
            107.6506588,
            -6.9265112
          ],
          [
            107.6500686,
            -6.9262961
          ]
        ]
      },
      "properties": {
        "id": 1324625742,
        "electrified": "no",
        "gauge": "1067",
        "maxspeed": "90",
        "name": "Jalur Kereta Api Padalarang–Kasugihan",
        "operator": "Kereta Api Indonesia",
        "owner": "Direktorat Jenderal Perkeretaapian Kementerian Perhubungan Republik Indonesia",
        "railway": "rail",
        "railway:bidirectional": "signals",
        "railway:preferred_direction": "forward",
        "railway:traffic_mode": "mixed",
        "sleeper:material": "concrete",
        "usage": "main",
        "wikidata": "Q25630218",
        "wikipedia": "id:Jalur kereta api Padalarang–Kasugihan"
      }
    },
    {
      "type": "Feature",
      "geometry": {
        "type": "LineString",
        "coordinates": [
          [
            107.6592233,
            -6.9295781
          ],
          [
            107.6553246,
            -6.928145
          ],
          [
            107.654374,
            -6.9278013
          ],
          [
            107.6542969,
            -6.9277719
          ]
        ]
      },
      "properties": {
        "id": 1330465000,
        "electrified": "no",
        "gauge": "1067",
        "maxspeed": "100",
        "name": "Jalur Kereta Api Padalarang–Kasugihan",
        "operator": "Kereta Api Indonesia",
        "owner": "Direktorat Jenderal Perkeretaapian Kementerian Perhubungan Republik Indonesia",
        "railway": "rail",
        "railway:bidirectional": "signals",
        "railway:preferred_direction": "forward",
        "railway:traffic_mode": "mixed",
        "sleeper:material": "concrete",
        "usage": "main",
        "wikidata": "Q25630218",
        "wikipedia": "id:Jalur kereta api Padalarang–Kasugihan"
      }
    },
    {
      "type": "Feature",
      "geometry": {
        "type": "LineString",
        "coordinates": [
          [
            107.6593045,
            -6.9296065
          ],
          [
            107.6592233,
            -6.9295781
          ]
        ]
      },
      "properties": {
        "id": 1330465001,
        "bridge": "yes",
        "electrified": "no",
        "gauge": "1067",
        "layer": "1",
        "maxspeed": "100",
        "name": "Jalur Kereta Api Padalarang–Kasugihan",
        "operator": "Kereta Api Indonesia",
        "owner": "Direktorat Jenderal Perkeretaapian Kementerian Perhubungan Republik Indonesia",
        "railway": "rail",
        "railway:bidirectional": "signals",
        "railway:preferred_direction": "forward",
        "railway:traffic_mode": "mixed",
        "sleeper:material": "concrete",
        "usage": "main",
        "wikidata": "Q25630218",
        "wikipedia": "id:Jalur kereta api Padalarang–Kasugihan"
      }
    },
    {
      "type": "Feature",
      "geometry": {
        "type": "LineString",
        "coordinates": [
          [
            107.8315606,
            -6.980216
          ],
          [
            107.8317564,
            -6.9804762
          ]
        ]
      },
      "properties": {
        "id": 1346398708,
        "electrified": "no",
        "gauge": "1067",
        "name": "Jalur Kereta Api Padalarang–Kasugihan",
        "railway": "rail",
        "service": "siding",
        "source": "Yahoo hires"
      }
    },
    {
      "type": "Feature",
      "geometry": {
        "type": "LineString",
        "coordinates": [
          [
            107.8312481,
            -6.9798592
          ],
          [
            107.8313747,
            -6.9800025
          ],
          [
            107.8315012,
            -6.9801457
          ],
          [
            107.8315606,
            -6.980216
          ]
        ]
      },
      "properties": {
        "id": 1354655831,
        "electrified": "no",
        "gauge": "1067",
        "maxspeed": "110",
        "name": "Jalur Kereta Api Padalarang–Kasugihan",
        "operator": "Kereta Api Indonesia",
        "owner": "Direktorat Jenderal Perkeretaapian Kementerian Perhubungan Republik Indonesia",
        "railway": "rail",
        "railway:bidirectional": "signals",
        "railway:preferred_direction": "forward",
        "railway:traffic_mode": "mixed",
        "sleeper:material": "concrete",
        "source": "Yahoo hires",
        "usage": "main",
        "wikidata": "Q25630218",
        "wikipedia": "id:Jalur kereta api Padalarang–Kasugihan"
      }
    },
    {
      "type": "Feature",
      "geometry": {
        "type": "LineString",
        "coordinates": [
          [
            107.5164575,
            -6.8674713
          ],
          [
            107.516039,
            -6.866468
          ],
          [
            107.5156616,
            -6.8656295
          ],
          [
            107.5155013,
            -6.8652886
          ]
        ]
      },
      "properties": {
        "id": 1354655833,
        "electrified": "no",
        "gauge": "1067",
        "maxspeed": "110",
        "name": "Jalur Kereta Api Padalarang–Kasugihan",
        "operator": "Kereta Api Indonesia",
        "owner": "Direktorat Jenderal Perkeretaapian Kementerian Perhubungan Republik Indonesia",
        "railway": "rail",
        "railway:bidirectional": "signals",
        "railway:preferred_direction": "forward",
        "railway:traffic_mode": "mixed",
        "sleeper:material": "concrete",
        "usage": "main",
        "wikidata": "Q25630218",
        "wikipedia": "id:Jalur kereta api Padalarang–Kasugihan"
      }
    },
    {
      "type": "Feature",
      "geometry": {
        "type": "LineString",
        "coordinates": [
          [
            107.5198363,
            -6.8717366
          ],
          [
            107.5195403,
            -6.8715831
          ],
          [
            107.519437,
            -6.8715243
          ],
          [
            107.5190963,
            -6.8713304
          ],
          [
            107.5187013,
            -6.8710674
          ],
          [
            107.5184179,
            -6.8708275
          ],
          [
            107.5180554,
            -6.8704601
          ],
          [
            107.5178026,
            -6.8701628
          ],
          [
            107.5174659,
            -6.8696423
          ],
          [
            107.5174045,
            -6.8695454
          ],
          [
            107.5171455,
            -6.8690121
          ],
          [
            107.5168314,
            -6.8683035
          ],
          [
            107.5164575,
            -6.8674713
          ]
        ]
      },
      "properties": {
        "id": 1354655835,
        "electrified": "no",
        "gauge": "1067",
        "maxspeed": "100",
        "name": "Jalur Kereta Api Padalarang–Kasugihan",
        "operator": "Kereta Api Indonesia",
        "owner": "Direktorat Jenderal Perkeretaapian Kementerian Perhubungan Republik Indonesia",
        "railway": "rail",
        "railway:bidirectional": "signals",
        "railway:preferred_direction": "forward",
        "railway:traffic_mode": "mixed",
        "sleeper:material": "concrete",
        "usage": "main",
        "wikidata": "Q25630218",
        "wikipedia": "id:Jalur kereta api Padalarang–Kasugihan"
      }
    },
    {
      "type": "Feature",
      "geometry": {
        "type": "LineString",
        "coordinates": [
          [
            107.7039191,
            -6.9459216
          ],
          [
            107.7024436,
            -6.9453853
          ],
          [
            107.7002589,
            -6.9445913
          ]
        ]
      },
      "properties": {
        "id": 1479502995,
        "electrified": "no",
        "gauge": "1067",
        "maxspeed": "110",
        "name": "Jalur Kereta Api Padalarang–Kasugihan",
        "operator": "Kereta Api Indonesia",
        "owner": "Direktorat Jenderal Perkeretaapian Kementerian Perhubungan Republik Indonesia",
        "railway": "rail",
        "railway:bidirectional": "signals",
        "railway:preferred_direction": "forward",
        "railway:traffic_mode": "mixed",
        "sleeper:material": "concrete",
        "source": "Yahoo hires",
        "usage": "main",
        "wikidata": "Q25630218",
        "wikipedia": "id:Jalur kereta api Padalarang–Kasugihan"
      }
    },
    {
      "type": "Feature",
      "geometry": {
        "type": "LineString",
        "coordinates": [
          [
            107.7039779,
            -6.9459422
          ],
          [
            107.7039191,
            -6.9459216
          ]
        ]
      },
      "properties": {
        "id": 1479502996,
        "bridge": "yes",
        "electrified": "no",
        "gauge": "1067",
        "layer": "1",
        "maxspeed": "110",
        "name": "Jalur Kereta Api Padalarang–Kasugihan",
        "operator": "Kereta Api Indonesia",
        "owner": "Direktorat Jenderal Perkeretaapian Kementerian Perhubungan Republik Indonesia",
        "railway": "rail",
        "railway:bidirectional": "signals",
        "railway:preferred_direction": "forward",
        "railway:traffic_mode": "mixed",
        "sleeper:material": "concrete",
        "source": "Yahoo hires",
        "usage": "main",
        "wikidata": "Q25630218",
        "wikipedia": "id:Jalur kereta api Padalarang–Kasugihan"
      }
    },
    {
      "type": "Feature",
      "geometry": {
        "type": "LineString",
        "coordinates": [
          [
            107.6027956,
            -6.9145101
          ],
          [
            107.6031495,
            -6.9145291
          ]
        ]
      },
      "properties": {
        "id": 1530383709,
        "electrified": "no",
        "gauge": "1067",
        "maxspeed": "30",
        "railway": "rail",
        "railway:track_ref": "1",
        "service": "siding"
      }
    },
    {
      "type": "Feature",
      "geometry": {
        "type": "LineString",
        "coordinates": [
          [
            107.6013661,
            -6.9144483
          ],
          [
            107.6016923,
            -6.9144609
          ]
        ]
      },
      "properties": {
        "id": 1530383711,
        "electrified": "no",
        "gauge": "1067",
        "maxspeed": "30",
        "railway": "rail",
        "railway:track_ref": "1",
        "service": "siding"
      }
    },
    {
      "type": "Feature",
      "geometry": {
        "type": "LineString",
        "coordinates": [
          [
            107.5358816,
            -6.8855398
          ],
          [
            107.5353528,
            -6.8849429
          ]
        ]
      },
      "properties": {
        "id": 1530384798,
        "electrified": "no",
        "gauge": "1067",
        "maxspeed": "110",
        "name": "Jalur Kereta Api Padalarang–Kasugihan",
        "operator": "Kereta Api Indonesia",
        "owner": "Direktorat Jenderal Perkeretaapian Kementerian Perhubungan Republik Indonesia",
        "railway": "rail",
        "railway:bidirectional": "signals",
        "railway:preferred_direction": "forward",
        "railway:track_ref": "1",
        "railway:traffic_mode": "mixed",
        "sleeper:material": "concrete",
        "usage": "main",
        "wikidata": "Q25630218",
        "wikipedia": "id:Jalur kereta api Padalarang–Kasugihan"
      }
    },
    {
      "type": "Feature",
      "geometry": {
        "type": "LineString",
        "coordinates": [
          [
            107.5362929,
            -6.886004
          ],
          [
            107.5358816,
            -6.8855398
          ]
        ]
      },
      "properties": {
        "id": 1530384800,
        "covered": "yes",
        "electrified": "no",
        "gauge": "1067",
        "maxspeed": "110",
        "name": "Jalur Kereta Api Padalarang–Kasugihan",
        "operator": "Kereta Api Indonesia",
        "owner": "Direktorat Jenderal Perkeretaapian Kementerian Perhubungan Republik Indonesia",
        "railway": "rail",
        "railway:bidirectional": "signals",
        "railway:preferred_direction": "forward",
        "railway:track_ref": "1",
        "railway:traffic_mode": "mixed",
        "sleeper:material": "concrete",
        "usage": "main",
        "wikidata": "Q25630218",
        "wikipedia": "id:Jalur kereta api Padalarang–Kasugihan"
      }
    },
    {
      "type": "Feature",
      "geometry": {
        "type": "LineString",
        "coordinates": [
          [
            107.4969155,
            -6.8425147
          ],
          [
            107.4971149,
            -6.8427022
          ]
        ]
      },
      "properties": {
        "id": 1530384803,
        "electrified": "no",
        "gauge": "1067",
        "maxspeed": "30",
        "railway": "rail",
        "railway:track_ref": "2",
        "service": "siding"
      }
    },
    {
      "type": "Feature",
      "geometry": {
        "type": "LineString",
        "coordinates": [
          [
            107.4971149,
            -6.8427022
          ],
          [
            107.4975624,
            -6.843123
          ]
        ]
      },
      "properties": {
        "id": 1530384807,
        "covered": "yes",
        "electrified": "no",
        "gauge": "1067",
        "maxspeed": "30",
        "railway": "rail",
        "railway:track_ref": "2",
        "service": "siding"
      }
    },
    {
      "type": "Feature",
      "geometry": {
        "type": "LineString",
        "coordinates": [
          [
            107.5972053,
            -6.9143098
          ],
          [
            107.5971707,
            -6.9143115
          ],
          [
            107.5970032,
            -6.914311
          ]
        ]
      },
      "properties": {
        "id": 1558173300,
        "electrified": "no",
        "gauge": "1067",
        "maxspeed": "20",
        "name": "Jalur Kereta Api Bandung–Ciroyom–Andir",
        "operator": "Kereta Api Indonesia",
        "owner": "Direktorat Jenderal Perkeretaapian Kementerian Perhubungan Republik Indonesia",
        "railway": "rail",
        "railway:bidirectional": "regular",
        "railway:preferred_direction": "forward",
        "railway:traffic_mode": "mixed",
        "sleeper:material": "concrete",
        "usage": "branch",
        "wikidata": "Q25630218"
      }
    },
    {
      "type": "Feature",
      "geometry": {
        "type": "LineString",
        "coordinates": [
          [
            107.5972383,
            -6.9143074
          ],
          [
            107.5972053,
            -6.9143098
          ]
        ]
      },
      "properties": {
        "id": 1558173301,
        "bridge": "yes",
        "electrified": "no",
        "gauge": "1067",
        "layer": "1",
        "maxspeed": "20",
        "name": "Jalur Kereta Api Bandung–Ciroyom–Andir",
        "operator": "Kereta Api Indonesia",
        "owner": "Direktorat Jenderal Perkeretaapian Kementerian Perhubungan Republik Indonesia",
        "railway": "rail",
        "railway:bidirectional": "regular",
        "railway:preferred_direction": "forward",
        "railway:traffic_mode": "mixed",
        "sleeper:material": "concrete",
        "usage": "branch",
        "wikidata": "Q25630218"
      }
    }
  ]
}